1.00000 0.00000 0.00000 1.00000 0.0000 0.0000 cm
/GS11 gs
/OC /Pr140 BDC
q
/GS13 gs
/CS15 cs 0.0000 0.0700 0.0000 0.0000 scn
282.0359 -0.0397 m
-1.3340 -0.0397 l
-1.3340 595.3153 l
282.0359 595.3153 l
h
f
/GS13 gs
/CS15 cs 0.5300 1.0000 0.2800 0.1100 scn
200.7227 533.8726 m
71.8438 533.8726 l
76.3019 543.1958 l
71.8438 552.5178 l
200.7227 552.5178 l
196.2646 543.6978 l
h
f
/GS13 gs
/CS15 cs 0.0000 0.0000 0.0000 0.0000 scn
107.7369 539.8594 m
107.0940 539.8594 106.5010 539.9614 105.9636 540.1692 c
105.4264 540.3736 104.9584 540.6667 104.5596 541.0460 c
104.1608 541.4250 103.8509 541.8697 103.6301 542.3808 c
103.4093 542.8916 103.2973 543.4551 103.2973 544.0683 c
103.2973 544.6780 103.4093 545.2415 103.6301 545.7526 c
103.8509 546.2634 104.1608 546.7116 104.5661 547.0906 c
104.9683 547.4699 105.4395 547.7630 105.9834 547.9707 c
106.5240 548.1751 107.1204 548.2772 107.7732 548.2772 c
108.4949 548.2772 109.1443 548.1587 109.7212 547.9180 c
110.2978 547.6774 110.7856 547.3281 111.1779 546.8698 c
109.9715 545.7526 l
109.6750 546.0625 109.3518 546.2932 109.0057 546.4446 c
108.6565 546.5962 108.2775 546.6722 107.8654 546.6722 c
107.4699 546.6722 107.1108 546.6095 106.7842 546.4877 c
106.4580 546.3624 106.1779 546.1843 105.9437 545.9502 c
105.7065 545.7163 105.5254 545.4428 105.3967 545.1262 c
105.2683 544.8067 105.2022 544.4538 105.2022 544.0683 c
105.2022 543.6893 105.2683 543.3398 105.3967 543.0234 c
105.5254 542.7037 105.7065 542.4267 105.9437 542.1895 c
106.1779 541.9522 106.4580 541.7711 106.7811 541.6489 c
107.1009 541.5270 107.4569 541.4644 107.8424 541.4644 c
108.2149 541.4644 108.5774 541.5239 108.9300 541.6458 c
109.2827 541.7643 109.6254 541.9655 109.9585 542.2521 c
111.0297 540.8943 l
110.5846 540.5613 110.0704 540.3042 109.4871 540.1261 c
108.9037 539.9484 108.3203 539.8594 107.7369 539.8594 c
h
111.0297 540.8943 m
109.3059 541.1381 l
109.3059 544.1967 l
111.0297 544.1967 l
h
h
112.7733 539.9977 m
112.7733 548.1354 l
118.9236 548.1354 l
118.9236 546.6260 l
114.6453 546.6260 l
114.6453 541.5106 l
119.0752 541.5106 l
119.0752 539.9977 l
h
h
114.5035 543.3925 m
114.5035 544.8594 l
118.4224 544.8594 l
118.4224 543.3925 l
h
h
120.5748 539.9977 m
120.5748 548.1354 l
124.0520 548.1354 l
125.1825 548.1354 126.0626 547.8752 126.6919 547.3511 c
127.3184 546.8270 127.6313 546.1053 127.6313 545.1823 c
127.6313 544.5791 127.4896 544.0584 127.2030 543.6201 c
126.9162 543.1816 126.5074 542.8488 125.9802 542.6147 c
125.4529 542.3808 124.8265 542.2654 124.0982 542.2654 c
121.6196 542.2654 l
122.4567 543.0895 l
122.4567 539.9977 l
h
h
125.7494 539.9977 m
123.7124 542.9509 l
125.7265 542.9509 l
127.7830 539.9977 l
h
h
122.4567 542.8817 m
121.6196 543.7650 l
123.9928 543.7650 l
124.5762 543.7650 125.0110 543.8903 125.2979 544.1440 c
125.5847 544.3946 125.7265 544.7407 125.7265 545.1823 c
125.7265 545.6339 125.5847 545.9834 125.2979 546.2306 c
125.0110 546.4777 124.5762 546.6030 123.9928 546.6030 c
121.6196 546.6030 l
122.4567 547.4962 l
h
h
129.1212 539.9977 m
129.1212 548.1354 l
133.0963 548.1354 l
134.1213 548.1354 134.8892 547.9410 135.4068 547.5555 c
135.9207 547.1697 136.1778 546.6557 136.1778 546.0194 c
136.1778 545.5942 136.0723 545.2251 135.8649 544.9122 c
135.6571 544.5989 135.3705 544.3551 135.0045 544.1837 c
134.6386 544.0122 134.2202 543.9266 133.7488 543.9266 c
133.9696 544.4045 l
134.4804 544.4045 134.9354 544.3220 135.3308 544.1539 c
135.7262 543.9858 136.0361 543.7420 136.2569 543.4157 c
136.4777 543.0895 136.5866 542.6906 136.5866 542.2192 c
136.5866 541.5205 136.3130 540.9765 135.7625 540.5845 c
135.2120 540.1922 134.4013 539.9977 133.3301 539.9977 c
h
h
130.9932 541.4151 m
133.1918 541.4151 l
133.6796 541.4151 134.0487 541.4941 134.3024 541.6557 c
134.5530 541.8139 134.6783 542.0676 134.6783 542.4171 c
134.6783 542.7564 134.5530 543.0104 134.3024 543.1785 c
134.0487 543.3466 133.6796 543.4288 133.1918 543.4288 c
130.8515 543.4288 l
130.8515 544.7999 l
132.8655 544.7999 l
133.3236 544.7999 133.6728 544.8790 133.9169 545.0406 c
134.1607 545.1987 134.2828 545.4394 134.2828 545.7657 c
134.2828 546.0820 134.1607 546.3196 133.9169 546.4809 c
133.6728 546.6390 133.3236 546.7181 132.8655 546.7181 c
130.9932 546.7181 l
h
h
138.0172 539.9977 m
138.0172 548.1354 l
144.1675 548.1354 l
144.1675 546.6260 l
139.8892 546.6260 l
139.8892 541.5106 l
144.3192 541.5106 l
144.3192 539.9977 l
h
h
139.7475 543.3925 m
139.7475 544.8594 l
143.6664 544.8594 l
143.6664 543.3925 l
h
h
145.8187 539.9977 m
145.8187 548.1354 l
149.2960 548.1354 l
150.4264 548.1354 151.3066 547.8752 151.9359 547.3511 c
152.5623 546.8270 152.8753 546.1053 152.8753 545.1823 c
152.8753 544.5791 152.7335 544.0584 152.4470 543.6201 c
152.1601 543.1816 151.7513 542.8488 151.2241 542.6147 c
150.6969 542.3808 150.0704 542.2654 149.3422 542.2654 c
146.8636 542.2654 l
147.7006 543.0895 l
147.7006 539.9977 l
h
h
150.9934 539.9977 m
148.9564 542.9509 l
150.9704 542.9509 l
153.0269 539.9977 l
h
h
147.7006 542.8817 m
146.8636 543.7650 l
149.2367 543.7650 l
149.8201 543.7650 150.2549 543.8903 150.5418 544.1440 c
150.8287 544.3946 150.9704 544.7407 150.9704 545.1823 c
150.9704 545.6339 150.8287 545.9834 150.5418 546.2306 c
150.2549 546.4777 149.8201 546.6030 149.2367 546.6030 c
146.8636 546.6030 l
147.7006 547.4962 l
h
h
153.2940 539.9977 m
156.9229 548.1354 l
158.7818 548.1354 l
162.4238 539.9977 l
160.4463 539.9977 l
157.4700 547.1830 l
158.2149 547.1830 l
155.2255 539.9977 l
h
h
155.1101 541.7413 m
155.6076 543.1717 l
159.7935 543.1717 l
160.3077 541.7413 l
h
h
165.9441 539.8594 m
165.2947 539.8594 164.6719 539.9450 164.0752 540.1196 c
163.4786 540.2942 162.9975 540.5185 162.6316 540.7985 c
163.2711 542.2192 l
163.6203 541.9721 164.0324 541.7677 164.5104 541.6095 c
164.9849 541.4479 165.4662 541.3689 165.9572 541.3689 c
166.3296 541.3689 166.6295 541.4051 166.8572 541.4808 c
167.0845 541.5534 167.2560 541.6557 167.3646 541.7875 c
167.4734 541.9193 167.5261 542.0710 167.5261 542.2422 c
167.5261 542.4599 167.4405 542.6311 167.2724 542.7598 c
167.1009 542.8882 166.8767 542.9906 166.5967 543.0728 c
166.3166 543.1552 166.0099 543.2312 165.6737 543.3069 c
165.3344 543.3795 164.9982 543.4716 164.6620 543.5804 c
164.3224 543.6893 164.0160 543.8276 163.7357 543.9991 c
163.4556 544.1672 163.2314 544.3911 163.0568 544.6715 c
162.8821 544.9516 162.7931 545.3076 162.7931 545.7427 c
162.7931 546.2073 162.9184 546.6294 163.1721 547.0149 c
163.4227 547.4004 163.8017 547.7071 164.3125 547.9345 c
164.8202 548.1618 165.4563 548.2772 166.2242 548.2772 c
166.7350 548.2772 167.2393 548.2179 167.7370 548.0960 c
168.2314 547.9741 168.6699 547.7961 169.0489 547.5555 c
168.4687 546.1251 l
168.0897 546.3425 167.7073 546.5041 167.3283 546.6095 c
166.9493 546.7116 166.5768 546.7643 166.2111 546.7643 c
165.8486 546.7643 165.5518 546.7215 165.3180 546.6390 c
165.0838 546.5534 164.9191 546.4414 164.8168 546.3062 c
164.7147 546.1710 164.6651 546.0129 164.6651 545.8348 c
164.6651 545.6273 164.7510 545.4592 164.9222 545.3306 c
165.0903 545.2021 165.3146 545.0967 165.5946 545.0207 c
165.8750 544.9450 166.1814 544.8660 166.5210 544.7900 c
166.8572 544.7109 167.1934 544.6219 167.5327 544.5198 c
167.8689 544.4175 168.1756 544.2826 168.4556 544.1145 c
168.7357 543.9430 168.9633 543.7188 169.1379 543.4387 c
169.3125 543.1586 169.3981 542.8060 169.3981 542.3808 c
169.3981 541.9225 169.2697 541.5041 169.0160 541.1251 c
168.7589 540.7458 168.3765 540.4394 167.8689 540.2086 c
167.3614 539.9748 166.7186 539.8594 165.9441 539.8594 c
f
/GS13 gs
/CS15 cs 0.5300 1.0000 0.2800 0.1100 scn
200.7227 335.4727 m
71.8438 335.4727 l
76.3019 344.7955 l
71.8438 354.1175 l
200.7227 354.1175 l
196.2646 345.2975 l
h
f
/GS13 gs
/CS15 cs 0.0000 0.0000 0.0000 0.0000 scn
82.6872 341.5975 m
82.6872 349.7352 l
88.8375 349.7352 l
88.8375 348.2257 l
84.5592 348.2257 l
84.5592 343.1103 l
88.9892 343.1103 l
88.9892 341.5975 l
h
h
84.4174 344.9923 m
84.4174 346.4592 l
88.3363 346.4592 l
88.3363 344.9923 l
h
h
89.4895 341.5975 m
92.9866 346.4229 l
92.9866 345.0518 l
89.6377 349.7352 l
91.7802 349.7352 l
94.0941 346.4688 l
93.1975 346.4592 l
95.4748 349.7352 l
97.5217 349.7352 l
94.1961 345.1309 l
94.1961 346.4821 l
97.7196 341.5975 l
95.5474 341.5975 l
93.1513 345.0518 l
94.0116 345.0518 l
91.6517 341.5975 l
h
h
102.3829 341.4591 m
101.7403 341.4591 101.1436 341.5646 100.5999 341.7721 c
100.0528 341.9799 99.5814 342.2764 99.1826 342.6554 c
98.7837 343.0346 98.4739 343.4828 98.2531 343.9936 c
98.0323 344.5044 97.9203 345.0648 97.9203 345.6680 c
97.9203 346.2712 98.0323 346.8314 98.2531 347.3425 c
98.4739 347.8533 98.7837 348.3014 99.1891 348.6804 c
99.5913 349.0597 100.0624 349.3531 100.6064 349.5640 c
101.1470 349.7715 101.7369 349.8769 102.3729 349.8769 c
103.0158 349.8769 103.6091 349.7715 104.1463 349.5640 c
104.6835 349.3531 105.1549 349.0597 105.5537 348.6804 c
105.9525 348.3014 106.2624 347.8567 106.4897 347.3490 c
106.7139 346.8382 106.8259 346.2778 106.8259 345.6680 c
106.8259 345.0648 106.7139 344.5044 106.4897 343.9871 c
106.2624 343.4695 105.9525 343.0247 105.5537 342.6489 c
105.1549 342.2733 104.6835 341.9799 104.1463 341.7721 c
103.6091 341.5646 103.0190 341.4591 102.3829 341.4591 c
h
102.3729 343.0641 m
102.7389 343.0641 103.0717 343.1268 103.3784 343.2487 c
103.6848 343.3708 103.9518 343.5486 104.1857 343.7827 c
104.4198 344.0169 104.5979 344.2904 104.7263 344.6101 c
104.8550 344.9265 104.9176 345.2791 104.9176 345.6680 c
104.9176 346.0535 104.8550 346.4065 104.7263 346.7259 c
104.5979 347.0426 104.4198 347.3161 104.1925 347.5500 c
103.9649 347.7841 103.6947 347.9621 103.3849 348.0874 c
103.0751 348.2093 102.7389 348.2719 102.3729 348.2719 c
102.0073 348.2719 101.6742 348.2093 101.3678 348.0874 c
101.0614 347.9621 100.7909 347.7841 100.5602 347.5500 c
100.3263 347.3161 100.1483 347.0426 100.0196 346.7259 c
99.8912 346.4065 99.8252 346.0535 99.8252 345.6680 c
99.8252 345.2890 99.8912 344.9364 100.0196 344.6167 c
100.1483 344.2935 100.3263 344.0169 100.5537 343.7827 c
100.7810 343.5486 101.0514 343.3708 101.3613 343.2487 c
101.6711 343.1268 102.0073 343.0641 102.3729 343.0641 c
h
109.8113 341.5975 m
109.8113 348.2028 l
107.2074 348.2028 l
107.2074 349.7352 l
114.3003 349.7352 l
114.3003 348.2028 l
111.6964 348.2028 l
111.6964 341.5975 l
h
h
115.3123 341.5975 m
115.3123 349.7352 l
117.1942 349.7352 l
117.1942 341.5975 l
h
h
123.0216 341.4591 m
122.3921 341.4591 121.8087 341.5612 121.2712 341.7690 c
120.7341 341.9734 120.2661 342.2665 119.8706 342.6457 c
119.4749 343.0247 119.1685 343.4695 118.9477 343.9806 c
118.7269 344.4914 118.6149 345.0549 118.6149 345.6680 c
118.6149 346.2778 118.7269 346.8413 118.9477 347.3524 c
119.1685 347.8632 119.4783 348.3113 119.8772 348.6903 c
120.2760 349.0696 120.7406 349.3627 121.2780 349.5705 c
121.8118 349.7749 122.3952 349.8769 123.0313 349.8769 c
123.7368 349.8769 124.3760 349.7550 124.9464 349.5112 c
125.5167 349.2672 125.9946 348.9080 126.3801 348.4332 c
125.1706 347.3192 l
124.8902 347.6358 124.5804 347.8731 124.2411 348.0347 c
123.9015 348.1929 123.5290 348.2719 123.1237 348.2719 c
122.7447 348.2719 122.3986 348.2093 122.0788 348.0874 c
121.7591 347.9621 121.4855 347.7841 121.2548 347.5500 c
121.0209 347.3161 120.8429 347.0426 120.7142 346.7259 c
120.5858 346.4065 120.5198 346.0535 120.5198 345.6680 c
120.5198 345.2791 120.5858 344.9265 120.7142 344.6101 c
120.8429 344.2904 121.0209 344.0169 121.2548 343.7827 c
121.4855 343.5486 121.7591 343.3708 122.0788 343.2487 c
122.3986 343.1268 122.7447 343.0641 123.1237 343.0641 c
123.5290 343.0641 123.9015 343.1432 124.2411 343.3014 c
124.5804 343.4598 124.8902 343.7002 125.1706 344.0265 c
126.3801 342.9125 l
125.9946 342.4380 125.5167 342.0788 124.9464 341.8316 c
124.3760 341.5842 123.7334 341.4591 123.0216 341.4591 c
h
130.8331 341.5975 m
130.8331 349.7352 l
136.9834 349.7352 l
136.9834 348.2257 l
132.7150 348.2257 l
132.7150 341.5975 l
h
h
132.5767 344.5639 m
132.5767 346.0734 l
136.4822 346.0734 l
136.4822 344.5639 l
h
h
138.2621 341.5975 m
138.2621 349.7352 l
140.1440 349.7352 l
140.1440 343.1333 l
144.2279 343.1333 l
144.2279 341.5975 l
h
h
149.0981 341.4591 m
148.4555 341.4591 147.8588 341.5646 147.3151 341.7721 c
146.7680 341.9799 146.2966 342.2764 145.8978 342.6554 c
145.4990 343.0346 145.1891 343.4828 144.9683 343.9936 c
144.7475 344.5044 144.6355 345.0648 144.6355 345.6680 c
144.6355 346.2712 144.7475 346.8314 144.9683 347.3425 c
145.1891 347.8533 145.4990 348.3014 145.9043 348.6804 c
146.3066 349.0597 146.7777 349.3531 147.3216 349.5640 c
147.8622 349.7715 148.4521 349.8769 149.0882 349.8769 c
149.7311 349.8769 150.3244 349.7715 150.8615 349.5640 c
151.3987 349.3531 151.8701 349.0597 152.2689 348.6804 c
152.6678 348.3014 152.9776 347.8567 153.2049 347.3490 c
153.4292 346.8382 153.5411 346.2778 153.5411 345.6680 c
153.5411 345.0648 153.4292 344.5044 153.2049 343.9871 c
152.9776 343.4695 152.6678 343.0247 152.2689 342.6489 c
151.8701 342.2733 151.3987 341.9799 150.8615 341.7721 c
150.3244 341.5646 149.7342 341.4591 149.0981 341.4591 c
h
149.0882 343.0641 m
149.4541 343.0641 149.7869 343.1268 150.0936 343.2487 c
150.4001 343.3708 150.6671 343.5486 150.9009 343.7827 c
151.1351 344.0169 151.3131 344.2904 151.4415 344.6101 c
151.5702 344.9265 151.6329 345.2791 151.6329 345.6680 c
151.6329 346.0535 151.5702 346.4065 151.4415 346.7259 c
151.3131 347.0426 151.1351 347.3161 150.9077 347.5500 c
150.6801 347.7841 150.4100 347.9621 150.1002 348.0874 c
149.7903 348.2093 149.4541 348.2719 149.0882 348.2719 c
148.7225 348.2719 148.3894 348.2093 148.0830 348.0874 c
147.7766 347.9621 147.5062 347.7841 147.2754 347.5500 c
147.0416 347.3161 146.8636 347.0426 146.7349 346.7259 c
146.6065 346.4065 146.5404 346.0535 146.5404 345.6680 c
146.5404 345.2890 146.6065 344.9364 146.7349 344.6167 c
146.8636 344.2935 147.0416 344.0169 147.2689 343.7827 c
147.4963 343.5486 147.7667 343.3708 148.0765 343.2487 c
148.3863 343.1268 148.7225 343.0641 149.0882 343.0641 c
h
156.6422 341.5975 m
153.9825 349.7352 l
155.9336 349.7352 l
158.2475 342.5270 l
157.2718 342.5270 l
159.6912 349.7352 l
161.4348 349.7352 l
163.7583 342.5270 l
162.8189 342.5270 l
165.1887 349.7352 l
166.9918 349.7352 l
164.3287 341.5975 l
162.3081 341.5975 l
160.2482 347.9224 l
160.7820 347.9224 l
158.6662 341.5975 l
h
h
168.0403 341.5975 m
168.0403 349.7352 l
174.1907 349.7352 l
174.1907 348.2257 l
169.9123 348.2257 l
169.9123 343.1103 l
174.3423 343.1103 l
174.3423 341.5975 l
h
h
169.7706 344.9923 m
169.7706 346.4592 l
173.6895 346.4592 l
173.6895 344.9923 l
h
h
175.8419 341.5975 m
175.8419 349.7352 l
179.3191 349.7352 l
180.4496 349.7352 181.3297 349.4750 181.9590 348.9508 c
182.5855 348.4267 182.8984 347.7050 182.8984 346.7820 c
182.8984 346.1788 182.7567 345.6581 182.4701 345.2199 c
182.1832 344.7814 181.7745 344.4486 181.2472 344.2144 c
180.7200 343.9806 180.0935 343.8652 179.3653 343.8652 c
176.8867 343.8652 l
177.7238 344.6892 l
177.7238 341.5975 l
h
h
181.0165 341.5975 m
178.9795 344.5506 l
180.9935 344.5506 l
183.0501 341.5975 l
h
h
177.7238 344.4814 m
176.8867 345.3647 l
179.2599 345.3647 l
179.8432 345.3647 180.2781 345.4900 180.5649 345.7437 c
180.8518 345.9943 180.9935 346.3404 180.9935 346.7820 c
180.9935 347.2336 180.8518 347.5831 180.5649 347.8303 c
180.2781 348.0775 179.8432 348.2028 179.2599 348.2028 c
176.8867 348.2028 l
177.7238 349.0960 l
h
h
187.0614 341.4591 m
186.4120 341.4591 185.7892 341.5448 185.1925 341.7194 c
184.5958 341.8940 184.1148 342.1182 183.7488 342.3983 c
184.3883 343.8190 l
184.7375 343.5718 185.1497 343.3674 185.6276 343.2093 c
186.1021 343.0477 186.5835 342.9686 187.0744 342.9686 c
187.4469 342.9686 187.7468 343.0049 187.9744 343.0806 c
188.2018 343.1531 188.3733 343.2555 188.4818 343.3873 c
188.5907 343.5191 188.6434 343.6707 188.6434 343.8420 c
188.6434 344.0597 188.5578 344.2309 188.3897 344.3596 c
188.2182 344.4880 187.9940 344.5903 187.7139 344.6725 c
187.4339 344.7550 187.1271 344.8310 186.7910 344.9066 c
186.4517 344.9792 186.1155 345.0713 185.7793 345.1802 c
185.4397 345.2890 185.1333 345.4274 184.8529 345.5989 c
184.5729 345.7670 184.3486 345.9909 184.1740 346.2712 c
183.9994 346.5513 183.9104 346.9073 183.9104 347.3425 c
183.9104 347.8071 184.0357 348.2291 184.2894 348.6146 c
184.5400 349.0002 184.9190 349.3069 185.4298 349.5342 c
185.9374 349.7615 186.5735 349.8769 187.3414 349.8769 c
187.8523 349.8769 188.3565 349.8177 188.8543 349.6958 c
189.3487 349.5739 189.7872 349.3959 190.1662 349.1552 c
189.5859 347.7249 l
189.2069 347.9423 188.8245 348.1038 188.4455 348.2093 c
188.0666 348.3113 187.6941 348.3641 187.3284 348.3641 c
186.9659 348.3641 186.6691 348.3213 186.4352 348.2388 c
186.2011 348.1532 186.0364 348.0412 185.9340 347.9060 c
185.8320 347.7708 185.7824 347.6126 185.7824 347.4346 c
185.7824 347.2271 185.8683 347.0590 186.0395 346.9303 c
186.2076 346.8019 186.4318 346.6964 186.7119 346.6205 c
186.9922 346.5448 187.2986 346.4657 187.6382 346.3897 c
187.9744 346.3106 188.3106 346.2216 188.6499 346.1196 c
188.9861 346.0173 189.2928 345.8823 189.5729 345.7142 c
189.8529 345.5427 190.0806 345.3185 190.2552 345.0385 c
190.4298 344.7584 190.5154 344.4058 190.5154 343.9806 c
190.5154 343.5222 190.3870 343.1038 190.1333 342.7248 c
189.8762 342.3455 189.4938 342.0391 188.9861 341.8084 c
188.4787 341.5745 187.8358 341.4591 187.0614 341.4591 c
f
/GS13 gs
/CS15 cs 0.5300 1.0000 0.2800 0.1100 scn
100.8660 448.7885 m
35.9580 448.7885 l
38.2039 453.7134 l
35.9580 458.6386 l
100.8660 458.6386 l
98.6210 453.9784 l
h
f
/GS13 gs
/CS15 cs 0.0000 0.0000 0.0000 0.0000 scn
45.3402 451.6744 m
45.3402 453.0189 l
45.4555 452.7088 l
43.9447 455.1871 l
44.4810 455.1871 l
45.7515 453.0943 l
45.4598 453.0943 l
46.7345 455.1871 l
47.2326 455.1871 l
45.7260 452.7088 l
45.8368 453.0189 l
45.8368 451.6744 l
h
h
47.6623 451.6744 m
47.6623 455.1871 l
50.1420 455.1871 l
50.1420 454.7517 l
48.1646 454.7517 l
48.1646 452.1112 l
50.2132 452.1112 l
50.2132 451.6744 l
h
h
48.1190 453.2451 m
48.1190 453.6720 l
49.9258 453.6720 l
49.9258 453.2451 l
h
h
51.0256 451.6744 m
51.0256 455.1871 l
51.5279 455.1871 l
51.5279 452.1112 l
53.4300 452.1112 l
53.4300 451.6744 l
h
h
54.0077 451.6744 m
54.0077 455.1871 l
54.5100 455.1871 l
54.5100 452.1112 l
56.4120 452.1112 l
56.4120 451.6744 l
h
h
58.5108 451.6345 m
58.2435 451.6345 57.9957 451.6801 57.7667 451.7697 c
57.5376 451.8592 57.3386 451.9860 57.1720 452.1481 c
57.0042 452.3105 56.8732 452.5010 56.7794 452.7187 c
56.6855 452.9364 56.6385 453.1740 56.6385 453.4316 c
56.6385 453.6890 56.6855 453.9266 56.7794 454.1443 c
56.8732 454.3620 57.0042 454.5513 57.1720 454.7134 c
57.3386 454.8756 57.5362 455.0023 57.7638 455.0933 c
57.9900 455.1829 58.2392 455.2285 58.5108 455.2285 c
58.7784 455.2285 59.0258 455.1843 59.2520 455.0961 c
59.4782 455.0066 59.6747 454.8813 59.8439 454.7191 c
60.0134 454.5570 60.1427 454.3676 60.2354 454.1499 c
60.3278 453.9322 60.3731 453.6918 60.3731 453.4316 c
60.3731 453.1711 60.3278 452.9322 60.2354 452.7145 c
60.1427 452.4968 60.0134 452.3060 59.8439 452.1438 c
59.6747 451.9817 59.4782 451.8564 59.2520 451.7683 c
59.0258 451.6787 58.7784 451.6345 58.5108 451.6345 c
h
58.5108 452.0812 m
58.7058 452.0812 58.8849 452.1155 59.0516 452.1824 c
59.2166 452.2493 59.3603 452.3431 59.4825 452.4656 c
59.6049 452.5863 59.7002 452.7300 59.7685 452.8936 c
59.8368 453.0574 59.8711 453.2366 59.8711 453.4316 c
59.8711 453.6249 59.8368 453.8044 59.7685 453.9679 c
59.7002 454.1315 59.6049 454.2752 59.4825 454.3977 c
59.3603 454.5198 59.2166 454.6151 59.0516 454.6820 c
58.8849 454.7489 58.7058 454.7818 58.5108 454.7818 c
58.3132 454.7818 58.1323 454.7489 57.9674 454.6820 c
57.8010 454.6151 57.6573 454.5198 57.5334 454.3977 c
57.4098 454.2752 57.3129 454.1315 57.2445 453.9679 c
57.1748 453.8044 57.1408 453.6249 57.1408 453.4316 c
57.1408 453.2366 57.1748 453.0574 57.2445 452.8936 c
57.3129 452.7300 57.4098 452.5863 57.5334 452.4656 c
57.6573 452.3431 57.8010 452.2493 57.9674 452.1824 c
58.1323 452.1155 58.3132 452.0812 58.5108 452.0812 c
h
61.8378 451.6744 m
60.6640 455.1871 l
61.1804 455.1871 l
62.2604 451.9463 l
61.9985 451.9463 l
63.1182 455.1871 l
63.5805 455.1871 l
64.6747 451.9463 l
64.4230 451.9463 l
65.5169 455.1871 l
65.9937 455.1871 l
64.8198 451.6744 l
64.2920 451.6744 l
63.2690 454.6806 l
63.4042 454.6806 l
62.3755 451.6744 l
h
h
69.6172 451.6345 m
69.3456 451.6345 69.0965 451.6787 68.8703 451.7683 c
68.6426 451.8564 68.4451 451.9817 68.2784 452.1438 c
68.1106 452.3060 67.9796 452.4968 67.8858 452.7145 c
67.7920 452.9322 67.7449 453.1711 67.7449 453.4316 c
67.7449 453.6918 67.7920 453.9322 67.8858 454.1499 c
67.9796 454.3676 68.1106 454.5570 68.2798 454.7191 c
68.4493 454.8813 68.6469 455.0066 68.8745 455.0961 c
69.1021 455.1843 69.3527 455.2285 69.6271 455.2285 c
69.9046 455.2285 70.1595 455.1829 70.3913 455.0933 c
70.6218 455.0023 70.8165 454.8671 70.9775 454.6862 c
70.6671 454.3747 l
70.5237 454.5156 70.3670 454.6182 70.1977 454.6834 c
70.0285 454.7489 69.8448 454.7818 69.6472 454.7818 c
69.4466 454.7818 69.2603 454.7489 69.0880 454.6820 c
68.9159 454.6151 68.7665 454.5213 68.6412 454.4005 c
68.5162 454.2795 68.4193 454.1372 68.3510 453.9708 c
68.2812 453.8044 68.2472 453.6249 68.2472 453.4316 c
68.2472 453.2409 68.2812 453.0631 68.3510 452.8964 c
68.4193 452.7300 68.5162 452.5863 68.6412 452.4656 c
68.7665 452.3431 68.9145 452.2493 69.0851 452.1824 c
69.2561 452.1155 69.4423 452.0812 69.6430 452.0812 c
69.8292 452.0812 70.0101 452.1112 70.1821 452.1696 c
70.3542 452.2277 70.5149 452.3247 70.6615 452.4627 c
70.9475 452.0812 l
70.7740 451.9346 70.5705 451.8238 70.3386 451.7484 c
70.1053 451.6730 69.8649 451.6345 69.6172 451.6345 c
h
70.9475 452.0812 m
70.4653 452.1467 l
70.4653 453.4515 l
70.9475 453.4515 l
h
h
71.9050 451.6744 m
71.9050 455.1871 l
74.3848 455.1871 l
74.3848 454.7517 l
72.4073 454.7517 l
72.4073 452.1112 l
74.4559 452.1112 l
74.4559 451.6744 l
h
h
72.3617 453.2451 m
72.3617 453.6720 l
74.1685 453.6720 l
74.1685 453.2451 l
h
h
75.2683 451.6744 m
75.2683 455.1871 l
76.6397 455.1871 l
77.0939 455.1871 77.4522 455.0791 77.7141 454.8643 c
77.9743 454.6480 78.1053 454.3478 78.1053 453.9637 c
78.1053 453.7089 78.0469 453.4911 77.9304 453.3092 c
77.8122 453.1255 77.6458 452.9863 77.4281 452.8894 c
77.2104 452.7913 76.9473 452.7428 76.6397 452.7428 c
75.5444 452.7428 l
75.7706 452.9747 l
75.7706 451.6744 l
h
h
77.6174 451.6744 m
76.7239 452.9492 l
77.2617 452.9492 l
78.1651 451.6744 l
h
h
75.7706 452.9237 m
75.5444 453.1697 l
76.6242 453.1697 l
76.9459 453.1697 77.1891 453.2394 77.3555 453.3789 c
77.5205 453.5169 77.6030 453.7117 77.6030 453.9637 c
77.6030 454.2140 77.5205 454.4076 77.3555 454.5456 c
77.1891 454.6834 76.9459 454.7517 76.6242 454.7517 c
75.5444 454.7517 l
75.7706 455.0023 l
h
h
78.9177 451.6744 m
78.9177 455.1871 l
80.4940 455.1871 l
80.8997 455.1871 81.2112 455.1060 81.4289 454.9439 c
81.6466 454.7818 81.7546 454.5598 81.7546 454.2795 c
81.7546 454.0887 81.7121 453.9280 81.6265 453.7987 c
81.5411 453.6677 81.4260 453.5666 81.2823 453.4968 c
81.1386 453.4274 80.9821 453.3917 80.8157 453.3917 c
80.9053 453.5410 l
81.1057 453.5410 81.2837 453.5056 81.4388 453.4359 c
81.5924 453.3661 81.7149 453.2621 81.8045 453.1272 c
81.8940 452.9920 81.9397 452.8239 81.9397 452.6235 c
81.9397 452.3219 81.8271 452.0886 81.6009 451.9233 c
81.3747 451.7569 81.0405 451.6744 80.5952 451.6744 c
h
h
79.4200 452.0812 m
80.5751 452.0812 l
80.8526 452.0812 81.0646 452.1283 81.2126 452.2221 c
81.3591 452.3148 81.4331 452.4627 81.4331 452.6631 c
81.4331 452.8667 81.3591 453.0161 81.2126 453.1099 c
81.0646 453.2040 80.8526 453.2508 80.5751 453.2508 c
79.3743 453.2508 l
79.3743 453.6564 l
80.4487 453.6564 l
80.7032 453.6564 80.9011 453.7032 81.0420 453.7970 c
81.1826 453.8911 81.2523 454.0320 81.2523 454.2197 c
81.2523 454.4062 81.1826 454.5471 81.0420 454.6409 c
80.9011 454.7347 80.7032 454.7818 80.4487 454.7818 c
79.4200 454.7818 l
h
h
82.7178 451.6744 m
82.7178 455.1871 l
85.1975 455.1871 l
85.1975 454.7517 l
83.2201 454.7517 l
83.2201 452.1112 l
85.2687 452.1112 l
85.2687 451.6744 l
h
h
83.1745 453.2451 m
83.1745 453.6720 l
84.9813 453.6720 l
84.9813 453.2451 l
h
h
86.0811 451.6744 m
86.0811 455.1871 l
87.4525 455.1871 l
87.9066 455.1871 88.2649 455.0791 88.5268 454.8643 c
88.7871 454.6480 88.9180 454.3478 88.9180 453.9637 c
88.9180 453.7089 88.8596 453.4911 88.7431 453.3092 c
88.6249 453.1255 88.4585 452.9863 88.2408 452.8894 c
88.0231 452.7913 87.7601 452.7428 87.4525 452.7428 c
86.3572 452.7428 l
86.5834 452.9747 l
86.5834 451.6744 l
h
h
88.4302 451.6744 m
87.5367 452.9492 l
88.0744 452.9492 l
88.9778 451.6744 l
h
h
86.5834 452.9237 m
86.3572 453.1697 l
87.4369 453.1697 l
87.7586 453.1697 88.0019 453.2394 88.1683 453.3789 c
88.3332 453.5169 88.4157 453.7117 88.4157 453.9637 c
88.4157 454.2140 88.3332 454.4076 88.1683 454.5456 c
88.0019 454.6834 87.7586 454.7517 87.4369 454.7517 c
86.3572 454.7517 l
86.5834 455.0023 l
h
h
89.1984 451.6744 m
90.7903 455.1871 l
91.2869 455.1871 l
92.8831 451.6744 l
92.3553 451.6744 l
90.9354 454.9068 l
91.1361 454.9068 l
89.7163 451.6744 l
h
h
89.8770 452.5523 m
90.0122 452.9548 l
91.9896 452.9548 l
92.1348 452.5523 l
h
f
q
34.7230 465.4029 67.3809 50.5556 re W*
n
/GS13 gs
q
34.7230 465.4029 m
34.7230 515.9585 l
102.1039 515.9585 l
102.1039 465.4029 l
h
W*
n
q
67.85714 0.00000 0.00000 50.89286 34.4452 465.1252 cm
/Im141 Do
Q
Q
Q
/GS13 gs
/CS15 cs 0.5300 1.0000 0.2800 0.1100 scn
173.1674 448.7885 m
108.2594 448.7885 l
110.5044 453.7134 l
108.2594 458.6386 l
173.1674 458.6386 l
170.9223 453.9784 l
h
f
/GS13 gs
/CS15 cs 0.0000 0.0000 0.0000 0.0000 scn
118.7898 451.5134 m
117.6160 455.0261 l
118.1324 455.0261 l
119.2124 451.7853 l
118.9505 451.7853 l
120.0702 455.0261 l
120.5325 455.0261 l
121.6267 451.7853 l
121.3750 451.7853 l
122.4689 455.0261 l
122.9457 455.0261 l
121.7718 451.5134 l
121.2440 451.5134 l
120.2210 454.5196 l
120.3562 454.5196 l
119.3275 451.5134 l
h
h
126.0771 451.5134 m
126.0771 455.0261 l
126.5794 455.0261 l
126.5794 451.5134 l
h
h
123.5574 451.5134 m
123.5574 455.0261 l
124.0597 455.0261 l
124.0597 451.5134 l
h
h
124.0098 453.0798 m
124.0098 453.5167 l
126.1227 453.5167 l
126.1227 453.0798 l
h
h
127.6336 451.5134 m
127.6336 455.0261 l
128.1359 455.0261 l
128.1359 451.5134 l
h
h
129.8886 451.5134 m
129.8886 454.5907 l
128.6836 454.5907 l
128.6836 455.0261 l
131.5902 455.0261 l
131.5902 454.5907 l
130.3852 454.5907 l
130.3852 451.5134 l
h
h
132.1367 451.5134 m
132.1367 455.0261 l
134.6165 455.0261 l
134.6165 454.5907 l
132.6390 454.5907 l
132.6390 451.9502 l
134.6876 451.9502 l
134.6876 451.5134 l
h
h
132.5934 453.0841 m
132.5934 453.5110 l
134.4002 453.5110 l
134.4002 453.0841 l
h
h
138.4364 451.4734 m
138.1649 451.4734 137.9157 451.5177 137.6895 451.6072 c
137.4619 451.6954 137.2643 451.8207 137.0976 451.9828 c
136.9298 452.1450 136.7989 452.3357 136.7050 452.5534 c
136.6112 452.7711 136.5642 453.0101 136.5642 453.2706 c
136.5642 453.5308 136.6112 453.7712 136.7050 453.9889 c
136.7989 454.2066 136.9298 454.3960 137.0991 454.5581 c
137.2686 454.7203 137.4661 454.8455 137.6938 454.9351 c
137.9214 455.0233 138.1720 455.0675 138.4464 455.0675 c
138.7239 455.0675 138.9787 455.0219 139.2106 454.9323 c
139.4410 454.8413 139.6358 454.7061 139.7968 454.5252 c
139.4864 454.2137 l
139.3430 454.3546 139.1862 454.4572 139.0170 454.5224 c
138.8477 454.5879 138.6641 454.6208 138.4665 454.6208 c
138.2658 454.6208 138.0796 454.5879 137.9072 454.5210 c
137.7351 454.4541 137.5858 454.3603 137.4605 454.2395 c
137.3355 454.1185 137.2385 453.9762 137.1702 453.8098 c
137.1005 453.6434 137.0665 453.4639 137.0665 453.2706 c
137.0665 453.0798 137.1005 452.9021 137.1702 452.7354 c
137.2385 452.5690 137.3355 452.4253 137.4605 452.3046 c
137.5858 452.1821 137.7337 452.0883 137.9044 452.0214 c
138.0753 451.9545 138.2615 451.9202 138.4622 451.9202 c
138.6485 451.9202 138.8293 451.9502 139.0014 452.0086 c
139.1734 452.0667 139.3342 452.1637 139.4807 452.3017 c
139.7667 451.9202 l
139.5933 451.7736 139.3897 451.6628 139.1579 451.5874 c
138.9246 451.5120 138.6842 451.4734 138.4364 451.4734 c
h
139.7667 451.9202 m
139.2846 451.9857 l
139.2846 453.2905 l
139.7667 453.2905 l
h
h
140.7243 451.5134 m
140.7243 455.0261 l
143.2040 455.0261 l
143.2040 454.5907 l
141.2266 454.5907 l
141.2266 451.9502 l
143.2752 451.9502 l
143.2752 451.5134 l
h
h
141.1809 453.0841 m
141.1809 453.5110 l
142.9877 453.5110 l
142.9877 453.0841 l
h
h
144.0876 451.5134 m
144.0876 455.0261 l
145.4590 455.0261 l
145.9131 455.0261 146.2714 454.9181 146.5333 454.7032 c
146.7935 454.4870 146.9245 454.1868 146.9245 453.8027 c
146.9245 453.5478 146.8661 453.3301 146.7496 453.1482 c
146.6314 452.9645 146.4650 452.8253 146.2473 452.7283 c
146.0296 452.6303 145.7666 452.5818 145.4590 452.5818 c
144.3637 452.5818 l
144.5899 452.8137 l
144.5899 451.5134 l
h
h
146.4367 451.5134 m
145.5432 452.7882 l
146.0809 452.7882 l
146.9843 451.5134 l
h
h
144.5899 452.7626 m
144.3637 453.0087 l
145.4434 453.0087 l
145.7651 453.0087 146.0083 453.0784 146.1747 453.2179 c
146.3397 453.3559 146.4222 453.5507 146.4222 453.8027 c
146.4222 454.0530 146.3397 454.2466 146.1747 454.3846 c
146.0083 454.5224 145.7651 454.5907 145.4434 454.5907 c
144.3637 454.5907 l
144.5899 454.8413 l
h
h
147.7369 451.5134 m
147.7369 455.0261 l
149.3133 455.0261 l
149.7189 455.0261 150.0304 454.9450 150.2481 454.7829 c
150.4658 454.6208 150.5738 454.3988 150.5738 454.1185 c
150.5738 453.9277 150.5313 453.7670 150.4457 453.6377 c
150.3604 453.5067 150.2453 453.4055 150.1016 453.3358 c
149.9579 453.2664 149.8014 453.2306 149.6350 453.2306 c
149.7246 453.3800 l
149.9250 453.3800 150.1030 453.3446 150.2580 453.2749 c
150.4117 453.2051 150.5341 453.1011 150.6237 452.9662 c
150.7133 452.8310 150.7589 452.6629 150.7589 452.4625 c
150.7589 452.1609 150.6464 451.9276 150.4202 451.7623 c
150.1940 451.5959 149.8598 451.5134 149.4145 451.5134 c
h
h
148.2392 451.9202 m
149.3943 451.9202 l
149.6718 451.9202 149.8839 451.9672 150.0318 452.0611 c
150.1784 452.1538 150.2524 452.3017 150.2524 452.5021 c
150.2524 452.7057 150.1784 452.8551 150.0318 452.9489 c
149.8839 453.0430 149.6718 453.0898 149.3943 453.0898 c
148.1936 453.0898 l
148.1936 453.4954 l
149.2679 453.4954 l
149.5225 453.4954 149.7203 453.5422 149.8612 453.6360 c
150.0018 453.7301 150.0715 453.8710 150.0715 454.0586 c
150.0715 454.2452 150.0018 454.3860 149.8612 454.4799 c
149.7203 454.5737 149.5225 454.6208 149.2679 454.6208 c
148.2392 454.6208 l
h
h
151.5370 451.5134 m
151.5370 455.0261 l
154.0168 455.0261 l
154.0168 454.5907 l
152.0393 454.5907 l
152.0393 451.9502 l
154.0879 451.9502 l
154.0879 451.5134 l
h
h
151.9937 453.0841 m
151.9937 453.5110 l
153.8005 453.5110 l
153.8005 453.0841 l
h
h
154.9003 451.5134 m
154.9003 455.0261 l
156.2717 455.0261 l
156.7259 455.0261 157.0842 454.9181 157.3461 454.7032 c
157.6063 454.4870 157.7373 454.1868 157.7373 453.8027 c
157.7373 453.5478 157.6789 453.3301 157.5624 453.1482 c
157.4442 452.9645 157.2778 452.8253 157.0601 452.7283 c
156.8424 452.6303 156.5793 452.5818 156.2717 452.5818 c
155.1764 452.5818 l
155.4026 452.8137 l
155.4026 451.5134 l
h
h
157.2494 451.5134 m
156.3559 452.7882 l
156.8937 452.7882 l
157.7971 451.5134 l
h
h
155.4026 452.7626 m
155.1764 453.0087 l
156.2562 453.0087 l
156.5779 453.0087 156.8211 453.0784 156.9875 453.2179 c
157.1525 453.3559 157.2350 453.5507 157.2350 453.8027 c
157.2350 454.0530 157.1525 454.2466 156.9875 454.3846 c
156.8211 454.5224 156.5779 454.5907 156.2562 454.5907 c
155.1764 454.5907 l
155.4026 454.8413 l
h
h
158.0176 451.5134 m
159.6095 455.0261 l
160.1062 455.0261 l
161.7024 451.5134 l
161.1746 451.5134 l
159.7547 454.7458 l
159.9554 454.7458 l
158.5355 451.5134 l
h
h
158.6962 452.3913 m
158.8314 452.7938 l
160.8089 452.7938 l
160.9540 452.3913 l
h
f
q
107.0226 465.4029 67.3877 50.5511 re W*
n
/GS13 gs
q
107.0226 465.4029 m
107.0226 515.9540 l
174.4104 515.9540 l
174.4104 465.4029 l
h
W*
n
q
67.71428 0.00000 0.00000 50.79592 106.9001 465.1784 cm
/Im142 Do
Q
Q
Q
/GS13 gs
/CS15 cs 0.5300 1.0000 0.2800 0.1100 scn
246.1827 448.7885 m
181.2747 448.7885 l
183.5209 453.7134 l
181.2747 458.6386 l
246.1827 458.6386 l
243.9377 453.9784 l
h
f
/GS13 gs
/CS15 cs 0.0000 0.0000 0.0000 0.0000 scn
191.0526 451.4734 m
190.7853 451.4734 190.5375 451.5191 190.3085 451.6087 c
190.0794 451.6982 189.8804 451.8249 189.7138 451.9871 c
189.5460 452.1495 189.4150 452.3400 189.3212 452.5577 c
189.2273 452.7754 189.1803 453.0129 189.1803 453.2706 c
189.1803 453.5280 189.2273 453.7655 189.3212 453.9832 c
189.4150 454.2009 189.5460 454.3903 189.7138 454.5524 c
189.8804 454.7146 190.0780 454.8413 190.3056 454.9323 c
190.5318 455.0219 190.7810 455.0675 191.0526 455.0675 c
191.3202 455.0675 191.5676 455.0233 191.7938 454.9351 c
192.0200 454.8455 192.2165 454.7203 192.3857 454.5581 c
192.5552 454.3960 192.6845 454.2066 192.7772 453.9889 c
192.8696 453.7712 192.9149 453.5308 192.9149 453.2706 c
192.9149 453.0101 192.8696 452.7711 192.7772 452.5534 c
192.6845 452.3357 192.5552 452.1450 192.3857 451.9828 c
192.2165 451.8207 192.0200 451.6954 191.7938 451.6072 c
191.5676 451.5177 191.3202 451.4734 191.0526 451.4734 c
h
191.0526 451.9202 m
191.2476 451.9202 191.4267 451.9545 191.5934 452.0214 c
191.7584 452.0883 191.9021 452.1821 192.0243 452.3046 c
192.1467 452.4253 192.2420 452.5690 192.3103 452.7326 c
192.3786 452.8964 192.4129 453.0756 192.4129 453.2706 c
192.4129 453.4639 192.3786 453.6434 192.3103 453.8069 c
192.2420 453.9705 192.1467 454.1142 192.0243 454.2367 c
191.9021 454.3588 191.7584 454.4541 191.5934 454.5210 c
191.4267 454.5879 191.2476 454.6208 191.0526 454.6208 c
190.8550 454.6208 190.6741 454.5879 190.5092 454.5210 c
190.3428 454.4541 190.1991 454.3588 190.0752 454.2367 c
189.9516 454.1142 189.8546 453.9705 189.7863 453.8069 c
189.7166 453.6434 189.6826 453.4639 189.6826 453.2706 c
189.6826 453.0756 189.7166 452.8964 189.7863 452.7326 c
189.8546 452.5690 189.9516 452.4253 190.0752 452.3046 c
190.1991 452.1821 190.3428 452.0883 190.5092 452.0214 c
190.6741 451.9545 190.8550 451.9202 191.0526 451.9202 c
h
193.6820 451.5134 m
193.6820 455.0261 l
195.0534 455.0261 l
195.5075 455.0261 195.8658 454.9181 196.1277 454.7032 c
196.3879 454.4870 196.5189 454.1868 196.5189 453.8027 c
196.5189 453.5478 196.4605 453.3301 196.3440 453.1482 c
196.2258 452.9645 196.0594 452.8253 195.8417 452.7283 c
195.6240 452.6303 195.3609 452.5818 195.0534 452.5818 c
193.9581 452.5818 l
194.1843 452.8137 l
194.1843 451.5134 l
h
h
196.0311 451.5134 m
195.1376 452.7882 l
195.6753 452.7882 l
196.5787 451.5134 l
h
h
194.1843 452.7626 m
193.9581 453.0087 l
195.0378 453.0087 l
195.3595 453.0087 195.6027 453.0784 195.7691 453.2179 c
195.9341 453.3559 196.0166 453.5507 196.0166 453.8027 c
196.0166 454.0530 195.9341 454.2466 195.7691 454.3846 c
195.6027 454.5224 195.3595 454.5907 195.0378 454.5907 c
193.9581 454.5907 l
194.1843 454.8413 l
h
h
196.7992 451.5134 m
198.3912 455.0261 l
198.8878 455.0261 l
200.4840 451.5134 l
199.9562 451.5134 l
198.5363 454.7458 l
198.7370 454.7458 l
197.3171 451.5134 l
h
h
197.4779 452.3913 m
197.6131 452.7938 l
199.5905 452.7938 l
199.7357 452.3913 l
h
h
201.0047 451.5134 m
201.0047 455.0261 l
201.4174 455.0261 l
203.7407 452.1407 l
203.5244 452.1407 l
203.5244 455.0261 l
204.0267 455.0261 l
204.0267 451.5134 l
203.6154 451.5134 l
201.2922 454.3988 l
201.5070 454.3988 l
201.5070 451.5134 l
h
h
206.6672 451.4734 m
206.3957 451.4734 206.1465 451.5177 205.9203 451.6072 c
205.6927 451.6954 205.4951 451.8207 205.3284 451.9828 c
205.1606 452.1450 205.0296 452.3357 204.9358 452.5534 c
204.8420 452.7711 204.7949 453.0101 204.7949 453.2706 c
204.7949 453.5308 204.8420 453.7712 204.9358 453.9889 c
205.0296 454.2066 205.1606 454.3960 205.3298 454.5581 c
205.4993 454.7203 205.6969 454.8455 205.9245 454.9351 c
206.1522 455.0233 206.4027 455.0675 206.6771 455.0675 c
206.9546 455.0675 207.2095 455.0219 207.4414 454.9323 c
207.6718 454.8413 207.8666 454.7061 208.0276 454.5252 c
207.7172 454.2137 l
207.5737 454.3546 207.4170 454.4572 207.2477 454.5224 c
207.0785 454.5879 206.8948 454.6208 206.6973 454.6208 c
206.4966 454.6208 206.3103 454.5879 206.1380 454.5210 c
205.9659 454.4541 205.8165 454.3603 205.6912 454.2395 c
205.5662 454.1185 205.4693 453.9762 205.4010 453.8098 c
205.3312 453.6434 205.2972 453.4639 205.2972 453.2706 c
205.2972 453.0798 205.3312 452.9021 205.4010 452.7354 c
205.4693 452.5690 205.5662 452.4253 205.6912 452.3046 c
205.8165 452.1821 205.9645 452.0883 206.1351 452.0214 c
206.3061 451.9545 206.4923 451.9202 206.6930 451.9202 c
206.8792 451.9202 207.0601 451.9502 207.2322 452.0086 c
207.4042 452.0667 207.5649 452.1637 207.7115 452.3017 c
207.9975 451.9202 l
207.8240 451.7736 207.6205 451.6628 207.3886 451.5874 c
207.1553 451.5120 206.9150 451.4734 206.6672 451.4734 c
h
207.9975 451.9202 m
207.5153 451.9857 l
207.5153 453.2905 l
207.9975 453.2905 l
h
h
208.9551 451.5134 m
208.9551 455.0261 l
211.4348 455.0261 l
211.4348 454.5907 l
209.4574 454.5907 l
209.4574 451.9502 l
211.5060 451.9502 l
211.5060 451.5134 l
h
h
209.4117 453.0841 m
209.4117 453.5110 l
211.2185 453.5110 l
211.2185 453.0841 l
h
h
215.2548 451.4734 m
214.9832 451.4734 214.7340 451.5177 214.5078 451.6072 c
214.2802 451.6954 214.0826 451.8207 213.9160 451.9828 c
213.7482 452.1450 213.6172 452.3357 213.5234 452.5534 c
213.4295 452.7711 213.3825 453.0101 213.3825 453.2706 c
213.3825 453.5308 213.4295 453.7712 213.5234 453.9889 c
213.6172 454.2066 213.7482 454.3960 213.9174 454.5581 c
214.0869 454.7203 214.2845 454.8455 214.5121 454.9351 c
214.7397 455.0233 214.9903 455.0675 215.2647 455.0675 c
215.5422 455.0675 215.7970 455.0219 216.0289 454.9323 c
216.2594 454.8413 216.4541 454.7061 216.6151 454.5252 c
216.3047 454.2137 l
216.1613 454.3546 216.0045 454.4572 215.8353 454.5224 c
215.6661 454.5879 215.4824 454.6208 215.2848 454.6208 c
215.0841 454.6208 214.8979 454.5879 214.7255 454.5210 c
214.5535 454.4541 214.4041 454.3603 214.2788 454.2395 c
214.1538 454.1185 214.0569 453.9762 213.9885 453.8098 c
213.9188 453.6434 213.8848 453.4639 213.8848 453.2706 c
213.8848 453.0798 213.9188 452.9021 213.9885 452.7354 c
214.0569 452.5690 214.1538 452.4253 214.2788 452.3046 c
214.4041 452.1821 214.5521 452.0883 214.7227 452.0214 c
214.8936 451.9545 215.0799 451.9202 215.2806 451.9202 c
215.4668 451.9202 215.6477 451.9502 215.8197 452.0086 c
215.9918 452.0667 216.1525 452.1637 216.2991 452.3017 c
216.5851 451.9202 l
216.4116 451.7736 216.2081 451.6628 215.9762 451.5874 c
215.7429 451.5120 215.5025 451.4734 215.2548 451.4734 c
h
216.5851 451.9202 m
216.1029 451.9857 l
216.1029 453.2905 l
216.5851 453.2905 l
h
h
217.5426 451.5134 m
217.5426 455.0261 l
220.0224 455.0261 l
220.0224 454.5907 l
218.0449 454.5907 l
218.0449 451.9502 l
220.0935 451.9502 l
220.0935 451.5134 l
h
h
217.9993 453.0841 m
217.9993 453.5110 l
219.8061 453.5110 l
219.8061 453.0841 l
h
h
220.9059 451.5134 m
220.9059 455.0261 l
222.2773 455.0261 l
222.7314 455.0261 223.0897 454.9181 223.3517 454.7032 c
223.6119 454.4870 223.7428 454.1868 223.7428 453.8027 c
223.7428 453.5478 223.6844 453.3301 223.5679 453.1482 c
223.4497 452.9645 223.2833 452.8253 223.0656 452.7283 c
222.8479 452.6303 222.5849 452.5818 222.2773 452.5818 c
221.1820 452.5818 l
221.4082 452.8137 l
221.4082 451.5134 l
h
h
223.2550 451.5134 m
222.3615 452.7882 l
222.8992 452.7882 l
223.8026 451.5134 l
h
h
221.4082 452.7626 m
221.1820 453.0087 l
222.2617 453.0087 l
222.5835 453.0087 222.8267 453.0784 222.9931 453.2179 c
223.1580 453.3559 223.2405 453.5507 223.2405 453.8027 c
223.2405 454.0530 223.1580 454.2466 222.9931 454.3846 c
222.8267 454.5224 222.5835 454.5907 222.2617 454.5907 c
221.1820 454.5907 l
221.4082 454.8413 l
h
h
224.5552 451.5134 m
224.5552 455.0261 l
226.1316 455.0261 l
226.5372 455.0261 226.8488 454.9450 227.0665 454.7829 c
227.2842 454.6208 227.3922 454.3988 227.3922 454.1185 c
227.3922 453.9277 227.3496 453.7670 227.2640 453.6377 c
227.1787 453.5067 227.0636 453.4055 226.9199 453.3358 c
226.7762 453.2664 226.6197 453.2306 226.4533 453.2306 c
226.5429 453.3800 l
226.7433 453.3800 226.9213 453.3446 227.0764 453.2749 c
227.2300 453.2051 227.3525 453.1011 227.4420 452.9662 c
227.5316 452.8310 227.5773 452.6629 227.5773 452.4625 c
227.5773 452.1609 227.4647 451.9276 227.2385 451.7623 c
227.0123 451.5959 226.6781 451.5134 226.2328 451.5134 c
h
h
225.0575 451.9202 m
226.2127 451.9202 l
226.4902 451.9202 226.7022 451.9672 226.8502 452.0611 c
226.9967 452.1538 227.0707 452.3017 227.0707 452.5021 c
227.0707 452.7057 226.9967 452.8551 226.8502 452.9489 c
226.7022 453.0430 226.4902 453.0898 226.2127 453.0898 c
225.0119 453.0898 l
225.0119 453.4954 l
226.0862 453.4954 l
226.3408 453.4954 226.5386 453.5422 226.6795 453.6360 c
226.8201 453.7301 226.8899 453.8710 226.8899 454.0586 c
226.8899 454.2452 226.8201 454.3860 226.6795 454.4799 c
226.5386 454.5737 226.3408 454.6208 226.0862 454.6208 c
225.0575 454.6208 l
h
h
228.3554 451.5134 m
228.3554 455.0261 l
230.8351 455.0261 l
230.8351 454.5907 l
228.8577 454.5907 l
228.8577 451.9502 l
230.9063 451.9502 l
230.9063 451.5134 l
h
h
228.8120 453.0841 m
228.8120 453.5110 l
230.6188 453.5110 l
230.6188 453.0841 l
h
h
231.7187 451.5134 m
231.7187 455.0261 l
233.0901 455.0261 l
233.5442 455.0261 233.9025 454.9181 234.1644 454.7032 c
234.4246 454.4870 234.5556 454.1868 234.5556 453.8027 c
234.5556 453.5478 234.4972 453.3301 234.3807 453.1482 c
234.2625 452.9645 234.0961 452.8253 233.8784 452.7283 c
233.6607 452.6303 233.3976 452.5818 233.0901 452.5818 c
231.9948 452.5818 l
232.2210 452.8137 l
232.2210 451.5134 l
h
h
234.0677 451.5134 m
233.1743 452.7882 l
233.7120 452.7882 l
234.6154 451.5134 l
h
h
232.2210 452.7626 m
231.9948 453.0087 l
233.0745 453.0087 l
233.3962 453.0087 233.6394 453.0784 233.8058 453.2179 c
233.9708 453.3559 234.0533 453.5507 234.0533 453.8027 c
234.0533 454.0530 233.9708 454.2466 233.8058 454.3846 c
233.6394 454.5224 233.3962 454.5907 233.0745 454.5907 c
231.9948 454.5907 l
232.2210 454.8413 l
h
h
234.8359 451.5134 m
236.4279 455.0261 l
236.9245 455.0261 l
238.5207 451.5134 l
237.9929 451.5134 l
236.5730 454.7458 l
236.7737 454.7458 l
235.3538 451.5134 l
h
h
235.5146 452.3913 m
235.6498 452.7938 l
237.6272 452.7938 l
237.7723 452.3913 l
h
f
q
180.0201 465.4154 66.6315 50.5457 re W*
n
/GS13 gs
q
180.0201 465.4154 m
180.0201 515.9611 l
246.6516 515.9611 l
246.6516 465.4154 l
h
W*
n
q
66.93992 0.00000 0.00000 50.93871 179.7311 465.3172 cm
/Im143 Do
Q
Q
Q
/GS13 gs
/CS15 cs 0.5300 1.0000 0.2800 0.1100 scn
100.8660 255.7885 m
35.9580 255.7885 l
38.2039 260.7134 l
35.9580 265.6386 l
100.8660 265.6386 l
98.6210 260.9785 l
h
f
/GS13 gs
/CS15 cs 0.0000 0.0000 0.0000 0.0000 scn
50.5463 258.6745 m
50.5463 262.8051 l
51.1370 262.8051 l
51.1370 258.6745 l
h
h
47.5835 258.6745 m
47.5835 262.8051 l
48.1740 262.8051 l
48.1740 258.6745 l
h
h
48.1156 260.5164 m
48.1156 261.0300 l
50.5998 261.0300 l
50.5998 260.5164 l
h
h
53.2868 258.6745 m
53.2868 260.2553 l
53.4223 259.8908 l
51.6455 262.8051 l
52.2763 262.8051 l
53.7704 260.3441 l
53.4274 260.3441 l
54.9264 262.8051 l
55.5120 262.8051 l
53.7403 259.8908 l
53.8707 260.2553 l
53.8707 258.6745 l
h
h
56.0174 258.6745 m
56.0174 262.8051 l
57.7590 262.8051 l
58.1990 262.8051 58.5887 262.7181 58.9249 262.5457 c
59.2614 262.3734 59.5222 262.1310 59.7095 261.8215 c
59.8969 261.5102 59.9907 261.1505 59.9907 260.7406 c
59.9907 260.3307 59.8969 259.9710 59.7095 259.6598 c
59.5222 259.3488 59.2614 259.1062 58.9249 258.9338 c
58.5887 258.7615 58.1990 258.6745 57.7590 258.6745 c
h
h
56.6079 259.1881 m
57.7239 259.1881 l
58.0669 259.1881 58.3628 259.2533 58.6123 259.3837 c
58.8614 259.5127 59.0556 259.6949 59.1945 259.9294 c
59.3317 260.1635 59.4003 260.4345 59.4003 260.7406 c
59.4003 261.0502 59.3317 261.3229 59.1945 261.5553 c
59.0556 261.7880 58.8614 261.9686 58.6123 262.0990 c
58.3628 262.2280 58.0669 262.2932 57.7239 262.2932 c
56.6079 262.2932 l
h
h
60.8924 258.6745 m
60.8924 262.8051 l
62.5051 262.8051 l
63.0388 262.8051 63.4603 262.6778 63.7682 262.4253 c
64.0743 262.1710 64.2283 261.8181 64.2283 261.3662 c
64.2283 261.0669 64.1597 260.8109 64.0225 260.5966 c
63.8838 260.3809 63.6880 260.2171 63.4320 260.1031 c
63.1760 259.9877 62.8665 259.9308 62.5051 259.9308 c
61.2170 259.9308 l
61.4829 260.2035 l
61.4829 258.6745 l
h
h
63.6545 258.6745 m
62.6037 260.1734 l
63.2361 260.1734 l
64.2986 258.6745 l
h
h
61.4829 260.1434 m
61.2170 260.4328 l
62.4866 260.4328 l
62.8648 260.4328 63.1508 260.5147 63.3467 260.6788 c
63.5409 260.8410 63.6378 261.0703 63.6378 261.3662 c
63.6378 261.6608 63.5409 261.8884 63.3467 262.0505 c
63.1508 262.2129 62.8648 262.2932 62.4866 262.2932 c
61.2170 262.2932 l
61.4829 262.5877 l
h
h
64.5579 258.6745 m
66.4302 262.8051 l
67.0141 262.8051 l
68.8912 258.6745 l
68.2705 258.6745 l
66.6009 262.4754 l
66.8367 262.4754 l
65.1671 258.6745 l
h
h
65.3562 259.7068 m
65.5149 260.1802 l
67.8404 260.1802 l
68.0111 259.7068 l
h
h
69.5035 258.6745 m
69.5035 262.8051 l
69.9885 262.8051 l
72.7206 259.4123 l
72.4663 259.4123 l
72.4663 262.8051 l
73.0570 262.8051 l
73.0570 258.6745 l
72.5734 258.6745 l
69.8414 262.0672 l
70.0940 262.0672 l
70.0940 258.6745 l
h
h
76.1618 258.6277 m
75.8424 258.6277 75.5495 258.6796 75.2837 258.7850 c
75.0161 258.8885 74.7833 259.0359 74.5877 259.2266 c
74.3902 259.4171 74.2363 259.6414 74.1260 259.8973 c
74.0154 260.1533 73.9602 260.4345 73.9602 260.7406 c
73.9602 261.0468 74.0154 261.3294 74.1260 261.5854 c
74.2363 261.8413 74.3902 262.0638 74.5894 262.2546 c
74.7884 262.4454 75.0209 262.5925 75.2888 262.6980 c
75.5563 262.8017 75.8509 262.8536 76.1737 262.8536 c
76.5000 262.8536 76.7993 262.8000 77.0720 262.6948 c
77.3430 262.5877 77.5723 262.4287 77.7614 262.2163 c
77.3966 261.8498 l
77.2277 262.0154 77.0437 262.1358 76.8444 262.2129 c
76.6454 262.2898 76.4297 262.3283 76.1970 262.3283 c
75.9611 262.3283 75.7420 262.2898 75.5396 262.2112 c
75.3372 262.1324 75.1615 262.0222 75.0144 261.8799 c
74.8670 261.7379 74.7533 261.5703 74.6731 261.3747 c
74.5909 261.1789 74.5509 260.9683 74.5509 260.7406 c
74.5509 260.5164 74.5909 260.3072 74.6731 260.1116 c
74.7533 259.9157 74.8670 259.7468 75.0144 259.6048 c
75.1615 259.4608 75.3355 259.3502 75.5362 259.2717 c
75.7369 259.1932 75.9563 259.1529 76.1922 259.1529 c
76.4113 259.1529 76.6236 259.1881 76.8263 259.2567 c
77.0287 259.3253 77.2177 259.4390 77.3901 259.6014 c
77.7263 259.1529 l
77.5222 258.9806 77.2829 258.8502 77.0102 258.7615 c
76.7358 258.6728 76.4529 258.6277 76.1618 258.6277 c
h
77.7263 259.1529 m
77.1591 259.2298 l
77.1591 260.7642 l
77.7263 260.7642 l
h
h
78.8522 258.6745 m
78.8522 262.8051 l
79.4426 262.8051 l
79.4426 258.6745 l
h
h
80.6825 258.6745 m
80.6825 262.8051 l
81.1675 262.8051 l
83.8996 259.4123 l
83.6453 259.4123 l
83.6453 262.8051 l
84.2360 262.8051 l
84.2360 258.6745 l
83.7524 258.6745 l
81.0204 262.0672 l
81.2730 262.0672 l
81.2730 258.6745 l
h
h
85.4756 258.6745 m
85.4756 262.8051 l
86.0661 262.8051 l
86.0661 258.6745 l
h
h
88.2162 258.6745 m
88.2162 260.2553 l
88.3517 259.8908 l
86.5749 262.8051 l
87.2056 262.8051 l
88.6997 260.3441 l
88.3568 260.3441 l
89.8557 262.8051 l
90.4414 262.8051 l
88.6697 259.8908 l
88.8001 260.2553 l
88.8001 258.6745 l
h
h
90.1142 258.6745 m
91.9865 262.8051 l
92.5705 262.8051 l
94.4476 258.6745 l
93.8268 258.6745 l
92.1572 262.4754 l
92.3930 262.4754 l
90.7234 258.6745 l
h
h
90.9125 259.7068 m
91.0712 260.1802 l
93.3968 260.1802 l
93.5674 259.7068 l
h
f
q
34.7185 272.4163 67.3934 50.5466 re W*
n
/GS13 gs
q
34.7185 272.4163 m
34.7185 322.9628 l
102.1119 322.9628 l
102.1119 272.4163 l
h
W*
n
q
67.53529 0.00000 0.00000 50.87622 34.6002 272.2880 cm
/Im144 Do
Q
Q
Q
/GS13 gs
/CS15 cs 0.5300 1.0000 0.2800 0.1100 scn
173.1674 255.7885 m
108.2594 255.7885 l
110.5044 260.7134 l
108.2594 265.6386 l
173.1674 265.6386 l
170.9223 260.9785 l
h
f
/GS13 gs
/CS15 cs 0.0000 0.0000 0.0000 0.0000 scn
130.0742 258.5134 m
130.0742 262.6441 l
132.9902 262.6441 l
132.9902 262.1322 l
130.6647 262.1322 l
130.6647 259.0271 l
133.0739 259.0271 l
133.0739 258.5134 l
h
h
130.6111 260.3605 m
130.6111 260.8622 l
132.7360 260.8622 l
132.7360 260.3605 l
h
h
135.2336 258.4667 m
134.9192 258.4667 134.6179 258.5151 134.3319 258.6121 c
134.0442 258.7076 133.8182 258.8329 133.6527 258.9851 c
133.8701 259.4452 l
134.0274 259.3080 134.2281 259.1943 134.4725 259.1039 c
134.7165 259.0138 134.9711 258.9684 135.2336 258.9684 c
135.4728 258.9684 135.6687 258.9953 135.8175 259.0506 c
135.9663 259.1056 136.0769 259.1810 136.1489 259.2780 c
136.2189 259.3735 136.2540 259.4837 136.2540 259.6059 c
136.2540 259.7482 136.2090 259.8619 136.1169 259.9489 c
136.0250 260.0342 135.9045 260.1045 135.7574 260.1581 c
135.6083 260.2100 135.4462 260.2568 135.2704 260.2970 c
135.0930 260.3353 134.9141 260.3823 134.7350 260.4356 c
134.5561 260.4875 134.3920 260.5561 134.2449 260.6383 c
134.0977 260.7202 133.9790 260.8322 133.8885 260.9728 c
133.7981 261.1117 133.7530 261.2923 133.7530 261.5114 c
133.7530 261.7240 133.8100 261.9213 133.9220 262.1004 c
134.0340 262.2793 134.2063 262.4216 134.4407 262.5304 c
134.6749 262.6390 134.9725 262.6926 135.3339 262.6926 c
135.5732 262.6926 135.8124 262.6608 136.0483 262.5990 c
136.2844 262.5352 136.4902 262.4451 136.6622 262.3263 c
136.4666 261.8544 l
136.2909 261.9731 136.1035 262.0585 135.9079 262.1120 c
135.7104 262.1639 135.5196 262.1908 135.3339 262.1908 c
135.1015 262.1908 134.9107 262.1605 134.7619 262.1021 c
134.6131 262.0434 134.5025 261.9649 134.4339 261.8663 c
134.3653 261.7673 134.3302 261.6571 134.3302 261.5349 c
134.3302 261.3895 134.3769 261.2738 134.4691 261.1868 c
134.5612 261.0998 134.6817 261.0315 134.8305 260.9810 c
134.9776 260.9291 135.1400 260.8841 135.3172 260.8424 c
135.4929 260.8004 135.6721 260.7554 135.8510 260.7035 c
136.0301 260.6516 136.1923 260.5847 136.3411 260.5025 c
136.4885 260.4206 136.6072 260.3103 136.6974 260.1731 c
136.7878 260.0342 136.8329 259.8568 136.8329 259.6411 c
136.8329 259.4319 136.7762 259.2394 136.6622 259.0605 c
136.5486 258.8814 136.3728 258.7377 136.1353 258.6288 c
135.8960 258.5203 135.5967 258.4667 135.2336 258.4667 c
h
138.4571 258.5134 m
138.4571 262.1322 l
137.0401 262.1322 l
137.0401 262.6441 l
140.4578 262.6441 l
140.4578 262.1322 l
139.0408 262.1322 l
139.0408 258.5134 l
h
h
142.9067 258.4667 m
142.5923 258.4667 142.3012 258.5203 142.0319 258.6254 c
141.7626 258.7309 141.5282 258.8800 141.3326 259.0705 c
141.1350 259.2612 140.9811 259.4854 140.8708 259.7414 c
140.7603 259.9974 140.7050 260.2769 140.7050 260.5796 c
140.7050 260.8824 140.7603 261.1619 140.8708 261.4178 c
140.9811 261.6738 141.1350 261.8963 141.3326 262.0871 c
141.5282 262.2779 141.7609 262.4267 142.0285 262.5338 c
142.2944 262.6390 142.5872 262.6926 142.9067 262.6926 c
143.2213 262.6926 143.5124 262.6407 143.7783 262.5369 c
144.0445 262.4315 144.2752 262.2844 144.4745 262.0936 c
144.6735 261.9028 144.8257 261.6803 144.9346 261.4243 c
145.0431 261.1684 145.0967 260.8858 145.0967 260.5796 c
145.0967 260.2735 145.0431 259.9923 144.9346 259.7363 c
144.8257 259.4803 144.6735 259.2561 144.4745 259.0656 c
144.2752 258.8749 144.0445 258.7275 143.7783 258.6240 c
143.5124 258.5186 143.2213 258.4667 142.9067 258.4667 c
h
142.9067 258.9919 m
143.1360 258.9919 143.3469 259.0322 143.5425 259.1107 c
143.7367 259.1892 143.9056 259.2998 144.0496 259.4438 c
144.1933 259.5858 144.3056 259.7547 144.3858 259.9472 c
144.4660 260.1397 144.5063 260.3503 144.5063 260.5796 c
144.5063 260.8072 144.4660 261.0179 144.3858 261.2103 c
144.3056 261.4028 144.1933 261.5717 144.0496 261.7155 c
143.9056 261.8595 143.7367 261.9714 143.5425 262.0502 c
143.3469 262.1288 143.1360 262.1673 142.9067 262.1673 c
142.6742 262.1673 142.4619 262.1288 142.2677 262.0502 c
142.0719 261.9714 141.9029 261.8595 141.7575 261.7155 c
141.6118 261.5717 141.4981 261.4028 141.4179 261.2103 c
141.3357 261.0179 141.2957 260.8072 141.2957 260.5796 c
141.2957 260.3503 141.3357 260.1397 141.4179 259.9472 c
141.4981 259.7547 141.6118 259.5858 141.7575 259.4438 c
141.9029 259.2998 142.0719 259.1892 142.2677 259.1107 c
142.4619 259.0322 142.6742 258.9919 142.9067 258.9919 c
h
145.9987 258.5134 m
145.9987 262.6441 l
146.4837 262.6441 l
148.3359 259.5223 l
148.0765 259.5223 l
149.9068 262.6441 l
150.3901 262.6441 l
150.3969 258.5134 l
149.8297 258.5134 l
149.8232 261.7540 l
149.9604 261.7540 l
148.3308 259.0155 l
148.0598 259.0155 l
146.4185 261.7540 l
146.5659 261.7540 l
146.5659 258.5134 l
h
h
151.0092 258.5134 m
152.8815 262.6441 l
153.4654 262.6441 l
155.3426 258.5134 l
154.7218 258.5134 l
153.0522 262.3144 l
153.2880 262.3144 l
151.6184 258.5134 l
h
h
151.8075 259.5458 m
151.9662 260.0192 l
154.2917 260.0192 l
154.4624 259.5458 l
h
f
q
107.0158 272.4058 67.4022 50.5497 re W*
n
/GS13 gs
q
107.0158 272.4058 m
107.0158 322.9554 l
174.4180 322.9554 l
174.4180 272.4058 l
h
W*
n
q
67.87273 0.00000 0.00000 51.00454 106.8510 272.2175 cm
/Im145 Do
Q
Q
Q
/GS13 gs
/CS15 cs 0.5300 1.0000 0.2800 0.1100 scn
246.1827 255.7885 m
181.2747 255.7885 l
183.5209 260.7134 l
181.2747 265.6386 l
246.1827 265.6386 l
243.9377 260.9785 l
h
f
/GS13 gs
/CS15 cs 0.0000 0.0000 0.0000 0.0000 scn
197.4076 258.4667 m
197.0915 258.4667 196.8021 258.5186 196.5362 258.6240 c
196.2700 258.7275 196.0410 258.8749 195.8468 259.0656 c
195.6509 259.2561 195.4987 259.4803 195.3884 259.7363 c
195.2779 259.9923 195.2226 260.2735 195.2226 260.5796 c
195.2226 260.8858 195.2779 261.1684 195.3884 261.4243 c
195.4987 261.6803 195.6526 261.9028 195.8502 262.0936 c
196.0458 262.2844 196.2768 262.4315 196.5427 262.5369 c
196.8089 262.6407 197.0983 262.6926 197.4127 262.6926 c
197.7321 262.6926 198.0266 262.6390 198.2959 262.5304 c
198.5655 262.4216 198.7946 262.2609 198.9836 262.0485 c
198.5990 261.6772 l
198.4416 261.8427 198.2642 261.9649 198.0686 262.0468 c
197.8710 262.1271 197.6604 262.1673 197.4362 262.1673 c
197.2035 262.1673 196.9894 262.1288 196.7905 262.0502 c
196.5912 261.9714 196.4205 261.8612 196.2751 261.7189 c
196.1294 261.5769 196.0157 261.4093 195.9355 261.2137 c
195.8533 261.0179 195.8134 260.8072 195.8134 260.5796 c
195.8134 260.3503 195.8533 260.1397 195.9355 259.9455 c
196.0157 259.7499 196.1294 259.5824 196.2751 259.4404 c
196.4205 259.2981 196.5912 259.1892 196.7905 259.1107 c
196.9894 259.0322 197.2035 258.9919 197.4362 258.9919 c
197.6604 258.9919 197.8710 259.0322 198.0686 259.1124 c
198.2642 259.1926 198.4416 259.3182 198.5990 259.4871 c
198.9836 259.1158 l
198.7946 258.9032 198.5655 258.7411 198.2959 258.6322 c
198.0266 258.5220 197.7307 258.4667 197.4076 258.4667 c
h
199.0406 258.5134 m
200.9129 262.6441 l
201.4968 262.6441 l
203.3739 258.5134 l
202.7531 258.5134 l
201.0835 262.3144 l
201.3194 262.3144 l
199.6498 258.5134 l
h
h
199.8388 259.5458 m
199.9976 260.0192 l
202.3231 260.0192 l
202.4938 259.5458 l
h
h
203.9862 258.5134 m
203.9862 262.6441 l
204.5767 262.6441 l
204.5767 259.0271 l
206.8135 259.0271 l
206.8135 258.5134 l
h
h
206.8671 258.5134 m
208.7393 262.6441 l
209.3233 262.6441 l
211.2004 258.5134 l
210.5796 258.5134 l
208.9100 262.3144 l
209.1458 262.3144 l
207.4762 258.5134 l
h
h
207.6653 259.5458 m
207.8240 260.0192 l
210.1496 260.0192 l
210.3202 259.5458 l
h
h
211.8127 258.5134 m
211.8127 262.6441 l
212.4031 262.6441 l
212.4031 259.0271 l
214.6399 259.0271 l
214.6399 258.5134 l
h
h
215.3194 258.5134 m
215.3194 262.6441 l
215.9099 262.6441 l
215.9099 258.5134 l
h
h
217.1497 258.5134 m
217.1497 262.6441 l
217.7402 262.6441 l
217.7402 259.0271 l
219.9770 259.0271 l
219.9770 258.5134 l
h
h
220.6565 258.5134 m
220.6565 262.6441 l
221.2469 262.6441 l
221.2469 259.0271 l
223.4837 259.0271 l
223.4837 258.5134 l
h
h
224.7310 258.5134 m
224.7310 260.0943 l
224.8665 259.7298 l
223.0897 262.6441 l
223.7204 262.6441 l
225.2146 260.1831 l
224.8716 260.1831 l
226.3706 262.6441 l
226.9562 262.6441 l
225.1845 259.7298 l
225.3149 260.0943 l
225.3149 258.5134 l
h
f
q
180.0215 272.4126 67.4158 50.5570 re W*
n
/GS13 gs
q
180.0215 272.4126 m
180.0215 322.9696 l
247.4374 322.9696 l
247.4374 272.4126 l
h
W*
n
q
67.94388 0.00000 0.00000 50.96769 179.6696 272.1193 cm
/Im146 Do
Q
Q
Q
/GS13 gs
/CS15 cs 0.5300 1.0000 0.2800 0.1100 scn
100.8660 181.7884 m
35.9580 181.7884 l
38.2039 186.7136 l
35.9580 191.6385 l
100.8660 191.6385 l
98.6210 186.9786 l
h
f
/GS13 gs
/CS15 cs 0.0000 0.0000 0.0000 0.0000 scn
52.4319 184.6278 m
52.1158 184.6278 51.8264 184.6797 51.5605 184.7852 c
51.2943 184.8886 51.0653 185.0360 50.8711 185.2268 c
50.6752 185.4173 50.5230 185.6415 50.4128 185.8975 c
50.3022 186.1534 50.2469 186.4346 50.2469 186.7408 c
50.2469 187.0469 50.3022 187.3295 50.4128 187.5855 c
50.5230 187.8415 50.6769 188.0640 50.8745 188.2548 c
51.0701 188.4455 51.3011 188.5927 51.5670 188.6981 c
51.8332 188.8019 52.1226 188.8537 52.4370 188.8537 c
52.7564 188.8537 53.0510 188.8002 53.3203 188.6916 c
53.5898 188.5827 53.8189 188.4220 54.0079 188.2097 c
53.6233 187.8384 l
53.4660 188.0039 53.2885 188.1261 53.0929 188.2080 c
52.8953 188.2882 52.6847 188.3285 52.4605 188.3285 c
52.2278 188.3285 52.0138 188.2899 51.8148 188.2114 c
51.6155 188.1326 51.4449 188.0223 51.2994 187.8800 c
51.1537 187.7380 51.0401 187.5705 50.9598 187.3749 c
50.8776 187.1790 50.8377 186.9684 50.8377 186.7408 c
50.8377 186.5115 50.8776 186.3009 50.9598 186.1067 c
51.0401 185.9111 51.1537 185.7436 51.2994 185.6015 c
51.4449 185.4592 51.6155 185.3504 51.8148 185.2719 c
52.0138 185.1934 52.2278 185.1531 52.4605 185.1531 c
52.6847 185.1531 52.8953 185.1934 53.0929 185.2736 c
53.2885 185.3538 53.4660 185.4794 53.6233 185.6483 c
54.0079 185.2770 l
53.8189 185.0644 53.5898 184.9022 53.3203 184.7934 c
53.0510 184.6831 52.7550 184.6278 52.4319 184.6278 c
h
54.7911 184.6746 m
54.7911 188.8053 l
56.4038 188.8053 l
56.9375 188.8053 57.3591 188.6780 57.6669 188.4254 c
57.9730 188.1711 58.1270 187.8182 58.1270 187.3664 c
58.1270 187.0671 58.0584 186.8111 57.9212 186.5968 c
57.7826 186.3811 57.5867 186.2172 57.3307 186.1033 c
57.0747 185.9879 56.7652 185.9309 56.4038 185.9309 c
55.1157 185.9309 l
55.3816 186.2036 l
55.3816 184.6746 l
h
h
57.5532 184.6746 m
56.5024 186.1736 l
57.1348 186.1736 l
58.1973 184.6746 l
h
h
55.3816 186.1435 m
55.1157 186.4329 l
56.3854 186.4329 l
56.7635 186.4329 57.0495 186.5149 57.2454 186.6790 c
57.4396 186.8411 57.5365 187.0705 57.5365 187.3664 c
57.5365 187.6609 57.4396 187.8885 57.2454 188.0507 c
57.0495 188.2131 56.7635 188.2933 56.3854 188.2933 c
55.1157 188.2933 l
55.3816 188.5878 l
h
h
58.4566 184.6746 m
60.3289 188.8053 l
60.9129 188.8053 l
62.7900 184.6746 l
62.1692 184.6746 l
60.4996 188.4756 l
60.7354 188.4756 l
59.0658 184.6746 l
h
h
59.2549 185.7070 m
59.4136 186.1804 l
61.7391 186.1804 l
61.9098 185.7070 l
h
h
64.6067 184.6278 m
64.2923 184.6278 63.9910 184.6763 63.7050 184.7733 c
63.4173 184.8688 63.1913 184.9941 63.0258 185.1463 c
63.2432 185.6064 l
63.4005 185.4692 63.6012 185.3555 63.8456 185.2651 c
64.0896 185.1749 64.3442 185.1296 64.6067 185.1296 c
64.8459 185.1296 65.0418 185.1565 65.1906 185.2118 c
65.3394 185.2668 65.4500 185.3422 65.5220 185.4391 c
65.5920 185.5346 65.6271 185.6449 65.6271 185.7671 c
65.6271 185.9094 65.5821 186.0231 65.4900 186.1101 c
65.3981 186.1954 65.2776 186.2657 65.1305 186.3193 c
64.9814 186.3711 64.8193 186.4179 64.6435 186.4582 c
64.4661 186.4964 64.2872 186.5435 64.1081 186.5968 c
63.9292 186.6487 63.7651 186.7173 63.6180 186.7995 c
63.4708 186.8814 63.3521 186.9934 63.2616 187.1340 c
63.1712 187.2729 63.1261 187.4534 63.1261 187.6725 c
63.1261 187.8851 63.1831 188.0824 63.2951 188.2616 c
63.4071 188.4404 63.5794 188.5827 63.8138 188.6916 c
64.0480 188.8002 64.3456 188.8537 64.7070 188.8537 c
64.9463 188.8537 65.1855 188.8220 65.4214 188.7602 c
65.6575 188.6964 65.8633 188.6063 66.0353 188.4875 c
65.8397 188.0155 l
65.6640 188.1343 65.4766 188.2196 65.2810 188.2732 c
65.0835 188.3251 64.8927 188.3520 64.7070 188.3520 c
64.4746 188.3520 64.2838 188.3217 64.1350 188.2633 c
63.9862 188.2046 63.8756 188.1261 63.8070 188.0274 c
63.7384 187.9285 63.7033 187.8182 63.7033 187.6961 c
63.7033 187.5506 63.7500 187.4350 63.8422 187.3480 c
63.9343 187.2609 64.0548 187.1926 64.2036 187.1422 c
64.3507 187.0903 64.5131 187.0452 64.6903 187.0036 c
64.8660 186.9616 65.0452 186.9165 65.2241 186.8647 c
65.4032 186.8128 65.5654 186.7459 65.7142 186.6637 c
65.8616 186.5818 65.9803 186.4715 66.0705 186.3343 c
66.1609 186.1954 66.2060 186.0180 66.2060 185.8022 c
66.2060 185.5930 66.1493 185.4006 66.0353 185.2217 c
65.9217 185.0426 65.7459 184.8988 65.5084 184.7900 c
65.2691 184.6814 64.9698 184.6278 64.6067 184.6278 c
h
67.0677 184.6746 m
67.0677 188.8053 l
68.6803 188.8053 l
69.0418 188.8053 69.3513 188.7483 69.6073 188.6346 c
69.8632 188.5209 70.0591 188.3551 70.1977 188.1394 c
70.3349 187.9237 70.4035 187.6660 70.4035 187.3664 c
70.4035 187.0671 70.3349 186.8111 70.1977 186.5968 c
70.0591 186.3811 69.8632 186.2155 69.6073 186.1002 c
69.3513 185.9845 69.0418 185.9261 68.6803 185.9261 c
67.3923 185.9261 l
67.6582 186.2036 l
67.6582 184.6746 l
h
h
67.6582 186.1435 m
67.3923 186.4397 l
68.6619 186.4397 l
69.0401 186.4397 69.3261 186.5200 69.5220 186.6821 c
69.7161 186.8428 69.8131 187.0705 69.8131 187.3664 c
69.8131 187.6609 69.7161 187.8885 69.5220 188.0507 c
69.3261 188.2131 69.0401 188.2933 68.6619 188.2933 c
67.3923 188.2933 l
67.6582 188.5878 l
h
h
71.2698 184.6746 m
71.2698 188.8053 l
71.8603 188.8053 l
71.8603 184.6746 l
h
h
73.1001 184.6746 m
73.1001 188.8053 l
74.8417 188.8053 l
75.2817 188.8053 75.6714 188.7182 76.0076 188.5459 c
76.3441 188.3735 76.6049 188.1312 76.7923 187.8216 c
76.9796 187.5104 77.0734 187.1507 77.0734 186.7408 c
77.0734 186.3309 76.9796 185.9712 76.7923 185.6599 c
76.6049 185.3490 76.3441 185.1063 76.0076 184.9340 c
75.6714 184.7616 75.2817 184.6746 74.8417 184.6746 c
h
h
73.6906 185.1883 m
74.8066 185.1883 l
75.1496 185.1883 75.4455 185.2534 75.6950 185.3838 c
75.9441 185.5128 76.1383 185.6951 76.2772 185.9295 c
76.4144 186.1637 76.4830 186.4346 76.4830 186.7408 c
76.4830 187.0503 76.4144 187.3230 76.2772 187.5555 c
76.1383 187.7882 75.9441 187.9688 75.6950 188.0991 c
75.4455 188.2281 75.1496 188.2933 74.8066 188.2933 c
73.6906 188.2933 l
h
h
77.9751 184.6746 m
77.9751 188.8053 l
78.5656 188.8053 l
78.5656 184.6746 l
h
h
79.1796 184.6746 m
81.0519 188.8053 l
81.6358 188.8053 l
83.5129 184.6746 l
82.8921 184.6746 l
81.2225 188.4756 l
81.4584 188.4756 l
79.7888 184.6746 l
h
h
79.9778 185.7070 m
80.1366 186.1804 l
82.4621 186.1804 l
82.6328 185.7070 l
h
f
q
34.7210 198.4195 67.3977 50.5332 re W*
n
/GS13 gs
q
34.7210 198.4195 m
34.7210 248.9528 l
102.1187 248.9528 l
102.1187 198.4195 l
h
W*
n
q
67.78005 0.00000 0.00000 51.19728 34.6606 198.0775 cm
/Im147 Do
Q
Q
Q
/GS13 gs
/CS15 cs 0.5300 1.0000 0.2800 0.1100 scn
173.1674 181.7884 m
108.2594 181.7884 l
110.5044 186.7136 l
108.2594 191.6385 l
173.1674 191.6385 l
170.9223 186.9786 l
h
f
/GS13 gs
/CS15 cs 0.0000 0.0000 0.0000 0.0000 scn
126.2670 184.5133 m
124.4483 188.6440 l
125.0858 188.6440 l
126.7571 184.8328 l
126.3909 184.8328 l
128.0738 188.6440 l
128.6629 188.6440 l
126.8510 184.5133 l
h
h
129.1884 184.5133 m
129.1884 188.6440 l
132.1044 188.6440 l
132.1044 188.1320 l
129.7789 188.1320 l
129.7789 185.0270 l
132.1880 185.0270 l
132.1880 184.5133 l
h
h
129.7253 186.3604 m
129.7253 186.8621 l
131.8501 186.8621 l
131.8501 186.3604 l
h
h
133.1433 184.5133 m
133.1433 188.6440 l
134.7559 188.6440 l
135.2897 188.6440 135.7112 188.5167 136.0191 188.2641 c
136.3252 188.0099 136.4791 187.6569 136.4791 187.2051 c
136.4791 186.9058 136.4105 186.6498 136.2733 186.4355 c
136.1347 186.2198 135.9388 186.0559 135.6829 185.9420 c
135.4269 185.8266 135.1174 185.7696 134.7559 185.7696 c
133.4679 185.7696 l
133.7338 186.0423 l
133.7338 184.5133 l
h
h
135.9054 184.5133 m
134.8546 186.0123 l
135.4870 186.0123 l
136.5494 184.5133 l
h
h
133.7338 185.9822 m
133.4679 186.2717 l
134.7375 186.2717 l
135.1157 186.2717 135.4017 186.3536 135.5975 186.5177 c
135.7917 186.6798 135.8887 186.9092 135.8887 187.2051 c
135.8887 187.4996 135.7917 187.7272 135.5975 187.8894 c
135.4017 188.0518 135.1157 188.1320 134.7375 188.1320 c
133.4679 188.1320 l
133.7338 188.4266 l
h
h
139.2999 184.4666 m
138.9855 184.4666 138.6944 184.5201 138.4251 184.6253 c
138.1558 184.7307 137.9214 184.8798 137.7258 185.0703 c
137.5282 185.2611 137.3743 185.4853 137.2640 185.7413 c
137.1535 185.9973 137.0982 186.2768 137.0982 186.5795 c
137.0982 186.8822 137.1535 187.1617 137.2640 187.4177 c
137.3743 187.6737 137.5282 187.8962 137.7258 188.0870 c
137.9214 188.2777 138.1541 188.4266 138.4217 188.5337 c
138.6876 188.6389 138.9804 188.6924 139.2999 188.6924 c
139.6145 188.6924 139.9056 188.6406 140.1715 188.5368 c
140.4377 188.4314 140.6684 188.2843 140.8677 188.0935 c
141.0667 187.9027 141.2189 187.6802 141.3278 187.4242 c
141.4363 187.1683 141.4899 186.8856 141.4899 186.5795 c
141.4899 186.2734 141.4363 185.9922 141.3278 185.7362 c
141.2189 185.4802 141.0667 185.2560 140.8677 185.0655 c
140.6684 184.8747 140.4377 184.7273 140.1715 184.6239 c
139.9056 184.5184 139.6145 184.4666 139.2999 184.4666 c
h
139.2999 184.9918 m
139.5292 184.9918 139.7401 185.0321 139.9357 185.1106 c
140.1299 185.1891 140.2988 185.2997 140.4428 185.4437 c
140.5865 185.5857 140.6988 185.7546 140.7790 185.9471 c
140.8592 186.1396 140.8995 186.3502 140.8995 186.5795 c
140.8995 186.8071 140.8592 187.0177 140.7790 187.2102 c
140.6988 187.4027 140.5865 187.5716 140.4428 187.7153 c
140.2988 187.8593 140.1299 187.9713 139.9357 188.0501 c
139.7401 188.1286 139.5292 188.1672 139.2999 188.1672 c
139.0674 188.1672 138.8551 188.1286 138.6609 188.0501 c
138.4651 187.9713 138.2961 187.8593 138.1507 187.7153 c
138.0050 187.5716 137.8913 187.4027 137.8111 187.2102 c
137.7289 187.0177 137.6889 186.8071 137.6889 186.5795 c
137.6889 186.3502 137.7289 186.1396 137.8111 185.9471 c
137.8913 185.7546 138.0050 185.5857 138.1507 185.4437 c
138.2961 185.2997 138.4651 185.1891 138.6609 185.1106 c
138.8551 185.0321 139.0674 184.9918 139.2999 184.9918 c
h
142.3919 184.5133 m
142.3919 188.6440 l
142.8769 188.6440 l
145.6089 185.2512 l
145.3547 185.2512 l
145.3547 188.6440 l
145.9454 188.6440 l
145.9454 184.5133 l
145.4618 184.5133 l
142.7298 187.9061 l
142.9824 187.9061 l
142.9824 184.5133 l
h
h
147.1850 184.5133 m
147.1850 188.6440 l
147.7755 188.6440 l
147.7755 184.5133 l
h
h
150.8638 184.4666 m
150.5477 184.4666 150.2583 184.5184 149.9924 184.6239 c
149.7263 184.7273 149.4972 184.8747 149.3031 185.0655 c
149.1072 185.2560 148.9550 185.4802 148.8447 185.7362 c
148.7341 185.9922 148.6789 186.2734 148.6789 186.5795 c
148.6789 186.8856 148.7341 187.1683 148.8447 187.4242 c
148.9550 187.6802 149.1089 187.9027 149.3065 188.0935 c
149.5020 188.2843 149.7331 188.4314 149.9990 188.5368 c
150.2651 188.6406 150.5546 188.6924 150.8689 188.6924 c
151.1884 188.6924 151.4829 188.6389 151.7522 188.5303 c
152.0218 188.4214 152.2508 188.2607 152.4399 188.0484 c
152.0552 187.6771 l
151.8979 187.8426 151.7204 187.9648 151.5249 188.0467 c
151.3273 188.1269 151.1167 188.1672 150.8924 188.1672 c
150.6597 188.1672 150.4457 188.1286 150.2467 188.0501 c
150.0474 187.9713 149.8768 187.8610 149.7314 187.7187 c
149.5857 187.5767 149.4720 187.4092 149.3918 187.2136 c
149.3096 187.0177 149.2696 186.8071 149.2696 186.5795 c
149.2696 186.3502 149.3096 186.1396 149.3918 185.9454 c
149.4720 185.7498 149.5857 185.5823 149.7314 185.4403 c
149.8768 185.2980 150.0474 185.1891 150.2467 185.1106 c
150.4457 185.0321 150.6597 184.9918 150.8924 184.9918 c
151.1167 184.9918 151.3273 185.0321 151.5249 185.1123 c
151.7204 185.1925 151.8979 185.3181 152.0552 185.4870 c
152.4399 185.1157 l
152.2508 184.9031 152.0218 184.7409 151.7522 184.6321 c
151.4829 184.5218 151.1870 184.4666 150.8638 184.4666 c
h
152.4969 184.5133 m
154.3691 188.6440 l
154.9531 188.6440 l
156.8302 184.5133 l
156.2094 184.5133 l
154.5398 188.3143 l
154.7756 188.3143 l
153.1060 184.5133 l
h
h
153.2951 185.5457 m
153.4538 186.0191 l
155.7794 186.0191 l
155.9500 185.5457 l
h
f
q
107.0107 198.4224 67.4087 50.5278 re W*
n
/GS13 gs
q
107.0107 198.4224 m
107.0107 248.9502 l
174.4194 248.9502 l
174.4194 198.4224 l
h
W*
n
q
67.90075 0.00000 0.00000 51.04337 106.7351 198.0585 cm
/Im148 Do
Q
Q
Q
/GS13 gs
/CS15 cs 0.5300 1.0000 0.2800 0.1100 scn
246.1827 181.7884 m
181.2747 181.7884 l
183.5209 186.7136 l
181.2747 191.6385 l
246.1827 191.6385 l
243.9377 186.9786 l
h
f
/GS13 gs
/CS15 cs 0.0000 0.0000 0.0000 0.0000 scn
190.5092 184.5133 m
189.1290 188.6440 l
189.7362 188.6440 l
191.0061 184.8328 l
190.6982 184.8328 l
192.0149 188.6440 l
192.5586 188.6440 l
193.8453 184.8328 l
193.5490 184.8328 l
194.8357 188.6440 l
195.3961 188.6440 l
194.0159 184.5133 l
193.3951 184.5133 l
192.1921 188.0484 l
192.3511 188.0484 l
191.1416 184.5133 l
h
h
195.3601 184.5133 m
197.2324 188.6440 l
197.8163 188.6440 l
199.6934 184.5133 l
199.0726 184.5133 l
197.4030 188.3143 l
197.6389 188.3143 l
195.9693 184.5133 l
h
h
196.1583 185.5457 m
196.3171 186.0191 l
198.6426 186.0191 l
198.8133 185.5457 l
h
h
199.5687 184.5133 m
201.2854 186.8573 l
201.2854 186.4020 l
199.6625 188.6440 l
200.3352 188.6440 l
201.6232 186.8805 l
201.3574 186.8740 l
202.6372 188.6440 l
203.2812 188.6440 l
201.6700 186.4372 l
201.6700 186.8621 l
203.3867 184.5133 l
202.7092 184.5133 l
201.3389 186.3955 l
201.5983 186.3955 l
200.2482 184.5133 l
h
h
205.6703 184.5133 m
205.6703 188.6440 l
208.5863 188.6440 l
208.5863 188.1320 l
206.2607 188.1320 l
206.2607 184.5133 l
h
h
206.2023 186.1829 m
206.2023 186.6915 l
208.3320 186.6915 l
208.3320 186.1829 l
h
h
209.4177 184.5133 m
209.4177 188.6440 l
210.0081 188.6440 l
210.0081 185.0270 l
212.2449 185.0270 l
212.2449 184.5133 l
h
h
214.7128 184.4666 m
214.3984 184.4666 214.1073 184.5201 213.8380 184.6253 c
213.5687 184.7307 213.3343 184.8798 213.1387 185.0703 c
212.9411 185.2611 212.7872 185.4853 212.6769 185.7413 c
212.5664 185.9973 212.5111 186.2768 212.5111 186.5795 c
212.5111 186.8822 212.5664 187.1617 212.6769 187.4177 c
212.7872 187.6737 212.9411 187.8962 213.1387 188.0870 c
213.3343 188.2777 213.5670 188.4266 213.8346 188.5337 c
214.1005 188.6389 214.3933 188.6924 214.7128 188.6924 c
215.0274 188.6924 215.3186 188.6406 215.5844 188.5368 c
215.8506 188.4314 216.0814 188.2843 216.2806 188.0935 c
216.4796 187.9027 216.6318 187.6802 216.7407 187.4242 c
216.8493 187.1683 216.9028 186.8856 216.9028 186.5795 c
216.9028 186.2734 216.8493 185.9922 216.7407 185.7362 c
216.6318 185.4802 216.4796 185.2560 216.2806 185.0655 c
216.0814 184.8747 215.8506 184.7273 215.5844 184.6239 c
215.3186 184.5184 215.0274 184.4666 214.7128 184.4666 c
h
214.7128 184.9918 m
214.9421 184.9918 215.1530 185.0321 215.3486 185.1106 c
215.5428 185.1891 215.7117 185.2997 215.8557 185.4437 c
215.9994 185.5857 216.1117 185.7546 216.1919 185.9471 c
216.2721 186.1396 216.3124 186.3502 216.3124 186.5795 c
216.3124 186.8071 216.2721 187.0177 216.1919 187.2102 c
216.1117 187.4027 215.9994 187.5716 215.8557 187.7153 c
215.7117 187.8593 215.5428 187.9713 215.3486 188.0501 c
215.1530 188.1286 214.9421 188.1672 214.7128 188.1672 c
214.4803 188.1672 214.2680 188.1286 214.0739 188.0501 c
213.8780 187.9713 213.7090 187.8593 213.5636 187.7153 c
213.4179 187.5716 213.3043 187.4027 213.2240 187.2102 c
213.1418 187.0177 213.1019 186.8071 213.1019 186.5795 c
213.1019 186.3502 213.1418 186.1396 213.2240 185.9471 c
213.3043 185.7546 213.4179 185.5857 213.5636 185.4437 c
213.7090 185.2997 213.8780 185.1891 214.0739 185.1106 c
214.2680 185.0321 214.4803 184.9918 214.7128 184.9918 c
h
218.6252 184.5133 m
217.2450 188.6440 l
217.8522 188.6440 l
219.1221 184.8328 l
218.8142 184.8328 l
220.1309 188.6440 l
220.6746 188.6440 l
221.9613 184.8328 l
221.6650 184.8328 l
222.9517 188.6440 l
223.5121 188.6440 l
222.1319 184.5133 l
221.5111 184.5133 l
220.3081 188.0484 l
220.4671 188.0484 l
219.2576 184.5133 l
h
h
224.2318 184.5133 m
224.2318 188.6440 l
227.1478 188.6440 l
227.1478 188.1320 l
224.8223 188.1320 l
224.8223 185.0270 l
227.2314 185.0270 l
227.2314 184.5133 l
h
h
224.7687 186.3604 m
224.7687 186.8621 l
226.8935 186.8621 l
226.8935 186.3604 l
h
h
228.1867 184.5133 m
228.1867 188.6440 l
229.7993 188.6440 l
230.3331 188.6440 230.7546 188.5167 231.0625 188.2641 c
231.3686 188.0099 231.5225 187.6569 231.5225 187.2051 c
231.5225 186.9058 231.4539 186.6498 231.3167 186.4355 c
231.1781 186.2198 230.9822 186.0559 230.7263 185.9420 c
230.4703 185.8266 230.1608 185.7696 229.7993 185.7696 c
228.5113 185.7696 l
228.7772 186.0423 l
228.7772 184.5133 l
h
h
230.9488 184.5133 m
229.8980 186.0123 l
230.5304 186.0123 l
231.5928 184.5133 l
h
h
228.7772 185.9822 m
228.5113 186.2717 l
229.7809 186.2717 l
230.1591 186.2717 230.4451 186.3536 230.6409 186.5177 c
230.8351 186.6798 230.9321 186.9092 230.9321 187.2051 c
230.9321 187.4996 230.8351 187.7272 230.6409 187.8894 c
230.4451 188.0518 230.1591 188.1320 229.7809 188.1320 c
228.5113 188.1320 l
228.7772 188.4266 l
h
h
233.6825 184.4666 m
233.3682 184.4666 233.0668 184.5150 232.7808 184.6120 c
232.4931 184.7075 232.2672 184.8328 232.1016 184.9850 c
232.3191 185.4451 l
232.4764 185.3079 232.6771 185.1942 232.9214 185.1038 c
233.1655 185.0136 233.4200 184.9683 233.6825 184.9683 c
233.9218 184.9683 234.1176 184.9952 234.2665 185.0505 c
234.4153 185.1055 234.5258 185.1809 234.5978 185.2778 c
234.6678 185.3734 234.7030 185.4836 234.7030 185.6058 c
234.7030 185.7481 234.6579 185.8618 234.5658 185.9488 c
234.4740 186.0341 234.3535 186.1044 234.2064 186.1580 c
234.0573 186.2099 233.8951 186.2566 233.7194 186.2969 c
233.5419 186.3351 233.3631 186.3822 233.1839 186.4355 c
233.0050 186.4874 232.8409 186.5560 232.6938 186.6382 c
232.5467 186.7201 232.4279 186.8321 232.3375 186.9727 c
232.2471 187.1116 232.2020 187.2921 232.2020 187.5112 c
232.2020 187.7238 232.2590 187.9211 232.3709 188.1003 c
232.4829 188.2791 232.6552 188.4214 232.8897 188.5303 c
233.1238 188.6389 233.4214 188.6924 233.7829 188.6924 c
234.0221 188.6924 234.2614 188.6607 234.4972 188.5989 c
234.7333 188.5351 234.9391 188.4450 235.1112 188.3262 c
234.9156 187.8542 l
234.7398 187.9730 234.5525 188.0583 234.3569 188.1119 c
234.1593 188.1638 233.9685 188.1907 233.7829 188.1907 c
233.5504 188.1907 233.3597 188.1604 233.2108 188.1020 c
233.0620 188.0433 232.9515 187.9648 232.8829 187.8661 c
232.8143 187.7672 232.7791 187.6569 232.7791 187.5348 c
232.7791 187.3894 232.8259 187.2737 232.9180 187.1867 c
233.0101 187.0997 233.1306 187.0313 233.2794 186.9809 c
233.4266 186.9290 233.5890 186.8839 233.7661 186.8423 c
233.9419 186.8003 234.1210 186.7552 234.2999 186.7034 c
234.4791 186.6515 234.6412 186.5846 234.7900 186.5024 c
234.9374 186.4205 235.0562 186.3102 235.1463 186.1730 c
235.2368 186.0341 235.2818 185.8567 235.2818 185.6409 c
235.2818 185.4317 235.2251 185.2393 235.1112 185.0604 c
234.9975 184.8813 234.8218 184.7375 234.5842 184.6287 c
234.3450 184.5201 234.0456 184.4666 233.6825 184.4666 c
f
q
180.0309 198.3974 67.4138 50.5780 re W*
n
/GS13 gs
q
180.0309 198.3974 m
180.0309 248.9754 l
247.4447 248.9754 l
247.4447 198.3974 l
h
W*
n
q
67.90812 0.00000 0.00000 50.93109 179.8543 198.1502 cm
/Im149 Do
Q
Q
Q
/GS13 gs
/CS15 cs 0.5300 1.0000 0.2800 0.1100 scn
99.8660 108.7886 m
34.9580 108.7886 l
37.2042 114.2135 l
34.9580 119.6385 l
99.8660 119.6385 l
97.6209 114.5055 l
h
f
/GS13 gs
/CS15 cs 0.0000 0.0000 0.0000 0.0000 scn
60.4049 111.6746 m
60.4049 115.2933 l
58.9878 115.2933 l
58.9878 115.8052 l
62.4056 115.8052 l
62.4056 115.2933 l
60.9885 115.2933 l
60.9885 111.6746 l
h
h
64.6826 111.6278 m
64.1407 111.6278 63.7140 111.7834 63.4028 112.0944 c
63.0918 112.4039 62.9362 112.8591 62.9362 113.4564 c
62.9362 115.8052 l
63.5267 115.8052 l
63.5267 113.4814 l
63.5267 113.0213 63.6287 112.6851 63.8311 112.4725 c
64.0338 112.2602 64.3198 112.1530 64.6894 112.1530 c
65.0625 112.1530 65.3519 112.2602 65.5543 112.4725 c
65.7570 112.6851 65.8590 113.0213 65.8590 113.4814 c
65.8590 115.8052 l
66.4311 115.8052 l
66.4311 113.4564 l
66.4311 112.8591 66.2771 112.4039 65.9676 112.0944 c
65.6580 111.7834 65.2297 111.6278 64.6826 111.6278 c
h
67.6392 111.6746 m
67.6392 115.8052 l
68.2296 115.8052 l
68.2296 112.1882 l
70.4665 112.1882 l
70.4665 111.6746 l
h
h
71.1459 111.6746 m
71.1459 115.8052 l
71.7364 115.8052 l
71.7364 111.6746 l
h
h
72.9763 111.6746 m
72.9763 115.8052 l
74.5889 115.8052 l
74.9503 115.8052 75.2598 115.7482 75.5158 115.6346 c
75.7718 115.5209 75.9677 115.3551 76.1063 115.1393 c
76.2435 114.9236 76.3121 114.6660 76.3121 114.3663 c
76.3121 114.0670 76.2435 113.8110 76.1063 113.5967 c
75.9677 113.3810 75.7718 113.2155 75.5158 113.1001 c
75.2598 112.9844 74.9503 112.9260 74.5889 112.9260 c
73.3008 112.9260 l
73.5667 113.2036 l
73.5667 111.6746 l
h
h
73.5667 113.1435 m
73.3008 113.4397 l
74.5705 113.4397 l
74.9486 113.4397 75.2346 113.5199 75.4305 113.6820 c
75.6247 113.8428 75.7216 114.0704 75.7216 114.3663 c
75.7216 114.6609 75.6247 114.8885 75.4305 115.0506 c
75.2346 115.2130 74.9486 115.2933 74.5705 115.2933 c
73.3008 115.2933 l
73.5667 115.5878 l
h
h
78.4417 111.6278 m
78.1274 111.6278 77.8260 111.6763 77.5400 111.7732 c
77.2523 111.8687 77.0264 111.9940 76.8609 112.1462 c
77.0783 112.6063 l
77.2356 112.4691 77.4363 112.3554 77.6806 112.2650 c
77.9247 112.1749 78.1792 112.1295 78.4417 112.1295 c
78.6810 112.1295 78.8769 112.1564 79.0257 112.2117 c
79.1745 112.2667 79.2850 112.3421 79.3570 112.4391 c
79.4271 112.5346 79.4622 112.6449 79.4622 112.7670 c
79.4622 112.9093 79.4171 113.0230 79.3250 113.1100 c
79.2332 113.1953 79.1127 113.2656 78.9656 113.3192 c
78.8165 113.3711 78.6543 113.4179 78.4786 113.4581 c
78.3011 113.4964 78.1223 113.5434 77.9431 113.5967 c
77.7643 113.6486 77.6001 113.7172 77.4530 113.7994 c
77.3059 113.8813 77.1871 113.9933 77.0967 114.1339 c
77.0063 114.2728 76.9612 114.4534 76.9612 114.6725 c
76.9612 114.8851 77.0182 115.0824 77.1301 115.2615 c
77.2421 115.4404 77.4145 115.5827 77.6489 115.6915 c
77.8830 115.8001 78.1807 115.8537 78.5421 115.8537 c
78.7813 115.8537 79.0206 115.8219 79.2564 115.7601 c
79.4925 115.6963 79.6983 115.6062 79.8704 115.4874 c
79.6748 115.0155 l
79.4991 115.1342 79.3117 115.2196 79.1161 115.2731 c
78.9185 115.3250 78.7277 115.3519 78.5421 115.3519 c
78.3096 115.3519 78.1189 115.3216 77.9700 115.2632 c
77.8212 115.2045 77.7107 115.1260 77.6421 115.0274 c
77.5735 114.9284 77.5383 114.8182 77.5383 114.6960 c
77.5383 114.5506 77.5851 114.4349 77.6772 114.3479 c
77.7694 114.2609 77.8898 114.1926 78.0386 114.1421 c
78.1858 114.0902 78.3482 114.0452 78.5254 114.0035 c
78.7011 113.9615 78.8803 113.9165 79.0591 113.8646 c
79.2383 113.8127 79.4004 113.7458 79.5492 113.6636 c
79.6966 113.5817 79.8154 113.4714 79.9055 113.3342 c
79.9960 113.1953 80.0410 113.0179 80.0410 112.8022 c
80.0410 112.5930 79.9843 112.4005 79.8704 112.2216 c
79.7567 112.0425 79.5810 111.8988 79.3434 111.7899 c
79.1042 111.6814 78.8049 111.6278 78.4417 111.6278 c
f
q
33.7031 125.4036 67.4150 50.5434 re W*
n
/GS13 gs
q
33.7031 125.4036 m
33.7031 175.9470 l
101.1180 175.9470 l
101.1180 125.4036 l
h
W*
n
q
67.94218 0.00000 0.00000 50.81009 33.3990 125.3769 cm
/Im150 Do
Q
Q
Q
/GS13 gs
/CS15 cs 0.5300 1.0000 0.2800 0.1100 scn
172.1673 108.7886 m
107.2593 108.7886 l
109.5043 114.2135 l
107.2593 119.6385 l
172.1673 119.6385 l
169.9223 114.5055 l
h
f
/GS13 gs
/CS15 cs 0.0000 0.0000 0.0000 0.0000 scn
126.0369 111.5133 m
126.0369 115.6439 l
126.6276 115.6439 l
126.6276 111.5133 l
h
h
123.0741 111.5133 m
123.0741 115.6439 l
123.6645 115.6439 l
123.6645 111.5133 l
h
h
123.6061 113.3552 m
123.6061 113.8689 l
126.0904 113.8689 l
126.0904 113.3552 l
h
h
128.7774 111.5133 m
128.7774 113.0941 l
128.9129 112.7296 l
127.1361 115.6439 l
127.7668 115.6439 l
129.2610 113.1829 l
128.9180 113.1829 l
130.4169 115.6439 l
131.0026 115.6439 l
129.2309 112.7296 l
129.3613 113.0941 l
129.3613 111.5133 l
h
h
131.5080 111.5133 m
131.5080 115.6439 l
133.1206 115.6439 l
133.4820 115.6439 133.7916 115.5869 134.0476 115.4733 c
134.3035 115.3596 134.4994 115.1938 134.6380 114.9780 c
134.7752 114.7623 134.8438 114.5047 134.8438 114.2050 c
134.8438 113.9057 134.7752 113.6497 134.6380 113.4354 c
134.4994 113.2197 134.3035 113.0542 134.0476 112.9388 c
133.7916 112.8231 133.4820 112.7648 133.1206 112.7648 c
131.8326 112.7648 l
132.0985 113.0423 l
132.0985 111.5133 l
h
h
132.0985 112.9822 m
131.8326 113.2784 l
133.1022 113.2784 l
133.4803 113.2784 133.7664 113.3586 133.9622 113.5208 c
134.1564 113.6815 134.2534 113.9091 134.2534 114.2050 c
134.2534 114.4996 134.1564 114.7272 133.9622 114.8893 c
133.7664 115.0517 133.4803 115.1320 133.1022 115.1320 c
131.8326 115.1320 l
132.0985 115.4265 l
h
h
135.7101 111.5133 m
135.7101 115.6439 l
138.6261 115.6439 l
138.6261 115.1320 l
136.3005 115.1320 l
136.3005 112.0269 l
138.7097 112.0269 l
138.7097 111.5133 l
h
h
136.2470 113.3603 m
136.2470 113.8620 l
138.3718 113.8620 l
138.3718 113.3603 l
h
h
139.6650 111.5133 m
139.6650 115.6439 l
141.2776 115.6439 l
141.8114 115.6439 142.2329 115.5166 142.5407 115.2641 c
142.8469 115.0098 143.0008 114.6569 143.0008 114.2050 c
143.0008 113.9057 142.9322 113.6497 142.7950 113.4354 c
142.6564 113.2197 142.4605 113.0559 142.2045 112.9419 c
141.9486 112.8266 141.6390 112.7696 141.2776 112.7696 c
139.9895 112.7696 l
140.2554 113.0423 l
140.2554 111.5133 l
h
h
142.4271 111.5133 m
141.3763 113.0122 l
142.0087 113.0122 l
143.0711 111.5133 l
h
h
140.2554 112.9822 m
139.9895 113.2716 l
141.2592 113.2716 l
141.6373 113.2716 141.9233 113.3535 142.1192 113.5176 c
142.3134 113.6798 142.4103 113.9091 142.4103 114.2050 c
142.4103 114.4996 142.3134 114.7272 142.1192 114.8893 c
141.9233 115.0517 141.6373 115.1320 141.2592 115.1320 c
139.9895 115.1320 l
140.2554 115.4265 l
h
h
143.9563 111.5133 m
143.9563 115.6439 l
144.5468 115.6439 l
144.5468 111.5133 l
h
h
147.6351 111.4665 m
147.3191 111.4665 147.0297 111.5184 146.7638 111.6238 c
146.4976 111.7273 146.2686 111.8747 146.0744 112.0654 c
145.8785 112.2559 145.7263 112.4802 145.6160 112.7361 c
145.5055 112.9921 145.4502 113.2733 145.4502 113.5794 c
145.4502 113.8856 145.5055 114.1682 145.6160 114.4242 c
145.7263 114.6801 145.8802 114.9026 146.0778 115.0934 c
146.2734 115.2842 146.5044 115.4313 146.7703 115.5368 c
147.0365 115.6405 147.3259 115.6924 147.6403 115.6924 c
147.9597 115.6924 148.2542 115.6388 148.5235 115.5302 c
148.7931 115.4214 149.0221 115.2607 149.2112 115.0483 c
148.8266 114.6770 l
148.6692 114.8426 148.4918 114.9647 148.2962 115.0466 c
148.0986 115.1269 147.8880 115.1671 147.6638 115.1671 c
147.4311 115.1671 147.2170 115.1286 147.0180 115.0500 c
146.8188 114.9712 146.6481 114.8610 146.5027 114.7187 c
146.3570 114.5767 146.2433 114.4091 146.1631 114.2135 c
146.0809 114.0177 146.0409 113.8071 146.0409 113.5794 c
146.0409 113.3501 146.0809 113.1395 146.1631 112.9453 c
146.2433 112.7497 146.3570 112.5822 146.5027 112.4402 c
146.6481 112.2979 146.8188 112.1890 147.0180 112.1105 c
147.2170 112.0320 147.4311 111.9917 147.6638 111.9917 c
147.8880 111.9917 148.0986 112.0320 148.2962 112.1122 c
148.4918 112.1924 148.6692 112.3180 148.8266 112.4870 c
149.2112 112.1156 l
149.0221 111.9030 148.7931 111.7409 148.5235 111.6320 c
148.2542 111.5218 147.9583 111.4665 147.6351 111.4665 c
h
151.7057 111.4665 m
151.1637 111.4665 150.7371 111.6221 150.4259 111.9331 c
150.1149 112.2426 149.9593 112.6979 149.9593 113.2951 c
149.9593 115.6439 l
150.5497 115.6439 l
150.5497 113.3201 l
150.5497 112.8600 150.6518 112.5238 150.8542 112.3112 c
151.0569 112.0989 151.3429 111.9917 151.7125 111.9917 c
152.0855 111.9917 152.3750 112.0989 152.5774 112.3112 c
152.7800 112.5238 152.8821 112.8600 152.8821 113.3201 c
152.8821 115.6439 l
153.4541 115.6439 l
153.4541 113.2951 l
153.4541 112.6979 153.3002 112.2426 152.9906 111.9331 c
152.6811 111.6221 152.2528 111.4665 151.7057 111.4665 c
h
154.6622 111.5133 m
154.6622 115.6439 l
155.1472 115.6439 l
156.9994 112.5221 l
156.7400 112.5221 l
158.5704 115.6439 l
159.0537 115.6439 l
159.0605 111.5133 l
158.4933 111.5133 l
158.4867 114.7538 l
158.6239 114.7538 l
156.9943 112.0153 l
156.7233 112.0153 l
155.0820 114.7538 l
155.2294 114.7538 l
155.2294 111.5133 l
h
f
q
106.0027 125.4053 67.4209 50.5485 re W*
n
/GS13 gs
q
106.0027 125.4053 m
106.0027 175.9538 l
173.4236 175.9538 l
173.4236 125.4053 l
h
W*
n
q
67.75453 0.00000 0.00000 50.81121 105.8814 125.3648 cm
/Im151 Do
Q
Q
Q
/GS13 gs
/CS15 cs 0.5300 1.0000 0.2800 0.1100 scn
245.1830 108.7886 m
180.2750 108.7886 l
182.5209 114.2135 l
180.2750 119.6385 l
245.1830 119.6385 l
242.9379 114.5055 l
h
f
/GS13 gs
/CS15 cs 0.0000 0.0000 0.0000 0.0000 scn
197.5592 111.5133 m
197.5592 115.6439 l
199.4128 115.6439 l
199.8896 115.6439 200.2561 115.5487 200.5121 115.3579 c
200.7680 115.1671 200.8950 114.9060 200.8950 114.5767 c
200.8950 114.3524 200.8449 114.1634 200.7445 114.0111 c
200.6442 113.8572 200.5087 113.7385 200.3397 113.6563 c
200.1708 113.5743 199.9868 113.5327 199.7909 113.5327 c
199.8964 113.7081 l
200.1322 113.7081 200.3414 113.6665 200.5237 113.5845 c
200.7045 113.5023 200.8483 113.3804 200.9537 113.2214 c
201.0591 113.0624 201.1127 112.8651 201.1127 112.6293 c
201.1127 112.2744 200.9803 112.0000 200.7145 111.8061 c
200.4483 111.6102 200.0554 111.5133 199.5316 111.5133 c
h
h
198.1497 111.9917 m
199.5083 111.9917 l
199.8343 111.9917 200.0837 112.0470 200.2578 112.1573 c
200.4301 112.2661 200.5169 112.4402 200.5169 112.6760 c
200.5169 112.9153 200.4301 113.0910 200.2578 113.2013 c
200.0837 113.3118 199.8343 113.3668 199.5083 113.3668 c
198.0961 113.3668 l
198.0961 113.8436 l
199.3592 113.8436 l
199.6588 113.8436 199.8913 113.8989 200.0568 114.0094 c
200.2226 114.1197 200.3046 114.2855 200.3046 114.5064 c
200.3046 114.7255 200.2226 114.8910 200.0568 115.0016 c
199.8913 115.1118 199.6588 115.1671 199.3592 115.1671 c
198.1497 115.1671 l
h
h
202.0277 111.5133 m
202.0277 115.6439 l
203.6404 115.6439 l
204.1741 115.6439 204.5957 115.5166 204.9035 115.2641 c
205.2096 115.0098 205.3636 114.6569 205.3636 114.2050 c
205.3636 113.9057 205.2950 113.6497 205.1578 113.4354 c
205.0191 113.2197 204.8233 113.0559 204.5673 112.9419 c
204.3113 112.8266 204.0018 112.7696 203.6404 112.7696 c
202.3523 112.7696 l
202.6182 113.0423 l
202.6182 111.5133 l
h
h
204.7898 111.5133 m
203.7390 113.0122 l
204.3714 113.0122 l
205.4339 111.5133 l
h
h
202.6182 112.9822 m
202.3523 113.2716 l
203.6220 113.2716 l
204.0001 113.2716 204.2861 113.3535 204.4820 113.5176 c
204.6762 113.6798 204.7731 113.9091 204.7731 114.2050 c
204.7731 114.4996 204.6762 114.7272 204.4820 114.8893 c
204.2861 115.0517 204.0001 115.1320 203.6220 115.1320 c
202.3523 115.1320 l
202.6182 115.4265 l
h
h
205.6932 111.5133 m
207.5655 115.6439 l
208.1494 115.6439 l
210.0266 111.5133 l
209.4058 111.5133 l
207.7362 115.3142 l
207.9720 115.3142 l
206.3024 111.5133 l
h
h
206.4915 112.5456 m
206.6502 113.0190 l
208.9757 113.0190 l
209.1464 112.5456 l
h
h
211.8433 111.4665 m
211.5289 111.4665 211.2276 111.5150 210.9416 111.6119 c
210.6539 111.7074 210.4279 111.8327 210.2624 111.9849 c
210.4798 112.4450 l
210.6371 112.3078 210.8378 112.1941 211.0822 112.1037 c
211.3262 112.0136 211.5808 111.9682 211.8433 111.9682 c
212.0825 111.9682 212.2784 111.9951 212.4272 112.0504 c
212.5760 112.1054 212.6866 112.1808 212.7586 112.2778 c
212.8286 112.3733 212.8637 112.4836 212.8637 112.6057 c
212.8637 112.7480 212.8187 112.8617 212.7266 112.9487 c
212.6347 113.0340 212.5142 113.1043 212.3671 113.1579 c
212.2180 113.2098 212.0559 113.2566 211.8801 113.2968 c
211.7027 113.3351 211.5238 113.3821 211.3447 113.4354 c
211.1658 113.4873 211.0017 113.5559 210.8546 113.6381 c
210.7074 113.7200 210.5887 113.8320 210.4982 113.9726 c
210.4078 114.1115 210.3627 114.2921 210.3627 114.5112 c
210.3627 114.7238 210.4197 114.9211 210.5317 115.1002 c
210.6437 115.2791 210.8160 115.4214 211.0504 115.5302 c
211.2846 115.6388 211.5822 115.6924 211.9436 115.6924 c
212.1829 115.6924 212.4221 115.6606 212.6580 115.5988 c
212.8941 115.5351 213.0999 115.4449 213.2719 115.3261 c
213.0763 114.8542 l
212.9006 114.9729 212.7132 115.0583 212.5176 115.1118 c
212.3201 115.1637 212.1293 115.1906 211.9436 115.1906 c
211.7112 115.1906 211.5204 115.1603 211.3716 115.1019 c
211.2228 115.0432 211.1122 114.9647 211.0436 114.8661 c
210.9750 114.7671 210.9399 114.6569 210.9399 114.5347 c
210.9399 114.3893 210.9866 114.2736 211.0788 114.1866 c
211.1709 114.0996 211.2914 114.0313 211.4402 113.9808 c
211.5873 113.9289 211.7497 113.8839 211.9269 113.8422 c
212.1026 113.8003 212.2818 113.7552 212.4607 113.7033 c
212.6398 113.6514 212.8020 113.5845 212.9508 113.5023 c
213.0982 113.4204 213.2169 113.3101 213.3071 113.1729 c
213.3975 113.0340 213.4426 112.8566 213.4426 112.6409 c
213.4426 112.4317 213.3859 112.2392 213.2719 112.0603 c
213.1583 111.8812 212.9825 111.7375 212.7450 111.6286 c
212.5057 111.5201 212.2064 111.4665 211.8433 111.4665 c
h
215.5088 111.4665 m
215.1944 111.4665 214.8931 111.5150 214.6071 111.6119 c
214.3193 111.7074 214.0934 111.8327 213.9279 111.9849 c
214.1453 112.4450 l
214.3026 112.3078 214.5033 112.1941 214.7477 112.1037 c
214.9917 112.0136 215.2463 111.9682 215.5088 111.9682 c
215.7480 111.9682 215.9439 111.9951 216.0927 112.0504 c
216.2415 112.1054 216.3521 112.1808 216.4241 112.2778 c
216.4941 112.3733 216.5292 112.4836 216.5292 112.6057 c
216.5292 112.7480 216.4842 112.8617 216.3920 112.9487 c
216.3002 113.0340 216.1797 113.1043 216.0326 113.1579 c
215.8835 113.2098 215.7214 113.2566 215.5456 113.2968 c
215.3682 113.3351 215.1893 113.3821 215.0101 113.4354 c
214.8313 113.4873 214.6671 113.5559 214.5200 113.6381 c
214.3729 113.7200 214.2541 113.8320 214.1637 113.9726 c
214.0733 114.1115 214.0282 114.2921 214.0282 114.5112 c
214.0282 114.7238 214.0852 114.9211 214.1972 115.1002 c
214.3091 115.2791 214.4815 115.4214 214.7159 115.5302 c
214.9500 115.6388 215.2477 115.6924 215.6091 115.6924 c
215.8483 115.6924 216.0876 115.6606 216.3234 115.5988 c
216.5596 115.5351 216.7654 115.4449 216.9374 115.3261 c
216.7418 114.8542 l
216.5661 114.9729 216.3787 115.0583 216.1831 115.1118 c
215.9855 115.1637 215.7948 115.1906 215.6091 115.1906 c
215.3767 115.1906 215.1859 115.1603 215.0371 115.1019 c
214.8883 115.0432 214.7777 114.9647 214.7091 114.8661 c
214.6405 114.7671 214.6054 114.6569 214.6054 114.5347 c
214.6054 114.3893 214.6521 114.2736 214.7443 114.1866 c
214.8364 114.0996 214.9569 114.0313 215.1057 113.9808 c
215.2528 113.9289 215.4152 113.8839 215.5924 113.8422 c
215.7681 113.8003 215.9473 113.7552 216.1261 113.7033 c
216.3053 113.6514 216.4674 113.5845 216.6163 113.5023 c
216.7637 113.4204 216.8824 113.3101 216.9726 113.1729 c
217.0630 113.0340 217.1081 112.8566 217.1081 112.6409 c
217.1081 112.4317 217.0514 112.2392 216.9374 112.0603 c
216.8237 111.8812 216.6480 111.7375 216.4105 111.6286 c
216.1712 111.5201 215.8719 111.4665 215.5088 111.4665 c
h
217.9698 111.5133 m
217.9698 115.6439 l
218.5603 115.6439 l
218.5603 111.5133 l
h
h
221.6486 111.4665 m
221.3325 111.4665 221.0431 111.5184 220.7772 111.6238 c
220.5111 111.7273 220.2820 111.8747 220.0878 112.0654 c
219.8920 112.2559 219.7397 112.4802 219.6295 112.7361 c
219.5189 112.9921 219.4637 113.2733 219.4637 113.5794 c
219.4637 113.8856 219.5189 114.1682 219.6295 114.4242 c
219.7397 114.6801 219.8937 114.9026 220.0912 115.0934 c
220.2868 115.2842 220.5179 115.4313 220.7837 115.5368 c
221.0499 115.6405 221.3393 115.6924 221.6537 115.6924 c
221.9732 115.6924 222.2677 115.6388 222.5370 115.5302 c
222.8066 115.4214 223.0356 115.2607 223.2247 115.0483 c
222.8400 114.6770 l
222.6827 114.8426 222.5052 114.9647 222.3096 115.0466 c
222.1121 115.1269 221.9014 115.1671 221.6772 115.1671 c
221.4445 115.1671 221.2305 115.1286 221.0315 115.0500 c
220.8322 114.9712 220.6616 114.8610 220.5162 114.7187 c
220.3705 114.5767 220.2568 114.4091 220.1766 114.2135 c
220.0944 114.0177 220.0544 113.8071 220.0544 113.5794 c
220.0544 113.3501 220.0944 113.1395 220.1766 112.9453 c
220.2568 112.7497 220.3705 112.5822 220.5162 112.4402 c
220.6616 112.2979 220.8322 112.1890 221.0315 112.1105 c
221.2305 112.0320 221.4445 111.9917 221.6772 111.9917 c
221.9014 111.9917 222.1121 112.0320 222.3096 112.1122 c
222.5052 112.1924 222.6827 112.3180 222.8400 112.4870 c
223.2247 112.1156 l
223.0356 111.9030 222.8066 111.7409 222.5370 111.6320 c
222.2677 111.5218 221.9717 111.4665 221.6486 111.4665 c
h
223.2816 111.5133 m
225.1539 115.6439 l
225.7379 115.6439 l
227.6150 111.5133 l
226.9942 111.5133 l
225.3246 115.3142 l
225.5604 115.3142 l
223.8908 111.5133 l
h
h
224.0799 112.5456 m
224.2386 113.0190 l
226.5642 113.0190 l
226.7348 112.5456 l
h
f
q
179.0249 125.4178 67.4107 50.5344 re W*
n
/GS13 gs
q
179.0249 125.4178 m
179.0249 175.9521 l
246.4356 175.9521 l
246.4356 125.4178 l
h
W*
n
q
67.69924 0.00000 0.00000 50.89201 178.9012 125.2527 cm
/Im152 Do
Q
Q
Q
/GS13 gs
/CS15 cs 0.5300 1.0000 0.2800 0.1100 scn
99.8660 34.7885 m
34.9580 34.7885 l
37.2042 40.7134 l
34.9580 46.6384 l
99.8660 46.6384 l
97.6209 41.0326 l
h
f
/GS13 gs
/CS15 cs 0.0000 0.0000 0.0000 0.0000 scn
46.7878 38.6277 m
46.4734 38.6277 46.1721 38.6762 45.8861 38.7731 c
45.5984 38.8687 45.3725 38.9940 45.2069 39.1462 c
45.4243 39.6062 l
45.5817 39.4690 45.7824 39.3554 46.0267 39.2649 c
46.2708 39.1748 46.5253 39.1294 46.7878 39.1294 c
47.0271 39.1294 47.2229 39.1564 47.3717 39.2117 c
47.5206 39.2666 47.6311 39.3420 47.7031 39.4390 c
47.7731 39.5345 47.8083 39.6448 47.8083 39.7670 c
47.8083 39.9093 47.7632 40.0229 47.6711 40.1100 c
47.5792 40.1953 47.4588 40.2656 47.3117 40.3191 c
47.1626 40.3710 47.0004 40.4178 46.8247 40.4580 c
46.6472 40.4963 46.4683 40.5434 46.2892 40.5967 c
46.1103 40.6485 45.9462 40.7171 45.7991 40.7993 c
45.6520 40.8813 45.5332 40.9932 45.4428 41.1338 c
45.3523 41.2727 45.3073 41.4533 45.3073 41.6724 c
45.3073 41.8850 45.3643 42.0823 45.4762 42.2614 c
45.5882 42.4403 45.7605 42.5826 45.9950 42.6915 c
46.2291 42.8000 46.5267 42.8536 46.8882 42.8536 c
47.1274 42.8536 47.3666 42.8219 47.6025 42.7601 c
47.8386 42.6963 48.0444 42.6061 48.2165 42.4874 c
48.0209 42.0154 l
47.8451 42.1342 47.6578 42.2195 47.4622 42.2731 c
47.2646 42.3249 47.0738 42.3519 46.8882 42.3519 c
46.6557 42.3519 46.4649 42.3215 46.3161 42.2631 c
46.1673 42.2045 46.0568 42.1260 45.9882 42.0273 c
45.9196 41.9284 45.8844 41.8181 45.8844 41.6959 c
45.8844 41.5505 45.9312 41.4349 46.0233 41.3478 c
46.1154 41.2608 46.2359 41.1925 46.3847 41.1420 c
46.5318 41.0902 46.6943 41.0451 46.8714 41.0034 c
47.0472 40.9615 47.2263 40.9164 47.4052 40.8645 c
47.5843 40.8127 47.7465 40.7458 47.8953 40.6636 c
48.0427 40.5816 48.1615 40.4714 48.2516 40.3342 c
48.3420 40.1953 48.3871 40.0178 48.3871 39.8021 c
48.3871 39.5929 48.3304 39.4004 48.2165 39.2216 c
48.1028 39.0424 47.9271 38.8987 47.6895 38.7899 c
47.4503 38.6813 47.1509 38.6277 46.7878 38.6277 c
h
49.2489 38.6745 m
49.2489 42.8051 l
49.7339 42.8051 l
52.4659 39.4123 l
52.2116 39.4123 l
52.2116 42.8051 l
52.8024 42.8051 l
52.8024 38.6745 l
52.3188 38.6745 l
49.5867 42.0673 l
49.8393 42.0673 l
49.8393 38.6745 l
h
h
53.4161 38.6745 m
55.2883 42.8051 l
55.8723 42.8051 l
57.7494 38.6745 l
57.1286 38.6745 l
55.4590 42.4755 l
55.6948 42.4755 l
54.0252 38.6745 l
h
h
54.2143 39.7069 m
54.3730 40.1803 l
56.6986 40.1803 l
56.8692 39.7069 l
h
h
58.3617 38.6745 m
58.3617 42.8051 l
59.9743 42.8051 l
60.3357 42.8051 60.6453 42.7482 60.9012 42.6345 c
61.1572 42.5208 61.3531 42.3550 61.4917 42.1393 c
61.6289 41.9236 61.6975 41.6659 61.6975 41.3663 c
61.6975 41.0669 61.6289 40.8110 61.4917 40.5967 c
61.3531 40.3809 61.1572 40.2154 60.9012 40.1000 c
60.6453 39.9844 60.3357 39.9260 59.9743 39.9260 c
58.6862 39.9260 l
58.9521 40.2035 l
58.9521 38.6745 l
h
h
58.9521 40.1434 m
58.6862 40.4396 l
59.9559 40.4396 l
60.3340 40.4396 60.6200 40.5198 60.8159 40.6820 c
61.0101 40.8427 61.1070 41.0703 61.1070 41.3663 c
61.1070 41.6608 61.0101 41.8884 60.8159 42.0506 c
60.6200 42.2130 60.3340 42.2932 59.9559 42.2932 c
58.6862 42.2932 l
58.9521 42.5877 l
h
h
62.5637 38.6745 m
62.5637 42.8051 l
64.3054 42.8051 l
64.7453 42.8051 65.1351 42.7181 65.4712 42.5458 c
65.8077 42.3734 66.0685 42.1311 66.2559 41.8215 c
66.4432 41.5103 66.5371 41.1506 66.5371 40.7407 c
66.5371 40.3308 66.4432 39.9711 66.2559 39.6598 c
66.0685 39.3489 65.8077 39.1062 65.4712 38.9339 c
65.1351 38.7615 64.7453 38.6745 64.3054 38.6745 c
h
h
63.1542 39.1881 m
64.2702 39.1881 l
64.6132 39.1881 64.9091 39.2533 65.1586 39.3837 c
65.4077 39.5127 65.6019 39.6950 65.7408 39.9294 c
65.8780 40.1635 65.9466 40.4345 65.9466 40.7407 c
65.9466 41.0502 65.8780 41.3229 65.7408 41.5553 c
65.6019 41.7881 65.4077 41.9686 65.1586 42.0990 c
64.9091 42.2280 64.6132 42.2932 64.2702 42.2932 c
63.1542 42.2932 l
h
h
67.4388 38.6745 m
67.4388 42.8051 l
69.0514 42.8051 l
69.5852 42.8051 70.0067 42.6779 70.3145 42.4253 c
70.6207 42.1710 70.7746 41.8181 70.7746 41.3663 c
70.7746 41.0669 70.7060 40.8110 70.5688 40.5967 c
70.4302 40.3809 70.2343 40.2171 69.9783 40.1031 c
69.7224 39.9878 69.4128 39.9308 69.0514 39.9308 c
67.7633 39.9308 l
68.0292 40.2035 l
68.0292 38.6745 l
h
h
70.2009 38.6745 m
69.1500 40.1734 l
69.7825 40.1734 l
70.8449 38.6745 l
h
h
68.0292 40.1434 m
67.7633 40.4328 l
69.0330 40.4328 l
69.4111 40.4328 69.6971 40.5147 69.8930 40.6789 c
70.0872 40.8410 70.1841 41.0703 70.1841 41.3663 c
70.1841 41.6608 70.0872 41.8884 69.8930 42.0506 c
69.6971 42.2130 69.4111 42.2932 69.0330 42.2932 c
67.7633 42.2932 l
68.0292 42.5877 l
h
h
71.1043 38.6745 m
72.9765 42.8051 l
73.5605 42.8051 l
75.4376 38.6745 l
74.8168 38.6745 l
73.1472 42.4755 l
73.3830 42.4755 l
71.7134 38.6745 l
h
h
71.9025 39.7069 m
72.0612 40.1803 l
74.3868 40.1803 l
74.5574 39.7069 l
h
h
77.8561 38.6277 m
77.5366 38.6277 77.2438 38.6796 76.9779 38.7850 c
76.7103 38.8885 76.4776 39.0359 76.2820 39.2267 c
76.0844 39.4172 75.9305 39.6414 75.8203 39.8974 c
75.7097 40.1533 75.6544 40.4345 75.6544 40.7407 c
75.6544 41.0468 75.7097 41.3294 75.8203 41.5854 c
75.9305 41.8414 76.0844 42.0639 76.2837 42.2546 c
76.4827 42.4454 76.7151 42.5925 76.9830 42.6980 c
77.2506 42.8017 77.5451 42.8536 77.8680 42.8536 c
78.1943 42.8536 78.4936 42.8000 78.7663 42.6949 c
79.0373 42.5877 79.2666 42.4287 79.4557 42.2164 c
79.0909 41.8499 l
78.9219 42.0154 78.7380 42.1359 78.5387 42.2130 c
78.3397 42.2898 78.1240 42.3283 77.8912 42.3283 c
77.6554 42.3283 77.4363 42.2898 77.2339 42.2113 c
77.0315 42.1325 76.8557 42.0222 76.7086 41.8799 c
76.5612 41.7379 76.4476 41.5704 76.3673 41.3748 c
76.2851 41.1789 76.2452 40.9683 76.2452 40.7407 c
76.2452 40.5164 76.2851 40.3072 76.3673 40.1117 c
76.4476 39.9158 76.5612 39.7468 76.7086 39.6048 c
76.8557 39.4608 77.0298 39.3503 77.2305 39.2717 c
77.4312 39.1932 77.6506 39.1530 77.8864 39.1530 c
78.1055 39.1530 78.3179 39.1881 78.5205 39.2567 c
78.7229 39.3253 78.9120 39.4390 79.0843 39.6014 c
79.4205 39.1530 l
79.2164 38.9806 78.9772 38.8502 78.7045 38.7615 c
78.4301 38.6728 78.1472 38.6277 77.8561 38.6277 c
h
79.4205 39.1530 m
78.8533 39.2298 l
78.8533 40.7642 l
79.4205 40.7642 l
h
h
79.9206 38.6745 m
81.7929 42.8051 l
82.3768 42.8051 l
84.2539 38.6745 l
83.6331 38.6745 l
81.9635 42.4755 l
82.1993 42.4755 l
80.5297 38.6745 l
h
h
80.7188 39.7069 m
80.8775 40.1803 l
83.2031 40.1803 l
83.3737 39.7069 l
h
h
84.8662 38.6745 m
84.8662 42.8051 l
85.3512 42.8051 l
88.0832 39.4123 l
87.8289 39.4123 l
87.8289 42.8051 l
88.4197 42.8051 l
88.4197 38.6745 l
87.9361 38.6745 l
85.2041 42.0673 l
85.4566 42.0673 l
85.4566 38.6745 l
h
f
q
34.8222 51.8216 66.2871 49.7256 re W*
n
/GS13 gs
q
34.8222 51.8216 m
34.8222 101.5472 l
101.1093 101.5472 l
101.1093 51.8216 l
h
W*
n
q
66.91443 0.00000 0.00000 50.29037 34.5295 51.6124 cm
/Im153 Do
Q
Q
Q
/GS13 gs
/CS15 cs 0.5300 1.0000 0.2800 0.1100 scn
172.1673 34.7885 m
107.2593 34.7885 l
109.5043 40.7134 l
107.2593 46.6384 l
172.1673 46.6384 l
169.9223 41.0326 l
h
f
/GS13 gs
/CS15 cs 0.0000 0.0000 0.0000 0.0000 scn
122.8958 38.5135 m
122.8958 42.1322 l
121.4787 42.1322 l
121.4787 42.6441 l
124.8965 42.6441 l
124.8965 42.1322 l
123.4794 42.1322 l
123.4794 38.5135 l
h
h
127.1735 38.4667 m
126.6316 38.4667 126.2049 38.6223 125.8937 38.9333 c
125.5827 39.2428 125.4271 39.6981 125.4271 40.2953 c
125.4271 42.6441 l
126.0176 42.6441 l
126.0176 40.3203 l
126.0176 39.8602 126.1196 39.5240 126.3220 39.3114 c
126.5247 39.0991 126.8107 38.9920 127.1803 38.9920 c
127.5534 38.9920 127.8428 39.0991 128.0452 39.3114 c
128.2479 39.5240 128.3499 39.8602 128.3499 40.3203 c
128.3499 42.6441 l
128.9220 42.6441 l
128.9220 40.2953 l
128.9220 39.6981 128.7680 39.2428 128.4585 38.9333 c
128.1489 38.6223 127.7206 38.4667 127.1735 38.4667 c
h
130.1301 38.5135 m
130.1301 42.6441 l
131.9837 42.6441 l
132.4604 42.6441 132.8270 42.5489 133.0829 42.3581 c
133.3389 42.1673 133.4659 41.9063 133.4659 41.5769 c
133.4659 41.3527 133.4157 41.1636 133.3154 41.0114 c
133.2150 40.8574 133.0795 40.7387 132.9106 40.6565 c
132.7416 40.5746 132.5577 40.5329 132.3618 40.5329 c
132.4672 40.7083 l
132.7031 40.7083 132.9123 40.6667 133.0946 40.5848 c
133.2754 40.5026 133.4191 40.3807 133.5246 40.2216 c
133.6300 40.0626 133.6836 39.8653 133.6836 39.6295 c
133.6836 39.2746 133.5512 39.0002 133.2853 38.8063 c
133.0191 38.6104 132.6263 38.5135 132.1024 38.5135 c
h
h
130.7205 38.9920 m
132.0792 38.9920 l
132.4052 38.9920 132.6546 39.0472 132.8287 39.1575 c
133.0010 39.2664 133.0877 39.4404 133.0877 39.6763 c
133.0877 39.9155 133.0010 40.0912 132.8287 40.2015 c
132.6546 40.3121 132.4052 40.3671 132.0792 40.3671 c
130.6670 40.3671 l
130.6670 40.8438 l
131.9301 40.8438 l
132.2297 40.8438 132.4621 40.8991 132.6277 41.0097 c
132.7935 41.1199 132.8754 41.2858 132.8754 41.5066 c
132.8754 41.7257 132.7935 41.8912 132.6277 42.0018 c
132.4621 42.1121 132.2297 42.1673 131.9301 42.1673 c
130.7205 42.1673 l
h
h
134.5986 38.5135 m
134.5986 42.6441 l
137.5146 42.6441 l
137.5146 42.1322 l
135.1891 42.1322 l
135.1891 39.0271 l
137.5982 39.0271 l
137.5982 38.5135 l
h
h
135.1355 40.3605 m
135.1355 40.8623 l
137.2603 40.8623 l
137.2603 40.3605 l
h
h
140.1412 38.5135 m
140.1412 42.6441 l
141.7538 42.6441 l
142.2876 42.6441 142.7091 42.5169 143.0169 42.2643 c
143.3231 42.0100 143.4770 41.6571 143.4770 41.2053 c
143.4770 40.9059 143.4084 40.6500 143.2712 40.4357 c
143.1326 40.2199 142.9367 40.0561 142.6808 39.9421 c
142.4248 39.8268 142.1152 39.7698 141.7538 39.7698 c
140.4658 39.7698 l
140.7317 40.0425 l
140.7317 38.5135 l
h
h
142.9033 38.5135 m
141.8525 40.0124 l
142.4849 40.0124 l
143.5473 38.5135 l
h
h
140.7317 39.9824 m
140.4658 40.2718 l
141.7354 40.2718 l
142.1135 40.2718 142.3996 40.3537 142.5954 40.5179 c
142.7896 40.6800 142.8866 40.9093 142.8866 41.2053 c
142.8866 41.4998 142.7896 41.7274 142.5954 41.8895 c
142.3996 42.0520 142.1135 42.1322 141.7354 42.1322 c
140.4658 42.1322 l
140.7317 42.4267 l
h
h
146.2978 38.4667 m
145.9834 38.4667 145.6923 38.5203 145.4230 38.6254 c
145.1537 38.7309 144.9193 38.8800 144.7237 39.0705 c
144.5261 39.2613 144.3722 39.4855 144.2619 39.7414 c
144.1514 39.9974 144.0961 40.2769 144.0961 40.5797 c
144.0961 40.8824 144.1514 41.1619 144.2619 41.4179 c
144.3722 41.6738 144.5261 41.8963 144.7237 42.0871 c
144.9193 42.2779 145.1520 42.4267 145.4196 42.5339 c
145.6855 42.6390 145.9783 42.6926 146.2978 42.6926 c
146.6124 42.6926 146.9035 42.6407 147.1694 42.5370 c
147.4356 42.4315 147.6663 42.2844 147.8656 42.0936 c
148.0646 41.9029 148.2168 41.6803 148.3257 41.4244 c
148.4342 41.1684 148.4878 40.8858 148.4878 40.5797 c
148.4878 40.2735 148.4342 39.9923 148.3257 39.7363 c
148.2168 39.4804 148.0646 39.2562 147.8656 39.0657 c
147.6663 38.8749 147.4356 38.7275 147.1694 38.6240 c
146.9035 38.5186 146.6124 38.4667 146.2978 38.4667 c
h
146.2978 38.9920 m
146.5271 38.9920 146.7380 39.0322 146.9336 39.1107 c
147.1277 39.1893 147.2967 39.2998 147.4407 39.4438 c
147.5844 39.5858 147.6967 39.7548 147.7769 39.9472 c
147.8571 40.1397 147.8974 40.3503 147.8974 40.5797 c
147.8974 40.8073 147.8571 41.0179 147.7769 41.2104 c
147.6967 41.4028 147.5844 41.5718 147.4407 41.7155 c
147.2967 41.8595 147.1277 41.9715 146.9336 42.0503 c
146.7380 42.1288 146.5271 42.1673 146.2978 42.1673 c
146.0653 42.1673 145.8530 42.1288 145.6588 42.0503 c
145.4630 41.9715 145.2940 41.8595 145.1486 41.7155 c
145.0029 41.5718 144.8892 41.4028 144.8090 41.2104 c
144.7268 41.0179 144.6868 40.8073 144.6868 40.5797 c
144.6868 40.3503 144.7268 40.1397 144.8090 39.9472 c
144.8892 39.7548 145.0029 39.5858 145.1486 39.4438 c
145.2940 39.2998 145.4630 39.1893 145.6588 39.1107 c
145.8530 39.0322 146.0653 38.9920 146.2978 38.9920 c
h
150.5942 38.4667 m
150.2799 38.4667 149.9786 38.5152 149.6925 38.6121 c
149.4048 38.7077 149.1789 38.8329 149.0134 38.9852 c
149.2308 39.4452 l
149.3881 39.3080 149.5888 39.1944 149.8331 39.1039 c
150.0772 39.0138 150.3317 38.9684 150.5942 38.9684 c
150.8335 38.9684 151.0294 38.9954 151.1782 39.0506 c
151.3270 39.1056 151.4375 39.1810 151.5095 39.2780 c
151.5796 39.3735 151.6147 39.4838 151.6147 39.6060 c
151.6147 39.7483 151.5696 39.8619 151.4775 39.9489 c
151.3857 40.0343 151.2652 40.1046 151.1181 40.1581 c
150.9690 40.2100 150.8068 40.2568 150.6311 40.2970 c
150.4536 40.3353 150.2748 40.3824 150.0956 40.4357 c
149.9168 40.4875 149.7526 40.5561 149.6055 40.6383 c
149.4584 40.7203 149.3396 40.8322 149.2492 40.9728 c
149.1588 41.1117 149.1137 41.2923 149.1137 41.5114 c
149.1137 41.7240 149.1707 41.9213 149.2826 42.1004 c
149.3946 42.2793 149.5670 42.4216 149.8014 42.5305 c
150.0355 42.6390 150.3332 42.6926 150.6946 42.6926 c
150.9338 42.6926 151.1731 42.6609 151.4089 42.5991 c
151.6450 42.5353 151.8508 42.4451 152.0229 42.3264 c
151.8273 41.8544 l
151.6516 41.9732 151.4642 42.0585 151.2686 42.1121 c
151.0710 42.1639 150.8803 42.1909 150.6946 42.1909 c
150.4621 42.1909 150.2714 42.1605 150.1226 42.1021 c
149.9737 42.0435 149.8632 41.9649 149.7946 41.8663 c
149.7260 41.7674 149.6908 41.6571 149.6908 41.5349 c
149.6908 41.3895 149.7376 41.2739 149.8297 41.1868 c
149.9219 41.0998 150.0423 41.0315 150.1911 40.9810 c
150.3383 40.9292 150.5007 40.8841 150.6779 40.8424 c
150.8536 40.8005 151.0328 40.7554 151.2116 40.7035 c
151.3908 40.6517 151.5529 40.5848 151.7017 40.5026 c
151.8491 40.4206 151.9679 40.3104 152.0580 40.1732 c
152.1485 40.0343 152.1935 39.8568 152.1935 39.6411 c
152.1935 39.4319 152.1369 39.2394 152.0229 39.0606 c
151.9092 38.8814 151.7335 38.7377 151.4959 38.6289 c
151.2567 38.5203 150.9574 38.4667 150.5942 38.4667 c
h
153.0553 38.5135 m
153.0553 42.6441 l
155.9713 42.6441 l
155.9713 42.1322 l
153.6457 42.1322 l
153.6457 39.0271 l
156.0549 39.0271 l
156.0549 38.5135 l
h
h
153.5922 40.3605 m
153.5922 40.8623 l
155.7170 40.8623 l
155.7170 40.3605 l
h
f
q
106.0211 51.4054 67.4002 50.5582 re W*
n
/GS13 gs
q
106.0211 51.4054 m
106.0211 101.9636 l
173.4214 101.9636 l
173.4214 51.4054 l
h
W*
n
q
67.75983 0.00000 0.00000 50.85900 105.9381 51.3052 cm
/Im154 Do
Q
Q
Q
/GS13 gs
/CS15 cs 0.5300 1.0000 0.2800 0.1100 scn
245.1830 34.7885 m
180.2750 34.7885 l
182.5209 40.7134 l
180.2750 46.6384 l
245.1830 46.6384 l
242.9379 41.0326 l
h
f
/GS13 gs
/CS15 cs 0.0000 0.0000 0.0000 0.0000 scn
196.7635 38.4667 m
196.4492 38.4667 196.1478 38.5152 195.8618 38.6121 c
195.5741 38.7077 195.3482 38.8329 195.1826 38.9852 c
195.4001 39.4452 l
195.5574 39.3080 195.7581 39.1944 196.0024 39.1039 c
196.2465 39.0138 196.5010 38.9684 196.7635 38.9684 c
197.0028 38.9684 197.1986 38.9954 197.3475 39.0506 c
197.4963 39.1056 197.6068 39.1810 197.6788 39.2780 c
197.7489 39.3735 197.7840 39.4838 197.7840 39.6060 c
197.7840 39.7483 197.7389 39.8619 197.6468 39.9489 c
197.5550 40.0343 197.4345 40.1046 197.2874 40.1581 c
197.1383 40.2100 196.9761 40.2568 196.8004 40.2970 c
196.6229 40.3353 196.4441 40.3824 196.2649 40.4357 c
196.0860 40.4875 195.9219 40.5561 195.7748 40.6383 c
195.6277 40.7203 195.5089 40.8322 195.4185 40.9728 c
195.3281 41.1117 195.2830 41.2923 195.2830 41.5114 c
195.2830 41.7240 195.3400 41.9213 195.4519 42.1004 c
195.5639 42.2793 195.7363 42.4216 195.9707 42.5305 c
196.2048 42.6390 196.5025 42.6926 196.8639 42.6926 c
197.1031 42.6926 197.3424 42.6609 197.5782 42.5991 c
197.8143 42.5353 198.0201 42.4451 198.1922 42.3264 c
197.9966 41.8544 l
197.8209 41.9732 197.6335 42.0585 197.4379 42.1121 c
197.2403 42.1639 197.0495 42.1909 196.8639 42.1909 c
196.6314 42.1909 196.4407 42.1605 196.2918 42.1021 c
196.1430 42.0435 196.0325 41.9649 195.9639 41.8663 c
195.8953 41.7674 195.8601 41.6571 195.8601 41.5349 c
195.8601 41.3895 195.9069 41.2739 195.9990 41.1868 c
196.0911 41.0998 196.2116 41.0315 196.3604 40.9810 c
196.5076 40.9292 196.6700 40.8841 196.8471 40.8424 c
197.0229 40.8005 197.2020 40.7554 197.3809 40.7035 c
197.5601 40.6517 197.7222 40.5848 197.8710 40.5026 c
198.0184 40.4206 198.1372 40.3104 198.2273 40.1732 c
198.3178 40.0343 198.3628 39.8568 198.3628 39.6411 c
198.3628 39.4319 198.3061 39.2394 198.1922 39.0606 c
198.0785 38.8814 197.9028 38.7377 197.6652 38.6289 c
197.4260 38.5203 197.1266 38.4667 196.7635 38.4667 c
h
199.2246 38.5135 m
199.2246 42.6441 l
202.1406 42.6441 l
202.1406 42.1322 l
199.8150 42.1322 l
199.8150 39.0271 l
202.2242 39.0271 l
202.2242 38.5135 l
h
h
199.7614 40.3605 m
199.7614 40.8623 l
201.8863 40.8623 l
201.8863 40.3605 l
h
h
202.5958 38.5135 m
204.3125 40.8574 l
204.3125 40.4022 l
202.6896 42.6441 l
203.3623 42.6441 l
204.6504 40.8807 l
204.3845 40.8742 l
205.6643 42.6441 l
206.3083 42.6441 l
204.6971 40.4374 l
204.6971 40.8623 l
206.4138 38.5135 l
205.7363 38.5135 l
204.3660 40.3957 l
204.6254 40.3957 l
203.2753 38.5135 l
h
h
207.9312 38.5135 m
207.9312 40.0944 l
208.0667 39.7298 l
206.2899 42.6441 l
206.9206 42.6441 l
208.4148 40.1831 l
208.0718 40.1831 l
209.5707 42.6441 l
210.1564 42.6441 l
208.3847 39.7298 l
208.5151 40.0944 l
208.5151 38.5135 l
h
h
212.3379 38.5135 m
212.3379 42.6441 l
213.9506 42.6441 l
214.3120 42.6441 214.6215 42.5871 214.8775 42.4735 c
215.1334 42.3598 215.3293 42.1940 215.4679 41.9783 c
215.6051 41.7626 215.6737 41.5049 215.6737 41.2053 c
215.6737 40.9059 215.6051 40.6500 215.4679 40.4357 c
215.3293 40.2199 215.1334 40.0544 214.8775 39.9390 c
214.6215 39.8234 214.3120 39.7650 213.9506 39.7650 c
212.6625 39.7650 l
212.9284 40.0425 l
212.9284 38.5135 l
h
h
212.9284 39.9824 m
212.6625 40.2786 l
213.9321 40.2786 l
214.3103 40.2786 214.5963 40.3588 214.7922 40.5210 c
214.9863 40.6817 215.0833 40.9093 215.0833 41.2053 c
215.0833 41.4998 214.9863 41.7274 214.7922 41.8895 c
214.5963 42.0520 214.3103 42.1322 213.9321 42.1322 c
212.6625 42.1322 l
212.9284 42.4267 l
h
h
216.5400 38.5135 m
216.5400 42.6441 l
217.1305 42.6441 l
217.1305 38.5135 l
h
h
218.3703 38.5135 m
218.3703 42.6441 l
218.8553 42.6441 l
221.5874 39.2513 l
221.3331 39.2513 l
221.3331 42.6441 l
221.9238 42.6441 l
221.9238 38.5135 l
221.4403 38.5135 l
218.7082 41.9063 l
218.9608 41.9063 l
218.9608 38.5135 l
h
h
223.6836 39.5107 m
223.6535 40.2316 l
225.9975 42.6441 l
226.6699 42.6441 l
224.8580 40.7319 l
224.5269 40.3671 l
h
h
223.1634 38.5135 m
223.1634 42.6441 l
223.7539 42.6441 l
223.7539 38.5135 l
h
h
226.0911 38.5135 m
224.3979 40.4844 l
224.7928 40.9209 l
226.7821 38.5135 l
h
f
q
179.0226 51.4029 67.4082 50.5511 re W*
n
/GS13 gs
q
179.0226 51.4029 m
179.0226 101.9540 l
246.4308 101.9540 l
246.4308 51.4029 l
h
W*
n
q
67.71429 0.00000 0.00000 51.14286 178.9001 51.1376 cm
/Im155 Do
Q
Q
Q
/GS13 gs
/CS15 cs 0.5300 1.0000 0.2800 0.1100 scn
100.8660 376.7885 m
35.9580 376.7885 l
38.2039 381.7134 l
35.9580 386.6386 l
100.8660 386.6386 l
98.6210 381.9784 l
h
f
/GS13 gs
/CS15 cs 0.0000 0.0000 0.0000 0.0000 scn
47.4908 379.6744 m
47.4908 383.1871 l
48.8622 383.1871 l
49.3163 383.1871 49.6746 383.0791 49.9365 382.8643 c
50.1968 382.6480 50.3277 382.3478 50.3277 381.9637 c
50.3277 381.7089 50.2693 381.4911 50.1528 381.3092 c
50.0346 381.1255 49.8682 380.9863 49.6505 380.8894 c
49.4328 380.7913 49.1698 380.7428 48.8622 380.7428 c
47.7669 380.7428 l
47.9931 380.9747 l
47.9931 379.6744 l
h
h
49.8399 379.6744 m
48.9464 380.9492 l
49.4841 380.9492 l
50.3875 379.6744 l
h
h
47.9931 380.9237 m
47.7669 381.1697 l
48.8466 381.1697 l
49.1683 381.1697 49.4116 381.2394 49.5780 381.3789 c
49.7429 381.5169 49.8254 381.7117 49.8254 381.9637 c
49.8254 382.2140 49.7429 382.4076 49.5780 382.5456 c
49.4116 382.6834 49.1683 382.7517 48.8466 382.7517 c
47.7669 382.7517 l
47.9931 383.0023 l
h
h
51.1401 379.6744 m
51.1401 383.1871 l
53.6199 383.1871 l
53.6199 382.7517 l
51.6424 382.7517 l
51.6424 380.1112 l
53.6910 380.1112 l
53.6910 379.6744 l
h
h
51.5968 381.2451 m
51.5968 381.6720 l
53.4036 381.6720 l
53.4036 381.2451 l
h
h
54.5034 379.6744 m
54.5034 383.1871 l
55.9845 383.1871 l
56.3587 383.1871 56.6901 383.1131 56.9761 382.9666 c
57.2621 382.8200 57.4841 382.6137 57.6434 382.3506 c
57.8027 382.0859 57.8823 381.7800 57.8823 381.4316 c
57.8823 381.0830 57.8027 380.7771 57.6434 380.5123 c
57.4841 380.2479 57.2621 380.0415 56.9761 379.8950 c
56.6901 379.7484 56.3587 379.6744 55.9845 379.6744 c
h
h
55.0057 380.1112 m
55.9548 380.1112 l
56.2462 380.1112 56.4982 380.1668 56.7102 380.2776 c
56.9222 380.3873 57.0872 380.5424 57.2051 380.7414 c
57.3219 380.9407 57.3803 381.1711 57.3803 381.4316 c
57.3803 381.6947 57.3219 381.9266 57.2051 382.1244 c
57.0872 382.3223 56.9222 382.4759 56.7102 382.5867 c
56.4982 382.6964 56.2462 382.7517 55.9548 382.7517 c
55.0057 382.7517 l
h
h
61.5858 379.6345 m
61.3142 379.6345 61.0651 379.6787 60.8389 379.7683 c
60.6112 379.8564 60.4137 379.9817 60.2470 380.1438 c
60.0792 380.3060 59.9482 380.4968 59.8544 380.7145 c
59.7606 380.9322 59.7135 381.1711 59.7135 381.4316 c
59.7135 381.6918 59.7606 381.9322 59.8544 382.1499 c
59.9482 382.3676 60.0792 382.5570 60.2484 382.7191 c
60.4179 382.8813 60.6155 383.0066 60.8431 383.0961 c
61.0707 383.1843 61.3213 383.2285 61.5957 383.2285 c
61.8732 383.2285 62.1281 383.1829 62.3599 383.0933 c
62.5904 383.0023 62.7851 382.8671 62.9461 382.6862 c
62.6357 382.3747 l
62.4923 382.5156 62.3356 382.6182 62.1663 382.6834 c
61.9971 382.7489 61.8134 382.7818 61.6158 382.7818 c
61.4151 382.7818 61.2289 382.7489 61.0566 382.6820 c
60.8845 382.6151 60.7351 382.5213 60.6098 382.4005 c
60.4848 382.2795 60.3879 382.1372 60.3196 381.9708 c
60.2498 381.8044 60.2158 381.6249 60.2158 381.4316 c
60.2158 381.2409 60.2498 381.0631 60.3196 380.8964 c
60.3879 380.7300 60.4848 380.5863 60.6098 380.4656 c
60.7351 380.3431 60.8831 380.2493 61.0537 380.1824 c
61.2247 380.1155 61.4109 380.0812 61.6116 380.0812 c
61.7978 380.0812 61.9787 380.1112 62.1507 380.1696 c
62.3228 380.2277 62.4835 380.3247 62.6301 380.4627 c
62.9161 380.0812 l
62.7426 379.9346 62.5391 379.8238 62.3072 379.7484 c
62.0739 379.6730 61.8335 379.6345 61.5858 379.6345 c
h
62.9161 380.0812 m
62.4339 380.1467 l
62.4339 381.4515 l
62.9161 381.4515 l
h
h
63.8736 379.6744 m
63.8736 383.1871 l
66.3534 383.1871 l
66.3534 382.7517 l
64.3759 382.7517 l
64.3759 380.1112 l
66.4245 380.1112 l
66.4245 379.6744 l
h
h
64.3303 381.2451 m
64.3303 381.6720 l
66.1371 381.6720 l
66.1371 381.2451 l
h
h
67.2369 379.6744 m
67.2369 383.1871 l
68.6083 383.1871 l
69.0625 383.1871 69.4208 383.0791 69.6827 382.8643 c
69.9429 382.6480 70.0739 382.3478 70.0739 381.9637 c
70.0739 381.7089 70.0155 381.4911 69.8990 381.3092 c
69.7808 381.1255 69.6144 380.9863 69.3967 380.8894 c
69.1790 380.7913 68.9159 380.7428 68.6083 380.7428 c
67.5130 380.7428 l
67.7392 380.9747 l
67.7392 379.6744 l
h
h
69.5860 379.6744 m
68.6925 380.9492 l
69.2303 380.9492 l
70.1337 379.6744 l
h
h
67.7392 380.9237 m
67.5130 381.1697 l
68.5928 381.1697 l
68.9145 381.1697 69.1577 381.2394 69.3241 381.3789 c
69.4891 381.5169 69.5716 381.7117 69.5716 381.9637 c
69.5716 382.2140 69.4891 382.4076 69.3241 382.5456 c
69.1577 382.6834 68.9145 382.7517 68.5928 382.7517 c
67.5130 382.7517 l
67.7392 383.0023 l
h
h
70.8863 379.6744 m
70.8863 383.1871 l
72.4626 383.1871 l
72.8683 383.1871 73.1798 383.1060 73.3975 382.9439 c
73.6152 382.7818 73.7232 382.5598 73.7232 382.2795 c
73.7232 382.0887 73.6807 381.9280 73.5951 381.7987 c
73.5097 381.6677 73.3946 381.5666 73.2509 381.4968 c
73.1072 381.4274 72.9507 381.3917 72.7843 381.3917 c
72.8739 381.5410 l
73.0743 381.5410 73.2523 381.5056 73.4074 381.4359 c
73.5610 381.3661 73.6835 381.2621 73.7731 381.1272 c
73.8626 380.9920 73.9083 380.8239 73.9083 380.6235 c
73.9083 380.3219 73.7957 380.0886 73.5695 379.9233 c
73.3433 379.7569 73.0091 379.6744 72.5638 379.6744 c
h
h
71.3886 380.0812 m
72.5437 380.0812 l
72.8212 380.0812 73.0332 380.1283 73.1812 380.2221 c
73.3277 380.3148 73.4017 380.4627 73.4017 380.6631 c
73.4017 380.8667 73.3277 381.0161 73.1812 381.1099 c
73.0332 381.2040 72.8212 381.2508 72.5437 381.2508 c
71.3429 381.2508 l
71.3429 381.6564 l
72.4173 381.6564 l
72.6718 381.6564 72.8697 381.7032 73.0106 381.7970 c
73.1511 381.8911 73.2209 382.0320 73.2209 382.2197 c
73.2209 382.4062 73.1511 382.5471 73.0106 382.6409 c
72.8697 382.7347 72.6718 382.7818 72.4173 382.7818 c
71.3886 382.7818 l
h
h
74.6864 379.6744 m
74.6864 383.1871 l
77.1661 383.1871 l
77.1661 382.7517 l
75.1887 382.7517 l
75.1887 380.1112 l
77.2373 380.1112 l
77.2373 379.6744 l
h
h
75.1431 381.2451 m
75.1431 381.6720 l
76.9499 381.6720 l
76.9499 381.2451 l
h
h
78.0497 379.6744 m
78.0497 383.1871 l
79.4211 383.1871 l
79.8752 383.1871 80.2335 383.0791 80.4954 382.8643 c
80.7557 382.6480 80.8866 382.3478 80.8866 381.9637 c
80.8866 381.7089 80.8282 381.4911 80.7117 381.3092 c
80.5935 381.1255 80.4271 380.9863 80.2094 380.8894 c
79.9917 380.7913 79.7287 380.7428 79.4211 380.7428 c
78.3258 380.7428 l
78.5520 380.9747 l
78.5520 379.6744 l
h
h
80.3988 379.6744 m
79.5053 380.9492 l
80.0430 380.9492 l
80.9464 379.6744 l
h
h
78.5520 380.9237 m
78.3258 381.1697 l
79.4055 381.1697 l
79.7272 381.1697 79.9705 381.2394 80.1369 381.3789 c
80.3018 381.5169 80.3843 381.7117 80.3843 381.9637 c
80.3843 382.2140 80.3018 382.4076 80.1369 382.5456 c
79.9705 382.6834 79.7272 382.7517 79.4055 382.7517 c
78.3258 382.7517 l
78.5520 383.0023 l
h
h
81.1670 379.6744 m
82.7589 383.1871 l
83.2555 383.1871 l
84.8517 379.6744 l
84.3239 379.6744 l
82.9040 382.9068 l
83.1047 382.9068 l
81.6849 379.6744 l
h
h
81.8456 380.5523 m
81.9808 380.9548 l
83.9582 380.9548 l
84.1034 380.5523 l
h
f
q
34.7148 393.4037 67.3860 50.5539 re W*
n
/GS13 gs
q
34.7148 393.4037 m
34.7148 443.9577 l
102.1008 443.9577 l
102.1008 393.4037 l
h
W*
n
q
67.69082 0.00000 0.00000 51.16156 34.5116 393.1189 cm
/Im156 Do
Q
Q
Q
/GS13 gs
/CS15 cs 0.5300 1.0000 0.2800 0.1100 scn
173.1674 376.7885 m
108.2594 376.7885 l
110.5044 381.7134 l
108.2594 386.6386 l
173.1674 386.6386 l
170.9223 381.9784 l
h
f
/GS13 gs
/CS15 cs 0.0000 0.0000 0.0000 0.0000 scn
112.9816 379.5134 m
112.9816 383.0261 l
114.4627 383.0261 l
114.8369 383.0261 115.1683 382.9521 115.4543 382.8056 c
115.7403 382.6590 115.9622 382.4527 116.1215 382.1896 c
116.2809 381.9249 116.3605 381.6190 116.3605 381.2706 c
116.3605 380.9220 116.2809 380.6161 116.1215 380.3513 c
115.9622 380.0869 115.7403 379.8805 115.4543 379.7340 c
115.1683 379.5874 114.8369 379.5134 114.4627 379.5134 c
h
h
113.4839 379.9502 m
114.4329 379.9502 l
114.7243 379.9502 114.9763 380.0058 115.1884 380.1166 c
115.4004 380.2263 115.5654 380.3814 115.6833 380.5804 c
115.8001 380.7797 115.8585 381.0101 115.8585 381.2706 c
115.8585 381.5337 115.8001 381.7655 115.6833 381.9634 c
115.5654 382.1613 115.4004 382.3149 115.1884 382.4257 c
114.9763 382.5354 114.7243 382.5907 114.4329 382.5907 c
113.4839 382.5907 l
h
h
116.5453 379.5134 m
118.1373 383.0261 l
118.6339 383.0261 l
120.2301 379.5134 l
119.7023 379.5134 l
118.2824 382.7458 l
118.4831 382.7458 l
117.0632 379.5134 l
h
h
117.2239 380.3913 m
117.3591 380.7938 l
119.3366 380.7938 l
119.4817 380.3913 l
h
h
120.7508 379.5134 m
120.7508 383.0261 l
122.1222 383.0261 l
122.5763 383.0261 122.9346 382.9181 123.1965 382.7032 c
123.4568 382.4870 123.5877 382.1868 123.5877 381.8027 c
123.5877 381.5478 123.5293 381.3301 123.4128 381.1482 c
123.2946 380.9645 123.1282 380.8253 122.9105 380.7283 c
122.6928 380.6303 122.4298 380.5818 122.1222 380.5818 c
121.0269 380.5818 l
121.2531 380.8137 l
121.2531 379.5134 l
h
h
123.0999 379.5134 m
122.2064 380.7882 l
122.7441 380.7882 l
123.6475 379.5134 l
h
h
121.2531 380.7626 m
121.0269 381.0087 l
122.1066 381.0087 l
122.4283 381.0087 122.6716 381.0784 122.8380 381.2179 c
123.0029 381.3559 123.0854 381.5507 123.0854 381.8027 c
123.0854 382.0530 123.0029 382.2466 122.8380 382.3846 c
122.6716 382.5224 122.4283 382.5907 122.1066 382.5907 c
121.0269 382.5907 l
121.2531 382.8413 l
h
h
124.8426 380.3613 m
124.8171 380.9747 l
126.8101 383.0261 l
127.3822 383.0261 l
125.8413 381.3999 l
125.5598 381.0898 l
h
h
124.4001 379.5134 m
124.4001 383.0261 l
124.9024 383.0261 l
124.9024 379.5134 l
h
h
126.8898 379.5134 m
125.4501 381.1893 l
125.7860 381.5606 l
127.4774 379.5134 l
h
h
129.3582 379.5134 m
129.3582 383.0261 l
130.7296 383.0261 l
131.0372 383.0261 131.3002 382.9779 131.5179 382.8810 c
131.7356 382.7843 131.9020 382.6434 132.0202 382.4600 c
132.1367 382.2763 132.1951 382.0572 132.1951 381.8027 c
132.1951 381.5478 132.1367 381.3301 132.0202 381.1482 c
131.9020 380.9645 131.7356 380.8239 131.5179 380.7255 c
131.3002 380.6274 131.0372 380.5775 130.7296 380.5775 c
129.6343 380.5775 l
129.8605 380.8137 l
129.8605 379.5134 l
h
h
129.8605 380.7626 m
129.6343 381.0144 l
130.7140 381.0144 l
131.0357 381.0144 131.2790 381.0827 131.4454 381.2207 c
131.6103 381.3574 131.6928 381.5507 131.6928 381.8027 c
131.6928 382.0530 131.6103 382.2466 131.4454 382.3846 c
131.2790 382.5224 131.0357 382.5907 130.7140 382.5907 c
129.6343 382.5907 l
129.8605 382.8413 l
h
h
132.9318 379.5134 m
132.9318 383.0261 l
133.4341 383.0261 l
133.4341 379.5134 l
h
h
134.4883 379.5134 m
134.4883 383.0261 l
134.9011 383.0261 l
137.2243 380.1407 l
137.0081 380.1407 l
137.0081 383.0261 l
137.5104 383.0261 l
137.5104 379.5134 l
137.0991 379.5134 l
134.7758 382.3988 l
134.9906 382.3988 l
134.9906 379.5134 l
h
h
139.0071 380.3613 m
138.9815 380.9747 l
140.9746 383.0261 l
141.5466 383.0261 l
140.0057 381.3999 l
139.7242 381.0898 l
h
h
138.5646 379.5134 m
138.5646 383.0261 l
139.0669 383.0261 l
139.0669 379.5134 l
h
h
141.0542 379.5134 m
139.6145 381.1893 l
139.9504 381.5606 l
141.6419 379.5134 l
h
h
145.1089 379.4734 m
144.8374 379.4734 144.5882 379.5177 144.3620 379.6072 c
144.1344 379.6954 143.9368 379.8207 143.7701 379.9828 c
143.6023 380.1450 143.4713 380.3357 143.3775 380.5534 c
143.2837 380.7711 143.2366 381.0101 143.2366 381.2706 c
143.2366 381.5308 143.2837 381.7712 143.3775 381.9889 c
143.4713 382.2066 143.6023 382.3960 143.7715 382.5581 c
143.9410 382.7203 144.1386 382.8455 144.3662 382.9351 c
144.5939 383.0233 144.8444 383.0675 145.1188 383.0675 c
145.3963 383.0675 145.6512 383.0219 145.8831 382.9323 c
146.1135 382.8413 146.3083 382.7061 146.4693 382.5252 c
146.1589 382.2137 l
146.0154 382.3546 145.8587 382.4572 145.6894 382.5224 c
145.5202 382.5879 145.3365 382.6208 145.1390 382.6208 c
144.9383 382.6208 144.7520 382.5879 144.5797 382.5210 c
144.4076 382.4541 144.2582 382.3603 144.1329 382.2395 c
144.0079 382.1185 143.9110 381.9762 143.8427 381.8098 c
143.7729 381.6434 143.7389 381.4639 143.7389 381.2706 c
143.7389 381.0798 143.7729 380.9021 143.8427 380.7354 c
143.9110 380.5690 144.0079 380.4253 144.1329 380.3046 c
144.2582 380.1821 144.4062 380.0883 144.5769 380.0214 c
144.7478 379.9545 144.9340 379.9202 145.1347 379.9202 c
145.3209 379.9202 145.5018 379.9502 145.6739 380.0086 c
145.8459 380.0667 146.0066 380.1637 146.1532 380.3017 c
146.4392 379.9202 l
146.2657 379.7736 146.0622 379.6628 145.8303 379.5874 c
145.5970 379.5120 145.3567 379.4734 145.1089 379.4734 c
h
146.4392 379.9202 m
145.9570 379.9857 l
145.9570 381.2905 l
146.4392 381.2905 l
h
h
147.3968 379.5134 m
147.3968 383.0261 l
149.8765 383.0261 l
149.8765 382.5907 l
147.8991 382.5907 l
147.8991 379.9502 l
149.9477 379.9502 l
149.9477 379.5134 l
h
h
147.8534 381.0841 m
147.8534 381.5110 l
149.6602 381.5110 l
149.6602 381.0841 l
h
h
150.7601 379.5134 m
150.7601 383.0261 l
152.1315 383.0261 l
152.5856 383.0261 152.9439 382.9181 153.2058 382.7032 c
153.4660 382.4870 153.5970 382.1868 153.5970 381.8027 c
153.5970 381.5478 153.5386 381.3301 153.4221 381.1482 c
153.3039 380.9645 153.1375 380.8253 152.9198 380.7283 c
152.7021 380.6303 152.4390 380.5818 152.1315 380.5818 c
151.0362 380.5818 l
151.2624 380.8137 l
151.2624 379.5134 l
h
h
153.1091 379.5134 m
152.2157 380.7882 l
152.7534 380.7882 l
153.6568 379.5134 l
h
h
151.2624 380.7626 m
151.0362 381.0087 l
152.1159 381.0087 l
152.4376 381.0087 152.6808 381.0784 152.8472 381.2179 c
153.0122 381.3559 153.0947 381.5507 153.0947 381.8027 c
153.0947 382.0530 153.0122 382.2466 152.8472 382.3846 c
152.6808 382.5224 152.4376 382.5907 152.1159 382.5907 c
151.0362 382.5907 l
151.2624 382.8413 l
h
h
154.4094 379.5134 m
154.4094 383.0261 l
155.9857 383.0261 l
156.3914 383.0261 156.7029 382.9450 156.9206 382.7829 c
157.1383 382.6208 157.2463 382.3988 157.2463 382.1185 c
157.2463 381.9277 157.2038 381.7670 157.1182 381.6377 c
157.0329 381.5067 156.9178 381.4055 156.7740 381.3358 c
156.6303 381.2664 156.4739 381.2306 156.3075 381.2306 c
156.3970 381.3800 l
156.5974 381.3800 156.7755 381.3446 156.9305 381.2749 c
157.0842 381.2051 157.2066 381.1011 157.2962 380.9662 c
157.3858 380.8310 157.4314 380.6629 157.4314 380.4625 c
157.4314 380.1609 157.3189 379.9276 157.0927 379.7623 c
156.8665 379.5959 156.5323 379.5134 156.0869 379.5134 c
h
h
154.9117 379.9202 m
156.0668 379.9202 l
156.3443 379.9202 156.5563 379.9672 156.7043 380.0611 c
156.8509 380.1538 156.9249 380.3017 156.9249 380.5021 c
156.9249 380.7057 156.8509 380.8551 156.7043 380.9489 c
156.5563 381.0430 156.3443 381.0898 156.0668 381.0898 c
154.8660 381.0898 l
154.8660 381.4954 l
155.9404 381.4954 l
156.1949 381.4954 156.3928 381.5422 156.5337 381.6360 c
156.6743 381.7301 156.7440 381.8710 156.7440 382.0586 c
156.7440 382.2452 156.6743 382.3860 156.5337 382.4799 c
156.3928 382.5737 156.1949 382.6208 155.9404 382.6208 c
154.9117 382.6208 l
h
h
158.2095 379.5134 m
158.2095 383.0261 l
160.6893 383.0261 l
160.6893 382.5907 l
158.7118 382.5907 l
158.7118 379.9502 l
160.7604 379.9502 l
160.7604 379.5134 l
h
h
158.6662 381.0841 m
158.6662 381.5110 l
160.4730 381.5110 l
160.4730 381.0841 l
h
h
161.5728 379.5134 m
161.5728 383.0261 l
162.9442 383.0261 l
163.3983 383.0261 163.7566 382.9181 164.0186 382.7032 c
164.2788 382.4870 164.4097 382.1868 164.4097 381.8027 c
164.4097 381.5478 164.3513 381.3301 164.2348 381.1482 c
164.1166 380.9645 163.9502 380.8253 163.7325 380.7283 c
163.5148 380.6303 163.2518 380.5818 162.9442 380.5818 c
161.8489 380.5818 l
162.0751 380.8137 l
162.0751 379.5134 l
h
h
163.9219 379.5134 m
163.0284 380.7882 l
163.5661 380.7882 l
164.4695 379.5134 l
h
h
162.0751 380.7626 m
161.8489 381.0087 l
162.9286 381.0087 l
163.2504 381.0087 163.4936 381.0784 163.6600 381.2179 c
163.8249 381.3559 163.9074 381.5507 163.9074 381.8027 c
163.9074 382.0530 163.8249 382.2466 163.6600 382.3846 c
163.4936 382.5224 163.2504 382.5907 162.9286 382.5907 c
161.8489 382.5907 l
162.0751 382.8413 l
h
h
164.6901 379.5134 m
166.2820 383.0261 l
166.7786 383.0261 l
168.3748 379.5134 l
167.8470 379.5134 l
166.4271 382.7458 l
166.6278 382.7458 l
165.2080 379.5134 l
h
h
165.3687 380.3913 m
165.5039 380.7938 l
167.4814 380.7938 l
167.6265 380.3913 l
h
f
q
107.0042 393.4157 67.4073 50.5471 re W*
n
/GS13 gs
q
107.0042 393.4157 m
107.0042 443.9628 l
174.4115 443.9628 l
174.4115 393.4157 l
h
W*
n
q
67.87641 0.00000 0.00000 51.10119 106.7808 393.0784 cm
/Im157 Do
Q
Q
Q
/GS13 gs
/CS15 cs 0.5300 1.0000 0.2800 0.1100 scn
246.1827 376.7885 m
181.2747 376.7885 l
183.5209 381.7134 l
181.2747 386.6386 l
246.1827 386.6386 l
243.9377 381.9784 l
h
f
/GS13 gs
/CS15 cs 0.0000 0.0000 0.0000 0.0000 scn
186.4664 379.5134 m
186.4664 383.0261 l
186.9687 383.0261 l
186.9687 379.9502 l
188.8707 379.9502 l
188.8707 379.5134 l
h
h
189.4484 379.5134 m
189.4484 383.0261 l
189.9507 383.0261 l
189.9507 379.5134 l
h
h
192.5912 379.4734 m
192.3197 379.4734 192.0705 379.5177 191.8443 379.6072 c
191.6167 379.6954 191.4191 379.8207 191.2524 379.9828 c
191.0846 380.1450 190.9536 380.3357 190.8598 380.5534 c
190.7660 380.7711 190.7189 381.0101 190.7189 381.2706 c
190.7189 381.5308 190.7660 381.7712 190.8598 381.9889 c
190.9536 382.2066 191.0846 382.3960 191.2538 382.5581 c
191.4233 382.7203 191.6209 382.8455 191.8485 382.9351 c
192.0762 383.0233 192.3267 383.0675 192.6011 383.0675 c
192.8786 383.0675 193.1335 383.0219 193.3654 382.9323 c
193.5958 382.8413 193.7906 382.7061 193.9516 382.5252 c
193.6412 382.2137 l
193.4977 382.3546 193.3410 382.4572 193.1717 382.5224 c
193.0025 382.5879 192.8188 382.6208 192.6213 382.6208 c
192.4206 382.6208 192.2343 382.5879 192.0620 382.5210 c
191.8899 382.4541 191.7405 382.3603 191.6152 382.2395 c
191.4902 382.1185 191.3933 381.9762 191.3250 381.8098 c
191.2552 381.6434 191.2212 381.4639 191.2212 381.2706 c
191.2212 381.0798 191.2552 380.9021 191.3250 380.7354 c
191.3933 380.5690 191.4902 380.4253 191.6152 380.3046 c
191.7405 380.1821 191.8885 380.0883 192.0591 380.0214 c
192.2301 379.9545 192.4163 379.9202 192.6170 379.9202 c
192.8032 379.9202 192.9841 379.9502 193.1562 380.0086 c
193.3282 380.0667 193.4889 380.1637 193.6355 380.3017 c
193.9215 379.9202 l
193.7480 379.7736 193.5445 379.6628 193.3126 379.5874 c
193.0793 379.5120 192.8390 379.4734 192.5912 379.4734 c
h
193.9215 379.9202 m
193.4393 379.9857 l
193.4393 381.2905 l
193.9215 381.2905 l
h
h
197.3988 379.5134 m
197.3988 383.0261 l
197.9011 383.0261 l
197.9011 379.5134 l
h
h
194.8791 379.5134 m
194.8791 383.0261 l
195.3814 383.0261 l
195.3814 379.5134 l
h
h
195.3315 381.0798 m
195.3315 381.5167 l
197.4444 381.5167 l
197.4444 381.0798 l
h
h
199.6537 379.5134 m
199.6537 382.5907 l
198.4487 382.5907 l
198.4487 383.0261 l
201.3554 383.0261 l
201.3554 382.5907 l
200.1504 382.5907 l
200.1504 379.5134 l
h
h
203.2520 379.5134 m
203.2520 383.0261 l
204.6234 383.0261 l
204.9310 383.0261 205.1940 382.9779 205.4117 382.8810 c
205.6294 382.7843 205.7958 382.6434 205.9140 382.4600 c
206.0306 382.2763 206.0889 382.0572 206.0889 381.8027 c
206.0889 381.5478 206.0306 381.3301 205.9140 381.1482 c
205.7958 380.9645 205.6294 380.8239 205.4117 380.7255 c
205.1940 380.6274 204.9310 380.5775 204.6234 380.5775 c
203.5281 380.5775 l
203.7543 380.8137 l
203.7543 379.5134 l
h
h
203.7543 380.7626 m
203.5281 381.0144 l
204.6078 381.0144 l
204.9296 381.0144 205.1728 381.0827 205.3392 381.2207 c
205.5042 381.3574 205.5866 381.5507 205.5866 381.8027 c
205.5866 382.0530 205.5042 382.2466 205.3392 382.3846 c
205.1728 382.5224 204.9296 382.5907 204.6078 382.5907 c
203.5281 382.5907 l
203.7543 382.8413 l
h
h
206.8257 379.5134 m
206.8257 383.0261 l
207.3280 383.0261 l
207.3280 379.5134 l
h
h
208.3822 379.5134 m
208.3822 383.0261 l
208.7949 383.0261 l
211.1182 380.1407 l
210.9019 380.1407 l
210.9019 383.0261 l
211.4042 383.0261 l
211.4042 379.5134 l
210.9929 379.5134 l
208.6696 382.3988 l
208.8845 382.3988 l
208.8845 379.5134 l
h
h
212.9009 380.3613 m
212.8754 380.9747 l
214.8684 383.0261 l
215.4404 383.0261 l
213.8995 381.3999 l
213.6180 381.0898 l
h
h
212.4584 379.5134 m
212.4584 383.0261 l
212.9607 383.0261 l
212.9607 379.5134 l
h
h
214.9481 379.5134 m
213.5083 381.1893 l
213.8443 381.5606 l
215.5357 379.5134 l
h
h
219.0027 379.4734 m
218.7312 379.4734 218.4820 379.5177 218.2558 379.6072 c
218.0282 379.6954 217.8306 379.8207 217.6639 379.9828 c
217.4961 380.1450 217.3652 380.3357 217.2713 380.5534 c
217.1775 380.7711 217.1305 381.0101 217.1305 381.2706 c
217.1305 381.5308 217.1775 381.7712 217.2713 381.9889 c
217.3652 382.2066 217.4961 382.3960 217.6654 382.5581 c
217.8349 382.7203 218.0324 382.8455 218.2601 382.9351 c
218.4877 383.0233 218.7383 383.0675 219.0127 383.0675 c
219.2902 383.0675 219.5450 383.0219 219.7769 382.9323 c
220.0073 382.8413 220.2021 382.7061 220.3631 382.5252 c
220.0527 382.2137 l
219.9093 382.3546 219.7525 382.4572 219.5833 382.5224 c
219.4140 382.5879 219.2304 382.6208 219.0328 382.6208 c
218.8321 382.6208 218.6459 382.5879 218.4735 382.5210 c
218.3014 382.4541 218.1521 382.3603 218.0268 382.2395 c
217.9018 382.1185 217.8048 381.9762 217.7365 381.8098 c
217.6668 381.6434 217.6328 381.4639 217.6328 381.2706 c
217.6328 381.0798 217.6668 380.9021 217.7365 380.7354 c
217.8048 380.5690 217.9018 380.4253 218.0268 380.3046 c
218.1521 380.1821 218.3000 380.0883 218.4707 380.0214 c
218.6416 379.9545 218.8278 379.9202 219.0285 379.9202 c
219.2148 379.9202 219.3956 379.9502 219.5677 380.0086 c
219.7397 380.0667 219.9005 380.1637 220.0470 380.3017 c
220.3330 379.9202 l
220.1596 379.7736 219.9560 379.6628 219.7242 379.5874 c
219.4909 379.5120 219.2505 379.4734 219.0027 379.4734 c
h
220.3330 379.9202 m
219.8509 379.9857 l
219.8509 381.2905 l
220.3330 381.2905 l
h
h
221.2906 379.5134 m
221.2906 383.0261 l
223.7703 383.0261 l
223.7703 382.5907 l
221.7929 382.5907 l
221.7929 379.9502 l
223.8415 379.9502 l
223.8415 379.5134 l
h
h
221.7472 381.0841 m
221.7472 381.5110 l
223.5540 381.5110 l
223.5540 381.0841 l
h
h
224.6539 379.5134 m
224.6539 383.0261 l
226.0253 383.0261 l
226.4794 383.0261 226.8377 382.9181 227.0996 382.7032 c
227.3598 382.4870 227.4908 382.1868 227.4908 381.8027 c
227.4908 381.5478 227.4324 381.3301 227.3159 381.1482 c
227.1977 380.9645 227.0313 380.8253 226.8136 380.7283 c
226.5959 380.6303 226.3329 380.5818 226.0253 380.5818 c
224.9300 380.5818 l
225.1562 380.8137 l
225.1562 379.5134 l
h
h
227.0030 379.5134 m
226.1095 380.7882 l
226.6472 380.7882 l
227.5506 379.5134 l
h
h
225.1562 380.7626 m
224.9300 381.0087 l
226.0097 381.0087 l
226.3314 381.0087 226.5746 381.0784 226.7410 381.2179 c
226.9060 381.3559 226.9885 381.5507 226.9885 381.8027 c
226.9885 382.0530 226.9060 382.2466 226.7410 382.3846 c
226.5746 382.5224 226.3314 382.5907 226.0097 382.5907 c
224.9300 382.5907 l
225.1562 382.8413 l
h
h
228.3032 379.5134 m
228.3032 383.0261 l
229.8796 383.0261 l
230.2852 383.0261 230.5967 382.9450 230.8144 382.7829 c
231.0321 382.6208 231.1401 382.3988 231.1401 382.1185 c
231.1401 381.9277 231.0976 381.7670 231.0120 381.6377 c
230.9267 381.5067 230.8116 381.4055 230.6679 381.3358 c
230.5242 381.2664 230.3677 381.2306 230.2013 381.2306 c
230.2909 381.3800 l
230.4913 381.3800 230.6693 381.3446 230.8243 381.2749 c
230.9780 381.2051 231.1004 381.1011 231.1900 380.9662 c
231.2796 380.8310 231.3252 380.6629 231.3252 380.4625 c
231.3252 380.1609 231.2127 379.9276 230.9865 379.7623 c
230.7603 379.5959 230.4261 379.5134 229.9808 379.5134 c
h
h
228.8055 379.9202 m
229.9606 379.9202 l
230.2381 379.9202 230.4502 379.9672 230.5981 380.0611 c
230.7447 380.1538 230.8187 380.3017 230.8187 380.5021 c
230.8187 380.7057 230.7447 380.8551 230.5981 380.9489 c
230.4502 381.0430 230.2381 381.0898 229.9606 381.0898 c
228.7599 381.0898 l
228.7599 381.4954 l
229.8342 381.4954 l
230.0888 381.4954 230.2866 381.5422 230.4275 381.6360 c
230.5681 381.7301 230.6378 381.8710 230.6378 382.0586 c
230.6378 382.2452 230.5681 382.3860 230.4275 382.4799 c
230.2866 382.5737 230.0888 382.6208 229.8342 382.6208 c
228.8055 382.6208 l
h
h
232.1033 379.5134 m
232.1033 383.0261 l
234.5831 383.0261 l
234.5831 382.5907 l
232.6056 382.5907 l
232.6056 379.9502 l
234.6542 379.9502 l
234.6542 379.5134 l
h
h
232.5600 381.0841 m
232.5600 381.5110 l
234.3668 381.5110 l
234.3668 381.0841 l
h
h
235.4666 379.5134 m
235.4666 383.0261 l
236.8380 383.0261 l
237.2922 383.0261 237.6505 382.9181 237.9124 382.7032 c
238.1726 382.4870 238.3036 382.1868 238.3036 381.8027 c
238.3036 381.5478 238.2452 381.3301 238.1287 381.1482 c
238.0105 380.9645 237.8441 380.8253 237.6264 380.7283 c
237.4087 380.6303 237.1456 380.5818 236.8380 380.5818 c
235.7427 380.5818 l
235.9689 380.8137 l
235.9689 379.5134 l
h
h
237.8157 379.5134 m
236.9222 380.7882 l
237.4600 380.7882 l
238.3634 379.5134 l
h
h
235.9689 380.7626 m
235.7427 381.0087 l
236.8225 381.0087 l
237.1442 381.0087 237.3874 381.0784 237.5538 381.2179 c
237.7188 381.3559 237.8013 381.5507 237.8013 381.8027 c
237.8013 382.0530 237.7188 382.2466 237.5538 382.3846 c
237.3874 382.5224 237.1442 382.5907 236.8225 382.5907 c
235.7427 382.5907 l
235.9689 382.8413 l
h
h
238.5839 379.5134 m
240.1758 383.0261 l
240.6725 383.0261 l
242.2687 379.5134 l
241.7409 379.5134 l
240.3210 382.7458 l
240.5217 382.7458 l
239.1018 379.5134 l
h
h
239.2625 380.3913 m
239.3977 380.7938 l
241.3752 380.7938 l
241.5203 380.3913 l
h
f
/GS13 gs
/CS15 cs 0.0000 0.0000 0.0000 0.0000 scn
180.0289 393.4103 m
247.4280 393.4103 l
247.4280 443.9605 l
180.0289 443.9605 l
h
f
/GS13 gs
/CS15 cs 0.0000 0.1700 0.0000 0.0000 scn
199.1548 595.1177 m
281.5937 595.1177 l
281.5937 571.7667 l
281.5937 571.7667 228.4129 563.8788 199.1548 595.1177 c
f
/GS13 gs
/CS15 cs 0.0000 0.1700 0.0000 0.0000 scn
59.5939 594.9607 m
37.9159 574.1206 0.5939 575.1048 -1.4060 575.1777 c
-1.4060 594.9607 l
h
f
q
179.0226 393.4054 67.4082 50.5562 re W*
n
/GS13 gs
q
179.0226 393.4054 m
179.0226 443.9616 l
246.4308 443.9616 l
246.4308 393.4054 l
h
W*
n
q
68.07398 0.00000 0.00000 50.78571 178.7011 393.3825 cm
/Im158 Do
Q
Q
Q
/GS13 gs
/CS15 cs 0.0000 0.0000 0.0000 1.0000 scn
24.5007 14.6560 m
24.5007 19.0281 l
25.3383 19.0281 l
27.9184 15.8797 l
27.5111 15.8797 l
27.5111 19.0281 l
28.5117 19.0281 l
28.5117 14.6560 l
27.6795 14.6560 l
25.0940 17.8044 l
25.4996 17.8044 l
25.4996 14.6560 l
h
h
31.6709 14.5817 m
31.3254 14.5817 31.0051 14.6384 30.7128 14.7498 c
30.4189 14.8615 30.1657 15.0208 29.9514 15.2243 c
29.7371 15.4281 29.5707 15.6688 29.4520 15.9435 c
29.3332 16.2179 29.2731 16.5189 29.2731 16.8429 c
29.2731 17.1669 29.3332 17.4679 29.4520 17.7426 c
29.5707 18.0170 29.7371 18.2577 29.9548 18.4615 c
30.1708 18.6650 30.4243 18.8226 30.7162 18.9360 c
31.0068 19.0477 31.3237 19.1041 31.6655 19.1041 c
32.0108 19.1041 32.3294 19.0477 32.6183 18.9360 c
32.9068 18.8226 33.1600 18.6650 33.3743 18.4615 c
33.5886 18.2577 33.7550 18.0187 33.8771 17.7460 c
33.9976 17.4716 34.0577 17.1706 34.0577 16.8429 c
34.0577 16.5189 33.9976 16.2179 33.8771 15.9398 c
33.7550 15.6617 33.5886 15.4227 33.3743 15.2209 c
33.1600 15.0191 32.9068 14.8615 32.6183 14.7498 c
32.3294 14.6384 32.0125 14.5817 31.6709 14.5817 c
h
31.6655 15.4440 m
31.8620 15.4440 32.0409 15.4777 32.2055 15.5432 c
32.3702 15.6087 32.5137 15.7042 32.6395 15.8301 c
32.7651 15.9557 32.8609 16.1028 32.9298 16.2746 c
32.9990 16.4443 33.0324 16.6340 33.0324 16.8429 c
33.0324 17.0501 32.9990 17.2395 32.9298 17.4112 c
32.8609 17.5813 32.7651 17.7284 32.6429 17.8540 c
32.5208 17.9799 32.3756 18.0754 32.2092 18.1426 c
32.0426 18.2081 31.8620 18.2418 31.6655 18.2418 c
31.4688 18.2418 31.2900 18.2081 31.1253 18.1426 c
30.9606 18.0754 30.8154 17.9799 30.6916 17.8540 c
30.5657 17.7284 30.4702 17.5813 30.4010 17.4112 c
30.3321 17.2395 30.2967 17.0501 30.2967 16.8429 c
30.2967 16.6394 30.3321 16.4497 30.4010 16.2780 c
30.4702 16.1045 30.5657 15.9557 30.6879 15.8301 c
30.8100 15.7042 30.9555 15.6087 31.1219 15.5432 c
31.2883 15.4777 31.4688 15.4440 31.6655 15.4440 c
h
35.6618 14.6560 m
35.6618 18.2047 l
34.2626 18.2047 l
34.2626 19.0281 l
38.0735 19.0281 l
38.0735 18.2047 l
36.6746 18.2047 l
36.6746 14.6560 l
h
h
38.6169 14.6560 m
38.6169 19.0281 l
41.9213 19.0281 l
41.9213 18.2171 l
39.6230 18.2171 l
39.6230 15.4687 l
42.0029 15.4687 l
42.0029 14.6560 l
h
h
39.5467 16.4798 m
39.5467 17.2678 l
41.6523 17.2678 l
41.6523 16.4798 l
h
h
43.1079 16.8483 m
42.9415 16.8483 42.7997 16.9050 42.6813 17.0201 c
42.5625 17.1351 42.5024 17.2820 42.5024 17.4609 c
42.5024 17.6397 42.5625 17.7849 42.6813 17.8965 c
42.7997 18.0062 42.9415 18.0612 43.1079 18.0612 c
43.2797 18.0612 43.4231 18.0062 43.5399 17.8965 c
43.6550 17.7849 43.7136 17.6397 43.7136 17.4609 c
43.7136 17.2820 43.6550 17.1351 43.5399 17.0201 c
43.4231 16.9050 43.2797 16.8483 43.1079 16.8483 c
h
43.1079 14.6064 m
42.9415 14.6064 42.7997 14.6631 42.6813 14.7781 c
42.5625 14.8932 42.5024 15.0403 42.5024 15.2192 c
42.5024 15.3978 42.5625 15.5415 42.6813 15.6529 c
42.7997 15.7626 42.9415 15.8176 43.1079 15.8176 c
43.2797 15.8176 43.4231 15.7626 43.5399 15.6529 c
43.6550 15.5415 43.7136 15.3978 43.7136 15.2192 c
43.7136 15.0403 43.6550 14.8932 43.5399 14.7781 c
43.4231 14.6631 43.2797 14.6064 43.1079 14.6064 c
h
46.3484 14.6560 m
46.3484 19.0281 l
49.4351 19.0281 l
49.4351 18.4861 l
46.9738 18.4861 l
46.9738 15.1997 l
49.5235 15.1997 l
49.5235 14.6560 l
h
h
46.9171 16.6110 m
46.9171 17.1422 l
49.1658 17.1422 l
49.1658 16.6110 l
h
h
49.9173 14.6560 m
51.7343 17.1369 l
51.7343 16.6552 l
50.0165 19.0281 l
50.7283 19.0281 l
52.0920 17.1618 l
51.8102 17.1547 l
53.1649 19.0281 l
53.8466 19.0281 l
52.1416 16.6924 l
52.1416 17.1422 l
53.9583 14.6560 l
53.2412 14.6560 l
51.7910 16.6482 l
52.0654 16.6482 l
50.6364 14.6560 l
h
h
56.5132 14.6064 m
56.1801 14.6064 55.8720 14.6631 55.5871 14.7747 c
55.3020 14.8861 55.0539 15.0437 54.8467 15.2456 c
54.6378 15.4474 54.4748 15.6849 54.3580 15.9557 c
54.2412 16.2266 54.1828 16.5223 54.1828 16.8429 c
54.1828 17.1635 54.2412 17.4591 54.3580 17.7301 c
54.4748 18.0011 54.6378 18.2364 54.8467 18.4385 c
55.0539 18.6403 55.3003 18.7980 55.5834 18.9113 c
55.8649 19.0227 56.1750 19.0794 56.5132 19.0794 c
56.8460 19.0794 57.1541 19.0244 57.4356 18.9147 c
57.7174 18.8031 57.9617 18.6474 58.1723 18.4456 c
58.3832 18.2435 58.5442 18.0082 58.6593 17.7372 c
58.7744 17.4662 58.8311 17.1669 58.8311 16.8429 c
58.8311 16.5189 58.7744 16.2213 58.6593 15.9506 c
58.5442 15.6796 58.3832 15.4423 58.1723 15.2405 c
57.9617 15.0384 57.7174 14.8827 57.4356 14.7728 c
57.1541 14.6614 56.8460 14.6064 56.5132 14.6064 c
h
56.5132 15.1625 m
56.7558 15.1625 56.9789 15.2050 57.1861 15.2881 c
57.3914 15.3714 57.5702 15.4882 57.7225 15.6404 c
57.8750 15.7910 57.9934 15.9698 58.0785 16.1736 c
58.1635 16.3772 58.2060 16.6003 58.2060 16.8429 c
58.2060 17.0838 58.1635 17.3069 58.0785 17.5105 c
57.9934 17.7143 57.8750 17.8931 57.7225 18.0454 c
57.5702 18.1976 57.3914 18.3163 57.1861 18.3994 c
56.9789 18.4827 56.7558 18.5233 56.5132 18.5233 c
56.2669 18.5233 56.0421 18.4827 55.8366 18.3994 c
55.6296 18.3163 55.4508 18.1976 55.2966 18.0454 c
55.1426 17.8931 55.0222 17.7143 54.9371 17.5105 c
54.8504 17.3069 54.8079 17.0838 54.8079 16.8429 c
54.8079 16.6003 54.8504 16.3772 54.9371 16.1736 c
55.0222 15.9698 55.1426 15.7910 55.2966 15.6404 c
55.4508 15.4882 55.6296 15.3714 55.8366 15.2881 c
56.0421 15.2050 56.2669 15.1625 56.5132 15.1625 c
h
60.5928 14.6560 m
60.5928 18.4861 l
59.0927 18.4861 l
59.0927 19.0281 l
62.7106 19.0281 l
62.7106 18.4861 l
61.2108 18.4861 l
61.2108 14.6560 l
h
h
63.3906 14.6560 m
63.3906 19.0281 l
64.0159 19.0281 l
64.0159 14.6560 l
h
h
67.2846 14.6064 m
66.9501 14.6064 66.6437 14.6614 66.3622 14.7728 c
66.0804 14.8827 65.8380 15.0384 65.6325 15.2405 c
65.4253 15.4423 65.2640 15.6796 65.1472 15.9506 c
65.0305 16.2213 64.9721 16.5189 64.9721 16.8429 c
64.9721 17.1669 65.0305 17.4662 65.1472 17.7372 c
65.2640 18.0082 65.4270 18.2435 65.6359 18.4456 c
65.8431 18.6474 66.0875 18.8031 66.3693 18.9147 c
66.6507 19.0244 66.9572 19.0794 67.2900 19.0794 c
67.6281 19.0794 67.9399 19.0227 68.2248 18.9077 c
68.5100 18.7926 68.7526 18.6225 68.9528 18.3977 c
68.5454 18.0045 l
68.3790 18.1800 68.1914 18.3093 67.9842 18.3960 c
67.7752 18.4810 67.5522 18.5233 67.3149 18.5233 c
67.0686 18.5233 66.8421 18.4827 66.6312 18.3994 c
66.4206 18.3163 66.2400 18.1993 66.0858 18.0488 c
65.9319 17.8982 65.8114 17.7214 65.7264 17.5141 c
65.6396 17.3069 65.5971 17.0838 65.5971 16.8429 c
65.5971 16.6003 65.6396 16.3772 65.7264 16.1717 c
65.8114 15.9647 65.9319 15.7876 66.0858 15.6370 c
66.2400 15.4865 66.4206 15.3714 66.6312 15.2881 c
66.8421 15.2050 67.0686 15.1625 67.3149 15.1625 c
67.5522 15.1625 67.7752 15.2050 67.9842 15.2898 c
68.1914 15.3748 68.3790 15.5078 68.5454 15.6866 c
68.9528 15.2935 l
68.7526 15.0687 68.5100 14.8969 68.2248 14.7818 c
67.9399 14.6648 67.6264 14.6064 67.2846 14.6064 c
h
71.4617 14.6560 m
71.4617 19.0281 l
74.5483 19.0281 l
74.5483 18.4861 l
72.0870 18.4861 l
72.0870 14.6560 l
h
h
72.0249 16.4234 m
72.0249 16.9617 l
74.2791 16.9617 l
74.2791 16.4234 l
h
h
75.4282 14.6560 m
75.4282 19.0281 l
76.0535 19.0281 l
76.0535 15.1997 l
78.4210 15.1997 l
78.4210 14.6560 l
h
h
81.0334 14.6064 m
80.7004 14.6064 80.3923 14.6631 80.1074 14.7747 c
79.8222 14.8861 79.5742 15.0437 79.3670 15.2456 c
79.1580 15.4474 78.9951 15.6849 78.8783 15.9557 c
78.7615 16.2266 78.7031 16.5223 78.7031 16.8429 c
78.7031 17.1635 78.7615 17.4591 78.8783 17.7301 c
78.9951 18.0011 79.1580 18.2364 79.3670 18.4385 c
79.5742 18.6403 79.8205 18.7980 80.1037 18.9113 c
80.3852 19.0227 80.6953 19.0794 81.0334 19.0794 c
81.3662 19.0794 81.6744 19.0244 81.9558 18.9147 c
82.2376 18.8031 82.4820 18.6474 82.6926 18.4456 c
82.9035 18.2435 83.0645 18.0082 83.1796 17.7372 c
83.2946 17.4662 83.3513 17.1669 83.3513 16.8429 c
83.3513 16.5189 83.2946 16.2213 83.1796 15.9506 c
83.0645 15.6796 82.9035 15.4423 82.6926 15.2405 c
82.4820 15.0384 82.2376 14.8827 81.9558 14.7728 c
81.6744 14.6614 81.3662 14.6064 81.0334 14.6064 c
h
81.0334 15.1625 m
81.2761 15.1625 81.4992 15.2050 81.7064 15.2881 c
81.9116 15.3714 82.0905 15.4882 82.2427 15.6404 c
82.3952 15.7910 82.5137 15.9698 82.5987 16.1736 c
82.6838 16.3772 82.7263 16.6003 82.7263 16.8429 c
82.7263 17.0838 82.6838 17.3069 82.5987 17.5105 c
82.5137 17.7143 82.3952 17.8931 82.2427 18.0454 c
82.0905 18.1976 81.9116 18.3163 81.7064 18.3994 c
81.4992 18.4827 81.2761 18.5233 81.0334 18.5233 c
80.7871 18.5233 80.5623 18.4827 80.3568 18.3994 c
80.1499 18.3163 79.9710 18.1976 79.8168 18.0454 c
79.6629 17.8931 79.5424 17.7143 79.4574 17.5105 c
79.3706 17.3069 79.3281 17.0838 79.3281 16.8429 c
79.3281 16.6003 79.3706 16.3772 79.4574 16.1736 c
79.5424 15.9698 79.6629 15.7910 79.8168 15.6404 c
79.9710 15.4882 80.1499 15.3714 80.3568 15.2881 c
80.5623 15.2050 80.7871 15.1625 81.0334 15.1625 c
h
85.1743 14.6560 m
83.7133 19.0281 l
84.3562 19.0281 l
85.7001 14.9941 l
85.3744 14.9941 l
86.7679 19.0281 l
87.3434 19.0281 l
88.7051 14.9941 l
88.3916 14.9941 l
89.7534 19.0281 l
90.3467 19.0281 l
88.8857 14.6560 l
88.2289 14.6560 l
86.9556 18.3977 l
87.1240 18.3977 l
85.8436 14.6560 l
h
h
91.1081 14.6560 m
91.1081 19.0281 l
94.1947 19.0281 l
94.1947 18.4861 l
91.7334 18.4861 l
91.7334 15.1997 l
94.2831 15.1997 l
94.2831 14.6560 l
h
h
91.6767 16.6110 m
91.6767 17.1422 l
93.9254 17.1422 l
93.9254 16.6110 l
h
h
95.2943 14.6560 m
95.2943 19.0281 l
97.0013 19.0281 l
97.5662 19.0281 98.0127 18.8935 98.3384 18.6262 c
98.6624 18.3569 98.8254 17.9833 98.8254 17.5051 c
98.8254 17.1882 98.7528 16.9172 98.6077 16.6907 c
98.4606 16.4622 98.2534 16.2887 97.9824 16.1683 c
97.7117 16.0461 97.3840 15.9857 97.0013 15.9857 c
95.6378 15.9857 l
95.9196 16.2746 l
95.9196 14.6560 l
h
h
98.2179 14.6560 m
97.1059 16.2425 l
97.7751 16.2425 l
98.8997 14.6560 l
h
h
95.9196 16.2108 m
95.6378 16.5172 l
96.9820 16.5172 l
97.3823 16.5172 97.6850 16.6039 97.8922 16.7774 c
98.0974 16.9492 98.2003 17.1918 98.2003 17.5051 c
98.2003 17.8169 98.0974 18.0575 97.8922 18.2293 c
97.6850 18.4011 97.3823 18.4861 96.9820 18.4861 c
95.6378 18.4861 l
95.9196 18.7980 l
h
h
101.1115 14.6064 m
100.7787 14.6064 100.4598 14.6577 100.1571 14.7606 c
99.8527 14.8615 99.6134 14.9941 99.4382 15.1554 c
99.6684 15.6424 l
99.8348 15.4970 100.0474 15.3768 100.3059 15.2810 c
100.5644 15.1855 100.8334 15.1376 101.1115 15.1376 c
101.3649 15.1376 101.5719 15.1659 101.7295 15.2243 c
101.8871 15.2827 102.0042 15.3626 102.0801 15.4653 c
102.1547 15.5662 102.1918 15.6830 102.1918 15.8122 c
102.1918 15.9627 102.1439 16.0832 102.0467 16.1753 c
101.9492 16.2658 101.8216 16.3400 101.6660 16.3967 c
101.5084 16.4514 101.3366 16.5010 101.1506 16.5436 c
100.9627 16.5844 100.7734 16.6340 100.5840 16.6907 c
100.3944 16.7454 100.2209 16.8182 100.0650 16.9050 c
99.9094 16.9917 99.7835 17.1102 99.6880 17.2590 c
99.5922 17.4061 99.5445 17.5972 99.5445 17.8294 c
99.5445 18.0541 99.6046 18.2631 99.7234 18.4527 c
99.8419 18.6420 100.0244 18.7926 100.2722 18.9077 c
100.5202 19.0227 100.8354 19.0794 101.2178 19.0794 c
101.4710 19.0794 101.7244 19.0457 101.9741 18.9802 c
102.2236 18.9130 102.4415 18.8172 102.6238 18.6917 c
102.4166 18.1922 l
102.2306 18.3180 102.0325 18.4082 101.8253 18.4649 c
101.6164 18.5199 101.4143 18.5482 101.2178 18.5482 c
100.9718 18.5482 100.7700 18.5162 100.6123 18.4544 c
100.4547 18.3923 100.3377 18.3093 100.2651 18.2047 c
100.1925 18.1001 100.1554 17.9833 100.1554 17.8540 c
100.1554 17.7001 100.2050 17.5779 100.3022 17.4858 c
100.3997 17.3937 100.5273 17.3211 100.6849 17.2678 c
100.8405 17.2131 101.0123 17.1652 101.2003 17.1210 c
101.3862 17.0768 101.5756 17.0289 101.7649 16.9739 c
101.9546 16.9191 102.1263 16.8483 102.2839 16.7615 c
102.4396 16.6748 102.5654 16.5577 102.6609 16.4126 c
102.7568 16.2658 102.8044 16.0778 102.8044 15.8494 c
102.8044 15.6283 102.7443 15.4244 102.6238 15.2351 c
102.5033 15.0454 102.3174 14.8932 102.0660 14.7781 c
101.8128 14.6631 101.4959 14.6064 101.1115 14.6064 c
h
104.7345 14.6560 m
106.7159 19.0281 l
107.3341 19.0281 l
109.3209 14.6560 l
108.6639 14.6560 l
106.8968 18.6792 l
107.1462 18.6792 l
105.3791 14.6560 l
h
h
105.5792 15.7484 m
105.7473 16.2496 l
108.2089 16.2496 l
108.3895 15.7484 l
h
h
109.9689 14.6560 m
109.9689 19.0281 l
110.4826 19.0281 l
113.3742 15.4369 l
113.1052 15.4369 l
113.1052 19.0281 l
113.7302 19.0281 l
113.7302 14.6560 l
113.2186 14.6560 l
110.3267 18.2472 l
110.5943 18.2472 l
110.5943 14.6560 l
h
h
115.0424 14.6560 m
115.0424 19.0281 l
116.8860 19.0281 l
117.3515 19.0281 117.7642 18.9360 118.1203 18.7537 c
118.4760 18.5712 118.7524 18.3144 118.9508 17.9870 c
119.1489 17.6576 119.2482 17.2769 119.2482 16.8429 c
119.2482 16.4092 119.1489 16.0282 118.9508 15.6988 c
118.7524 15.3697 118.4760 15.1129 118.1203 14.9304 c
117.7642 14.7481 117.3515 14.6560 116.8860 14.6560 c
h
h
115.6677 15.1997 m
116.8486 15.1997 l
117.2117 15.1997 117.5253 15.2685 117.7889 15.4069 c
118.0528 15.5432 118.2583 15.7363 118.4051 15.9840 c
118.5506 16.2320 118.6231 16.5189 118.6231 16.8429 c
118.6231 17.1706 118.5506 17.4591 118.4051 17.7052 c
118.2583 17.9515 118.0528 18.1426 117.7889 18.2809 c
117.5253 18.4173 117.2117 18.4861 116.8486 18.4861 c
115.6677 18.4861 l
h
h
121.8830 14.6560 m
121.8830 19.0281 l
122.5083 19.0281 l
122.5083 14.6560 l
h
h
123.8202 14.6560 m
123.8202 19.0281 l
124.3338 19.0281 l
126.2940 15.7238 l
126.0196 15.7238 l
127.9568 19.0281 l
128.4687 19.0281 l
128.4758 14.6560 l
127.8754 14.6560 l
127.8683 18.0859 l
128.0134 18.0859 l
126.2889 15.1872 l
126.0020 15.1872 l
124.2646 18.0859 l
124.4205 18.0859 l
124.4205 14.6560 l
h
h
129.7860 14.6560 m
129.7860 19.0281 l
131.4930 19.0281 l
131.8757 19.0281 132.2033 18.9677 132.4740 18.8476 c
132.7450 18.7271 132.9523 18.5516 133.0994 18.3234 c
133.2445 18.0950 133.3171 17.8223 133.3171 17.5051 c
133.3171 17.1882 133.2445 16.9172 133.0994 16.6907 c
132.9523 16.4622 132.7450 16.2867 132.4740 16.1646 c
132.2033 16.0424 131.8757 15.9806 131.4930 15.9806 c
130.1295 15.9806 l
130.4113 16.2746 l
130.4113 14.6560 l
h
h
130.4113 16.2108 m
130.1295 16.5243 l
131.4737 16.5243 l
131.8740 16.5243 132.1767 16.6090 132.3839 16.7808 c
132.5891 16.9509 132.6920 17.1918 132.6920 17.5051 c
132.6920 17.8169 132.5891 18.0575 132.3839 18.2293 c
132.1767 18.4011 131.8740 18.4861 131.4737 18.4861 c
130.1295 18.4861 l
130.4113 18.7980 l
h
h
136.2708 14.6064 m
135.9377 14.6064 135.6296 14.6631 135.3447 14.7747 c
135.0595 14.8861 134.8115 15.0437 134.6043 15.2456 c
134.3954 15.4474 134.2324 15.6849 134.1156 15.9557 c
133.9988 16.2266 133.9404 16.5223 133.9404 16.8429 c
133.9404 17.1635 133.9988 17.4591 134.1156 17.7301 c
134.2324 18.0011 134.3954 18.2364 134.6043 18.4385 c
134.8115 18.6403 135.0578 18.7980 135.3410 18.9113 c
135.6225 19.0227 135.9326 19.0794 136.2708 19.0794 c
136.6036 19.0794 136.9117 19.0244 137.1932 18.9147 c
137.4749 18.8031 137.7193 18.6474 137.9299 18.4456 c
138.1408 18.2435 138.3018 18.0082 138.4169 17.7372 c
138.5320 17.4662 138.5887 17.1669 138.5887 16.8429 c
138.5887 16.5189 138.5320 16.2213 138.4169 15.9506 c
138.3018 15.6796 138.1408 15.4423 137.9299 15.2405 c
137.7193 15.0384 137.4749 14.8827 137.1932 14.7728 c
136.9117 14.6614 136.6036 14.6064 136.2708 14.6064 c
h
136.2708 15.1625 m
136.5134 15.1625 136.7365 15.2050 136.9437 15.2881 c
137.1489 15.3714 137.3278 15.4882 137.4800 15.6404 c
137.6325 15.7910 137.7510 15.9698 137.8361 16.1736 c
137.9211 16.3772 137.9636 16.6003 137.9636 16.8429 c
137.9636 17.0838 137.9211 17.3069 137.8361 17.5105 c
137.7510 17.7143 137.6325 17.8931 137.4800 18.0454 c
137.3278 18.1976 137.1489 18.3163 136.9437 18.3994 c
136.7365 18.4827 136.5134 18.5233 136.2708 18.5233 c
136.0244 18.5233 135.7997 18.4827 135.5941 18.3994 c
135.3872 18.3163 135.2083 18.1976 135.0541 18.0454 c
134.9002 17.8931 134.7797 17.7143 134.6947 17.5105 c
134.6080 17.3069 134.5654 17.0838 134.5654 16.8429 c
134.5654 16.6003 134.6080 16.3772 134.6947 16.1736 c
134.7797 15.9698 134.9002 15.7910 135.0541 15.6404 c
135.2083 15.4882 135.3872 15.3714 135.5941 15.2881 c
135.7997 15.2050 136.0244 15.1625 136.2708 15.1625 c
h
139.5431 14.6560 m
139.5431 19.0281 l
141.2501 19.0281 l
141.8151 19.0281 142.2615 18.8935 142.5872 18.6262 c
142.9112 18.3569 143.0742 17.9833 143.0742 17.5051 c
143.0742 17.1882 143.0016 16.9172 142.8565 16.6907 c
142.7094 16.4622 142.5022 16.2887 142.2312 16.1683 c
141.9605 16.0461 141.6328 15.9857 141.2501 15.9857 c
139.8866 15.9857 l
140.1684 16.2746 l
140.1684 14.6560 l
h
h
142.4667 14.6560 m
141.3547 16.2425 l
142.0240 16.2425 l
143.1485 14.6560 l
h
h
140.1684 16.2108 m
139.8866 16.5172 l
141.2308 16.5172 l
141.6311 16.5172 141.9338 16.6039 142.1410 16.7774 c
142.3463 16.9492 142.4492 17.1918 142.4492 17.5051 c
142.4492 17.8169 142.3463 18.0575 142.1410 18.2293 c
141.9338 18.4011 141.6311 18.4861 141.2308 18.4861 c
139.8866 18.4861 l
140.1684 18.7980 l
h
h
144.8926 14.6560 m
144.8926 18.4861 l
143.3925 18.4861 l
143.3925 19.0281 l
147.0104 19.0281 l
147.0104 18.4861 l
145.5106 18.4861 l
145.5106 14.6560 l
h
h
146.8097 14.6560 m
148.7911 19.0281 l
149.4094 19.0281 l
151.3962 14.6560 l
150.7391 14.6560 l
148.9720 18.6792 l
149.2214 18.6792 l
147.4543 14.6560 l
h
h
147.6544 15.7484 m
147.8225 16.2496 l
150.2841 16.2496 l
150.4647 15.7484 l
h
h
152.0442 14.6560 m
152.0442 19.0281 l
152.5578 19.0281 l
155.4494 15.4369 l
155.1804 15.4369 l
155.1804 19.0281 l
155.8054 19.0281 l
155.8054 14.6560 l
155.2938 14.6560 l
152.4019 18.2472 l
152.6695 18.2472 l
152.6695 14.6560 l
h
h
157.9873 14.6560 m
157.9873 18.4861 l
156.4872 18.4861 l
156.4872 19.0281 l
160.1050 19.0281 l
160.1050 18.4861 l
158.6052 18.4861 l
158.6052 14.6560 l
h
h
162.4654 14.6560 m
162.4654 19.0281 l
165.5521 19.0281 l
165.5521 18.4861 l
163.0908 18.4861 l
163.0908 14.6560 l
h
h
163.0287 16.4234 m
163.0287 16.9617 l
165.2828 16.9617 l
165.2828 16.4234 l
h
h
166.4320 14.6560 m
166.4320 19.0281 l
167.0573 19.0281 l
167.0573 15.1997 l
169.4248 15.1997 l
169.4248 14.6560 l
h
h
172.0372 14.6064 m
171.7041 14.6064 171.3960 14.6631 171.1111 14.7747 c
170.8260 14.8861 170.5779 15.0437 170.3707 15.2456 c
170.1618 15.4474 169.9988 15.6849 169.8820 15.9557 c
169.7652 16.2266 169.7068 16.5223 169.7068 16.8429 c
169.7068 17.1635 169.7652 17.4591 169.8820 17.7301 c
169.9988 18.0011 170.1618 18.2364 170.3707 18.4385 c
170.5779 18.6403 170.8243 18.7980 171.1074 18.9113 c
171.3889 19.0227 171.6990 19.0794 172.0372 19.0794 c
172.3700 19.0794 172.6781 19.0244 172.9596 18.9147 c
173.2414 18.8031 173.4857 18.6474 173.6963 18.4456 c
173.9072 18.2435 174.0682 18.0082 174.1833 17.7372 c
174.2984 17.4662 174.3551 17.1669 174.3551 16.8429 c
174.3551 16.5189 174.2984 16.2213 174.1833 15.9506 c
174.0682 15.6796 173.9072 15.4423 173.6963 15.2405 c
173.4857 15.0384 173.2414 14.8827 172.9596 14.7728 c
172.6781 14.6614 172.3700 14.6064 172.0372 14.6064 c
h
172.0372 15.1625 m
172.2798 15.1625 172.5029 15.2050 172.7101 15.2881 c
172.9154 15.3714 173.0942 15.4882 173.2465 15.6404 c
173.3990 15.7910 173.5174 15.9698 173.6025 16.1736 c
173.6875 16.3772 173.7300 16.6003 173.7300 16.8429 c
173.7300 17.0838 173.6875 17.3069 173.6025 17.5105 c
173.5174 17.7143 173.3990 17.8931 173.2465 18.0454 c
173.0942 18.1976 172.9154 18.3163 172.7101 18.3994 c
172.5029 18.4827 172.2798 18.5233 172.0372 18.5233 c
171.7909 18.5233 171.5661 18.4827 171.3606 18.3994 c
171.1536 18.3163 170.9748 18.1976 170.8206 18.0454 c
170.6666 17.8931 170.5462 17.7143 170.4611 17.5105 c
170.3744 17.3069 170.3319 17.0838 170.3319 16.8429 c
170.3319 16.6003 170.3744 16.3772 170.4611 16.1736 c
170.5462 15.9698 170.6666 15.7910 170.8206 15.6404 c
170.9748 15.4882 171.1536 15.3714 171.3606 15.2881 c
171.5661 15.2050 171.7909 15.1625 172.0372 15.1625 c
h
176.1780 14.6560 m
174.7171 19.0281 l
175.3600 19.0281 l
176.7039 14.9941 l
176.3782 14.9941 l
177.7717 19.0281 l
178.3471 19.0281 l
179.7089 14.9941 l
179.3954 14.9941 l
180.7571 19.0281 l
181.3504 19.0281 l
179.8894 14.6560 l
179.2327 14.6560 l
177.9593 18.3977 l
178.1277 18.3977 l
176.8473 14.6560 l
h
h
182.1118 14.6560 m
182.1118 19.0281 l
185.1985 19.0281 l
185.1985 18.4861 l
182.7371 18.4861 l
182.7371 15.1997 l
185.2869 15.1997 l
185.2869 14.6560 l
h
h
182.6804 16.6110 m
182.6804 17.1422 l
184.9292 17.1422 l
184.9292 16.6110 l
h
h
186.2980 14.6560 m
186.2980 19.0281 l
188.0050 19.0281 l
188.5700 19.0281 189.0164 18.8935 189.3421 18.6262 c
189.6661 18.3569 189.8291 17.9833 189.8291 17.5051 c
189.8291 17.1882 189.7566 16.9172 189.6114 16.6907 c
189.4643 16.4622 189.2571 16.2887 188.9861 16.1683 c
188.7154 16.0461 188.3877 15.9857 188.0050 15.9857 c
186.6416 15.9857 l
186.9233 16.2746 l
186.9233 14.6560 l
h
h
189.2217 14.6560 m
188.1096 16.2425 l
188.7789 16.2425 l
189.9034 14.6560 l
h
h
186.9233 16.2108 m
186.6416 16.5172 l
187.9858 16.5172 l
188.3860 16.5172 188.6888 16.6039 188.8960 16.7774 c
189.1012 16.9492 189.2041 17.1918 189.2041 17.5051 c
189.2041 17.8169 189.1012 18.0575 188.8960 18.2293 c
188.6888 18.4011 188.3860 18.4861 187.9858 18.4861 c
186.6416 18.4861 l
186.9233 18.7980 l
h
h
192.1153 14.6064 m
191.7825 14.6064 191.4636 14.6577 191.1609 14.7606 c
190.8564 14.8615 190.6172 14.9941 190.4420 15.1554 c
190.6722 15.6424 l
190.8386 15.4970 191.0511 15.3768 191.3097 15.2810 c
191.5682 15.1855 191.8372 15.1376 192.1153 15.1376 c
192.3687 15.1376 192.5756 15.1659 192.7332 15.2243 c
192.8908 15.2827 193.0079 15.3626 193.0839 15.4653 c
193.1584 15.5662 193.1956 15.6830 193.1956 15.8122 c
193.1956 15.9627 193.1477 16.0832 193.0504 16.1753 c
192.9529 16.2658 192.8254 16.3400 192.6697 16.3967 c
192.5121 16.4514 192.3403 16.5010 192.1544 16.5436 c
191.9665 16.5844 191.7771 16.6340 191.5877 16.6907 c
191.3981 16.7454 191.2246 16.8182 191.0687 16.9050 c
190.9131 16.9917 190.7872 17.1102 190.6917 17.2590 c
190.5959 17.4061 190.5483 17.5972 190.5483 17.8294 c
190.5483 18.0541 190.6084 18.2631 190.7271 18.4527 c
190.8456 18.6420 191.0282 18.7926 191.2759 18.9077 c
191.5240 19.0227 191.8392 19.0794 192.2216 19.0794 c
192.4747 19.0794 192.7281 19.0457 192.9779 18.9802 c
193.2273 18.9130 193.4453 18.8172 193.6276 18.6917 c
193.4203 18.1922 l
193.2344 18.3180 193.0363 18.4082 192.8290 18.4649 c
192.6201 18.5199 192.4180 18.5482 192.2216 18.5482 c
191.9755 18.5482 191.7737 18.5162 191.6161 18.4544 c
191.4585 18.3923 191.3414 18.3093 191.2689 18.2047 c
191.1963 18.1001 191.1591 17.9833 191.1591 17.8540 c
191.1591 17.7001 191.2088 17.5779 191.3060 17.4858 c
191.4035 17.3937 191.5311 17.3211 191.6887 17.2678 c
191.8443 17.2131 192.0161 17.1652 192.2040 17.1210 c
192.3900 17.0768 192.5793 17.0289 192.7687 16.9739 c
192.9583 16.9191 193.1301 16.8483 193.2877 16.7615 c
193.4433 16.6748 193.5692 16.5577 193.6647 16.4126 c
193.7605 16.2658 193.8081 16.0778 193.8081 15.8494 c
193.8081 15.6283 193.7480 15.4244 193.6276 15.2351 c
193.5071 15.0454 193.3211 14.8932 193.0697 14.7781 c
192.8166 14.6631 192.4997 14.6064 192.1153 14.6064 c
h
196.4004 13.4447 m
196.4004 19.2920 l
197.7075 19.2920 l
197.7075 18.7980 l
197.0008 18.7980 l
197.0008 13.9371 l
197.7075 13.9371 l
197.7075 13.4447 l
h
h
202.1360 14.6064 m
201.8030 14.6064 201.4948 14.6631 201.2100 14.7747 c
200.9248 14.8861 200.6768 15.0437 200.4695 15.2456 c
200.2606 15.4474 200.0976 15.6849 199.9809 15.9557 c
199.8641 16.2266 199.8057 16.5223 199.8057 16.8429 c
199.8057 17.1635 199.8641 17.4591 199.9809 17.7301 c
200.0976 18.0011 200.2606 18.2364 200.4695 18.4385 c
200.6768 18.6403 200.9231 18.7980 201.2063 18.9113 c
201.4877 19.0227 201.7979 19.0794 202.1360 19.0794 c
202.4688 19.0794 202.7769 19.0244 203.0584 18.9147 c
203.3402 18.8031 203.5845 18.6474 203.7951 18.4456 c
204.0060 18.2435 204.1671 18.0082 204.2821 17.7372 c
204.3972 17.4662 204.4539 17.1669 204.4539 16.8429 c
204.4539 16.5189 204.3972 16.2213 204.2821 15.9506 c
204.1671 15.6796 204.0060 15.4423 203.7951 15.2405 c
203.5845 15.0384 203.3402 14.8827 203.0584 14.7728 c
202.7769 14.6614 202.4688 14.6064 202.1360 14.6064 c
h
202.1360 15.1625 m
202.3787 15.1625 202.6018 15.2050 202.8090 15.2881 c
203.0142 15.3714 203.1931 15.4882 203.3453 15.6404 c
203.4978 15.7910 203.6163 15.9698 203.7013 16.1736 c
203.7864 16.3772 203.8289 16.6003 203.8289 16.8429 c
203.8289 17.0838 203.7864 17.3069 203.7013 17.5105 c
203.6163 17.7143 203.4978 17.8931 203.3453 18.0454 c
203.1931 18.1976 203.0142 18.3163 202.8090 18.3994 c
202.6018 18.4827 202.3787 18.5233 202.1360 18.5233 c
201.8897 18.5233 201.6649 18.4827 201.4594 18.3994 c
201.2525 18.3163 201.0736 18.1976 200.9194 18.0454 c
200.7655 17.8931 200.6450 17.7143 200.5600 17.5105 c
200.4732 17.3069 200.4307 17.0838 200.4307 16.8429 c
200.4307 16.6003 200.4732 16.3772 200.5600 16.1736 c
200.6450 15.9698 200.7655 15.7910 200.9194 15.6404 c
201.0736 15.4882 201.2525 15.3714 201.4594 15.2881 c
201.6649 15.2050 201.8897 15.1625 202.1360 15.1625 c
h
205.4083 14.6560 m
205.4083 19.0281 l
205.9220 19.0281 l
208.8136 15.4369 l
208.5446 15.4369 l
208.5446 19.0281 l
209.1696 19.0281 l
209.1696 14.6560 l
208.6580 14.6560 l
205.7661 18.2472 l
206.0337 18.2472 l
206.0337 14.6560 l
h
h
214.1368 14.6064 m
213.8037 14.6064 213.4956 14.6631 213.2107 14.7747 c
212.9255 14.8861 212.6775 15.0437 212.4703 15.2456 c
212.2614 15.4474 212.0984 15.6849 211.9816 15.9557 c
211.8648 16.2266 211.8064 16.5223 211.8064 16.8429 c
211.8064 17.1635 211.8648 17.4591 211.9816 17.7301 c
212.0984 18.0011 212.2614 18.2364 212.4703 18.4385 c
212.6775 18.6403 212.9238 18.7980 213.2070 18.9113 c
213.4885 19.0227 213.7986 19.0794 214.1368 19.0794 c
214.4696 19.0794 214.7777 19.0244 215.0592 18.9147 c
215.3409 18.8031 215.5853 18.6474 215.7959 18.4456 c
216.0068 18.2435 216.1678 18.0082 216.2829 17.7372 c
216.3980 17.4662 216.4547 17.1669 216.4547 16.8429 c
216.4547 16.5189 216.3980 16.2213 216.2829 15.9506 c
216.1678 15.6796 216.0068 15.4423 215.7959 15.2405 c
215.5853 15.0384 215.3409 14.8827 215.0592 14.7728 c
214.7777 14.6614 214.4696 14.6064 214.1368 14.6064 c
h
214.1368 15.1625 m
214.3794 15.1625 214.6025 15.2050 214.8097 15.2881 c
215.0150 15.3714 215.1938 15.4882 215.3460 15.6404 c
215.4986 15.7910 215.6170 15.9698 215.7021 16.1736 c
215.7871 16.3772 215.8296 16.6003 215.8296 16.8429 c
215.8296 17.0838 215.7871 17.3069 215.7021 17.5105 c
215.6170 17.7143 215.4986 17.8931 215.3460 18.0454 c
215.1938 18.1976 215.0150 18.3163 214.8097 18.3994 c
214.6025 18.4827 214.3794 18.5233 214.1368 18.5233 c
213.8905 18.5233 213.6657 18.4827 213.4602 18.3994 c
213.2532 18.3163 213.0744 18.1976 212.9202 18.0454 c
212.7662 17.8931 212.6458 17.7143 212.5607 17.5105 c
212.4740 17.3069 212.4315 17.0838 212.4315 16.8429 c
212.4315 16.6003 212.4740 16.3772 212.5607 16.1736 c
212.6458 15.9698 212.7662 15.7910 212.9202 15.6404 c
213.0744 15.4882 213.2532 15.3714 213.4602 15.2881 c
213.6657 15.2050 213.8905 15.1625 214.1368 15.1625 c
h
217.4091 14.6560 m
217.4091 19.0281 l
219.1161 19.0281 l
219.6811 19.0281 220.1275 18.8935 220.4532 18.6262 c
220.7772 18.3569 220.9402 17.9833 220.9402 17.5051 c
220.9402 17.1882 220.8677 16.9172 220.7225 16.6907 c
220.5754 16.4622 220.3682 16.2887 220.0972 16.1683 c
219.8265 16.0461 219.4988 15.9857 219.1161 15.9857 c
217.7527 15.9857 l
218.0344 16.2746 l
218.0344 14.6560 l
h
h
220.3328 14.6560 m
219.2207 16.2425 l
219.8900 16.2425 l
221.0145 14.6560 l
h
h
218.0344 16.2108 m
217.7527 16.5172 l
219.0969 16.5172 l
219.4971 16.5172 219.7998 16.6039 220.0071 16.7774 c
220.2123 16.9492 220.3152 17.1918 220.3152 17.5051 c
220.3152 17.8169 220.2123 18.0575 220.0071 18.2293 c
219.7998 18.4011 219.4971 18.4861 219.0969 18.4861 c
217.7527 18.4861 l
218.0344 18.7980 l
h
h
221.9513 14.6560 m
221.9513 19.0281 l
223.7950 19.0281 l
224.2604 19.0281 224.6732 18.9360 225.0292 18.7537 c
225.3849 18.5712 225.6613 18.3144 225.8597 17.9870 c
226.0579 17.6576 226.1571 17.2769 226.1571 16.8429 c
226.1571 16.4092 226.0579 16.0282 225.8597 15.6988 c
225.6613 15.3697 225.3849 15.1129 225.0292 14.9304 c
224.6732 14.7481 224.2604 14.6560 223.7950 14.6560 c
h
h
222.5767 15.1997 m
223.7576 15.1997 l
224.1207 15.1997 224.4342 15.2685 224.6978 15.4069 c
224.9617 15.5432 225.1672 15.7363 225.3141 15.9840 c
225.4595 16.2320 225.5321 16.5189 225.5321 16.8429 c
225.5321 17.1706 225.4595 17.4591 225.3141 17.7052 c
225.1672 17.9515 224.9617 18.1426 224.6978 18.2809 c
224.4342 18.4173 224.1207 18.4861 223.7576 18.4861 c
222.5767 18.4861 l
h
h
227.1115 14.6560 m
227.1115 19.0281 l
230.1982 19.0281 l
230.1982 18.4861 l
227.7369 18.4861 l
227.7369 15.1997 l
230.2866 15.1997 l
230.2866 14.6560 l
h
h
227.6802 16.6110 m
227.6802 17.1422 l
229.9289 17.1422 l
229.9289 16.6110 l
h
h
231.2977 14.6560 m
231.2977 19.0281 l
233.0048 19.0281 l
233.5697 19.0281 234.0162 18.8935 234.3419 18.6262 c
234.6659 18.3569 234.8289 17.9833 234.8289 17.5051 c
234.8289 17.1882 234.7563 16.9172 234.6111 16.6907 c
234.4640 16.4622 234.2568 16.2887 233.9858 16.1683 c
233.7151 16.0461 233.3874 15.9857 233.0048 15.9857 c
231.6413 15.9857 l
231.9231 16.2746 l
231.9231 14.6560 l
h
h
234.2214 14.6560 m
233.1094 16.2425 l
233.7786 16.2425 l
234.9031 14.6560 l
h
h
231.9231 16.2108 m
231.6413 16.5172 l
232.9855 16.5172 l
233.3857 16.5172 233.6885 16.6039 233.8957 16.7774 c
234.1009 16.9492 234.2038 17.1918 234.2038 17.5051 c
234.2038 17.8169 234.1009 18.0575 233.8957 18.2293 c
233.6885 18.4011 233.3857 18.4861 232.9855 18.4861 c
231.6413 18.4861 l
231.9231 18.7980 l
h
h
239.4950 14.6064 m
239.1619 14.6064 238.8538 14.6631 238.5689 14.7747 c
238.2837 14.8861 238.0357 15.0437 237.8285 15.2456 c
237.6196 15.4474 237.4566 15.6849 237.3398 15.9557 c
237.2230 16.2266 237.1646 16.5223 237.1646 16.8429 c
237.1646 17.1635 237.2230 17.4591 237.3398 17.7301 c
237.4566 18.0011 237.6196 18.2364 237.8285 18.4385 c
238.0357 18.6403 238.2820 18.7980 238.5652 18.9113 c
238.8467 19.0227 239.1568 19.0794 239.4950 19.0794 c
239.8277 19.0794 240.1359 19.0244 240.4174 18.9147 c
240.6991 18.8031 240.9435 18.6474 241.1541 18.4456 c
241.3650 18.2435 241.5260 18.0082 241.6411 17.7372 c
241.7562 17.4662 241.8129 17.1669 241.8129 16.8429 c
241.8129 16.5189 241.7562 16.2213 241.6411 15.9506 c
241.5260 15.6796 241.3650 15.4423 241.1541 15.2405 c
240.9435 15.0384 240.6991 14.8827 240.4174 14.7728 c
240.1359 14.6614 239.8277 14.6064 239.4950 14.6064 c
h
239.4950 15.1625 m
239.7376 15.1625 239.9607 15.2050 240.1679 15.2881 c
240.3731 15.3714 240.5520 15.4882 240.7042 15.6404 c
240.8567 15.7910 240.9752 15.9698 241.0603 16.1736 c
241.1453 16.3772 241.1878 16.6003 241.1878 16.8429 c
241.1878 17.0838 241.1453 17.3069 241.0603 17.5105 c
240.9752 17.7143 240.8567 17.8931 240.7042 18.0454 c
240.5520 18.1976 240.3731 18.3163 240.1679 18.3994 c
239.9607 18.4827 239.7376 18.5233 239.4950 18.5233 c
239.2486 18.5233 239.0238 18.4827 238.8183 18.3994 c
238.6114 18.3163 238.4325 18.1976 238.2783 18.0454 c
238.1244 17.8931 238.0039 17.7143 237.9189 17.5105 c
237.8322 17.3069 237.7896 17.0838 237.7896 16.8429 c
237.7896 16.6003 237.8322 16.3772 237.9189 16.1736 c
238.0039 15.9698 238.1244 15.7910 238.2783 15.6404 c
238.4325 15.4882 238.6114 15.3714 238.8183 15.2881 c
239.0238 15.2050 239.2486 15.1625 239.4950 15.1625 c
h
242.7673 14.6560 m
242.7673 19.0281 l
243.2809 19.0281 l
246.1725 15.4369 l
245.9035 15.4369 l
245.9035 19.0281 l
246.5286 19.0281 l
246.5286 14.6560 l
246.0169 14.6560 l
243.1250 18.2472 l
243.3926 18.2472 l
243.3926 14.6560 l
h
h
247.8407 14.6560 m
247.8407 19.0281 l
248.4660 19.0281 l
248.4660 15.1997 l
250.8335 15.1997 l
250.8335 14.6560 l
h
h
252.1536 14.6560 m
252.1536 16.3293 l
252.2971 15.9435 l
250.4166 19.0281 l
251.0841 19.0281 l
252.6653 16.4234 l
252.3025 16.4234 l
253.8890 19.0281 l
254.5087 19.0281 l
252.6335 15.9435 l
252.7716 16.3293 l
252.7716 14.6560 l
h
h
256.2814 13.4447 m
256.2814 13.9371 l
256.9878 13.9371 l
256.9878 18.7980 l
256.2814 18.7980 l
256.2814 19.2920 l
257.5865 19.2920 l
257.5865 13.4447 l
h
f
Q
EMC

