1.00000 0.00000 0.00000 1.00000 0.0000 0.0000 cm
/GS11 gs
/OC /Pr47 BDC
q
/GS13 gs
/CS15 cs 0.0000 0.0700 0.0000 0.0000 scn
282.0359 -0.0397 m
-1.3340 -0.0397 l
-1.3340 595.3153 l
282.0359 595.3153 l
h
f
/GS13 gs
/CS15 cs 0.5300 1.0000 0.2800 0.1100 scn
97.6915 448.0296 m
27.2194 448.0296 l
29.6566 453.8336 l
27.2194 459.6386 l
97.6915 459.6386 l
95.2534 454.1468 l
h
f
/GS13 gs
/CS15 cs 0.0000 0.0000 0.0000 0.0000 scn
43.0838 452.1628 m
44.8123 455.9769 l
45.3515 455.9769 l
47.0846 452.1628 l
46.5114 452.1628 l
44.9700 455.6724 l
45.1877 455.6724 l
43.6462 452.1628 l
h
h
43.8208 453.1158 m
43.9673 453.5529 l
46.1146 453.5529 l
46.2722 453.1158 l
h
h
48.7621 452.1195 m
48.4716 452.1195 48.1935 452.1643 47.9296 452.2541 c
47.6637 452.3420 47.4554 452.4579 47.3023 452.5985 c
47.5033 453.0231 l
47.6484 452.8964 47.8338 452.7916 48.0591 452.7082 c
48.2848 452.6246 48.5195 452.5829 48.7621 452.5829 c
48.9830 452.5829 49.1638 452.6076 49.3013 452.6586 c
49.4388 452.7096 49.5405 452.7791 49.6071 452.8687 c
49.6721 452.9568 49.7044 453.0589 49.7044 453.1714 c
49.7044 453.3029 49.6627 453.4078 49.5777 453.4883 c
49.4926 453.5671 49.3815 453.6317 49.2457 453.6814 c
49.1083 453.7293 48.9583 453.7723 48.7962 453.8095 c
48.6323 453.8449 48.4671 453.8883 48.3018 453.9376 c
48.1365 453.9855 47.9852 454.0490 47.8491 454.1247 c
47.7133 454.2004 47.6036 454.3038 47.5203 454.4337 c
47.4367 454.5618 47.3950 454.7285 47.3950 454.9309 c
47.3950 455.1270 47.4474 455.3093 47.5512 455.4748 c
47.6546 455.6401 47.8137 455.7713 48.0300 455.8717 c
48.2462 455.9720 48.5212 456.0216 48.8548 456.0216 c
49.0757 456.0216 49.2965 455.9922 49.5145 455.9349 c
49.7322 455.8762 49.9221 455.7929 50.0814 455.6832 c
49.9005 455.2475 l
49.7384 455.3572 49.5655 455.4360 49.3846 455.4856 c
49.2024 455.5335 49.0263 455.5582 48.8548 455.5582 c
48.6400 455.5582 48.4639 455.5304 48.3265 455.4763 c
48.1890 455.4221 48.0869 455.3495 48.0237 455.2586 c
47.9605 455.1673 47.9279 455.0652 47.9279 454.9527 c
47.9279 454.8183 47.9713 454.7117 48.0560 454.6312 c
48.1411 454.5510 48.2525 454.4875 48.3900 454.4413 c
48.5257 454.3934 48.6757 454.3517 48.8392 454.3132 c
49.0017 454.2744 49.1669 454.2327 49.3322 454.1848 c
49.4974 454.1369 49.6471 454.0751 49.7846 453.9994 c
49.9207 453.9237 50.0304 453.8220 50.1137 453.6952 c
50.1970 453.5671 50.2387 453.4033 50.2387 453.2040 c
50.2387 453.0110 50.1863 452.8332 50.0814 452.6680 c
49.9762 452.5027 49.8141 452.3698 49.5947 452.2694 c
49.3739 452.1691 49.0972 452.1195 48.7621 452.1195 c
h
51.0344 452.1628 m
51.0344 455.9769 l
52.5234 455.9769 l
52.8574 455.9769 53.1431 455.9241 53.3792 455.8192 c
53.6156 455.7141 53.7965 455.5613 53.9246 455.3620 c
54.0513 455.1627 54.1145 454.9249 54.1145 454.6483 c
54.1145 454.3719 54.0513 454.1355 53.9246 453.9376 c
53.7965 453.7383 53.6156 453.5855 53.3792 453.4790 c
53.1431 453.3724 52.8574 453.3182 52.5234 453.3182 c
51.3340 453.3182 l
51.5798 453.5748 l
51.5798 452.1628 l
h
h
51.5798 453.5192 m
51.3340 453.7925 l
52.5067 453.7925 l
52.8557 453.7925 53.1198 453.8667 53.3007 454.0164 c
53.4798 454.1647 53.5694 454.3750 53.5694 454.6483 c
53.5694 454.9201 53.4798 455.1301 53.3007 455.2801 c
53.1198 455.4298 52.8557 455.5040 52.5067 455.5040 c
51.3340 455.5040 l
51.5798 455.7759 l
h
h
54.1460 452.1628 m
55.8746 455.9769 l
56.4137 455.9769 l
58.1468 452.1628 l
57.5736 452.1628 l
56.0322 455.6724 l
56.2499 455.6724 l
54.7084 452.1628 l
h
h
54.8830 453.1158 m
55.0295 453.5529 l
57.1768 453.5529 l
57.3344 453.1158 l
h
h
58.7120 452.1628 m
58.7120 455.9769 l
60.2011 455.9769 l
60.6940 455.9769 61.0832 455.8592 61.3675 455.6262 c
61.6501 455.3912 61.7922 455.0652 61.7922 454.6483 c
61.7922 454.3719 61.7289 454.1355 61.6022 453.9376 c
61.4741 453.7383 61.2933 453.5870 61.0569 453.4821 c
60.8207 453.3755 60.5350 453.3228 60.2011 453.3228 c
59.0117 453.3228 l
59.2574 453.5748 l
59.2574 452.1628 l
h
h
61.2624 452.1628 m
60.2923 453.5470 l
60.8763 453.5470 l
61.8571 452.1628 l
h
h
59.2574 453.5192 m
59.0117 453.7862 l
60.1843 453.7862 l
60.5333 453.7862 60.7975 453.8619 60.9783 454.0133 c
61.1575 454.1632 61.2471 454.3750 61.2471 454.6483 c
61.2471 454.9201 61.1575 455.1301 60.9783 455.2801 c
60.7975 455.4298 60.5333 455.5040 60.1843 455.5040 c
59.0117 455.5040 l
59.2574 455.7759 l
h
h
62.0966 452.1628 m
63.8252 455.9769 l
64.3643 455.9769 l
66.0974 452.1628 l
65.5243 452.1628 l
63.9828 455.6724 l
64.2005 455.6724 l
62.6590 452.1628 l
h
h
62.8336 453.1158 m
62.9802 453.5529 l
65.1274 453.5529 l
65.2850 453.1158 l
h
h
68.3306 452.1195 m
68.0357 452.1195 67.7653 452.1674 67.5196 452.2649 c
67.2727 452.3607 67.0578 452.4965 66.8769 452.6725 c
66.6947 452.8488 66.5527 453.0557 66.4506 453.2922 c
66.3489 453.5283 66.2978 453.7879 66.2978 454.0706 c
66.2978 454.3532 66.3489 454.6142 66.4506 454.8506 c
66.5527 455.0871 66.6947 455.2923 66.8786 455.4686 c
67.0623 455.6446 67.2772 455.7804 67.5244 455.8779 c
67.7716 455.9737 68.0434 456.0216 68.3416 456.0216 c
68.6426 456.0216 68.9193 455.9720 69.1710 455.8748 c
69.4213 455.7759 69.6328 455.6290 69.8074 455.4329 c
69.4706 455.0947 l
69.3147 455.2475 69.1447 455.3589 68.9610 455.4298 c
68.7770 455.5009 68.5777 455.5363 68.3631 455.5363 c
68.1452 455.5363 67.9431 455.5009 67.7560 455.4283 c
67.5692 455.3558 67.4070 455.2537 67.2710 455.1225 c
67.1352 454.9912 67.0300 454.8368 66.9557 454.6559 c
66.8801 454.4753 66.8432 454.2806 66.8432 454.0706 c
66.8432 453.8636 66.8801 453.6706 66.9557 453.4897 c
67.0300 453.3089 67.1352 453.1530 67.2710 453.0217 c
67.4070 452.8888 67.5675 452.7870 67.7529 452.7142 c
67.9382 452.6416 68.1406 452.6048 68.3583 452.6048 c
68.5607 452.6048 68.7569 452.6371 68.9440 452.7003 c
69.1308 452.7638 69.3054 452.8687 69.4644 453.0186 c
69.7751 452.6048 l
69.5866 452.4454 69.3655 452.3250 69.1138 452.2431 c
68.8606 452.1614 68.5996 452.1195 68.3306 452.1195 c
h
69.7751 452.6048 m
69.2512 452.6756 l
69.2512 454.0921 l
69.7751 454.0921 l
h
h
72.3949 452.1195 m
71.8943 452.1195 71.5005 452.2632 71.2131 452.5506 c
70.9260 452.8363 70.7822 453.2564 70.7822 453.8081 c
70.7822 455.9769 l
71.3273 455.9769 l
71.3273 453.8310 l
71.3273 453.4064 71.4217 453.0957 71.6085 452.8996 c
71.7956 452.7034 72.0595 452.6048 72.4011 452.6048 c
72.7455 452.6048 73.0128 452.7034 73.1996 452.8996 c
73.3867 453.0957 73.4808 453.4064 73.4808 453.8310 c
73.4808 455.9769 l
74.0092 455.9769 l
74.0092 453.8081 l
74.0092 453.2564 73.8669 452.8363 73.5812 452.5506 c
73.2954 452.2632 72.9000 452.1195 72.3949 452.1195 c
h
76.2367 452.1195 m
75.9461 452.1195 75.6680 452.1643 75.4041 452.2541 c
75.1382 452.3420 74.9299 452.4579 74.7768 452.5985 c
74.9778 453.0231 l
75.1229 452.8964 75.3083 452.7916 75.5337 452.7082 c
75.7593 452.6246 75.9940 452.5829 76.2367 452.5829 c
76.4575 452.5829 76.6383 452.6076 76.7758 452.6586 c
76.9133 452.7096 77.0151 452.7791 77.0817 452.8687 c
77.1466 452.9568 77.1789 453.0589 77.1789 453.1714 c
77.1789 453.3029 77.1372 453.4078 77.0522 453.4883 c
76.9671 453.5671 76.8560 453.6317 76.7203 453.6814 c
76.5828 453.7293 76.4328 453.7723 76.2707 453.8095 c
76.1068 453.8449 75.9416 453.8883 75.7763 453.9376 c
75.6111 453.9855 75.4597 454.0490 75.3236 454.1247 c
75.1878 454.2004 75.0781 454.3038 74.9948 454.4337 c
74.9112 454.5618 74.8695 454.7285 74.8695 454.9309 c
74.8695 455.1270 74.9220 455.3093 75.0257 455.4748 c
75.1292 455.6401 75.2882 455.7713 75.5045 455.8717 c
75.7208 455.9720 75.9957 456.0216 76.3294 456.0216 c
76.5502 456.0216 76.7710 455.9922 76.9890 455.9349 c
77.2067 455.8762 77.3966 455.7929 77.5559 455.6832 c
77.3751 455.2475 l
77.2129 455.3572 77.0400 455.4360 76.8591 455.4856 c
76.6769 455.5335 76.5009 455.5582 76.3294 455.5582 c
76.1145 455.5582 75.9385 455.5304 75.8010 455.4763 c
75.6635 455.4221 75.5614 455.3495 75.4982 455.2586 c
75.4350 455.1673 75.4024 455.0652 75.4024 454.9527 c
75.4024 454.8183 75.4458 454.7117 75.5306 454.6312 c
75.6156 454.5510 75.7270 454.4875 75.8645 454.4413 c
76.0003 454.3934 76.1502 454.3517 76.3138 454.3132 c
76.4762 454.2744 76.6414 454.2327 76.8067 454.1848 c
76.9720 454.1369 77.1216 454.0751 77.2591 453.9994 c
77.3952 453.9237 77.5049 453.8220 77.5882 453.6952 c
77.6716 453.5671 77.7132 453.4033 77.7132 453.2040 c
77.7132 453.0110 77.6608 452.8332 77.5559 452.6680 c
77.4507 452.5027 77.2886 452.3698 77.0692 452.2694 c
76.8484 452.1691 76.5717 452.1195 76.2367 452.1195 c
f
q
25.8653 466.0699 73.1733 54.8799 re W*
n
/GS13 gs
q
25.8653 466.0699 m
25.8653 520.9498 l
99.0386 520.9498 l
99.0386 466.0699 l
h
W*
n
q
73.54462 0.00000 0.00000 55.22811 25.7726 465.7914 cm
/Im48 Do
Q
Q
Q
/GS13 gs
/CS15 cs 0.5300 1.0000 0.2800 0.1100 scn
96.7371 366.1537 m
26.2650 366.1537 l
28.7019 371.8956 l
26.2650 377.6386 l
96.7371 377.6386 l
94.2990 372.2057 l
h
f
/GS13 gs
/CS15 cs 0.5300 1.0000 0.2800 0.1100 scn
175.9499 448.0296 m
105.4777 448.0296 l
107.9147 453.8336 l
105.4777 459.6386 l
175.9499 459.6386 l
173.5118 454.1468 l
h
f
/GS13 gs
/CS15 cs 0.0000 0.0000 0.0000 0.0000 scn
119.5860 452.9086 m
119.5583 453.5745 l
121.7225 455.8020 l
122.3433 455.8020 l
120.6706 454.0363 l
120.3647 453.6995 l
h
h
119.1056 451.9879 m
119.1056 455.8020 l
119.6510 455.8020 l
119.6510 451.9879 l
h
h
121.8090 451.9879 m
120.2457 453.8075 l
120.6102 454.2109 l
122.4468 451.9879 l
h
h
122.2929 451.9879 m
124.0214 455.8020 l
124.5606 455.8020 l
126.2937 451.9879 l
125.7205 451.9879 l
124.1790 455.4975 l
124.3967 455.4975 l
122.8552 451.9879 l
h
h
123.0299 452.9409 m
123.1764 453.3780 l
125.3237 453.3780 l
125.4813 452.9409 l
h
h
126.8589 451.9879 m
126.8589 455.8020 l
127.3071 455.8020 l
129.0169 452.9194 l
128.7774 452.9194 l
130.4674 455.8020 l
130.9139 455.8020 l
130.9201 451.9879 l
130.3963 451.9879 l
130.3903 454.9799 l
130.5167 454.9799 l
129.0124 452.4514 l
128.7621 452.4514 l
127.2467 454.9799 l
127.3827 454.9799 l
127.3827 451.9879 l
h
h
132.0630 451.9879 m
132.0630 455.8020 l
132.6084 455.8020 l
132.6084 451.9879 l
h
h
133.7530 451.9879 m
133.7530 455.8020 l
134.2012 455.8020 l
136.7235 452.6691 l
136.4888 452.6691 l
136.4888 455.8020 l
137.0341 455.8020 l
137.0341 451.9879 l
136.5877 451.9879 l
134.0651 455.1205 l
134.2984 455.1205 l
134.2984 451.9879 l
h
h
138.1788 451.9879 m
138.1788 455.8020 l
138.7242 455.8020 l
138.7242 451.9879 l
h
h
141.3346 451.9879 m
141.3346 455.8020 l
141.8800 455.8020 l
141.8800 452.4622 l
143.9453 452.4622 l
143.9453 451.9879 l
h
h
144.5723 451.9879 m
144.5723 455.8020 l
147.2649 455.8020 l
147.2649 455.3291 l
145.1177 455.3291 l
145.1177 452.4622 l
147.3420 452.4622 l
147.3420 451.9879 l
h
h
145.0684 453.6933 m
145.0684 454.1567 l
147.0300 454.1567 l
147.0300 453.6933 l
h
h
147.6462 451.9879 m
149.3748 455.8020 l
149.9139 455.8020 l
151.6470 451.9879 l
151.0739 451.9879 l
149.5324 455.4975 l
149.7501 455.4975 l
148.2086 451.9879 l
h
h
148.3832 452.9409 m
148.5298 453.3780 l
150.6770 453.3780 l
150.8346 452.9409 l
h
h
153.1123 451.9879 m
151.4330 455.8020 l
152.0215 455.8020 l
153.5647 452.2830 l
153.2265 452.2830 l
154.7804 455.8020 l
155.3241 455.8020 l
153.6514 451.9879 l
h
h
155.8094 451.9879 m
155.8094 455.8020 l
158.5020 455.8020 l
158.5020 455.3291 l
156.3548 455.3291 l
156.3548 452.4622 l
158.5791 452.4622 l
158.5791 451.9879 l
h
h
156.3055 453.6933 m
156.3055 454.1567 l
158.2671 454.1567 l
158.2671 453.6933 l
h
h
160.5733 451.9446 m
160.2828 451.9446 160.0047 451.9894 159.7408 452.0792 c
159.4749 452.1671 159.2666 452.2830 159.1135 452.4236 c
159.3145 452.8483 l
159.4596 452.7215 159.6450 452.6167 159.8703 452.5333 c
160.0960 452.4497 160.3307 452.4080 160.5733 452.4080 c
160.7941 452.4080 160.9750 452.4327 161.1125 452.4837 c
161.2500 452.5347 161.3517 452.6042 161.4183 452.6938 c
161.4832 452.7819 161.5156 452.8840 161.5156 452.9965 c
161.5156 453.1280 161.4739 453.2329 161.3889 453.3134 c
161.3038 453.3922 161.1927 453.4569 161.0569 453.5065 c
160.9194 453.5544 160.7695 453.5974 160.6073 453.6346 c
160.4435 453.6700 160.2782 453.7134 160.1130 453.7627 c
159.9477 453.8106 159.7963 453.8741 159.6603 453.9498 c
159.5245 454.0255 159.4148 454.1289 159.3315 454.2588 c
159.2478 454.3869 159.2062 454.5536 159.2062 454.7560 c
159.2062 454.9521 159.2586 455.1344 159.3624 455.2999 c
159.4658 455.4652 159.6249 455.5964 159.8411 455.6968 c
160.0574 455.7971 160.3324 455.8467 160.6660 455.8467 c
160.8868 455.8467 161.1077 455.8173 161.3256 455.7600 c
161.5433 455.7013 161.7333 455.6180 161.8926 455.5083 c
161.7117 455.0726 l
161.5496 455.1823 161.3767 455.2611 161.1958 455.3107 c
161.0135 455.3586 160.8375 455.3833 160.6660 455.3833 c
160.4511 455.3833 160.2751 455.3555 160.1376 455.3014 c
160.0002 455.2472 159.8981 455.1746 159.8349 455.0837 c
159.7717 454.9924 159.7391 454.8903 159.7391 454.7778 c
159.7391 454.6434 159.7825 454.5369 159.8672 454.4563 c
159.9523 454.3761 160.0637 454.3126 160.2011 454.2664 c
160.3369 454.2185 160.4869 454.1769 160.6504 454.1383 c
160.8129 454.0995 160.9781 454.0578 161.1434 454.0099 c
161.3086 453.9620 161.4583 453.9002 161.5958 453.8245 c
161.7318 453.7488 161.8415 453.6471 161.9249 453.5203 c
162.0082 453.3922 162.0499 453.2284 162.0499 453.0291 c
162.0499 452.8361 161.9974 452.6583 161.8926 452.4931 c
161.7874 452.3278 161.6253 452.1949 161.4059 452.0945 c
161.1850 451.9942 160.9084 451.9446 160.5733 451.9446 c
f
q
104.1259 466.0781 73.1653 54.8739 re W*
n
/GS13 gs
q
104.1259 466.0781 m
104.1259 520.9520 l
177.2912 520.9520 l
177.2912 466.0781 l
h
W*
n
q
73.53784 0.00000 0.00000 55.15338 103.9862 465.8335 cm
/Im49 Do
Q
Q
Q
/GS13 gs
/CS15 cs 0.5300 1.0000 0.2800 0.1100 scn
175.9499 366.1537 m
105.4777 366.1537 l
107.9147 371.8956 l
105.4777 377.6386 l
175.9499 377.6386 l
173.5118 372.2057 l
h
f
/GS13 gs
/CS15 cs 0.5300 1.0000 0.2800 0.1100 scn
255.1623 448.0296 m
184.6905 448.0296 l
187.1274 453.8336 l
184.6905 459.6386 l
255.1623 459.6386 l
252.7245 454.1468 l
h
f
/GS13 gs
/CS15 cs 0.0000 0.0000 0.0000 0.0000 scn
198.3832 451.9879 m
198.3832 455.8020 l
199.8723 455.8020 l
200.2062 455.8020 200.4919 455.7492 200.7281 455.6443 c
200.9645 455.5392 201.1453 455.3864 201.2734 455.1871 c
201.4002 454.9878 201.4634 454.7500 201.4634 454.4734 c
201.4634 454.1970 201.4002 453.9606 201.2734 453.7627 c
201.1453 453.5634 200.9645 453.4106 200.7281 453.3041 c
200.4919 453.1975 200.2062 453.1433 199.8723 453.1433 c
198.6829 453.1433 l
198.9286 453.3999 l
198.9286 451.9879 l
h
h
198.9286 453.3443 m
198.6829 453.6176 l
199.8556 453.6176 l
200.2045 453.6176 200.4687 453.6918 200.6495 453.8415 c
200.8287 453.9898 200.9183 454.2001 200.9183 454.4734 c
200.9183 454.7452 200.8287 454.9552 200.6495 455.1052 c
200.4687 455.2549 200.2045 455.3291 199.8556 455.3291 c
198.6829 455.3291 l
198.9286 455.6010 l
h
h
204.0401 451.9446 m
203.7498 451.9446 203.4811 451.9942 203.2322 452.0914 c
202.9836 452.1886 202.7673 452.3261 202.5865 452.5024 c
202.4042 452.6785 202.2622 452.8854 202.1601 453.1218 c
202.0584 453.3582 202.0073 453.6162 202.0073 453.8957 c
202.0073 454.1751 202.0584 454.4331 202.1601 454.6695 c
202.2622 454.9059 202.4042 455.1114 202.5865 455.2875 c
202.7673 455.4635 202.9822 455.6010 203.2291 455.6999 c
203.4748 455.7971 203.7453 455.8467 204.0401 455.8467 c
204.3306 455.8467 204.5993 455.7988 204.8448 455.7030 c
205.0906 455.6055 205.3037 455.4697 205.4874 455.2937 c
205.6714 455.1174 205.8120 454.9122 205.9123 454.6757 c
206.0127 454.4393 206.0623 454.1783 206.0623 453.8957 c
206.0623 453.6130 206.0127 453.3534 205.9123 453.1173 c
205.8120 452.8809 205.6714 452.6739 205.4874 452.4976 c
205.3037 452.3216 205.0906 452.1858 204.8448 452.0900 c
204.5993 451.9925 204.3306 451.9446 204.0401 451.9446 c
h
204.0401 452.4299 m
204.2518 452.4299 204.4466 452.4667 204.6271 452.5393 c
204.8063 452.6121 204.9625 452.7139 205.0951 452.8468 c
205.2281 452.9781 205.3315 453.1340 205.4058 453.3117 c
205.4798 453.4894 205.5169 453.6839 205.5169 453.8957 c
205.5169 454.1057 205.4798 454.3004 205.4058 454.4779 c
205.3315 454.6556 205.2281 454.8118 205.0951 454.9445 c
204.9625 455.0774 204.8063 455.1809 204.6271 455.2534 c
204.4466 455.3260 204.2518 455.3614 204.0401 455.3614 c
203.8255 455.3614 203.6293 455.3260 203.4502 455.2534 c
203.2693 455.1809 203.1134 455.0774 202.9791 454.9445 c
202.8447 454.8118 202.7395 454.6556 202.6653 454.4779 c
202.5896 454.3004 202.5527 454.1057 202.5527 453.8957 c
202.5527 453.6839 202.5896 453.4894 202.6653 453.3117 c
202.7395 453.1340 202.8447 452.9781 202.9791 452.8468 c
203.1134 452.7139 203.2693 452.6121 203.4502 452.5393 c
203.6293 452.4667 203.8255 452.4299 204.0401 452.4299 c
h
206.8948 451.9879 m
206.8948 455.8020 l
208.5029 455.8020 l
208.9091 455.8020 209.2691 455.7214 209.5795 455.5624 c
209.8902 455.4034 210.1311 455.1792 210.3041 454.8934 c
210.4770 454.6063 210.5637 454.2741 210.5637 453.8957 c
210.5637 453.5172 210.4770 453.1850 210.3041 452.8979 c
210.1311 452.6104 209.8902 452.3865 209.5795 452.2275 c
209.2691 452.0682 208.9091 451.9879 208.5029 451.9879 c
h
h
207.4402 452.4622 m
208.4706 452.4622 l
208.7872 452.4622 209.0605 452.5223 209.2907 452.6430 c
209.5209 452.7618 209.7000 452.9302 209.8284 453.1465 c
209.9551 453.3627 210.0183 453.6130 210.0183 453.8957 c
210.0183 454.1814 209.9551 454.4331 209.8284 454.6480 c
209.7000 454.8626 209.5209 455.0295 209.2907 455.1500 c
209.0605 455.2690 208.7872 455.3291 208.4706 455.3291 c
207.4402 455.3291 l
h
h
213.1186 451.9446 m
212.8283 451.9446 212.5596 451.9942 212.3107 452.0914 c
212.0621 452.1886 211.8458 452.3261 211.6650 452.5024 c
211.4827 452.6785 211.3407 452.8854 211.2386 453.1218 c
211.1369 453.3582 211.0859 453.6162 211.0859 453.8957 c
211.0859 454.1751 211.1369 454.4331 211.2386 454.6695 c
211.3407 454.9059 211.4827 455.1114 211.6650 455.2875 c
211.8458 455.4635 212.0607 455.6010 212.3076 455.6999 c
212.5534 455.7971 212.8238 455.8467 213.1186 455.8467 c
213.4091 455.8467 213.6779 455.7988 213.9233 455.7030 c
214.1691 455.6055 214.3823 455.4697 214.5660 455.2937 c
214.7499 455.1174 214.8905 454.9122 214.9909 454.6757 c
215.0912 454.4393 215.1408 454.1783 215.1408 453.8957 c
215.1408 453.6130 215.0912 453.3534 214.9909 453.1173 c
214.8905 452.8809 214.7499 452.6739 214.5660 452.4976 c
214.3823 452.3216 214.1691 452.1858 213.9233 452.0900 c
213.6779 451.9925 213.4091 451.9446 213.1186 451.9446 c
h
213.1186 452.4299 m
213.3303 452.4299 213.5251 452.4667 213.7056 452.5393 c
213.8848 452.6121 214.0410 452.7139 214.1736 452.8468 c
214.3066 452.9781 214.4100 453.1340 214.4843 453.3117 c
214.5583 453.4894 214.5954 453.6839 214.5954 453.8957 c
214.5954 454.1057 214.5583 454.3004 214.4843 454.4779 c
214.4100 454.6556 214.3066 454.8118 214.1736 454.9445 c
214.0410 455.0774 213.8848 455.1809 213.7056 455.2534 c
213.5251 455.3260 213.3303 455.3614 213.1186 455.3614 c
212.9040 455.3614 212.7078 455.3260 212.5287 455.2534 c
212.3478 455.1809 212.1919 455.0774 212.0576 454.9445 c
211.9232 454.8118 211.8180 454.6556 211.7438 454.4779 c
211.6681 454.3004 211.6312 454.1057 211.6312 453.8957 c
211.6312 453.6839 211.6681 453.4894 211.7438 453.3117 c
211.8180 453.1340 211.9232 452.9781 212.0576 452.8468 c
212.1919 452.7139 212.3478 452.6121 212.5287 452.5393 c
212.7078 452.4667 212.9040 452.4299 213.1186 452.4299 c
h
217.6804 451.9446 m
217.3884 451.9446 217.1211 451.9925 216.8756 452.0900 c
216.6299 452.1858 216.4184 452.3216 216.2392 452.4976 c
216.0584 452.6739 215.9178 452.8809 215.8157 453.1173 c
215.7140 453.3534 215.6630 453.6130 215.6630 453.8957 c
215.6630 454.1783 215.7140 454.4393 215.8157 454.6757 c
215.9178 454.9122 216.0598 455.1174 216.2421 455.2937 c
216.4229 455.4697 216.6361 455.6055 216.8819 455.7030 c
217.1273 455.7988 217.3946 455.8467 217.6849 455.8467 c
217.9800 455.8467 218.2518 455.7971 218.5004 455.6968 c
218.7493 455.5964 218.9608 455.4482 219.1354 455.2520 c
218.7802 454.9090 l
218.6351 455.0618 218.4712 455.1746 218.2904 455.2503 c
218.1081 455.3246 217.9137 455.3614 217.7067 455.3614 c
217.4919 455.3614 217.2943 455.3260 217.1103 455.2534 c
216.9266 455.1809 216.7690 455.0788 216.6347 454.9476 c
216.5003 454.8163 216.3951 454.6619 216.3209 454.4810 c
216.2452 454.3004 216.2083 454.1057 216.2083 453.8957 c
216.2083 453.6839 216.2452 453.4894 216.3209 453.3103 c
216.3951 453.1294 216.5003 452.9750 216.6347 452.8437 c
216.7690 452.7125 216.9266 452.6121 217.1103 452.5393 c
217.2943 452.4667 217.4919 452.4299 217.7067 452.4299 c
217.9137 452.4299 218.1081 452.4667 218.2904 452.5410 c
218.4712 452.6150 218.6351 452.7309 218.7802 452.8871 c
219.1354 452.5441 l
218.9608 452.3479 218.7493 452.1980 218.5004 452.0976 c
218.2518 451.9956 217.9786 451.9446 217.6804 451.9446 c
h
221.4386 451.9446 m
220.9380 451.9446 220.5442 452.0883 220.2568 452.3757 c
219.9696 452.6614 219.8259 453.0815 219.8259 453.6332 c
219.8259 455.8020 l
220.3710 455.8020 l
220.3710 453.6561 l
220.3710 453.2315 220.4654 452.9208 220.6522 452.7247 c
220.8393 452.5285 221.1032 452.4299 221.4448 452.4299 c
221.7892 452.4299 222.0565 452.5285 222.2433 452.7247 c
222.4304 452.9208 222.5245 453.2315 222.5245 453.6561 c
222.5245 455.8020 l
223.0529 455.8020 l
223.0529 453.6332 l
223.0529 453.0815 222.9106 452.6614 222.6249 452.3757 c
222.3391 452.0883 221.9437 451.9446 221.4386 451.9446 c
h
224.1680 451.9879 m
224.1680 455.8020 l
225.6571 455.8020 l
226.1500 455.8020 226.5392 455.6843 226.8235 455.4513 c
227.1061 455.2163 227.2482 454.8903 227.2482 454.4734 c
227.2482 454.1970 227.1849 453.9606 227.0582 453.7627 c
226.9301 453.5634 226.7493 453.4121 226.5129 453.3072 c
226.2767 453.2006 225.9910 453.1479 225.6571 453.1479 c
224.4677 453.1479 l
224.7134 453.3999 l
224.7134 451.9879 l
h
h
226.7184 451.9879 m
225.7483 453.3721 l
226.3323 453.3721 l
227.3131 451.9879 l
h
h
224.7134 453.3443 m
224.4677 453.6113 l
225.6403 453.6113 l
225.9893 453.6113 226.2535 453.6870 226.4343 453.8384 c
226.6135 453.9883 226.7031 454.2001 226.7031 454.4734 c
226.7031 454.7452 226.6135 454.9552 226.4343 455.1052 c
226.2535 455.2549 225.9893 455.3291 225.6403 455.3291 c
224.4677 455.3291 l
224.7134 455.6010 l
h
h
228.1303 451.9879 m
228.1303 455.8020 l
229.6193 455.8020 l
229.9533 455.8020 230.2390 455.7492 230.4751 455.6443 c
230.7115 455.5392 230.8924 455.3864 231.0205 455.1871 c
231.1472 454.9878 231.2104 454.7500 231.2104 454.4734 c
231.2104 454.1970 231.1472 453.9606 231.0205 453.7627 c
230.8924 453.5634 230.7115 453.4106 230.4751 453.3041 c
230.2390 453.1975 229.9533 453.1433 229.6193 453.1433 c
228.4299 453.1433 l
228.6757 453.3999 l
228.6757 451.9879 l
h
h
228.6757 453.3443 m
228.4299 453.6176 l
229.6026 453.6176 l
229.9516 453.6176 230.2157 453.6918 230.3966 453.8415 c
230.5757 453.9898 230.6653 454.2001 230.6653 454.4734 c
230.6653 454.7452 230.5757 454.9552 230.3966 455.1052 c
230.2157 455.2549 229.9516 455.3291 229.6026 455.3291 c
228.4299 455.3291 l
228.6757 455.6010 l
h
h
233.6014 451.9446 m
233.1009 451.9446 232.7071 452.0883 232.4197 452.3757 c
232.1325 452.6614 231.9888 453.0815 231.9888 453.6332 c
231.9888 455.8020 l
232.5339 455.8020 l
232.5339 453.6561 l
232.5339 453.2315 232.6283 452.9208 232.8151 452.7247 c
233.0022 452.5285 233.2661 452.4299 233.6077 452.4299 c
233.9521 452.4299 234.2194 452.5285 234.4062 452.7247 c
234.5933 452.9208 234.6874 453.2315 234.6874 453.6561 c
234.6874 455.8020 l
235.2158 455.8020 l
235.2158 453.6332 l
235.2158 453.0815 235.0735 452.6614 234.7877 452.3757 c
234.5020 452.0883 234.1066 451.9446 233.6014 451.9446 c
h
237.4432 451.9446 m
237.1527 451.9446 236.8746 451.9894 236.6107 452.0792 c
236.3448 452.1671 236.1365 452.2830 235.9834 452.4236 c
236.1844 452.8483 l
236.3295 452.7215 236.5149 452.6167 236.7403 452.5333 c
236.9659 452.4497 237.2006 452.4080 237.4432 452.4080 c
237.6641 452.4080 237.8449 452.4327 237.9824 452.4837 c
238.1199 452.5347 238.2216 452.6042 238.2883 452.6938 c
238.3532 452.7819 238.3855 452.8840 238.3855 452.9965 c
238.3855 453.1280 238.3438 453.2329 238.2588 453.3134 c
238.1737 453.3922 238.0626 453.4569 237.9268 453.5065 c
237.7894 453.5544 237.6394 453.5974 237.4773 453.6346 c
237.3134 453.6700 237.1482 453.7134 236.9829 453.7627 c
236.8176 453.8106 236.6663 453.8741 236.5302 453.9498 c
236.3944 454.0255 236.2847 454.1289 236.2014 454.2588 c
236.1178 454.3869 236.0761 454.5536 236.0761 454.7560 c
236.0761 454.9521 236.1285 455.1344 236.2323 455.2999 c
236.3357 455.4652 236.4948 455.5964 236.7111 455.6968 c
236.9273 455.7971 237.2023 455.8467 237.5359 455.8467 c
237.7568 455.8467 237.9776 455.8173 238.1956 455.7600 c
238.4133 455.7013 238.6032 455.6180 238.7625 455.5083 c
238.5816 455.0726 l
238.4195 455.1823 238.2466 455.2611 238.0657 455.3107 c
237.8835 455.3586 237.7074 455.3833 237.5359 455.3833 c
237.3211 455.3833 237.1450 455.3555 237.0076 455.3014 c
236.8701 455.2472 236.7680 455.1746 236.7048 455.0837 c
236.6416 454.9924 236.6090 454.8903 236.6090 454.7778 c
236.6090 454.6434 236.6524 454.5369 236.7371 454.4563 c
236.8222 454.3761 236.9336 454.3126 237.0711 454.2664 c
237.2068 454.2185 237.3568 454.1769 237.5203 454.1383 c
237.6828 454.0995 237.8480 454.0578 238.0133 454.0099 c
238.1786 453.9620 238.3282 453.9002 238.4657 453.8245 c
238.6018 453.7488 238.7115 453.6471 238.7948 453.5203 c
238.8781 453.3922 238.9198 453.2284 238.9198 453.0291 c
238.9198 452.8361 238.8674 452.6583 238.7625 452.4931 c
238.6573 452.3278 238.4952 452.1949 238.2758 452.0945 c
238.0550 451.9942 237.7783 451.9446 237.4432 451.9446 c
f
q
183.3287 466.0838 73.1846 54.8887 re W*
n
/GS13 gs
q
183.3287 466.0838 m
183.3287 520.9724 l
256.5133 520.9724 l
256.5133 466.0838 l
h
W*
n
q
73.51868 0.00000 0.00000 55.15570 183.1283 465.9168 cm
/Im50 Do
Q
Q
Q
/GS13 gs
/CS15 cs 0.5300 1.0000 0.2800 0.1100 scn
254.2105 366.1537 m
183.7383 366.1537 l
186.1753 371.8956 l
183.7383 377.6386 l
254.2105 377.6386 l
251.7724 372.2057 l
h
f
/GS13 gs
/CS15 cs 0.0000 0.0000 0.0000 0.0000 scn
48.8784 369.0615 m
48.5379 369.0615 48.2264 369.1174 47.9401 369.2307 c
47.6538 369.3424 47.4072 369.5009 47.1983 369.7064 c
46.9874 369.9116 46.8235 370.1529 46.7048 370.4284 c
46.5857 370.7039 46.5265 371.0066 46.5265 371.3360 c
46.5265 371.6657 46.5857 371.9701 46.7048 372.2457 c
46.8235 372.5212 46.9894 372.7607 47.2017 372.9660 c
47.4126 373.1715 47.6609 373.3299 47.9475 373.4433 c
48.2338 373.5550 48.5453 373.6108 48.8837 373.6108 c
49.2279 373.6108 49.5448 373.5530 49.8348 373.4362 c
50.1248 373.3191 50.3714 373.1462 50.5749 372.9175 c
50.1608 372.5175 l
49.9915 372.6958 49.8005 372.8273 49.5899 372.9155 c
49.3773 373.0020 49.1505 373.0453 48.9090 373.0453 c
48.6587 373.0453 48.4282 373.0039 48.2139 372.9192 c
47.9996 372.8344 47.8159 372.7157 47.6592 372.5626 c
47.5024 372.4095 47.3800 372.2295 47.2935 372.0186 c
47.2054 371.8080 47.1620 371.5812 47.1620 371.3360 c
47.1620 371.0894 47.2054 370.8626 47.2935 370.6537 c
47.3800 370.4428 47.5024 370.2628 47.6592 370.1098 c
47.8159 369.9567 47.9996 369.8396 48.2139 369.7549 c
48.4282 369.6704 48.6587 369.6270 48.9090 369.6270 c
49.1505 369.6270 49.3773 369.6704 49.5899 369.7569 c
49.8005 369.8430 49.9915 369.9782 50.1608 370.1602 c
50.5749 369.7603 l
50.3714 369.5315 50.1248 369.3569 49.8348 369.2398 c
49.5448 369.1210 49.2259 369.0615 48.8784 369.0615 c
h
52.4169 369.1120 m
52.4169 370.8139 l
52.5626 370.4213 l
50.6500 373.5587 l
51.3289 373.5587 l
52.9373 370.9094 l
52.5679 370.9094 l
54.1817 373.5587 l
54.8121 373.5587 l
52.9050 370.4213 l
53.0453 370.8139 l
53.0453 369.1120 l
h
h
55.3561 369.1120 m
55.3561 373.5587 l
57.3514 373.5587 l
57.8648 373.5587 58.2591 373.4558 58.5349 373.2506 c
58.8104 373.0453 58.9470 372.7644 58.9470 372.4095 c
58.9470 372.1683 58.8932 371.9648 58.7852 371.8009 c
58.6769 371.6351 58.5312 371.5072 58.3492 371.4191 c
58.1672 371.3306 57.9694 371.2859 57.7585 371.2859 c
57.8718 371.4749 l
58.1258 371.4749 58.3509 371.4299 58.5473 371.3417 c
58.7418 371.2533 58.8969 371.1217 59.0102 370.9508 c
59.1236 370.7796 59.1812 370.5673 59.1812 370.3133 c
59.1812 369.9315 59.0389 369.6361 58.7526 369.4272 c
58.4663 369.2163 58.0431 369.1120 57.4792 369.1120 c
h
h
55.9919 369.6270 m
57.4540 369.6270 l
57.8052 369.6270 58.0737 369.6866 58.2610 369.8053 c
58.4464 369.9224 58.5403 370.1098 58.5403 370.3637 c
58.5403 370.6211 58.4464 370.8102 58.2610 370.9293 c
58.0737 371.0480 57.8052 371.1076 57.4540 371.1076 c
55.9341 371.1076 l
55.9341 371.6206 l
57.2939 371.6206 l
57.6162 371.6206 57.8665 371.6802 58.0448 371.7989 c
58.2231 371.9180 58.3115 372.0963 58.3115 372.3338 c
58.3115 372.5700 58.2231 372.7483 58.0448 372.8670 c
57.8665 372.9858 57.6162 373.0453 57.2939 373.0453 c
55.9919 373.0453 l
h
h
60.1665 369.1120 m
60.1665 373.5587 l
61.9024 373.5587 l
62.4770 373.5587 62.9308 373.4218 63.2622 373.1496 c
63.5919 372.8761 63.7574 372.4960 63.7574 372.0098 c
63.7574 371.6872 63.6837 371.4117 63.5360 371.1813 c
63.3866 370.9488 63.1757 370.7725 62.9002 370.6500 c
62.6247 370.5256 62.2916 370.4644 61.9024 370.4644 c
60.5157 370.4644 l
60.8023 370.7580 l
60.8023 369.1120 l
h
h
63.1397 369.1120 m
62.0087 370.7257 l
62.6896 370.7257 l
63.8331 369.1120 l
h
h
60.8023 370.6931 m
60.5157 371.0047 l
61.8829 371.0047 l
62.2896 371.0047 62.5978 371.0931 62.8084 371.2694 c
63.0173 371.4443 63.1219 371.6909 63.1219 372.0098 c
63.1219 372.3267 63.0173 372.5717 62.8084 372.7463 c
62.5978 372.9209 62.2896 373.0073 61.8829 373.0073 c
60.5157 373.0073 l
60.8023 373.3245 l
h
h
64.7858 369.1120 m
64.7858 373.5587 l
67.9249 373.5587 l
67.9249 373.0073 l
65.4216 373.0073 l
65.4216 369.6647 l
68.0148 369.6647 l
68.0148 369.1120 l
h
h
65.3638 371.1002 m
65.3638 371.6405 l
67.6511 371.6405 l
67.6511 371.1002 l
h
h
70.3397 369.0615 m
70.0013 369.0615 69.6770 369.1137 69.3692 369.2183 c
69.0593 369.3209 68.8161 369.4558 68.6378 369.6199 c
68.8720 370.1151 l
69.0412 369.9675 69.2575 369.8450 69.5203 369.7478 c
69.7833 369.6506 70.0571 369.6018 70.3397 369.6018 c
70.5974 369.6018 70.8080 369.6307 70.9685 369.6900 c
71.1286 369.7495 71.2474 369.8306 71.3251 369.9351 c
71.4005 370.0378 71.4385 370.1565 71.4385 370.2881 c
71.4385 370.4411 71.3897 370.5636 71.2908 370.6571 c
71.1916 370.7490 71.0620 370.8247 70.9036 370.8822 c
70.7431 370.9380 70.5685 370.9885 70.3794 371.0319 c
70.1887 371.0733 69.9959 371.1237 69.8031 371.1813 c
69.6104 371.2371 69.4338 371.3111 69.2753 371.3992 c
69.1169 371.4874 68.9890 371.6082 68.8918 371.7592 c
68.7946 371.9089 68.7458 372.1034 68.7458 372.3392 c
68.7458 372.5680 68.8071 372.7806 68.9278 372.9733 c
69.0486 373.1661 69.2340 373.3191 69.4862 373.4362 c
69.7382 373.5530 70.0588 373.6108 70.4477 373.6108 c
70.7054 373.6108 70.9628 373.5765 71.2168 373.5099 c
71.4708 373.4416 71.6924 373.3441 71.8778 373.2163 c
71.6672 372.7086 l
71.4781 372.8364 71.2763 372.9283 71.0657 372.9858 c
70.8531 373.0416 70.6479 373.0706 70.4477 373.0706 c
70.1974 373.0706 69.9922 373.0380 69.8321 372.9750 c
69.6716 372.9121 69.5529 372.8273 69.4789 372.7210 c
69.4052 372.6147 69.3672 372.4960 69.3672 372.3644 c
69.3672 372.2077 69.4176 372.0835 69.5169 371.9900 c
69.6158 371.8962 69.7456 371.8225 69.9058 371.7683 c
70.0642 371.7125 70.2388 371.6640 70.4299 371.6189 c
70.6190 371.5739 70.8117 371.5254 71.0045 371.4695 c
71.1969 371.4137 71.3718 371.3417 71.5320 371.2533 c
71.6905 371.1651 71.8183 371.0463 71.9155 370.8986 c
72.0130 370.7490 72.0615 370.5582 72.0615 370.3258 c
72.0615 370.1007 72.0003 369.8935 71.8778 369.7010 c
71.7554 369.5083 71.5663 369.3532 71.3106 369.2361 c
71.0529 369.1191 70.7306 369.0615 70.3397 369.0615 c
h
74.2856 369.0615 m
73.9471 369.0615 73.6228 369.1137 73.3150 369.2183 c
73.0052 369.3209 72.7620 369.4558 72.5837 369.6199 c
72.8178 370.1151 l
72.9870 369.9675 73.2033 369.8450 73.4661 369.7478 c
73.7291 369.6506 74.0030 369.6018 74.2856 369.6018 c
74.5432 369.6018 74.7539 369.6307 74.9143 369.6900 c
75.0745 369.7495 75.1932 369.8306 75.2709 369.9351 c
75.3463 370.0378 75.3843 370.1565 75.3843 370.2881 c
75.3843 370.4411 75.3355 370.5636 75.2366 370.6571 c
75.1374 370.7490 75.0078 370.8247 74.8494 370.8822 c
74.6889 370.9380 74.5143 370.9885 74.3253 371.0319 c
74.1345 371.0733 73.9417 371.1237 73.7490 371.1813 c
73.5562 371.2371 73.3796 371.3111 73.2212 371.3992 c
73.0627 371.4874 72.9349 371.6082 72.8376 371.7592 c
72.7404 371.9089 72.6917 372.1034 72.6917 372.3392 c
72.6917 372.5680 72.7529 372.7806 72.8736 372.9733 c
72.9944 373.1661 73.1798 373.3191 73.4321 373.4362 c
73.6841 373.5530 74.0047 373.6108 74.3936 373.6108 c
74.6512 373.6108 74.9086 373.5765 75.1626 373.5099 c
75.4166 373.4416 75.6383 373.3441 75.8237 373.2163 c
75.6130 372.7086 l
75.4240 372.8364 75.2221 372.9283 75.0115 372.9858 c
74.7989 373.0416 74.5937 373.0706 74.3936 373.0706 c
74.1433 373.0706 73.9380 373.0380 73.7779 372.9750 c
73.6174 372.9121 73.4987 372.8273 73.4247 372.7210 c
73.3510 372.6147 73.3130 372.4960 73.3130 372.3644 c
73.3130 372.2077 73.3635 372.0835 73.4627 371.9900 c
73.5616 371.8962 73.6914 371.8225 73.8516 371.7683 c
74.0100 371.7125 74.1847 371.6640 74.3757 371.6189 c
74.5648 371.5739 74.7575 371.5254 74.9503 371.4695 c
75.1428 371.4137 75.3177 371.3417 75.4778 371.2533 c
75.6363 371.1651 75.7641 371.0463 75.8614 370.8986 c
75.9589 370.7490 76.0073 370.5582 76.0073 370.3258 c
76.0073 370.1007 75.9461 369.8935 75.8237 369.7010 c
75.7012 369.5083 75.5121 369.3532 75.2564 369.2361 c
74.9988 369.1191 74.6765 369.0615 74.2856 369.0615 c
f
q
24.9007 384.1977 73.1920 54.8898 re W*
n
/GS13 gs
q
24.9007 384.1977 m
24.9007 439.0875 l
98.0926 439.0875 l
98.0926 384.1977 l
h
W*
n
q
73.52445 0.00000 0.00000 55.10983 24.6891 384.0975 cm
/Im51 Do
Q
Q
Q
/GS13 gs
/CS15 cs 0.0000 0.0000 0.0000 0.0000 scn
116.7965 369.0615 m
116.4580 369.0615 116.1337 369.1137 115.8259 369.2183 c
115.5161 369.3209 115.2729 369.4558 115.0946 369.6199 c
115.3287 370.1151 l
115.4979 369.9675 115.7142 369.8450 115.9770 369.7478 c
116.2400 369.6506 116.5139 369.6018 116.7965 369.6018 c
117.0541 369.6018 117.2648 369.6307 117.4252 369.6900 c
117.5854 369.7495 117.7041 369.8306 117.7818 369.9351 c
117.8572 370.0378 117.8952 370.1565 117.8952 370.2881 c
117.8952 370.4411 117.8464 370.5636 117.7475 370.6571 c
117.6483 370.7490 117.5187 370.8247 117.3603 370.8822 c
117.1998 370.9380 117.0252 370.9885 116.8362 371.0319 c
116.6454 371.0733 116.4526 371.1237 116.2599 371.1813 c
116.0671 371.2371 115.8905 371.3111 115.7321 371.3992 c
115.5736 371.4874 115.4458 371.6082 115.3485 371.7592 c
115.2513 371.9089 115.2026 372.1034 115.2026 372.3392 c
115.2026 372.5680 115.2638 372.7806 115.3845 372.9733 c
115.5053 373.1661 115.6907 373.3191 115.9430 373.4362 c
116.1950 373.5530 116.5156 373.6108 116.9045 373.6108 c
117.1621 373.6108 117.4195 373.5765 117.6735 373.5099 c
117.9275 373.4416 118.1492 373.3441 118.3346 373.2163 c
118.1239 372.7086 l
117.9349 372.8364 117.7330 372.9283 117.5224 372.9858 c
117.3098 373.0416 117.1046 373.0706 116.9045 373.0706 c
116.6542 373.0706 116.4489 373.0380 116.2888 372.9750 c
116.1283 372.9121 116.0096 372.8273 115.9356 372.7210 c
115.8619 372.6147 115.8239 372.4960 115.8239 372.3644 c
115.8239 372.2077 115.8744 372.0835 115.9736 371.9900 c
116.0725 371.8962 116.2023 371.8225 116.3625 371.7683 c
116.5209 371.7125 116.6956 371.6640 116.8866 371.6189 c
117.0757 371.5739 117.2684 371.5254 117.4612 371.4695 c
117.6537 371.4137 117.8286 371.3417 117.9887 371.2533 c
118.1472 371.1651 118.2750 371.0463 118.3723 370.8986 c
118.4698 370.7490 118.5182 370.5582 118.5182 370.3258 c
118.5182 370.1007 118.4570 369.8935 118.3346 369.7010 c
118.2121 369.5083 118.0230 369.3532 117.7673 369.2361 c
117.5097 369.1191 117.1874 369.0615 116.7965 369.0615 c
h
121.4538 369.0615 m
121.1151 369.0615 120.8018 369.1191 120.5118 369.2327 c
120.2219 369.3461 119.9699 369.5063 119.7590 369.7118 c
119.5466 369.9170 119.3808 370.1582 119.2620 370.4338 c
119.1430 370.7093 119.0837 371.0100 119.0837 371.3360 c
119.0837 371.6620 119.1430 371.9628 119.2620 372.2386 c
119.3808 372.5141 119.5466 372.7536 119.7590 372.9589 c
119.9699 373.1641 120.2202 373.3245 120.5082 373.4396 c
120.7945 373.5530 121.1097 373.6108 121.4538 373.6108 c
121.7923 373.6108 122.1058 373.5550 122.3921 373.4433 c
122.6784 373.3299 122.9270 373.1715 123.1413 372.9660 c
123.3556 372.7607 123.5194 372.5212 123.6365 372.2457 c
123.7535 371.9701 123.8111 371.6657 123.8111 371.3360 c
123.8111 371.0066 123.7535 370.7039 123.6365 370.4284 c
123.5194 370.1529 123.3556 369.9116 123.1413 369.7064 c
122.9270 369.5009 122.6784 369.3424 122.3921 369.2307 c
122.1058 369.1174 121.7923 369.0615 121.4538 369.0615 c
h
121.4538 369.6270 m
121.7004 369.6270 121.9275 369.6704 122.1381 369.7549 c
122.3470 369.8396 122.5290 369.9584 122.6837 370.1132 c
122.8388 370.2665 122.9593 370.4482 123.0457 370.6554 c
123.1322 370.8626 123.1756 371.0894 123.1756 371.3360 c
123.1756 371.5812 123.1322 371.8080 123.0457 372.0152 c
122.9593 372.2221 122.8388 372.4041 122.6837 372.5589 c
122.5290 372.7140 122.3470 372.8344 122.1381 372.9192 c
121.9275 373.0039 121.7004 373.0453 121.4538 373.0453 c
121.2035 373.0453 120.9747 373.0039 120.7658 372.9192 c
120.5549 372.8344 120.3732 372.7140 120.2165 372.5589 c
120.0597 372.4041 119.9373 372.2221 119.8508 372.0152 c
119.7626 371.8080 119.7193 371.5812 119.7193 371.3360 c
119.7193 371.0894 119.7626 370.8626 119.8508 370.6554 c
119.9373 370.4482 120.0597 370.2665 120.2165 370.1132 c
120.3732 369.9584 120.5549 369.8396 120.7658 369.7549 c
120.9747 369.6704 121.2035 369.6270 121.4538 369.6270 c
h
124.7820 369.1120 m
124.7820 373.5587 l
125.3041 373.5587 l
128.2450 369.9062 l
127.9715 369.9062 l
127.9715 373.5587 l
128.6070 373.5587 l
128.6070 369.1120 l
128.0866 369.1120 l
125.1456 372.7644 l
125.4178 372.7644 l
125.4178 369.1120 l
h
h
131.9496 369.0615 m
131.6055 369.0615 131.2903 369.1174 131.0040 369.2307 c
130.7160 369.3424 130.4657 369.5009 130.2548 369.7064 c
130.0425 369.9116 129.8767 370.1529 129.7579 370.4284 c
129.6388 370.7039 129.5796 371.0066 129.5796 371.3360 c
129.5796 371.6657 129.6388 371.9701 129.7579 372.2457 c
129.8767 372.5212 130.0425 372.7607 130.2568 372.9660 c
130.4711 373.1715 130.7214 373.3299 131.0094 373.4433 c
131.2977 373.5550 131.6146 373.6108 131.9621 373.6108 c
132.3133 373.6108 132.6356 373.5530 132.9293 373.4396 c
133.2210 373.3245 133.4679 373.1533 133.6714 372.9246 c
133.2788 372.5303 l
133.0968 372.7086 132.8987 372.8381 132.6844 372.9209 c
132.4701 373.0039 132.2376 373.0453 131.9873 373.0453 c
131.7334 373.0453 131.4975 373.0039 131.2795 372.9192 c
131.0618 372.8344 130.8725 372.7157 130.7140 372.5626 c
130.5556 372.4095 130.4331 372.2295 130.3466 372.0186 c
130.2585 371.8080 130.2151 371.5812 130.2151 371.3360 c
130.2151 371.0948 130.2585 370.8697 130.3466 370.6591 c
130.4331 370.4482 130.5556 370.2665 130.7140 370.1132 c
130.8725 369.9584 131.0598 369.8396 131.2761 369.7549 c
131.4921 369.6704 131.7280 369.6270 131.9820 369.6270 c
132.2178 369.6270 132.4466 369.6647 132.6645 369.7387 c
132.8825 369.8124 133.0860 369.9351 133.2714 370.1098 c
133.6334 369.6270 l
133.4137 369.4416 133.1563 369.3010 132.8627 369.2055 c
132.5673 369.1103 132.2629 369.0615 131.9496 369.0615 c
h
133.6334 369.6270 m
133.0228 369.7098 l
133.0228 371.3613 l
133.6334 371.3613 l
h
h
138.5626 369.0615 m
138.2238 369.0615 137.9106 369.1191 137.6206 369.2327 c
137.3306 369.3461 137.0786 369.5063 136.8677 369.7118 c
136.6554 369.9170 136.4896 370.1582 136.3708 370.4338 c
136.2518 370.7093 136.1925 371.0100 136.1925 371.3360 c
136.1925 371.6620 136.2518 371.9628 136.3708 372.2386 c
136.4896 372.5141 136.6554 372.7536 136.8677 372.9589 c
137.0786 373.1641 137.3289 373.3245 137.6169 373.4396 c
137.9032 373.5530 138.2185 373.6108 138.5626 373.6108 c
138.9010 373.6108 139.2146 373.5550 139.5009 373.4433 c
139.7871 373.3299 140.0357 373.1715 140.2500 372.9660 c
140.4643 372.7607 140.6282 372.5212 140.7453 372.2457 c
140.8623 371.9701 140.9199 371.6657 140.9199 371.3360 c
140.9199 371.0066 140.8623 370.7039 140.7453 370.4284 c
140.6282 370.1529 140.4643 369.9116 140.2500 369.7064 c
140.0357 369.5009 139.7871 369.3424 139.5009 369.2307 c
139.2146 369.1174 138.9010 369.0615 138.5626 369.0615 c
h
138.5626 369.6270 m
138.8092 369.6270 139.0363 369.6704 139.2469 369.7549 c
139.4558 369.8396 139.6378 369.9584 139.7925 370.1132 c
139.9476 370.2665 140.0681 370.4482 140.1545 370.6554 c
140.2410 370.8626 140.2843 371.0894 140.2843 371.3360 c
140.2843 371.5812 140.2410 371.8080 140.1545 372.0152 c
140.0681 372.2221 139.9476 372.4041 139.7925 372.5589 c
139.6378 372.7140 139.4558 372.8344 139.2469 372.9192 c
139.0363 373.0039 138.8092 373.0453 138.5626 373.0453 c
138.3123 373.0453 138.0835 373.0039 137.8746 372.9192 c
137.6637 372.8344 137.4820 372.7140 137.3253 372.5589 c
137.1685 372.4041 137.0460 372.2221 136.9596 372.0152 c
136.8714 371.8080 136.8281 371.5812 136.8281 371.3360 c
136.8281 371.0894 136.8714 370.8626 136.9596 370.6554 c
137.0460 370.4482 137.1685 370.2665 137.3253 370.1132 c
137.4820 369.9584 137.6637 369.8396 137.8746 369.7549 c
138.0835 369.6704 138.3123 369.6270 138.5626 369.6270 c
h
141.8907 369.1120 m
141.8907 373.5587 l
145.0298 373.5587 l
145.0298 373.0073 l
142.5266 373.0073 l
142.5266 369.1120 l
h
h
142.4633 370.9094 m
142.4633 371.4568 l
144.7560 371.4568 l
144.7560 370.9094 l
h
h
147.6340 369.1120 m
147.6340 373.5587 l
148.2698 373.5587 l
148.2698 369.1120 l
h
h
149.6044 369.1120 m
149.6044 373.5587 l
150.1265 373.5587 l
153.0675 369.9062 l
152.7939 369.9062 l
152.7939 373.5587 l
153.4294 373.5587 l
153.4294 369.1120 l
152.9090 369.1120 l
149.9681 372.7644 l
150.2402 372.7644 l
150.2402 369.1120 l
h
h
154.7640 369.1120 m
154.7640 373.5587 l
156.6388 373.5587 l
157.1125 373.5587 157.5320 373.4649 157.8940 373.2795 c
158.2560 373.0938 158.5369 372.8327 158.7387 372.4997 c
158.9403 372.1646 159.0412 371.7774 159.0412 371.3360 c
159.0412 370.8950 158.9403 370.5077 158.7387 370.1727 c
158.5369 369.8376 158.2560 369.5766 157.8940 369.3912 c
157.5320 369.2055 157.1125 369.1120 156.6388 369.1120 c
h
h
155.3998 369.6647 m
156.6009 369.6647 l
156.9702 369.6647 157.2888 369.7350 157.5573 369.8756 c
157.8257 370.0142 158.0346 370.2107 158.1840 370.4627 c
158.3317 370.7150 158.4054 371.0066 158.4054 371.3360 c
158.4054 371.6694 158.3317 371.9628 158.1840 372.2134 c
158.0346 372.4637 157.8257 372.6581 157.5573 372.7984 c
157.2888 372.9373 156.9702 373.0073 156.6009 373.0073 c
155.3998 373.0073 l
h
h
160.0121 369.1120 m
160.0121 373.5587 l
160.6479 373.5587 l
160.6479 369.1120 l
h
h
161.3089 369.1120 m
163.3241 373.5587 l
163.9525 373.5587 l
165.9733 369.1120 l
165.3052 369.1120 l
163.5077 373.2038 l
163.7617 373.2038 l
161.9643 369.1120 l
h
h
162.1678 370.2231 m
162.3390 370.7328 l
164.8423 370.7328 l
165.0260 370.2231 l
h
f
q
104.2118 384.1974 73.0930 54.8867 re W*
n
/GS13 gs
q
104.2118 384.1974 m
104.2118 439.0841 l
177.3048 439.0841 l
177.3048 384.1974 l
h
W*
n
q
73.31616 0.00000 0.00000 55.26602 104.2118 384.1081 cm
/Im52 Do
Q
Q
Q
/GS13 gs
/CS15 cs 0.0000 0.0000 0.0000 0.0000 scn
189.5828 369.0615 m
189.2443 369.0615 188.9201 369.1137 188.6122 369.2183 c
188.3024 369.3209 188.0592 369.4558 187.8809 369.6199 c
188.1150 370.1151 l
188.2843 369.9675 188.5005 369.8450 188.7633 369.7478 c
189.0264 369.6506 189.3002 369.6018 189.5828 369.6018 c
189.8405 369.6018 190.0511 369.6307 190.2115 369.6900 c
190.3717 369.7495 190.4905 369.8306 190.5681 369.9351 c
190.6435 370.0378 190.6815 370.1565 190.6815 370.2881 c
190.6815 370.4411 190.6328 370.5636 190.5338 370.6571 c
190.4346 370.7490 190.3051 370.8247 190.1466 370.8822 c
189.9862 370.9380 189.8116 370.9885 189.6225 371.0319 c
189.4317 371.0733 189.2390 371.1237 189.0462 371.1813 c
188.8534 371.2371 188.6769 371.3111 188.5184 371.3992 c
188.3599 371.4874 188.2321 371.6082 188.1349 371.7592 c
188.0376 371.9089 187.9889 372.1034 187.9889 372.3392 c
187.9889 372.5680 188.0501 372.7806 188.1709 372.9733 c
188.2916 373.1661 188.4770 373.3191 188.7293 373.4362 c
188.9813 373.5530 189.3019 373.6108 189.6908 373.6108 c
189.9485 373.6108 190.2059 373.5765 190.4598 373.5099 c
190.7138 373.4416 190.9355 373.3441 191.1209 373.2163 c
190.9103 372.7086 l
190.7212 372.8364 190.5194 372.9283 190.3088 372.9858 c
190.0962 373.0416 189.8909 373.0706 189.6908 373.0706 c
189.4405 373.0706 189.2353 373.0380 189.0751 372.9750 c
188.9147 372.9121 188.7959 372.8273 188.7219 372.7210 c
188.6482 372.6147 188.6102 372.4960 188.6102 372.3644 c
188.6102 372.2077 188.6607 372.0835 188.7599 371.9900 c
188.8588 371.8962 188.9887 371.8225 189.1488 371.7683 c
189.3073 371.7125 189.4819 371.6640 189.6729 371.6189 c
189.8620 371.5739 190.0548 371.5254 190.2475 371.4695 c
190.4400 371.4137 190.6149 371.3417 190.7751 371.2533 c
190.9335 371.1651 191.0614 371.0463 191.1586 370.8986 c
191.2561 370.7490 191.3046 370.5582 191.3046 370.3258 c
191.3046 370.1007 191.2433 369.8935 191.1209 369.7010 c
190.9984 369.5083 190.8094 369.3532 190.5537 369.2361 c
190.2960 369.1191 189.9737 369.0615 189.5828 369.0615 c
h
194.2401 369.0615 m
193.9014 369.0615 193.5882 369.1191 193.2982 369.2327 c
193.0082 369.3461 192.7562 369.5063 192.5453 369.7118 c
192.3330 369.9170 192.1671 370.1582 192.0484 370.4338 c
191.9293 370.7093 191.8701 371.0100 191.8701 371.3360 c
191.8701 371.6620 191.9293 371.9628 192.0484 372.2386 c
192.1671 372.5141 192.3330 372.7536 192.5453 372.9589 c
192.7562 373.1641 193.0065 373.3245 193.2945 373.4396 c
193.5808 373.5530 193.8960 373.6108 194.2401 373.6108 c
194.5786 373.6108 194.8921 373.5550 195.1784 373.4433 c
195.4647 373.3299 195.7133 373.1715 195.9276 372.9660 c
196.1419 372.7607 196.3057 372.5212 196.4228 372.2457 c
196.5399 371.9701 196.5974 371.6657 196.5974 371.3360 c
196.5974 371.0066 196.5399 370.7039 196.4228 370.4284 c
196.3057 370.1529 196.1419 369.9116 195.9276 369.7064 c
195.7133 369.5009 195.4647 369.3424 195.1784 369.2307 c
194.8921 369.1174 194.5786 369.0615 194.2401 369.0615 c
h
194.2401 369.6270 m
194.4867 369.6270 194.7138 369.6704 194.9244 369.7549 c
195.1333 369.8396 195.3153 369.9584 195.4701 370.1132 c
195.6251 370.2665 195.7456 370.4482 195.8321 370.6554 c
195.9185 370.8626 195.9619 371.0894 195.9619 371.3360 c
195.9619 371.5812 195.9185 371.8080 195.8321 372.0152 c
195.7456 372.2221 195.6251 372.4041 195.4701 372.5589 c
195.3153 372.7140 195.1333 372.8344 194.9244 372.9192 c
194.7138 373.0039 194.4867 373.0453 194.2401 373.0453 c
193.9898 373.0453 193.7611 373.0039 193.5522 372.9192 c
193.3413 372.8344 193.1596 372.7140 193.0028 372.5589 c
192.8460 372.4041 192.7236 372.2221 192.6371 372.0152 c
192.5490 371.8080 192.5056 371.5812 192.5056 371.3360 c
192.5056 371.0894 192.5490 370.8626 192.6371 370.6554 c
192.7236 370.4482 192.8460 370.2665 193.0028 370.1132 c
193.1596 369.9584 193.3413 369.8396 193.5522 369.7549 c
193.7611 369.6704 193.9898 369.6270 194.2401 369.6270 c
h
197.5683 369.1120 m
197.5683 373.5587 l
198.0904 373.5587 l
201.0314 369.9062 l
200.7578 369.9062 l
200.7578 373.5587 l
201.3934 373.5587 l
201.3934 369.1120 l
200.8729 369.1120 l
197.9320 372.7644 l
198.2041 372.7644 l
198.2041 369.1120 l
h
h
204.7360 369.0615 m
204.3918 369.0615 204.0766 369.1174 203.7903 369.2307 c
203.5023 369.3424 203.2520 369.5009 203.0411 369.7064 c
202.8288 369.9116 202.6630 370.1529 202.5442 370.4284 c
202.4252 370.7039 202.3659 371.0066 202.3659 371.3360 c
202.3659 371.6657 202.4252 371.9701 202.5442 372.2457 c
202.6630 372.5212 202.8288 372.7607 203.0431 372.9660 c
203.2574 373.1715 203.5077 373.3299 203.7957 373.4433 c
204.0840 373.5550 204.4009 373.6108 204.7484 373.6108 c
205.0997 373.6108 205.4220 373.5530 205.7156 373.4396 c
206.0073 373.3245 206.2542 373.1533 206.4577 372.9246 c
206.0651 372.5303 l
205.8831 372.7086 205.6850 372.8381 205.4707 372.9209 c
205.2564 373.0039 205.0240 373.0453 204.7737 373.0453 c
204.5197 373.0453 204.2838 373.0039 204.0659 372.9192 c
203.8482 372.8344 203.6588 372.7157 203.5003 372.5626 c
203.3419 372.4095 203.2194 372.2295 203.1330 372.0186 c
203.0448 371.8080 203.0014 371.5812 203.0014 371.3360 c
203.0014 371.0948 203.0448 370.8697 203.1330 370.6591 c
203.2194 370.4482 203.3419 370.2665 203.5003 370.1132 c
203.6588 369.9584 203.8462 369.8396 204.0625 369.7549 c
204.2785 369.6704 204.5143 369.6270 204.7683 369.6270 c
205.0041 369.6270 205.2329 369.6647 205.4509 369.7387 c
205.6689 369.8124 205.8724 369.9351 206.0578 370.1098 c
206.4197 369.6270 l
206.2001 369.4416 205.9427 369.3010 205.6490 369.2055 c
205.3536 369.1103 205.0492 369.0615 204.7360 369.0615 c
h
206.4197 369.6270 m
205.8092 369.7098 l
205.8092 371.3613 l
206.4197 371.3613 l
h
h
211.3489 369.0615 m
211.0102 369.0615 210.6969 369.1191 210.4070 369.2327 c
210.1170 369.3461 209.8650 369.5063 209.6541 369.7118 c
209.4418 369.9170 209.2759 370.1582 209.1572 370.4338 c
209.0381 370.7093 208.9789 371.0100 208.9789 371.3360 c
208.9789 371.6620 209.0381 371.9628 209.1572 372.2386 c
209.2759 372.5141 209.4418 372.7536 209.6541 372.9589 c
209.8650 373.1641 210.1153 373.3245 210.4033 373.4396 c
210.6896 373.5530 211.0048 373.6108 211.3489 373.6108 c
211.6874 373.6108 212.0009 373.5550 212.2872 373.4433 c
212.5735 373.3299 212.8221 373.1715 213.0364 372.9660 c
213.2507 372.7607 213.4145 372.5212 213.5316 372.2457 c
213.6487 371.9701 213.7062 371.6657 213.7062 371.3360 c
213.7062 371.0066 213.6487 370.7039 213.5316 370.4284 c
213.4145 370.1529 213.2507 369.9116 213.0364 369.7064 c
212.8221 369.5009 212.5735 369.3424 212.2872 369.2307 c
212.0009 369.1174 211.6874 369.0615 211.3489 369.0615 c
h
211.3489 369.6270 m
211.5955 369.6270 211.8226 369.6704 212.0332 369.7549 c
212.2421 369.8396 212.4241 369.9584 212.5789 370.1132 c
212.7339 370.2665 212.8544 370.4482 212.9409 370.6554 c
213.0273 370.8626 213.0707 371.0894 213.0707 371.3360 c
213.0707 371.5812 213.0273 371.8080 212.9409 372.0152 c
212.8544 372.2221 212.7339 372.4041 212.5789 372.5589 c
212.4241 372.7140 212.2421 372.8344 212.0332 372.9192 c
211.8226 373.0039 211.5955 373.0453 211.3489 373.0453 c
211.0986 373.0453 210.8699 373.0039 210.6609 372.9192 c
210.4500 372.8344 210.2683 372.7140 210.1116 372.5589 c
209.9548 372.4041 209.8324 372.2221 209.7459 372.0152 c
209.6578 371.8080 209.6144 371.5812 209.6144 371.3360 c
209.6144 371.0894 209.6578 370.8626 209.7459 370.6554 c
209.8324 370.4482 209.9548 370.2665 210.1116 370.1132 c
210.2683 369.9584 210.4500 369.8396 210.6609 369.7549 c
210.8699 369.6704 211.0986 369.6270 211.3489 369.6270 c
h
214.6771 369.1120 m
214.6771 373.5587 l
217.8162 373.5587 l
217.8162 373.0073 l
215.3129 373.0073 l
215.3129 369.1120 l
h
h
215.2497 370.9094 m
215.2497 371.4568 l
217.5423 371.4568 l
217.5423 370.9094 l
h
h
220.9929 369.0615 m
220.7302 369.0615 220.4850 369.1174 220.2565 369.2273 c
220.0277 369.3370 219.8404 369.4955 219.6964 369.7027 c
220.0654 370.1350 l
220.1879 369.9658 220.3265 369.8359 220.4816 369.7441 c
220.6363 369.6523 220.8076 369.6072 220.9929 369.6072 c
221.5009 369.6072 221.7549 369.9079 221.7549 370.5094 c
221.7549 373.0073 l
220.1482 373.0073 l
220.1482 373.5587 l
222.3850 373.5587 l
222.3850 370.5420 l
222.3850 370.0466 222.2680 369.6758 222.0321 369.4309 c
221.7963 369.1840 221.4505 369.0615 220.9929 369.0615 c
h
222.9114 369.1120 m
224.9266 373.5587 l
225.5550 373.5587 l
227.5758 369.1120 l
226.9077 369.1120 l
225.1103 373.2038 l
225.3643 373.2038 l
223.5668 369.1120 l
h
h
223.7703 370.2231 m
223.9415 370.7328 l
226.4448 370.7328 l
226.6285 370.2231 l
h
h
228.2349 369.1120 m
228.2349 373.5587 l
228.7570 373.5587 l
230.7506 370.1979 l
230.4717 370.1979 l
232.4418 373.5587 l
232.9622 373.5587 l
232.9696 369.1120 l
232.3590 369.1120 l
232.3519 372.6006 l
232.4996 372.6006 l
230.7453 369.6523 l
230.4536 369.6523 l
228.6867 372.6006 l
228.8455 372.6006 l
228.8455 369.1120 l
h
h
233.6289 369.1120 m
235.6441 373.5587 l
236.2725 373.5587 l
238.2934 369.1120 l
237.6252 369.1120 l
235.8278 373.2038 l
236.0818 373.2038 l
234.2843 369.1120 l
h
h
234.4878 370.2231 m
234.6591 370.7328 l
237.1623 370.7328 l
237.3460 370.2231 l
h
h
238.9524 369.1120 m
238.9524 373.5587 l
239.5882 373.5587 l
239.5882 369.1120 l
h
h
242.9127 369.0615 m
242.5723 369.0615 242.2607 369.1174 241.9744 369.2307 c
241.6881 369.3424 241.4415 369.5009 241.2326 369.7064 c
241.0217 369.9116 240.8579 370.1529 240.7391 370.4284 c
240.6200 370.7039 240.5608 371.0066 240.5608 371.3360 c
240.5608 371.6657 240.6200 371.9701 240.7391 372.2457 c
240.8579 372.5212 241.0237 372.7607 241.2360 372.9660 c
241.4469 373.1715 241.6952 373.3299 241.9818 373.4433 c
242.2681 373.5550 242.5796 373.6108 242.9181 373.6108 c
243.2622 373.6108 243.5791 373.5530 243.8691 373.4362 c
244.1591 373.3191 244.4057 373.1462 244.6092 372.9175 c
244.1951 372.5175 l
244.0259 372.6958 243.8348 372.8273 243.6242 372.9155 c
243.4116 373.0020 243.1848 373.0453 242.9433 373.0453 c
242.6930 373.0453 242.4626 373.0039 242.2483 372.9192 c
242.0340 372.8344 241.8503 372.7157 241.6935 372.5626 c
241.5368 372.4095 241.4143 372.2295 241.3278 372.0186 c
241.2397 371.8080 241.1963 371.5812 241.1963 371.3360 c
241.1963 371.0894 241.2397 370.8626 241.3278 370.6537 c
241.4143 370.4428 241.5368 370.2628 241.6935 370.1098 c
241.8503 369.9567 242.0340 369.8396 242.2483 369.7549 c
242.4626 369.6704 242.6930 369.6270 242.9433 369.6270 c
243.1848 369.6270 243.4116 369.6704 243.6242 369.7569 c
243.8348 369.8430 244.0259 369.9782 244.1951 370.1602 c
244.6092 369.7603 l
244.4057 369.5315 244.1591 369.3569 243.8691 369.2398 c
243.5791 369.1210 243.2602 369.0615 242.9127 369.0615 c
h
244.6707 369.1120 m
246.6859 373.5587 l
247.3143 373.5587 l
249.3351 369.1120 l
248.6670 369.1120 l
246.8696 373.2038 l
247.1236 373.2038 l
245.3261 369.1120 l
h
h
245.5296 370.2231 m
245.7009 370.7328 l
248.2041 370.7328 l
248.3878 370.2231 l
h
f
q
182.3944 384.2084 73.1645 54.8736 re W*
n
/GS13 gs
q
182.3944 384.2084 m
182.3944 439.0821 l
255.5589 439.0821 l
255.5589 384.2084 l
h
W*
n
q
73.54712 0.00000 0.00000 55.16035 182.1002 384.0541 cm
/Im53 Do
Q
Q
Q
/GS13 gs
/CS15 cs 0.5300 1.0000 0.2800 0.1100 scn
96.7371 283.3254 m
26.2650 283.3254 l
28.7019 288.9814 l
26.2650 294.6385 l
96.7371 294.6385 l
94.2990 289.2864 l
h
f
/GS13 gs
/CS15 cs 0.5300 1.0000 0.2800 0.1100 scn
175.9499 283.3254 m
105.4777 283.3254 l
107.9147 288.9814 l
105.4777 294.6385 l
175.9499 294.6385 l
173.5118 289.2864 l
h
f
/GS13 gs
/CS15 cs 0.5300 1.0000 0.2800 0.1100 scn
254.2105 283.3254 m
183.7383 283.3254 l
186.1753 288.9814 l
183.7383 294.6385 l
254.2105 294.6385 l
251.7724 289.2864 l
h
f
/GS13 gs
/CS15 cs 0.0000 0.0000 0.0000 0.0000 scn
45.3830 286.2839 m
45.3830 290.7306 l
47.2578 290.7306 l
47.7315 290.7306 48.1510 290.6368 48.5130 290.4514 c
48.8750 290.2657 49.1559 290.0047 49.3577 289.6716 c
49.5592 289.3365 49.6602 288.9493 49.6602 288.5080 c
49.6602 288.0669 49.5592 287.6797 49.3577 287.3446 c
49.1559 287.0096 48.8750 286.7485 48.5130 286.5631 c
48.1510 286.3774 47.7315 286.2839 47.2578 286.2839 c
h
h
46.0188 286.8367 m
47.2198 286.8367 l
47.5892 286.8367 47.9078 286.9070 48.1762 287.0476 c
48.4447 287.1862 48.6536 287.3826 48.8030 287.6346 c
48.9506 287.8869 49.0243 288.1786 49.0243 288.5080 c
49.0243 288.8413 48.9506 289.1347 48.8030 289.3853 c
48.6536 289.6356 48.4447 289.8300 48.1762 289.9704 c
47.9078 290.1093 47.5892 290.1793 47.2198 290.1793 c
46.0188 290.1793 l
h
h
50.6310 286.2839 m
50.6310 290.7306 l
52.3670 290.7306 l
52.9415 290.7306 53.3954 290.5937 53.7267 290.3216 c
54.0564 290.0480 54.2220 289.6679 54.2220 289.1818 c
54.2220 288.8592 54.1483 288.5837 54.0006 288.3532 c
53.8512 288.1208 53.6403 287.9444 53.3648 287.8220 c
53.0892 287.6975 52.7562 287.6363 52.3670 287.6363 c
50.9803 287.6363 l
51.2668 287.9300 l
51.2668 286.2839 l
h
h
53.6043 286.2839 m
52.4733 287.8977 l
53.1541 287.8977 l
54.2976 286.2839 l
h
h
51.2668 287.8651 m
50.9803 288.1766 l
52.3474 288.1766 l
52.7542 288.1766 53.0623 288.2650 53.2729 288.4414 c
53.4818 288.6163 53.5864 288.8629 53.5864 289.1818 c
53.5864 289.4987 53.4818 289.7436 53.2729 289.9182 c
53.0623 290.0928 52.7542 290.1793 52.3474 290.1793 c
50.9803 290.1793 l
51.2668 290.4965 l
h
h
54.5769 286.2839 m
56.5920 290.7306 l
57.2204 290.7306 l
59.2413 286.2839 l
58.5731 286.2839 l
56.7757 290.3757 l
57.0297 290.3757 l
55.2322 286.2839 l
h
h
55.4357 287.3951 m
55.6070 287.9048 l
58.1102 287.9048 l
58.2939 287.3951 l
h
h
61.8267 286.2334 m
61.4863 286.2334 61.1748 286.2893 60.8885 286.4027 c
60.6022 286.5144 60.3556 286.6728 60.1466 286.8783 c
59.9357 287.0836 59.7719 287.3248 59.6531 287.6003 c
59.5341 287.8758 59.4748 288.1786 59.4748 288.5080 c
59.4748 288.8376 59.5341 289.1421 59.6531 289.4176 c
59.7719 289.6931 59.9377 289.9327 60.1500 290.1379 c
60.3609 290.3434 60.6093 290.5019 60.8958 290.6152 c
61.1821 290.7269 61.4937 290.7828 61.8321 290.7828 c
62.1763 290.7828 62.4932 290.7249 62.7831 290.6082 c
63.0731 290.4911 63.3197 290.3182 63.5233 290.0894 c
63.1091 289.6894 l
62.9399 289.8677 62.7489 289.9993 62.5382 290.0874 c
62.3256 290.1739 62.0989 290.2173 61.8574 290.2173 c
61.6071 290.2173 61.3766 290.1759 61.1623 290.0911 c
60.9480 290.0064 60.7643 289.8876 60.6076 289.7345 c
60.4508 289.5814 60.3283 289.4014 60.2419 289.1906 c
60.1537 288.9799 60.1104 288.7532 60.1104 288.5080 c
60.1104 288.2614 60.1537 288.0346 60.2419 287.8257 c
60.3283 287.6148 60.4508 287.4348 60.6076 287.2817 c
60.7643 287.1286 60.9480 287.0116 61.1623 286.9268 c
61.3766 286.8423 61.6071 286.7990 61.8574 286.7990 c
62.0989 286.7990 62.3256 286.8423 62.5382 286.9288 c
62.7489 287.0150 62.9399 287.1502 63.1091 287.3322 c
63.5233 286.9322 l
63.3197 286.7034 63.0731 286.5288 62.7831 286.4117 c
62.4932 286.2930 62.1743 286.2334 61.8267 286.2334 c
h
64.3663 286.2839 m
64.3663 290.7306 l
67.5054 290.7306 l
67.5054 290.1793 l
65.0021 290.1793 l
65.0021 286.8367 l
67.5952 286.8367 l
67.5952 286.2839 l
h
h
64.9443 288.2721 m
64.9443 288.8124 l
67.2316 288.8124 l
67.2316 288.2721 l
h
h
68.6237 286.2839 m
68.6237 290.7306 l
69.1458 290.7306 l
72.0867 287.0782 l
71.8132 287.0782 l
71.8132 290.7306 l
72.4487 290.7306 l
72.4487 286.2839 l
71.9283 286.2839 l
68.9873 289.9363 l
69.2595 289.9363 l
69.2595 286.2839 l
h
h
73.1098 286.2839 m
75.1249 290.7306 l
75.7534 290.7306 l
77.7742 286.2839 l
77.1060 286.2839 l
75.3086 290.3757 l
75.5626 290.3757 l
73.7651 286.2839 l
h
h
73.9687 287.3951 m
74.1399 287.9048 l
76.6431 287.9048 l
76.8268 287.3951 l
h
f
q
24.9205 301.3739 73.1775 54.8688 re W*
n
/GS13 gs
q
24.9205 301.3739 m
24.9205 356.2427 l
98.0980 356.2427 l
98.0980 301.3739 l
h
W*
n
q
73.71577 0.00000 0.00000 55.22770 24.7249 301.2107 cm
/Im54 Do
Q
Q
Q
/GS13 gs
/CS15 cs 0.0000 0.0000 0.0000 0.0000 scn
121.0876 286.2839 m
121.0876 290.7306 l
122.8235 290.7306 l
123.2127 290.7306 123.5458 290.6694 123.8213 290.5466 c
124.0968 290.4242 124.3077 290.2459 124.4571 290.0137 c
124.6048 289.7813 124.6785 289.5041 124.6785 289.1818 c
124.6785 288.8592 124.6048 288.5837 124.4571 288.3532 c
124.3077 288.1208 124.0968 287.9425 123.8213 287.8183 c
123.5458 287.6941 123.2127 287.6309 122.8235 287.6309 c
121.4368 287.6309 l
121.7234 287.9300 l
121.7234 286.2839 l
h
h
121.7234 287.8651 m
121.4368 288.1840 l
122.8039 288.1840 l
123.2107 288.1840 123.5188 288.2704 123.7294 288.4450 c
123.9384 288.6180 124.0430 288.8629 124.0430 289.1818 c
124.0430 289.4987 123.9384 289.7436 123.7294 289.9182 c
123.5188 290.0928 123.2107 290.1793 122.8039 290.1793 c
121.4368 290.1793 l
121.7234 290.4965 l
h
h
125.6111 286.2839 m
125.6111 290.7306 l
126.2469 290.7306 l
126.2469 286.2839 l
h
h
127.5814 286.2839 m
127.5814 290.7306 l
128.1036 290.7306 l
131.0445 287.0782 l
130.7710 287.0782 l
130.7710 290.7306 l
131.4065 290.7306 l
131.4065 286.2839 l
130.8861 286.2839 l
127.9451 289.9363 l
128.2173 289.9363 l
128.2173 286.2839 l
h
h
134.7491 286.2334 m
134.4050 286.2334 134.0898 286.2893 133.8035 286.4027 c
133.5155 286.5144 133.2652 286.6728 133.0543 286.8783 c
132.8420 287.0836 132.6762 287.3248 132.5574 287.6003 c
132.4383 287.8758 132.3791 288.1786 132.3791 288.5080 c
132.3791 288.8376 132.4383 289.1421 132.5574 289.4176 c
132.6762 289.6931 132.8420 289.9327 133.0563 290.1379 c
133.2706 290.3434 133.5209 290.5019 133.8089 290.6152 c
134.0972 290.7269 134.4141 290.7828 134.7616 290.7828 c
135.1128 290.7828 135.4351 290.7249 135.7288 290.6116 c
136.0205 290.4965 136.2674 290.3253 136.4709 290.0965 c
136.0783 289.7022 l
135.8963 289.8805 135.6982 290.0100 135.4839 290.0928 c
135.2696 290.1759 135.0371 290.2173 134.7868 290.2173 c
134.5329 290.2173 134.2970 290.1759 134.0790 290.0911 c
133.8613 290.0064 133.6720 289.8876 133.5135 289.7345 c
133.3551 289.5814 133.2326 289.4014 133.1461 289.1906 c
133.0580 288.9799 133.0146 288.7532 133.0146 288.5080 c
133.0146 288.2667 133.0580 288.0417 133.1461 287.8311 c
133.2326 287.6202 133.3551 287.4385 133.5135 287.2851 c
133.6720 287.1303 133.8593 287.0116 134.0756 286.9268 c
134.2916 286.8423 134.5275 286.7990 134.7814 286.7990 c
135.0173 286.7990 135.2460 286.8367 135.4640 286.9106 c
135.6820 286.9843 135.8855 287.1071 136.0709 287.2817 c
136.4329 286.7990 l
136.2132 286.6136 135.9558 286.4730 135.6622 286.3774 c
135.3668 286.2822 135.0624 286.2334 134.7491 286.2334 c
h
136.4329 286.7990 m
135.8223 286.8817 l
135.8223 288.5332 l
136.4329 288.5332 l
h
h
139.3540 286.2839 m
139.3540 290.7306 l
141.0900 290.7306 l
141.4791 290.7306 141.8122 290.6694 142.0877 290.5466 c
142.3633 290.4242 142.5742 290.2459 142.7236 290.0137 c
142.8712 289.7813 142.9449 289.5041 142.9449 289.1818 c
142.9449 288.8592 142.8712 288.5837 142.7236 288.3532 c
142.5742 288.1208 142.3633 287.9425 142.0877 287.8183 c
141.8122 287.6941 141.4791 287.6309 141.0900 287.6309 c
139.7032 287.6309 l
139.9898 287.9300 l
139.9898 286.2839 l
h
h
139.9898 287.8651 m
139.7032 288.1840 l
141.0704 288.1840 l
141.4772 288.1840 141.7853 288.2704 141.9959 288.4450 c
142.2048 288.6180 142.3094 288.8629 142.3094 289.1818 c
142.3094 289.4987 142.2048 289.7436 141.9959 289.9182 c
141.7853 290.0928 141.4772 290.1793 141.0704 290.1793 c
139.7032 290.1793 l
139.9898 290.4965 l
h
h
145.9491 286.2334 m
145.6104 286.2334 145.2971 286.2910 145.0071 286.4047 c
144.7172 286.5180 144.4652 286.6782 144.2543 286.8837 c
144.0420 287.0889 143.8761 287.3302 143.7574 287.6057 c
143.6383 287.8812 143.5791 288.1820 143.5791 288.5080 c
143.5791 288.8340 143.6383 289.1347 143.7574 289.4105 c
143.8761 289.6860 144.0420 289.9256 144.2543 290.1308 c
144.4652 290.3360 144.7155 290.4965 145.0035 290.6116 c
145.2898 290.7249 145.6050 290.7828 145.9491 290.7828 c
146.2876 290.7828 146.6011 290.7269 146.8874 290.6152 c
147.1737 290.5019 147.4223 290.3434 147.6366 290.1379 c
147.8509 289.9327 148.0147 289.6931 148.1318 289.4176 c
148.2489 289.1421 148.3064 288.8376 148.3064 288.5080 c
148.3064 288.1786 148.2489 287.8758 148.1318 287.6003 c
148.0147 287.3248 147.8509 287.0836 147.6366 286.8783 c
147.4223 286.6728 147.1737 286.5144 146.8874 286.4027 c
146.6011 286.2893 146.2876 286.2334 145.9491 286.2334 c
h
145.9491 286.7990 m
146.1957 286.7990 146.4228 286.8423 146.6334 286.9268 c
146.8423 287.0116 147.0243 287.1303 147.1791 287.2851 c
147.3341 287.4385 147.4546 287.6202 147.5410 287.8274 c
147.6275 288.0346 147.6709 288.2614 147.6709 288.5080 c
147.6709 288.7532 147.6275 288.9799 147.5410 289.1871 c
147.4546 289.3941 147.3341 289.5761 147.1791 289.7308 c
147.0243 289.8859 146.8423 290.0064 146.6334 290.0911 c
146.4228 290.1759 146.1957 290.2173 145.9491 290.2173 c
145.6988 290.2173 145.4700 290.1759 145.2611 290.0911 c
145.0502 290.0064 144.8685 289.8859 144.7118 289.7308 c
144.5550 289.5761 144.4326 289.3941 144.3461 289.1871 c
144.2580 288.9799 144.2146 288.7532 144.2146 288.5080 c
144.2146 288.2614 144.2580 288.0346 144.3461 287.8274 c
144.4326 287.6202 144.5550 287.4385 144.7118 287.2851 c
144.8685 287.1303 145.0502 287.0116 145.2611 286.9268 c
145.4700 286.8423 145.6988 286.7990 145.9491 286.7990 c
h
149.2773 286.2839 m
149.2773 290.7306 l
149.7994 290.7306 l
152.7403 287.0782 l
152.4668 287.0782 l
152.4668 290.7306 l
153.1023 290.7306 l
153.1023 286.2839 l
152.5819 286.2839 l
149.6409 289.9363 l
149.9131 289.9363 l
149.9131 286.2839 l
h
h
156.4449 286.2334 m
156.1008 286.2334 155.7856 286.2893 155.4993 286.4027 c
155.2113 286.5144 154.9610 286.6728 154.7501 286.8783 c
154.5378 287.0836 154.3720 287.3248 154.2532 287.6003 c
154.1341 287.8758 154.0749 288.1786 154.0749 288.5080 c
154.0749 288.8376 154.1341 289.1421 154.2532 289.4176 c
154.3720 289.6931 154.5378 289.9327 154.7521 290.1379 c
154.9664 290.3434 155.2167 290.5019 155.5047 290.6152 c
155.7930 290.7269 156.1099 290.7828 156.4574 290.7828 c
156.8086 290.7828 157.1309 290.7249 157.4246 290.6116 c
157.7163 290.4965 157.9632 290.3253 158.1667 290.0965 c
157.7741 289.7022 l
157.5921 289.8805 157.3940 290.0100 157.1797 290.0928 c
156.9654 290.1759 156.7329 290.2173 156.4826 290.2173 c
156.2287 290.2173 155.9928 290.1759 155.7748 290.0911 c
155.5571 290.0064 155.3678 289.8876 155.2093 289.7345 c
155.0509 289.5814 154.9284 289.4014 154.8420 289.1906 c
154.7538 288.9799 154.7104 288.7532 154.7104 288.5080 c
154.7104 288.2667 154.7538 288.0417 154.8420 287.8311 c
154.9284 287.6202 155.0509 287.4385 155.2093 287.2851 c
155.3678 287.1303 155.5551 287.0116 155.7714 286.9268 c
155.9874 286.8423 156.2233 286.7990 156.4773 286.7990 c
156.7131 286.7990 156.9419 286.8367 157.1598 286.9106 c
157.3778 286.9843 157.5814 287.1071 157.7667 287.2817 c
158.1287 286.7990 l
157.9090 286.6136 157.6517 286.4730 157.3580 286.3774 c
157.0626 286.2822 156.7582 286.2334 156.4449 286.2334 c
h
158.1287 286.7990 m
157.5181 286.8817 l
157.5181 288.5332 l
158.1287 288.5332 l
h
f
q
104.1321 301.3792 73.1750 54.8810 re W*
n
/GS13 gs
q
104.1321 301.3792 m
104.1321 356.2603 l
177.3071 356.2603 l
177.3071 301.3792 l
h
W*
n
q
73.53035 0.00000 0.00000 55.14184 104.0137 301.2132 cm
/Im55 Do
Q
Q
Q
/GS13 gs
/CS15 cs 0.0000 0.0000 0.0000 0.0000 scn
190.6401 286.2839 m
190.6401 290.7306 l
191.2759 290.7306 l
191.2759 286.8367 l
193.6837 286.8367 l
193.6837 286.2839 l
h
h
194.4150 286.2839 m
194.4150 290.7306 l
197.5541 290.7306 l
197.5541 290.1793 l
195.0508 290.1793 l
195.0508 286.8367 l
197.6440 286.8367 l
197.6440 286.2839 l
h
h
194.9930 288.2721 m
194.9930 288.8124 l
197.2803 288.8124 l
197.2803 288.2721 l
h
h
197.9989 286.2839 m
200.0140 290.7306 l
200.6425 290.7306 l
202.6633 286.2839 l
201.9951 286.2839 l
200.1977 290.3757 l
200.4517 290.3757 l
198.6542 286.2839 l
h
h
198.8578 287.3951 m
199.0290 287.9048 l
201.5323 287.9048 l
201.7159 287.3951 l
h
h
203.9842 286.2839 m
203.9842 290.1793 l
202.4589 290.1793 l
202.4589 290.7306 l
206.1383 290.7306 l
206.1383 290.1793 l
204.6129 290.1793 l
204.6129 286.2839 l
h
h
210.0195 286.2839 m
210.0195 290.7306 l
210.6550 290.7306 l
210.6550 286.2839 l
h
h
206.8299 286.2839 m
206.8299 290.7306 l
207.4657 290.7306 l
207.4657 286.2839 l
h
h
207.4025 288.2667 m
207.4025 288.8198 l
210.0770 288.8198 l
210.0770 288.2667 l
h
h
211.9895 286.2839 m
211.9895 290.7306 l
215.1286 290.7306 l
215.1286 290.1793 l
212.6254 290.1793 l
212.6254 286.8367 l
215.2185 286.8367 l
215.2185 286.2839 l
h
h
212.5675 288.2721 m
212.5675 288.8124 l
214.8548 288.8124 l
214.8548 288.2721 l
h
h
216.2469 286.2839 m
216.2469 290.7306 l
217.9828 290.7306 l
218.5574 290.7306 219.0112 290.5937 219.3426 290.3216 c
219.6723 290.0480 219.8378 289.6679 219.8378 289.1818 c
219.8378 288.8592 219.7641 288.5837 219.6164 288.3532 c
219.4671 288.1208 219.2562 287.9444 218.9806 287.8220 c
218.7051 287.6975 218.3720 287.6363 217.9828 287.6363 c
216.5961 287.6363 l
216.8827 287.9300 l
216.8827 286.2839 l
h
h
219.2202 286.2839 m
218.0891 287.8977 l
218.7700 287.8977 l
219.9135 286.2839 l
h
h
216.8827 287.8651 m
216.5961 288.1766 l
217.9633 288.1766 l
218.3700 288.1766 218.6782 288.2650 218.8888 288.4414 c
219.0977 288.6163 219.2023 288.8629 219.2023 289.1818 c
219.2023 289.4987 219.0977 289.7436 218.8888 289.9182 c
218.6782 290.0928 218.3700 290.1793 217.9633 290.1793 c
216.5961 290.1793 l
216.8827 290.4965 l
h
h
222.5752 286.2839 m
222.5752 290.7306 l
223.2111 290.7306 l
223.2111 286.8367 l
225.6188 286.8367 l
225.6188 286.2839 l
h
h
226.3501 286.2839 m
226.3501 290.7306 l
229.4892 290.7306 l
229.4892 290.1793 l
226.9860 290.1793 l
226.9860 286.8367 l
229.5791 286.8367 l
229.5791 286.2839 l
h
h
226.9281 288.2721 m
226.9281 288.8124 l
229.2154 288.8124 l
229.2154 288.2721 l
h
h
229.9340 286.2839 m
231.9491 290.7306 l
232.5776 290.7306 l
234.5984 286.2839 l
233.9303 286.2839 l
232.1328 290.3757 l
232.3868 290.3757 l
230.5894 286.2839 l
h
h
230.7929 287.3951 m
230.9641 287.9048 l
233.4674 287.9048 l
233.6511 287.3951 l
h
h
236.3066 286.2839 m
234.3489 290.7306 l
235.0349 290.7306 l
236.8341 286.6277 l
236.4398 286.6277 l
238.2514 290.7306 l
238.8855 290.7306 l
236.9350 286.2839 l
h
h
239.4513 286.2839 m
239.4513 290.7306 l
242.5904 290.7306 l
242.5904 290.1793 l
240.0871 290.1793 l
240.0871 286.8367 l
242.6803 286.8367 l
242.6803 286.2839 l
h
h
240.0293 288.2721 m
240.0293 288.8124 l
242.3166 288.8124 l
242.3166 288.2721 l
h
h
245.0052 286.2334 m
244.6668 286.2334 244.3425 286.2856 244.0346 286.3902 c
243.7248 286.4928 243.4816 286.6277 243.3033 286.7919 c
243.5374 287.2871 l
243.7067 287.1394 243.9230 287.0169 244.1857 286.9197 c
244.4488 286.8225 244.7226 286.7737 245.0052 286.7737 c
245.2629 286.7737 245.4735 286.8026 245.6340 286.8619 c
245.7941 286.9214 245.9129 287.0025 245.9906 287.1071 c
246.0660 287.2097 246.1039 287.3285 246.1039 287.4600 c
246.1039 287.6131 246.0552 287.7355 245.9563 287.8291 c
245.8570 287.9209 245.7275 287.9966 245.5690 288.0541 c
245.4086 288.1100 245.2340 288.1604 245.0449 288.2038 c
244.8541 288.2452 244.6614 288.2957 244.4686 288.3532 c
244.2759 288.4090 244.0993 288.4830 243.9408 288.5712 c
243.7824 288.6593 243.6545 288.7801 243.5573 288.9312 c
243.4601 289.0809 243.4113 289.2753 243.4113 289.5111 c
243.4113 289.7399 243.4725 289.9525 243.5933 290.1453 c
243.7140 290.3380 243.8994 290.4911 244.1517 290.6082 c
244.4037 290.7249 244.7243 290.7828 245.1132 290.7828 c
245.3709 290.7828 245.6283 290.7485 245.8823 290.6819 c
246.1363 290.6135 246.3579 290.5160 246.5433 290.3882 c
246.3327 289.8805 l
246.1436 290.0083 245.9418 290.1002 245.7312 290.1577 c
245.5186 290.2136 245.3134 290.2425 245.1132 290.2425 c
244.8629 290.2425 244.6577 290.2099 244.4975 290.1470 c
244.3371 290.0840 244.2183 289.9993 244.1443 289.8930 c
244.0706 289.7867 244.0327 289.6679 244.0327 289.5364 c
244.0327 289.3796 244.0831 289.2555 244.1823 289.1619 c
244.2813 289.0681 244.4111 288.9944 244.5712 288.9403 c
244.7297 288.8844 244.9043 288.8359 245.0954 288.7909 c
245.2844 288.7458 245.4772 288.6973 245.6700 288.6415 c
245.8624 288.5856 246.0373 288.5136 246.1975 288.4252 c
246.3559 288.3370 246.4838 288.2183 246.5810 288.0706 c
246.6785 287.9209 246.7270 287.7301 246.7270 287.4977 c
246.7270 287.2726 246.6658 287.0654 246.5433 286.8729 c
246.4209 286.6802 246.2318 286.5251 245.9761 286.4081 c
245.7184 286.2910 245.3961 286.2334 245.0052 286.2334 c
f
q
182.3947 301.3812 73.1758 54.8654 re W*
n
/GS13 gs
q
182.3947 301.3812 m
182.3947 356.2466 l
255.5705 356.2466 l
255.5705 301.3812 l
h
W*
n
q
73.52542 0.00000 0.00000 55.12768 182.1762 301.2064 cm
/Im56 Do
Q
Q
Q
/GS13 gs
/CS15 cs 0.5300 1.0000 0.2800 0.1100 scn
96.7371 200.6697 m
26.2650 200.6697 l
28.7019 206.1536 l
26.2650 211.6386 l
96.7371 211.6386 l
94.2990 206.4498 l
h
f
/GS13 gs
/CS15 cs 0.5300 1.0000 0.2800 0.1100 scn
175.9499 200.6697 m
105.4777 200.6697 l
107.9147 206.1536 l
105.4777 211.6386 l
175.9499 211.6386 l
173.5118 206.4498 l
h
f
/GS13 gs
/CS15 cs 0.5300 1.0000 0.2800 0.1100 scn
254.2105 200.6697 m
183.7383 200.6697 l
186.1753 206.1536 l
183.7383 211.6386 l
254.2105 211.6386 l
251.7724 206.4498 l
h
f
/GS13 gs
/CS15 cs 0.0000 0.0000 0.0000 0.0000 scn
43.3117 203.6285 m
43.3117 208.0752 l
43.9475 208.0752 l
43.9475 203.6285 l
h
h
46.4709 203.6285 m
44.5133 208.0752 l
45.1993 208.0752 l
46.9984 203.9723 l
46.6041 203.9723 l
48.4157 208.0752 l
49.0499 208.0752 l
47.0993 203.6285 l
h
h
50.6908 203.6285 m
50.6908 205.3304 l
50.8365 204.9378 l
48.9240 208.0752 l
49.6029 208.0752 l
51.2113 205.4259 l
50.8419 205.4259 l
52.4557 208.0752 l
53.0861 208.0752 l
51.1790 204.9378 l
51.3193 205.3304 l
51.3193 203.6285 l
h
h
55.4343 203.6285 m
55.4343 208.0752 l
56.0701 208.0752 l
56.0701 204.1812 l
58.4779 204.1812 l
58.4779 203.6285 l
h
h
59.2092 203.6285 m
59.2092 208.0752 l
62.3483 208.0752 l
62.3483 207.5238 l
59.8450 207.5238 l
59.8450 204.1812 l
62.4382 204.1812 l
62.4382 203.6285 l
h
h
59.7872 205.6167 m
59.7872 206.1570 l
62.0745 206.1570 l
62.0745 205.6167 l
h
h
62.7931 203.6285 m
64.8082 208.0752 l
65.4367 208.0752 l
67.4575 203.6285 l
66.7894 203.6285 l
64.9919 207.7203 l
65.2459 207.7203 l
63.4484 203.6285 l
h
h
63.6520 204.7397 m
63.8232 205.2493 l
66.3265 205.2493 l
66.5101 204.7397 l
h
h
69.1656 203.6285 m
67.2080 208.0752 l
67.8940 208.0752 l
69.6932 203.9723 l
69.2989 203.9723 l
71.1105 208.0752 l
71.7446 208.0752 l
69.7941 203.6285 l
h
h
72.3104 203.6285 m
72.3104 208.0752 l
75.4495 208.0752 l
75.4495 207.5238 l
72.9462 207.5238 l
72.9462 204.1812 l
75.5393 204.1812 l
75.5393 203.6285 l
h
h
72.8884 205.6167 m
72.8884 206.1570 l
75.1757 206.1570 l
75.1757 205.6167 l
h
h
77.8643 203.5780 m
77.5259 203.5780 77.2016 203.6302 76.8937 203.7348 c
76.5839 203.8374 76.3407 203.9723 76.1624 204.1364 c
76.3965 204.6317 l
76.5658 204.4840 76.7820 204.3615 77.0448 204.2643 c
77.3079 204.1671 77.5817 204.1183 77.8643 204.1183 c
78.1220 204.1183 78.3326 204.1472 78.4930 204.2065 c
78.6532 204.2660 78.7720 204.3471 78.8496 204.4517 c
78.9250 204.5543 78.9630 204.6730 78.9630 204.8046 c
78.9630 204.9576 78.9143 205.0801 78.8153 205.1736 c
78.7161 205.2655 78.5866 205.3412 78.4281 205.3987 c
78.2677 205.4546 78.0931 205.5050 77.9040 205.5484 c
77.7132 205.5898 77.5205 205.6402 77.3277 205.6978 c
77.1350 205.7536 76.9584 205.8276 76.7999 205.9157 c
76.6414 206.0039 76.5136 206.1247 76.4164 206.2757 c
76.3191 206.4254 76.2704 206.6199 76.2704 206.8557 c
76.2704 207.0845 76.3316 207.2971 76.4524 207.4898 c
76.5731 207.6826 76.7585 207.8357 77.0108 207.9527 c
77.2628 208.0695 77.5834 208.1273 77.9723 208.1273 c
78.2300 208.1273 78.4874 208.0930 78.7414 208.0264 c
78.9953 207.9581 79.2170 207.8606 79.4024 207.7328 c
79.1918 207.2251 l
79.0027 207.3529 78.8009 207.4448 78.5903 207.5023 c
78.3777 207.5581 78.1724 207.5871 77.9723 207.5871 c
77.7220 207.5871 77.5168 207.5545 77.3566 207.4915 c
77.1962 207.4286 77.0774 207.3438 77.0034 207.2375 c
76.9297 207.1312 76.8917 207.0125 76.8917 206.8809 c
76.8917 206.7242 76.9422 206.6000 77.0414 206.5065 c
77.1403 206.4127 77.2702 206.3390 77.4303 206.2848 c
77.5888 206.2290 77.7634 206.1805 77.9545 206.1354 c
78.1435 206.0904 78.3363 206.0419 78.5290 205.9860 c
78.7215 205.9302 78.8964 205.8582 79.0566 205.7698 c
79.2150 205.6816 79.3429 205.5628 79.4401 205.4151 c
79.5376 205.2655 79.5861 205.0747 79.5861 204.8423 c
79.5861 204.6172 79.5249 204.4100 79.4024 204.2175 c
79.2799 204.0248 79.0909 203.8697 78.8352 203.7526 c
78.5775 203.6356 78.2552 203.5780 77.8643 203.5780 c
f
q
24.9180 218.7283 73.1707 54.8836 re W*
n
/GS13 gs
q
24.9180 218.7283 m
24.9180 273.6119 l
98.0887 273.6119 l
98.0887 218.7283 l
h
W*
n
q
73.51220 0.00000 0.00000 55.13415 24.6674 218.6600 cm
/Im57 Do
Q
Q
Q
/GS13 gs
/CS15 cs 0.0000 0.0000 0.0000 0.0000 scn
127.1837 203.6285 m
127.1837 208.0752 l
127.7059 208.0752 l
129.6995 204.7144 l
129.4206 204.7144 l
131.3906 208.0752 l
131.9111 208.0752 l
131.9185 203.6285 l
131.3079 203.6285 l
131.3008 207.1171 l
131.4485 207.1171 l
129.6941 204.1688 l
129.4024 204.1688 l
127.6356 207.1171 l
127.7943 207.1171 l
127.7943 203.6285 l
h
h
132.5778 203.6285 m
134.5929 208.0752 l
135.2214 208.0752 l
137.2422 203.6285 l
136.5741 203.6285 l
134.7766 207.7203 l
135.0306 207.7203 l
133.2332 203.6285 l
h
h
133.4367 204.7397 m
133.6079 205.2493 l
136.1112 205.2493 l
136.2949 204.7397 l
h
h
138.6587 203.6285 m
138.6587 205.3304 l
138.8044 204.9378 l
136.8918 208.0752 l
137.5707 208.0752 l
139.1791 205.4259 l
138.8098 205.4259 l
140.4235 208.0752 l
141.0540 208.0752 l
139.1468 204.9378 l
139.2871 205.3304 l
139.2871 203.6285 l
h
h
143.4719 203.5780 m
142.8885 203.5780 142.4293 203.7455 142.0943 204.0806 c
141.7592 204.4137 141.5917 204.9035 141.5917 205.5464 c
141.5917 208.0752 l
142.2275 208.0752 l
142.2275 205.5736 l
142.2275 205.0781 142.3375 204.7161 142.5552 204.4877 c
142.7732 204.2589 143.0813 204.1435 143.4793 204.1435 c
143.8809 204.1435 144.1925 204.2589 144.4102 204.4877 c
144.6282 204.7161 144.7381 205.0781 144.7381 205.5736 c
144.7381 208.0752 l
145.3541 208.0752 l
145.3541 205.5464 l
145.3541 204.9035 145.1883 204.4137 144.8552 204.0806 c
144.5219 203.7455 144.0609 203.5780 143.4719 203.5780 c
h
146.6544 203.6285 m
146.6544 208.0752 l
148.3903 208.0752 l
148.9649 208.0752 149.4187 207.9383 149.7501 207.6661 c
150.0797 207.3926 150.2453 207.0125 150.2453 206.5263 c
150.2453 206.2037 150.1716 205.9282 150.0239 205.6978 c
149.8745 205.4653 149.6636 205.2890 149.3881 205.1666 c
149.1126 205.0421 148.7795 204.9809 148.3903 204.9809 c
147.0036 204.9809 l
147.2902 205.2746 l
147.2902 203.6285 l
h
h
149.6276 203.6285 m
148.4966 205.2422 l
149.1775 205.2422 l
150.3210 203.6285 l
h
h
147.2902 205.2096 m
147.0036 205.5212 l
148.3707 205.5212 l
148.7775 205.5212 149.0856 205.6096 149.2963 205.7859 c
149.5052 205.9608 149.6098 206.2074 149.6098 206.5263 c
149.6098 206.8432 149.5052 207.0882 149.2963 207.2628 c
149.0856 207.4374 148.7775 207.5238 148.3707 207.5238 c
147.0036 207.5238 l
147.2902 207.8410 l
h
h
151.2737 203.6285 m
151.2737 208.0752 l
151.9095 208.0752 l
151.9095 203.6285 l
h
f
q
104.1299 218.7009 73.1667 54.8751 re W*
n
/GS13 gs
q
104.1299 218.7009 m
104.1299 273.5759 l
177.2966 273.5759 l
177.2966 218.7009 l
h
W*
n
q
73.85781 0.00000 0.00000 55.51300 103.8109 218.4351 cm
/Im58 Do
Q
Q
Q
/GS13 gs
/CS15 cs 0.0000 0.0000 0.0000 0.0000 scn
190.7813 203.6285 m
190.7813 204.0608 l
193.7727 207.7707 l
193.8427 207.5238 l
190.8244 207.5238 l
190.8244 208.0752 l
194.4156 208.0752 l
194.4156 207.6446 l
191.4350 203.9329 l
191.3593 204.1812 l
194.4967 204.1812 l
194.4967 203.6285 l
h
h
194.6750 203.6285 m
196.6901 208.0752 l
197.3186 208.0752 l
199.3394 203.6285 l
198.6712 203.6285 l
196.8738 207.7203 l
197.1278 207.7203 l
195.3303 203.6285 l
h
h
195.5339 204.7397 m
195.7051 205.2493 l
198.2083 205.2493 l
198.3920 204.7397 l
h
h
199.9984 203.6285 m
199.9984 208.0752 l
200.5206 208.0752 l
203.4615 204.4227 l
203.1880 204.4227 l
203.1880 208.0752 l
203.8235 208.0752 l
203.8235 203.6285 l
203.3031 203.6285 l
200.3621 207.2809 l
200.6342 207.2809 l
200.6342 203.6285 l
h
h
207.1661 203.5780 m
206.8274 203.5780 206.5141 203.6356 206.2242 203.7492 c
205.9342 203.8626 205.6822 204.0228 205.4713 204.2283 c
205.2590 204.4335 205.0931 204.6747 204.9744 204.9503 c
204.8553 205.2258 204.7961 205.5266 204.7961 205.8525 c
204.7961 206.1785 204.8553 206.4793 204.9744 206.7551 c
205.0931 207.0306 205.2590 207.2701 205.4713 207.4754 c
205.6822 207.6806 205.9325 207.8410 206.2205 207.9561 c
206.5068 208.0695 206.8220 208.1273 207.1661 208.1273 c
207.5046 208.1273 207.8181 208.0715 208.1044 207.9598 c
208.3907 207.8464 208.6393 207.6880 208.8536 207.4825 c
209.0679 207.2772 209.2317 207.0377 209.3488 206.7622 c
209.4659 206.4866 209.5234 206.1822 209.5234 205.8525 c
209.5234 205.5231 209.4659 205.2204 209.3488 204.9449 c
209.2317 204.6694 209.0679 204.4281 208.8536 204.2229 c
208.6393 204.0174 208.3907 203.8589 208.1044 203.7472 c
207.8181 203.6339 207.5046 203.5780 207.1661 203.5780 c
h
207.1661 204.1435 m
207.4127 204.1435 207.6398 204.1869 207.8504 204.2714 c
208.0593 204.3561 208.2413 204.4749 208.3961 204.6297 c
208.5511 204.7830 208.6716 204.9647 208.7580 205.1719 c
208.8445 205.3791 208.8879 205.6059 208.8879 205.8525 c
208.8879 206.0977 208.8445 206.3245 208.7580 206.5317 c
208.6716 206.7386 208.5511 206.9206 208.3961 207.0754 c
208.2413 207.2305 208.0593 207.3509 207.8504 207.4357 c
207.6398 207.5204 207.4127 207.5618 207.1661 207.5618 c
206.9158 207.5618 206.6871 207.5204 206.4781 207.4357 c
206.2672 207.3509 206.0855 207.2305 205.9288 207.0754 c
205.7720 206.9206 205.6496 206.7386 205.5631 206.5317 c
205.4750 206.3245 205.4316 206.0977 205.4316 205.8525 c
205.4316 205.6059 205.4750 205.3791 205.5631 205.1719 c
205.6496 204.9647 205.7720 204.7830 205.9288 204.6297 c
206.0855 204.4749 206.2672 204.3561 206.4781 204.2714 c
206.6871 204.1869 206.9158 204.1435 207.1661 204.1435 c
h
210.4943 203.6285 m
210.4943 208.0752 l
212.3691 208.0752 l
212.8428 208.0752 213.2623 207.9814 213.6243 207.7960 c
213.9863 207.6103 214.2672 207.3492 214.4690 207.0162 c
214.6706 206.6811 214.7715 206.2939 214.7715 205.8525 c
214.7715 205.4115 214.6706 205.0243 214.4690 204.6892 c
214.2672 204.3541 213.9863 204.0931 213.6243 203.9077 c
213.2623 203.7220 212.8428 203.6285 212.3691 203.6285 c
h
h
211.1301 204.1812 m
212.3311 204.1812 l
212.7005 204.1812 213.0191 204.2515 213.2875 204.3921 c
213.5560 204.5307 213.7649 204.7272 213.9143 204.9792 c
214.0620 205.2315 214.1357 205.5231 214.1357 205.8525 c
214.1357 206.1859 214.0620 206.4793 213.9143 206.7299 c
213.7649 206.9802 213.5560 207.1746 213.2875 207.3149 c
213.0191 207.4538 212.7005 207.5238 212.3311 207.5238 c
211.1301 207.5238 l
h
h
215.0053 203.6285 m
217.0205 208.0752 l
217.6489 208.0752 l
219.6697 203.6285 l
219.0016 203.6285 l
217.2042 207.7203 l
217.4581 207.7203 l
215.6607 203.6285 l
h
h
215.8642 204.7397 m
216.0354 205.2493 l
218.5387 205.2493 l
218.7224 204.7397 l
h
h
222.0378 203.6285 m
222.0378 208.0752 l
222.6736 208.0752 l
222.6736 204.1812 l
225.0814 204.1812 l
225.0814 203.6285 l
h
h
225.8127 203.6285 m
225.8127 208.0752 l
228.9518 208.0752 l
228.9518 207.5238 l
226.4485 207.5238 l
226.4485 204.1812 l
229.0416 204.1812 l
229.0416 203.6285 l
h
h
226.3907 205.6167 m
226.3907 206.1570 l
228.6780 206.1570 l
228.6780 205.6167 l
h
h
229.3965 203.6285 m
231.4117 208.0752 l
232.0401 208.0752 l
234.0609 203.6285 l
233.3928 203.6285 l
231.5954 207.7203 l
231.8494 207.7203 l
230.0519 203.6285 l
h
h
230.2554 204.7397 m
230.4266 205.2493 l
232.9299 205.2493 l
233.1136 204.7397 l
h
h
235.7691 203.6285 m
233.8115 208.0752 l
234.4975 208.0752 l
236.2966 203.9723 l
235.9023 203.9723 l
237.7140 208.0752 l
238.3481 208.0752 l
236.3975 203.6285 l
h
h
238.9139 203.6285 m
238.9139 208.0752 l
242.0529 208.0752 l
242.0529 207.5238 l
239.5497 207.5238 l
239.5497 204.1812 l
242.1428 204.1812 l
242.1428 203.6285 l
h
h
239.4918 205.6167 m
239.4918 206.1570 l
241.7791 206.1570 l
241.7791 205.6167 l
h
h
244.4678 203.5780 m
244.1293 203.5780 243.8050 203.6302 243.4972 203.7348 c
243.1874 203.8374 242.9442 203.9723 242.7659 204.1364 c
243.0000 204.6317 l
243.1692 204.4840 243.3855 204.3615 243.6483 204.2643 c
243.9113 204.1671 244.1852 204.1183 244.4678 204.1183 c
244.7254 204.1183 244.9361 204.1472 245.0965 204.2065 c
245.2567 204.2660 245.3754 204.3471 245.4531 204.4517 c
245.5285 204.5543 245.5665 204.6730 245.5665 204.8046 c
245.5665 204.9576 245.5177 205.0801 245.4188 205.1736 c
245.3196 205.2655 245.1900 205.3412 245.0316 205.3987 c
244.8711 205.4546 244.6965 205.5050 244.5075 205.5484 c
244.3167 205.5898 244.1239 205.6402 243.9312 205.6978 c
243.7384 205.7536 243.5618 205.8276 243.4034 205.9157 c
243.2449 206.0039 243.1171 206.1247 243.0198 206.2757 c
242.9226 206.4254 242.8739 206.6199 242.8739 206.8557 c
242.8739 207.0845 242.9351 207.2971 243.0558 207.4898 c
243.1766 207.6826 243.3620 207.8357 243.6143 207.9527 c
243.8663 208.0695 244.1869 208.1273 244.5758 208.1273 c
244.8334 208.1273 245.0908 208.0930 245.3448 208.0264 c
245.5988 207.9581 245.8205 207.8606 246.0059 207.7328 c
245.7952 207.2251 l
245.6062 207.3529 245.4043 207.4448 245.1937 207.5023 c
244.9811 207.5581 244.7759 207.5871 244.5758 207.5871 c
244.3255 207.5871 244.1203 207.5545 243.9601 207.4915 c
243.7997 207.4286 243.6809 207.3438 243.6069 207.2375 c
243.5332 207.1312 243.4952 207.0125 243.4952 206.8809 c
243.4952 206.7242 243.5457 206.6000 243.6449 206.5065 c
243.7438 206.4127 243.8736 206.3390 244.0338 206.2848 c
244.1923 206.2290 244.3669 206.1805 244.5579 206.1354 c
244.7470 206.0904 244.9397 206.0419 245.1325 205.9860 c
245.3250 205.9302 245.4999 205.8582 245.6600 205.7698 c
245.8185 205.6816 245.9463 205.5628 246.0436 205.4151 c
246.1411 205.2655 246.1895 205.0747 246.1895 204.8423 c
246.1895 204.6172 246.1283 204.4100 246.0059 204.2175 c
245.8834 204.0248 245.6943 203.8697 245.4386 203.7526 c
245.1810 203.6356 244.8587 203.5780 244.4678 203.5780 c
f
q
182.3839 218.7261 73.1775 54.8770 re W*
n
/GS13 gs
q
182.3839 218.7261 m
182.3839 273.6031 l
255.5614 273.6031 l
255.5614 218.7261 l
h
W*
n
q
73.32431 0.00000 0.00000 55.26847 182.3596 218.3835 cm
/Im59 Do
Q
Q
Q
/GS13 gs
/CS15 cs 0.5300 1.0000 0.2800 0.1100 scn
96.7371 119.2397 m
26.2650 119.2397 l
28.7019 124.9387 l
26.2650 130.6389 l
96.7371 130.6389 l
94.2990 125.2457 l
h
f
/GS13 gs
/CS15 cs 0.5300 1.0000 0.2800 0.1100 scn
175.9499 119.2397 m
105.4777 119.2397 l
107.9147 124.9387 l
105.4777 130.6389 l
175.9499 130.6389 l
173.5118 125.2457 l
h
f
/GS13 gs
/CS15 cs 0.5300 1.0000 0.2800 0.1100 scn
254.2105 119.2397 m
183.7383 119.2397 l
186.1753 124.9387 l
183.7383 130.6389 l
254.2105 130.6389 l
251.7724 125.2457 l
h
f
/GS13 gs
/CS15 cs 0.0000 0.0000 0.0000 0.0000 scn
41.1514 122.1985 m
41.1514 126.6452 l
43.1467 126.6452 l
43.6601 126.6452 44.0544 126.5423 44.3302 126.3370 c
44.6057 126.1318 44.7423 125.8509 44.7423 125.4960 c
44.7423 125.2548 44.6885 125.0512 44.5805 124.8874 c
44.4722 124.7216 44.3265 124.5937 44.1445 124.5056 c
43.9625 124.4171 43.7647 124.3723 43.5538 124.3723 c
43.6671 124.5614 l
43.9211 124.5614 44.1462 124.5163 44.3426 124.4282 c
44.5371 124.3397 44.6922 124.2082 44.8055 124.0373 c
44.9189 123.8661 44.9765 123.6538 44.9765 123.3998 c
44.9765 123.0180 44.8342 122.7226 44.5479 122.5137 c
44.2616 122.3028 43.8384 122.1985 43.2746 122.1985 c
h
h
41.7872 122.7135 m
43.2493 122.7135 l
43.6005 122.7135 43.8690 122.7730 44.0563 122.8918 c
44.2417 123.0089 44.3356 123.1963 44.3356 123.4502 c
44.3356 123.7076 44.2417 123.8967 44.0563 124.0157 c
43.8690 124.1345 43.6005 124.1940 43.2493 124.1940 c
41.7294 124.1940 l
41.7294 124.7071 l
43.0892 124.7071 l
43.4115 124.7071 43.6618 124.7666 43.8401 124.8854 c
44.0184 125.0045 44.1068 125.1828 44.1068 125.4203 c
44.1068 125.6564 44.0184 125.8347 43.8401 125.9535 c
43.6618 126.0723 43.4115 126.1318 43.0892 126.1318 c
41.7872 126.1318 l
h
h
47.9699 122.1480 m
47.6311 122.1480 47.3179 122.2055 47.0279 122.3192 c
46.7379 122.4326 46.4859 122.5928 46.2750 122.7983 c
46.0627 123.0035 45.8969 123.2447 45.7781 123.5203 c
45.6591 123.7958 45.5998 124.0965 45.5998 124.4225 c
45.5998 124.7485 45.6591 125.0493 45.7781 125.3251 c
45.8969 125.6006 46.0627 125.8401 46.2750 126.0454 c
46.4859 126.2506 46.7362 126.4110 47.0242 126.5261 c
47.3105 126.6395 47.6257 126.6973 47.9699 126.6973 c
48.3083 126.6973 48.6218 126.6415 48.9081 126.5298 c
49.1944 126.4164 49.4430 126.2580 49.6573 126.0524 c
49.8716 125.8472 50.0355 125.6077 50.1525 125.3322 c
50.2696 125.0566 50.3271 124.7522 50.3271 124.4225 c
50.3271 124.0931 50.2696 123.7904 50.1525 123.5149 c
50.0355 123.2393 49.8716 122.9981 49.6573 122.7929 c
49.4430 122.5874 49.1944 122.4289 48.9081 122.3172 c
48.6218 122.2038 48.3083 122.1480 47.9699 122.1480 c
h
47.9699 122.7135 m
48.2165 122.7135 48.4435 122.7569 48.6541 122.8414 c
48.8631 122.9261 49.0450 123.0449 49.1998 123.1997 c
49.3549 123.3530 49.4753 123.5347 49.5618 123.7419 c
49.6483 123.9491 49.6916 124.1759 49.6916 124.4225 c
49.6916 124.6677 49.6483 124.8945 49.5618 125.1017 c
49.4753 125.3086 49.3549 125.4906 49.1998 125.6454 c
49.0450 125.8004 48.8631 125.9209 48.6541 126.0057 c
48.4435 126.0904 48.2165 126.1318 47.9699 126.1318 c
47.7196 126.1318 47.4908 126.0904 47.2819 126.0057 c
47.0710 125.9209 46.8893 125.8004 46.7325 125.6454 c
46.5758 125.4906 46.4533 125.3086 46.3669 125.1017 c
46.2787 124.8945 46.2353 124.6677 46.2353 124.4225 c
46.2353 124.1759 46.2787 123.9491 46.3669 123.7419 c
46.4533 123.5347 46.5758 123.3530 46.7325 123.1997 c
46.8893 123.0449 47.0710 122.9261 47.2819 122.8414 c
47.4908 122.7569 47.7196 122.7135 47.9699 122.7135 c
h
51.2980 122.1985 m
51.2980 126.6452 l
53.0340 126.6452 l
53.4231 126.6452 53.7562 126.5839 54.0317 126.4612 c
54.3073 126.3387 54.5182 126.1604 54.6676 125.9283 c
54.8152 125.6958 54.8889 125.4186 54.8889 125.0963 c
54.8889 124.7737 54.8152 124.4982 54.6676 124.2677 c
54.5182 124.0353 54.3073 123.8570 54.0317 123.7329 c
53.7562 123.6087 53.4231 123.5455 53.0340 123.5455 c
51.6472 123.5455 l
51.9338 123.8445 l
51.9338 122.1985 l
h
h
51.9338 123.7796 m
51.6472 124.0985 l
53.0144 124.0985 l
53.4212 124.0985 53.7293 124.1850 53.9399 124.3596 c
54.1488 124.5325 54.2534 124.7774 54.2534 125.0963 c
54.2534 125.4132 54.1488 125.6581 53.9399 125.8328 c
53.7293 126.0074 53.4212 126.0938 53.0144 126.0938 c
51.6472 126.0938 l
51.9338 126.4110 l
h
h
57.5940 122.1985 m
57.5940 126.6452 l
58.2299 126.6452 l
58.2299 122.7512 l
60.6376 122.7512 l
60.6376 122.1985 l
h
h
61.3689 122.1985 m
61.3689 126.6452 l
64.5080 126.6452 l
64.5080 126.0938 l
62.0048 126.0938 l
62.0048 122.7512 l
64.5979 122.7512 l
64.5979 122.1985 l
h
h
61.9469 124.1867 m
61.9469 124.7270 l
64.2342 124.7270 l
64.2342 124.1867 l
h
h
64.9528 122.1985 m
66.9679 126.6452 l
67.5964 126.6452 l
69.6172 122.1985 l
68.9491 122.1985 l
67.1516 126.2903 l
67.4056 126.2903 l
65.6082 122.1985 l
h
h
65.8117 123.3096 m
65.9829 123.8193 l
68.4862 123.8193 l
68.6699 123.3096 l
h
h
71.3254 122.1985 m
69.3677 126.6452 l
70.0537 126.6452 l
71.8529 122.5423 l
71.4586 122.5423 l
73.2702 126.6452 l
73.9043 126.6452 l
71.9538 122.1985 l
h
h
74.4701 122.1985 m
74.4701 126.6452 l
77.6092 126.6452 l
77.6092 126.0938 l
75.1059 126.0938 l
75.1059 122.7512 l
77.6991 122.7512 l
77.6991 122.1985 l
h
h
75.0481 124.1867 m
75.0481 124.7270 l
77.3354 124.7270 l
77.3354 124.1867 l
h
h
80.0240 122.1480 m
79.6856 122.1480 79.3613 122.2002 79.0534 122.3048 c
78.7436 122.4074 78.5004 122.5423 78.3221 122.7064 c
78.5563 123.2016 l
78.7255 123.0540 78.9418 122.9315 79.2045 122.8343 c
79.4676 122.7370 79.7414 122.6883 80.0240 122.6883 c
80.2817 122.6883 80.4923 122.7172 80.6528 122.7764 c
80.8129 122.8360 80.9317 122.9170 81.0094 123.0216 c
81.0848 123.1243 81.1227 123.2430 81.1227 123.3746 c
81.1227 123.5276 81.0740 123.6501 80.9751 123.7436 c
80.8758 123.8355 80.7463 123.9111 80.5878 123.9687 c
80.4274 124.0245 80.2528 124.0750 80.0637 124.1184 c
79.8729 124.1597 79.6802 124.2102 79.4874 124.2677 c
79.2947 124.3236 79.1181 124.3976 78.9596 124.4857 c
78.8012 124.5739 78.6733 124.6946 78.5761 124.8457 c
78.4789 124.9954 78.4301 125.1899 78.4301 125.4257 c
78.4301 125.6545 78.4913 125.8671 78.6121 126.0598 c
78.7329 126.2526 78.9182 126.4056 79.1705 126.5227 c
79.4225 126.6395 79.7431 126.6973 80.1320 126.6973 c
80.3897 126.6973 80.6471 126.6630 80.9011 126.5964 c
81.1551 126.5281 81.3767 126.4306 81.5621 126.3027 c
81.3515 125.7951 l
81.1624 125.9229 80.9606 126.0147 80.7500 126.0723 c
80.5374 126.1281 80.3322 126.1570 80.1320 126.1570 c
79.8817 126.1570 79.6765 126.1244 79.5163 126.0615 c
79.3559 125.9986 79.2371 125.9138 79.1631 125.8075 c
79.0894 125.7012 79.0515 125.5825 79.0515 125.4509 c
79.0515 125.2942 79.1019 125.1700 79.2011 125.0765 c
79.3001 124.9826 79.4299 124.9089 79.5900 124.8548 c
79.7485 124.7990 79.9231 124.7505 80.1142 124.7054 c
80.3032 124.6603 80.4960 124.6119 80.6888 124.5560 c
80.8812 124.5002 81.0561 124.4282 81.2163 124.3397 c
81.3747 124.2516 81.5026 124.1328 81.5998 123.9851 c
81.6973 123.8355 81.7458 123.6447 81.7458 123.4123 c
81.7458 123.1872 81.6846 122.9800 81.5621 122.7875 c
81.4397 122.5947 81.2506 122.4397 80.9949 122.3226 c
80.7372 122.2055 80.4149 122.1480 80.0240 122.1480 c
f
q
24.9174 137.2791 73.1744 54.8912 re W*
n
/GS13 gs
q
24.9174 137.2791 m
24.9174 192.1703 l
98.0918 192.1703 l
98.0918 137.2791 l
h
W*
n
q
73.51404 0.00000 0.00000 55.12492 24.7475 137.2578 cm
/Im60 Do
Q
Q
Q
/GS13 gs
/CS15 cs 0.0000 0.0000 0.0000 0.0000 scn
125.2522 122.1985 m
125.2522 126.6452 l
125.7744 126.6452 l
127.7680 123.2844 l
127.4890 123.2844 l
129.4591 126.6452 l
129.9796 126.6452 l
129.9869 122.1985 l
129.3763 122.1985 l
129.3693 125.6871 l
129.5169 125.6871 l
127.7626 122.7387 l
127.4709 122.7387 l
125.7041 125.6871 l
125.8628 125.6871 l
125.8628 122.1985 l
h
h
130.6463 122.1985 m
132.6614 126.6452 l
133.2899 126.6452 l
135.3107 122.1985 l
134.6426 122.1985 l
132.8451 126.2903 l
133.0991 126.2903 l
131.3016 122.1985 l
h
h
131.5052 123.3096 m
131.6764 123.8193 l
134.1797 123.8193 l
134.3633 123.3096 l
h
h
135.9697 122.1985 m
135.9697 126.6452 l
136.4919 126.6452 l
139.4328 122.9927 l
139.1593 122.9927 l
139.1593 126.6452 l
139.7948 126.6452 l
139.7948 122.1985 l
139.2744 122.1985 l
136.3334 125.8509 l
136.6055 125.8509 l
136.6055 122.1985 l
h
h
142.4259 122.1480 m
142.0875 122.1480 141.7632 122.2002 141.4553 122.3048 c
141.1455 122.4074 140.9023 122.5423 140.7240 122.7064 c
140.9581 123.2016 l
141.1274 123.0540 141.3437 122.9315 141.6064 122.8343 c
141.8695 122.7370 142.1433 122.6883 142.4259 122.6883 c
142.6836 122.6883 142.8942 122.7172 143.0546 122.7764 c
143.2148 122.8360 143.3336 122.9170 143.4112 123.0216 c
143.4866 123.1243 143.5246 123.2430 143.5246 123.3746 c
143.5246 123.5276 143.4759 123.6501 143.3769 123.7436 c
143.2777 123.8355 143.1482 123.9111 142.9897 123.9687 c
142.8293 124.0245 142.6547 124.0750 142.4656 124.1184 c
142.2748 124.1597 142.0821 124.2102 141.8893 124.2677 c
141.6966 124.3236 141.5200 124.3976 141.3615 124.4857 c
141.2031 124.5739 141.0752 124.6946 140.9780 124.8457 c
140.8808 124.9954 140.8320 125.1899 140.8320 125.4257 c
140.8320 125.6545 140.8932 125.8671 141.0140 126.0598 c
141.1347 126.2526 141.3201 126.4056 141.5724 126.5227 c
141.8244 126.6395 142.1450 126.6973 142.5339 126.6973 c
142.7916 126.6973 143.0490 126.6630 143.3030 126.5964 c
143.5569 126.5281 143.7786 126.4306 143.9640 126.3027 c
143.7534 125.7951 l
143.5643 125.9229 143.3625 126.0147 143.1519 126.0723 c
142.9393 126.1281 142.7340 126.1570 142.5339 126.1570 c
142.2836 126.1570 142.0784 126.1244 141.9182 126.0615 c
141.7578 125.9986 141.6390 125.9138 141.5650 125.8075 c
141.4913 125.7012 141.4534 125.5825 141.4534 125.4509 c
141.4534 125.2942 141.5038 125.1700 141.6030 125.0765 c
141.7020 124.9826 141.8318 124.9089 141.9919 124.8548 c
142.1504 124.7990 142.3250 124.7505 142.5161 124.7054 c
142.7051 124.6603 142.8979 124.6119 143.0906 124.5560 c
143.2831 124.5002 143.4580 124.4282 143.6182 124.3397 c
143.7766 124.2516 143.9045 124.1328 144.0017 123.9851 c
144.0992 123.8355 144.1477 123.6447 144.1477 123.4123 c
144.1477 123.1872 144.0865 122.9800 143.9640 122.7875 c
143.8415 122.5947 143.6525 122.4397 143.3968 122.3226 c
143.1391 122.2055 142.8168 122.1480 142.4259 122.1480 c
h
145.0752 122.1985 m
145.0752 126.6452 l
145.7110 126.6452 l
145.7110 122.1985 l
h
h
147.0455 122.1985 m
147.0455 126.6452 l
148.9204 126.6452 l
149.3940 126.6452 149.8136 126.5513 150.1756 126.3660 c
150.5375 126.1803 150.8185 125.9192 151.0203 125.5861 c
151.2218 125.2511 151.3227 124.8639 151.3227 124.4225 c
151.3227 123.9814 151.2218 123.5942 151.0203 123.2592 c
150.8185 122.9241 150.5375 122.6631 150.1756 122.4777 c
149.8136 122.2920 149.3940 122.1985 148.9204 122.1985 c
h
h
147.6814 122.7512 m
148.8824 122.7512 l
149.2517 122.7512 149.5704 122.8215 149.8388 122.9621 c
150.1072 123.1007 150.3162 123.2972 150.4655 123.5492 c
150.6132 123.8014 150.6869 124.0931 150.6869 124.4225 c
150.6869 124.7559 150.6132 125.0493 150.4655 125.2998 c
150.3162 125.5501 150.1072 125.7446 149.8388 125.8849 c
149.5704 126.0238 149.2517 126.0938 148.8824 126.0938 c
147.6814 126.0938 l
h
h
151.5566 122.1985 m
153.5717 126.6452 l
154.2002 126.6452 l
156.2210 122.1985 l
155.5529 122.1985 l
153.7554 126.2903 l
154.0094 126.2903 l
152.2120 122.1985 l
h
h
152.4155 123.3096 m
152.5867 123.8193 l
155.0900 123.8193 l
155.2737 123.3096 l
h
f
q
104.7546 137.2949 72.5380 54.8728 re W*
n
/GS13 gs
q
104.7546 137.2949 m
104.7546 192.1677 l
177.2926 192.1677 l
177.2926 137.2949 l
h
W*
n
q
72.76467 0.00000 0.00000 55.50704 104.7547 136.9660 cm
/Im61 Do
Q
Q
Q
/GS13 gs
/CS15 cs 0.0000 0.0000 0.0000 0.0000 scn
194.8419 122.1480 m
194.5035 122.1480 194.1792 122.2002 193.8713 122.3048 c
193.5615 122.4074 193.3183 122.5423 193.1400 122.7064 c
193.3741 123.2016 l
193.5434 123.0540 193.7597 122.9315 194.0224 122.8343 c
194.2855 122.7370 194.5593 122.6883 194.8419 122.6883 c
195.0996 122.6883 195.3102 122.7172 195.4706 122.7764 c
195.6308 122.8360 195.7496 122.9170 195.8272 123.0216 c
195.9026 123.1243 195.9406 123.2430 195.9406 123.3746 c
195.9406 123.5276 195.8919 123.6501 195.7929 123.7436 c
195.6937 123.8355 195.5642 123.9111 195.4057 123.9687 c
195.2453 124.0245 195.0707 124.0750 194.8816 124.1184 c
194.6908 124.1597 194.4981 124.2102 194.3053 124.2677 c
194.1126 124.3236 193.9360 124.3976 193.7775 124.4857 c
193.6191 124.5739 193.4912 124.6946 193.3940 124.8457 c
193.2968 124.9954 193.2480 125.1899 193.2480 125.4257 c
193.2480 125.6545 193.3092 125.8671 193.4300 126.0598 c
193.5507 126.2526 193.7361 126.4056 193.9884 126.5227 c
194.2404 126.6395 194.5610 126.6973 194.9499 126.6973 c
195.2076 126.6973 195.4650 126.6630 195.7190 126.5964 c
195.9729 126.5281 196.1946 126.4306 196.3800 126.3027 c
196.1694 125.7951 l
195.9803 125.9229 195.7785 126.0147 195.5679 126.0723 c
195.3553 126.1281 195.1500 126.1570 194.9499 126.1570 c
194.6996 126.1570 194.4944 126.1244 194.3342 126.0615 c
194.1738 125.9986 194.0550 125.9138 193.9810 125.8075 c
193.9073 125.7012 193.8694 125.5825 193.8694 125.4509 c
193.8694 125.2942 193.9198 125.1700 194.0190 125.0765 c
194.1180 124.9826 194.2478 124.9089 194.4079 124.8548 c
194.5664 124.7990 194.7410 124.7505 194.9321 124.7054 c
195.1211 124.6603 195.3139 124.6119 195.5066 124.5560 c
195.6991 124.5002 195.8740 124.4282 196.0342 124.3397 c
196.1926 124.2516 196.3205 124.1328 196.4177 123.9851 c
196.5152 123.8355 196.5637 123.6447 196.5637 123.4123 c
196.5637 123.1872 196.5025 122.9800 196.3800 122.7875 c
196.2575 122.5947 196.0685 122.4397 195.8128 122.3226 c
195.5551 122.2055 195.2328 122.1480 194.8419 122.1480 c
h
197.4912 122.1985 m
197.4912 126.6452 l
198.1270 126.6452 l
198.1270 122.1985 l
h
h
199.4615 122.1985 m
199.4615 126.6452 l
200.0974 126.6452 l
200.0974 122.7512 l
202.5051 122.7512 l
202.5051 122.1985 l
h
h
204.1903 122.1985 m
202.2327 126.6452 l
202.9187 126.6452 l
204.7178 122.5423 l
204.3235 122.5423 l
206.1351 126.6452 l
206.7693 126.6452 l
204.8187 122.1985 l
h
h
207.3351 122.1985 m
207.3351 126.6452 l
210.4741 126.6452 l
210.4741 126.0938 l
207.9709 126.0938 l
207.9709 122.7512 l
210.5640 122.7512 l
210.5640 122.1985 l
h
h
207.9130 124.1867 m
207.9130 124.7270 l
210.2003 124.7270 l
210.2003 124.1867 l
h
h
211.5924 122.1985 m
211.5924 126.6452 l
213.3283 126.6452 l
213.9029 126.6452 214.3568 126.5083 214.6881 126.2361 c
215.0178 125.9626 215.1833 125.5825 215.1833 125.0963 c
215.1833 124.7737 215.1096 124.4982 214.9620 124.2677 c
214.8126 124.0353 214.6017 123.8590 214.3261 123.7365 c
214.0506 123.6121 213.7175 123.5509 213.3283 123.5509 c
211.9416 123.5509 l
212.2282 123.8445 l
212.2282 122.1985 l
h
h
214.5657 122.1985 m
213.4346 123.8122 l
214.1155 123.8122 l
215.2590 122.1985 l
h
h
212.2282 123.7796 m
211.9416 124.0911 l
213.3088 124.0911 l
213.7156 124.0911 214.0237 124.1796 214.2343 124.3559 c
214.4432 124.5308 214.5478 124.7774 214.5478 125.0963 c
214.5478 125.4132 214.4432 125.6581 214.2343 125.8328 c
214.0237 126.0074 213.7156 126.0938 213.3088 126.0938 c
211.9416 126.0938 l
212.2282 126.4110 l
h
h
217.9208 122.1985 m
217.9208 126.6452 l
219.7956 126.6452 l
220.2693 126.6452 220.6888 126.5513 221.0508 126.3660 c
221.4128 126.1803 221.6937 125.9192 221.8955 125.5861 c
222.0970 125.2511 222.1980 124.8639 222.1980 124.4225 c
222.1980 123.9814 222.0970 123.5942 221.8955 123.2592 c
221.6937 122.9241 221.4128 122.6631 221.0508 122.4777 c
220.6888 122.2920 220.2693 122.1985 219.7956 122.1985 c
h
h
218.5566 122.7512 m
219.7576 122.7512 l
220.1270 122.7512 220.4456 122.8215 220.7140 122.9621 c
220.9825 123.1007 221.1914 123.2972 221.3408 123.5492 c
221.4884 123.8014 221.5621 124.0931 221.5621 124.4225 c
221.5621 124.7559 221.4884 125.0493 221.3408 125.2998 c
221.1914 125.5501 220.9825 125.7446 220.7140 125.8849 c
220.4456 126.0238 220.1270 126.0938 219.7576 126.0938 c
218.5566 126.0938 l
h
h
225.1769 122.1480 m
224.8381 122.1480 224.5249 122.2055 224.2349 122.3192 c
223.9449 122.4326 223.6929 122.5928 223.4820 122.7983 c
223.2697 123.0035 223.1039 123.2447 222.9851 123.5203 c
222.8661 123.7958 222.8068 124.0965 222.8068 124.4225 c
222.8068 124.7485 222.8661 125.0493 222.9851 125.3251 c
223.1039 125.6006 223.2697 125.8401 223.4820 126.0454 c
223.6929 126.2506 223.9432 126.4110 224.2312 126.5261 c
224.5175 126.6395 224.8328 126.6973 225.1769 126.6973 c
225.5153 126.6973 225.8289 126.6415 226.1151 126.5298 c
226.4014 126.4164 226.6500 126.2580 226.8643 126.0524 c
227.0786 125.8472 227.2425 125.6077 227.3596 125.3322 c
227.4766 125.0566 227.5342 124.7522 227.5342 124.4225 c
227.5342 124.0931 227.4766 123.7904 227.3596 123.5149 c
227.2425 123.2393 227.0786 122.9981 226.8643 122.7929 c
226.6500 122.5874 226.4014 122.4289 226.1151 122.3172 c
225.8289 122.2038 225.5153 122.1480 225.1769 122.1480 c
h
225.1769 122.7135 m
225.4235 122.7135 225.6506 122.7569 225.8612 122.8414 c
226.0701 122.9261 226.2521 123.0449 226.4068 123.1997 c
226.5619 123.3530 226.6824 123.5347 226.7688 123.7419 c
226.8553 123.9491 226.8986 124.1759 226.8986 124.4225 c
226.8986 124.6677 226.8553 124.8945 226.7688 125.1017 c
226.6824 125.3086 226.5619 125.4906 226.4068 125.6454 c
226.2521 125.8004 226.0701 125.9209 225.8612 126.0057 c
225.6506 126.0904 225.4235 126.1318 225.1769 126.1318 c
224.9266 126.1318 224.6978 126.0904 224.4889 126.0057 c
224.2780 125.9209 224.0963 125.8004 223.9396 125.6454 c
223.7828 125.4906 223.6603 125.3086 223.5739 125.1017 c
223.4857 124.8945 223.4424 124.6677 223.4424 124.4225 c
223.4424 124.1759 223.4857 123.9491 223.5739 123.7419 c
223.6603 123.5347 223.7828 123.3530 223.9396 123.1997 c
224.0963 123.0449 224.2780 122.9261 224.4889 122.8414 c
224.6978 122.7569 224.9266 122.7135 225.1769 122.7135 c
h
228.5050 122.1985 m
228.5050 126.6452 l
229.1409 126.6452 l
229.1409 122.7512 l
231.5486 122.7512 l
231.5486 122.1985 l
h
h
232.2799 122.1985 m
232.2799 126.6452 l
232.9157 126.6452 l
232.9157 122.7512 l
235.3235 122.7512 l
235.3235 122.1985 l
h
h
235.3813 122.1985 m
237.3965 126.6452 l
238.0249 126.6452 l
240.0457 122.1985 l
239.3776 122.1985 l
237.5802 126.2903 l
237.8341 126.2903 l
236.0367 122.1985 l
h
h
236.2402 123.3096 m
236.4114 123.8193 l
238.9147 123.8193 l
239.0984 123.3096 l
h
h
240.7048 122.1985 m
240.7048 126.6452 l
242.4407 126.6452 l
243.0153 126.6452 243.4691 126.5083 243.8005 126.2361 c
244.1302 125.9626 244.2957 125.5825 244.2957 125.0963 c
244.2957 124.7737 244.2220 124.4982 244.0743 124.2677 c
243.9249 124.0353 243.7140 123.8590 243.4385 123.7365 c
243.1630 123.6121 242.8299 123.5509 242.4407 123.5509 c
241.0540 123.5509 l
241.3406 123.8445 l
241.3406 122.1985 l
h
h
243.6780 122.1985 m
242.5470 123.8122 l
243.2279 123.8122 l
244.3714 122.1985 l
h
h
241.3406 123.7796 m
241.0540 124.0911 l
242.4212 124.0911 l
242.8279 124.0911 243.1361 124.1796 243.3467 124.3559 c
243.5556 124.5308 243.6602 124.7774 243.6602 125.0963 c
243.6602 125.4132 243.5556 125.6581 243.3467 125.8328 c
243.1361 126.0074 242.8279 126.0938 242.4212 126.0938 c
241.0540 126.0938 l
241.3406 126.4110 l
h
f
q
182.3766 137.2754 73.1931 54.9085 re W*
n
/GS13 gs
q
182.3766 137.2754 m
182.3766 192.1839 l
255.5697 192.1839 l
255.5697 137.2754 l
h
W*
n
q
73.70837 0.00000 0.00000 55.28806 182.1596 137.1127 cm
/Im62 Do
Q
Q
Q
/GS13 gs
/CS15 cs 0.5300 1.0000 0.2800 0.1100 scn
96.7371 35.6383 m
26.2650 35.6383 l
28.7019 41.1384 l
26.2650 46.6384 l
96.7371 46.6384 l
94.2990 41.4343 l
h
f
/GS13 gs
/CS15 cs 0.5300 1.0000 0.2800 0.1100 scn
175.9499 35.6383 m
105.4777 35.6383 l
107.9147 41.1384 l
105.4777 46.6384 l
175.9499 46.6384 l
173.5118 41.4343 l
h
f
/GS13 gs
/CS15 cs 0.5300 1.0000 0.2800 0.1100 scn
254.2105 35.6383 m
183.7383 35.6383 l
186.1753 41.1384 l
183.7383 46.6384 l
254.2105 46.6384 l
251.7724 41.4343 l
h
f
/GS13 gs
/CS15 cs 0.0000 0.0000 0.0000 0.0000 scn
37.4664 38.5968 m
37.4664 43.0435 l
39.2023 43.0435 l
39.7769 43.0435 40.2307 42.9066 40.5621 42.6345 c
40.8917 42.3609 41.0573 41.9808 41.0573 41.4947 c
41.0573 41.1721 40.9836 40.8966 40.8359 40.6661 c
40.6865 40.4337 40.4756 40.2574 40.2001 40.1349 c
39.9246 40.0105 39.5915 39.9492 39.2023 39.9492 c
37.8156 39.9492 l
38.1022 40.2429 l
38.1022 38.5968 l
h
h
40.4396 38.5968 m
39.3086 40.2106 l
39.9895 40.2106 l
41.1330 38.5968 l
h
h
38.1022 40.1780 m
37.8156 40.4895 l
39.1827 40.4895 l
39.5895 40.4895 39.8976 40.5780 40.1083 40.7543 c
40.3172 40.9292 40.4218 41.1758 40.4218 41.4947 c
40.4218 41.8116 40.3172 42.0565 40.1083 42.2311 c
39.8976 42.4057 39.5895 42.4922 39.1827 42.4922 c
37.8156 42.4922 l
38.1022 42.8094 l
h
h
42.0857 38.5968 m
42.0857 43.0435 l
45.2248 43.0435 l
45.2248 42.4922 l
42.7215 42.4922 l
42.7215 39.1496 l
45.3146 39.1496 l
45.3146 38.5968 l
h
h
42.6637 40.5850 m
42.6637 41.1253 l
44.9510 41.1253 l
44.9510 40.5850 l
h
h
46.3431 38.5968 m
46.3431 43.0435 l
48.2179 43.0435 l
48.6916 43.0435 49.1111 42.9497 49.4731 42.7643 c
49.8351 42.5786 50.1160 42.3176 50.3178 41.9845 c
50.5193 41.6494 50.6203 41.2622 50.6203 40.8209 c
50.6203 40.3798 50.5193 39.9926 50.3178 39.6575 c
50.1160 39.3225 49.8351 39.0614 49.4731 38.8760 c
49.1111 38.6904 48.6916 38.5968 48.2179 38.5968 c
h
h
46.9789 39.1496 m
48.1799 39.1496 l
48.5493 39.1496 48.8679 39.2199 49.1363 39.3605 c
49.4048 39.4991 49.6137 39.6955 49.7631 39.9475 c
49.9107 40.1998 49.9844 40.4915 49.9844 40.8209 c
49.9844 41.1542 49.9107 41.4476 49.7631 41.6982 c
49.6137 41.9485 49.4048 42.1430 49.1363 42.2833 c
48.8679 42.4222 48.5493 42.4922 48.1799 42.4922 c
46.9789 42.4922 l
h
h
53.3001 38.5968 m
53.3001 43.0435 l
55.1750 43.0435 l
55.6486 43.0435 56.0682 42.9497 56.4301 42.7643 c
56.7921 42.5786 57.0730 42.3176 57.2749 41.9845 c
57.4764 41.6494 57.5773 41.2622 57.5773 40.8209 c
57.5773 40.3798 57.4764 39.9926 57.2749 39.6575 c
57.0730 39.3225 56.7921 39.0614 56.4301 38.8760 c
56.0682 38.6904 55.6486 38.5968 55.1750 38.5968 c
h
h
53.9359 39.1496 m
55.1370 39.1496 l
55.5063 39.1496 55.8249 39.2199 56.0934 39.3605 c
56.3618 39.4991 56.5707 39.6955 56.7201 39.9475 c
56.8678 40.1998 56.9415 40.4915 56.9415 40.8209 c
56.9415 41.1542 56.8678 41.4476 56.7201 41.6982 c
56.5707 41.9485 56.3618 42.1430 56.0934 42.2833 c
55.8249 42.4222 55.5063 42.4922 55.1370 42.4922 c
53.9359 42.4922 l
h
h
58.5482 38.5968 m
58.5482 43.0435 l
60.2841 43.0435 l
60.8587 43.0435 61.3125 42.9066 61.6439 42.6345 c
61.9736 42.3609 62.1391 41.9808 62.1391 41.4947 c
62.1391 41.1721 62.0654 40.8966 61.9177 40.6661 c
61.7683 40.4337 61.5574 40.2574 61.2819 40.1349 c
61.0064 40.0105 60.6733 39.9492 60.2841 39.9492 c
58.8974 39.9492 l
59.1840 40.2429 l
59.1840 38.5968 l
h
h
61.5214 38.5968 m
60.3904 40.2106 l
61.0713 40.2106 l
62.2148 38.5968 l
h
h
59.1840 40.1780 m
58.8974 40.4895 l
60.2646 40.4895 l
60.6713 40.4895 60.9795 40.5780 61.1901 40.7543 c
61.3990 40.9292 61.5036 41.1758 61.5036 41.4947 c
61.5036 41.8116 61.3990 42.0565 61.1901 42.2311 c
60.9795 42.4057 60.6713 42.4922 60.2646 42.4922 c
58.8974 42.4922 l
59.1840 42.8094 l
h
h
62.4940 38.5968 m
64.5092 43.0435 l
65.1376 43.0435 l
67.1584 38.5968 l
66.4903 38.5968 l
64.6929 42.6886 l
64.9468 42.6886 l
63.1494 38.5968 l
h
h
63.3529 39.7080 m
63.5241 40.2177 l
66.0274 40.2177 l
66.2111 39.7080 l
h
h
69.7439 38.5464 m
69.4035 38.5464 69.0919 38.6022 68.8056 38.7156 c
68.5193 38.8273 68.2727 38.9857 68.0638 39.1912 c
67.8529 39.3965 67.6891 39.6377 67.5703 39.9132 c
67.4512 40.1888 67.3920 40.4915 67.3920 40.8209 c
67.3920 41.1506 67.4512 41.4550 67.5703 41.7305 c
67.6891 42.0060 67.8549 42.2456 68.0672 42.4508 c
68.2781 42.6563 68.5264 42.8148 68.8130 42.9282 c
69.0993 43.0398 69.4108 43.0957 69.7493 43.0957 c
70.0934 43.0957 70.4103 43.0379 70.7003 42.9211 c
70.9903 42.8040 71.2369 42.6311 71.4404 42.4023 c
71.0263 42.0024 l
70.8571 42.1807 70.6660 42.3122 70.4554 42.4003 c
70.2428 42.4868 70.0160 42.5302 69.7745 42.5302 c
69.5242 42.5302 69.2938 42.4888 69.0795 42.4040 c
68.8652 42.3193 68.6815 42.2005 68.5247 42.0474 c
68.3680 41.8944 68.2455 41.7144 68.1591 41.5035 c
68.0709 41.2929 68.0275 41.0661 68.0275 40.8209 c
68.0275 40.5743 68.0709 40.3475 68.1591 40.1386 c
68.2455 39.9277 68.3680 39.7477 68.5247 39.5946 c
68.6815 39.4415 68.8652 39.3245 69.0795 39.2397 c
69.2938 39.1552 69.5242 39.1119 69.7745 39.1119 c
70.0160 39.1119 70.2428 39.1552 70.4554 39.2417 c
70.6660 39.3279 70.8571 39.4631 71.0263 39.6451 c
71.4404 39.2451 l
71.2369 39.0163 70.9903 38.8417 70.7003 38.7247 c
70.4103 38.6059 70.0914 38.5464 69.7439 38.5464 c
h
72.2835 38.5968 m
72.2835 43.0435 l
75.4226 43.0435 l
75.4226 42.4922 l
72.9193 42.4922 l
72.9193 39.1496 l
75.5124 39.1496 l
75.5124 38.5968 l
h
h
72.8614 40.5850 m
72.8614 41.1253 l
75.1487 41.1253 l
75.1487 40.5850 l
h
h
76.5408 38.5968 m
76.5408 43.0435 l
77.0630 43.0435 l
80.0039 39.3911 l
79.7304 39.3911 l
79.7304 43.0435 l
80.3659 43.0435 l
80.3659 38.5968 l
79.8454 38.5968 l
76.9045 42.2493 l
77.1766 42.2493 l
77.1766 38.5968 l
h
h
81.0269 38.5968 m
83.0421 43.0435 l
83.6705 43.0435 l
85.6913 38.5968 l
85.0232 38.5968 l
83.2258 42.6886 l
83.4797 42.6886 l
81.6823 38.5968 l
h
h
81.8858 39.7080 m
82.0570 40.2177 l
84.5603 40.2177 l
84.7440 39.7080 l
h
f
q
24.9100 53.6899 73.1908 54.8756 re W*
n
/GS13 gs
q
24.9100 53.6899 m
24.9100 108.5655 l
98.1009 108.5655 l
98.1009 53.6899 l
h
W*
n
q
73.56384 0.00000 0.00000 55.17870 24.7469 53.6665 cm
/Im63 Do
Q
Q
Q
/GS13 gs
/CS15 cs 0.0000 0.0000 0.0000 0.0000 scn
120.2808 38.5464 m
119.9367 38.5464 119.6215 38.6022 119.3352 38.7156 c
119.0472 38.8273 118.7969 38.9857 118.5860 39.1912 c
118.3737 39.3965 118.2078 39.6377 118.0891 39.9132 c
117.9700 40.1888 117.9108 40.4915 117.9108 40.8209 c
117.9108 41.1506 117.9700 41.4550 118.0891 41.7305 c
118.2078 42.0060 118.3737 42.2456 118.5880 42.4508 c
118.8023 42.6563 119.0526 42.8148 119.3406 42.9282 c
119.6289 43.0398 119.9458 43.0957 120.2933 43.0957 c
120.6445 43.0957 120.9668 43.0379 121.2605 42.9245 c
121.5522 42.8094 121.7991 42.6382 122.0026 42.4094 c
121.6100 42.0151 l
121.4280 42.1934 121.2299 42.3230 121.0156 42.4057 c
120.8013 42.4888 120.5688 42.5302 120.3185 42.5302 c
120.0645 42.5302 119.8287 42.4888 119.6107 42.4040 c
119.3930 42.3193 119.2037 42.2005 119.0452 42.0474 c
118.8867 41.8944 118.7643 41.7144 118.6778 41.5035 c
118.5897 41.2929 118.5463 41.0661 118.5463 40.8209 c
118.5463 40.5797 118.5897 40.3546 118.6778 40.1440 c
118.7643 39.9331 118.8867 39.7514 119.0452 39.5980 c
119.2037 39.4432 119.3910 39.3245 119.6073 39.2397 c
119.8233 39.1552 120.0591 39.1119 120.3131 39.1119 c
120.5490 39.1119 120.7777 39.1496 120.9957 39.2236 c
121.2137 39.2973 121.4172 39.4200 121.6026 39.5946 c
121.9646 39.1119 l
121.7449 38.9265 121.4875 38.7859 121.1939 38.6904 c
120.8985 38.5951 120.5940 38.5464 120.2808 38.5464 c
h
121.9646 39.1119 m
121.3540 39.1946 l
121.3540 40.8461 l
121.9646 40.8461 l
h
h
125.1848 38.5464 m
124.8460 38.5464 124.5328 38.6039 124.2428 38.7176 c
123.9528 38.8310 123.7008 38.9911 123.4899 39.1966 c
123.2776 39.4019 123.1118 39.6431 122.9930 39.9186 c
122.8740 40.1941 122.8147 40.4949 122.8147 40.8209 c
122.8147 41.1469 122.8740 41.4476 122.9930 41.7234 c
123.1118 41.9990 123.2776 42.2385 123.4899 42.4437 c
123.7008 42.6489 123.9511 42.8094 124.2391 42.9245 c
124.5254 43.0379 124.8406 43.0957 125.1848 43.0957 c
125.5232 43.0957 125.8367 43.0398 126.1230 42.9282 c
126.4093 42.8148 126.6579 42.6563 126.8722 42.4508 c
127.0865 42.2456 127.2504 42.0060 127.3674 41.7305 c
127.4845 41.4550 127.5420 41.1506 127.5420 40.8209 c
127.5420 40.4915 127.4845 40.1888 127.3674 39.9132 c
127.2504 39.6377 127.0865 39.3965 126.8722 39.1912 c
126.6579 38.9857 126.4093 38.8273 126.1230 38.7156 c
125.8367 38.6022 125.5232 38.5464 125.1848 38.5464 c
h
125.1848 39.1119 m
125.4314 39.1119 125.6584 39.1552 125.8690 39.2397 c
126.0780 39.3245 126.2599 39.4432 126.4147 39.5980 c
126.5698 39.7514 126.6902 39.9331 126.7767 40.1403 c
126.8631 40.3475 126.9065 40.5743 126.9065 40.8209 c
126.9065 41.0661 126.8631 41.2929 126.7767 41.5001 c
126.6902 41.7070 126.5698 41.8890 126.4147 42.0437 c
126.2599 42.1988 126.0780 42.3193 125.8690 42.4040 c
125.6584 42.4888 125.4314 42.5302 125.1848 42.5302 c
124.9345 42.5302 124.7057 42.4888 124.4968 42.4040 c
124.2859 42.3193 124.1042 42.1988 123.9474 42.0437 c
123.7907 41.8890 123.6682 41.7070 123.5818 41.5001 c
123.4936 41.2929 123.4502 41.0661 123.4502 40.8209 c
123.4502 40.5743 123.4936 40.3475 123.5818 40.1403 c
123.6682 39.9331 123.7907 39.7514 123.9474 39.5980 c
124.1042 39.4432 124.2859 39.3245 124.4968 39.2397 c
124.7057 39.1552 124.9345 39.1119 125.1848 39.1119 c
h
128.5129 38.5968 m
128.5129 43.0435 l
129.1487 43.0435 l
129.1487 39.1496 l
131.5565 39.1496 l
131.5565 38.5968 l
h
h
132.2878 38.5968 m
132.2878 43.0435 l
134.1626 43.0435 l
134.6363 43.0435 135.0558 42.9497 135.4178 42.7643 c
135.7798 42.5786 136.0607 42.3176 136.2626 41.9845 c
136.4641 41.6494 136.5650 41.2622 136.5650 40.8209 c
136.5650 40.3798 136.4641 39.9926 136.2626 39.6575 c
136.0607 39.3225 135.7798 39.0614 135.4178 38.8760 c
135.0558 38.6904 134.6363 38.5968 134.1626 38.5968 c
h
h
132.9236 39.1496 m
134.1247 39.1496 l
134.4940 39.1496 134.8126 39.2199 135.0811 39.3605 c
135.3495 39.4991 135.5584 39.6955 135.7078 39.9475 c
135.8555 40.1998 135.9292 40.4915 135.9292 40.8209 c
135.9292 41.1542 135.8555 41.4476 135.7078 41.6982 c
135.5584 41.9485 135.3495 42.1430 135.0811 42.2833 c
134.8126 42.4222 134.4940 42.4922 134.1247 42.4922 c
132.9236 42.4922 l
h
h
137.5359 38.5968 m
137.5359 43.0435 l
140.6750 43.0435 l
140.6750 42.4922 l
138.1717 42.4922 l
138.1717 39.1496 l
140.7648 39.1496 l
140.7648 38.5968 l
h
h
138.1139 40.5850 m
138.1139 41.1253 l
140.4011 41.1253 l
140.4011 40.5850 l
h
h
141.7932 38.5968 m
141.7932 43.0435 l
142.3154 43.0435 l
145.2563 39.3911 l
144.9828 39.3911 l
144.9828 43.0435 l
145.6183 43.0435 l
145.6183 38.5968 l
145.0979 38.5968 l
142.1569 42.2493 l
142.4290 42.2493 l
142.4290 38.5968 l
h
h
148.6619 38.5968 m
148.6619 43.0435 l
150.3978 43.0435 l
150.9724 43.0435 151.4262 42.9066 151.7576 42.6345 c
152.0872 42.3609 152.2528 41.9808 152.2528 41.4947 c
152.2528 41.1721 152.1791 40.8966 152.0314 40.6661 c
151.8820 40.4337 151.6711 40.2574 151.3956 40.1349 c
151.1201 40.0105 150.7870 39.9492 150.3978 39.9492 c
149.0111 39.9492 l
149.2977 40.2429 l
149.2977 38.5968 l
h
h
151.6351 38.5968 m
150.5041 40.2106 l
151.1850 40.2106 l
152.3285 38.5968 l
h
h
149.2977 40.1780 m
149.0111 40.4895 l
150.3782 40.4895 l
150.7850 40.4895 151.0931 40.5780 151.3037 40.7543 c
151.5127 40.9292 151.6173 41.1758 151.6173 41.4947 c
151.6173 41.8116 151.5127 42.0565 151.3037 42.2311 c
151.0931 42.4057 150.7850 42.4922 150.3782 42.4922 c
149.0111 42.4922 l
149.2977 42.8094 l
h
h
155.2893 38.5464 m
154.9505 38.5464 154.6373 38.6039 154.3473 38.7176 c
154.0573 38.8310 153.8053 38.9911 153.5944 39.1966 c
153.3821 39.4019 153.2163 39.6431 153.0975 39.9186 c
152.9785 40.1941 152.9192 40.4949 152.9192 40.8209 c
152.9192 41.1469 152.9785 41.4476 153.0975 41.7234 c
153.2163 41.9990 153.3821 42.2385 153.5944 42.4437 c
153.8053 42.6489 154.0556 42.8094 154.3436 42.9245 c
154.6299 43.0379 154.9451 43.0957 155.2893 43.0957 c
155.6277 43.0957 155.9412 43.0398 156.2275 42.9282 c
156.5138 42.8148 156.7624 42.6563 156.9767 42.4508 c
157.1910 42.2456 157.3549 42.0060 157.4719 41.7305 c
157.5890 41.4550 157.6466 41.1506 157.6466 40.8209 c
157.6466 40.4915 157.5890 40.1888 157.4719 39.9132 c
157.3549 39.6377 157.1910 39.3965 156.9767 39.1912 c
156.7624 38.9857 156.5138 38.8273 156.2275 38.7156 c
155.9412 38.6022 155.6277 38.5464 155.2893 38.5464 c
h
155.2893 39.1119 m
155.5359 39.1119 155.7629 39.1552 155.9735 39.2397 c
156.1825 39.3245 156.3644 39.4432 156.5192 39.5980 c
156.6743 39.7514 156.7947 39.9331 156.8812 40.1403 c
156.9677 40.3475 157.0110 40.5743 157.0110 40.8209 c
157.0110 41.0661 156.9677 41.2929 156.8812 41.5001 c
156.7947 41.7070 156.6743 41.8890 156.5192 42.0437 c
156.3644 42.1988 156.1825 42.3193 155.9735 42.4040 c
155.7629 42.4888 155.5359 42.5302 155.2893 42.5302 c
155.0390 42.5302 154.8102 42.4888 154.6013 42.4040 c
154.3904 42.3193 154.2087 42.1988 154.0519 42.0437 c
153.8952 41.8890 153.7727 41.7070 153.6863 41.5001 c
153.5981 41.2929 153.5547 41.0661 153.5547 40.8209 c
153.5547 40.5743 153.5981 40.3475 153.6863 40.1403 c
153.7727 39.9331 153.8952 39.7514 154.0519 39.5980 c
154.2087 39.4432 154.3904 39.3245 154.6013 39.2397 c
154.8102 39.1552 155.0390 39.1119 155.2893 39.1119 c
h
158.6174 38.5968 m
158.6174 43.0435 l
160.4923 43.0435 l
160.9659 43.0435 161.3854 42.9497 161.7474 42.7643 c
162.1094 42.5786 162.3903 42.3176 162.5922 41.9845 c
162.7937 41.6494 162.8946 41.2622 162.8946 40.8209 c
162.8946 40.3798 162.7937 39.9926 162.5922 39.6575 c
162.3903 39.3225 162.1094 39.0614 161.7474 38.8760 c
161.3854 38.6904 160.9659 38.5968 160.4923 38.5968 c
h
h
159.2532 39.1496 m
160.4543 39.1496 l
160.8236 39.1496 161.1422 39.2199 161.4107 39.3605 c
161.6791 39.4991 161.8880 39.6955 162.0374 39.9475 c
162.1851 40.1998 162.2588 40.4915 162.2588 40.8209 c
162.2588 41.1542 162.1851 41.4476 162.0374 41.6982 c
161.8880 41.9485 161.6791 42.1430 161.4107 42.2833 c
161.1422 42.4222 160.8236 42.4922 160.4543 42.4922 c
159.2532 42.4922 l
h
f
q
104.1228 53.6885 73.1863 54.8827 re W*
n
/GS13 gs
q
104.1228 53.6885 m
104.1228 108.5712 l
177.3091 108.5712 l
177.3091 53.6885 l
h
W*
n
q
73.51843 0.00000 0.00000 55.18729 103.8737 53.6609 cm
/Im64 Do
Q
Q
Q
/GS13 gs
/CS15 cs 0.0000 0.0000 0.0000 0.0000 scn
189.1602 38.5968 m
189.1602 43.0435 l
192.2992 43.0435 l
192.2992 42.4922 l
189.7960 42.4922 l
189.7960 39.1496 l
192.3891 39.1496 l
192.3891 38.5968 l
h
h
189.7381 40.5850 m
189.7381 41.1253 l
192.0254 41.1253 l
192.0254 40.5850 l
h
h
193.4175 38.5968 m
193.4175 43.0435 l
194.0533 43.0435 l
194.0533 39.1496 l
196.4611 39.1496 l
196.4611 38.5968 l
h
h
197.1924 38.5968 m
197.1924 43.0435 l
200.3315 43.0435 l
200.3315 42.4922 l
197.8282 42.4922 l
197.8282 39.1496 l
200.4214 39.1496 l
200.4214 38.5968 l
h
h
197.7704 40.5850 m
197.7704 41.1253 l
200.0577 41.1253 l
200.0577 40.5850 l
h
h
201.4498 38.5968 m
201.4498 43.0435 l
203.1857 43.0435 l
203.5749 43.0435 203.9080 42.9823 204.1835 42.8596 c
204.4590 42.7371 204.6699 42.5588 204.8193 42.3266 c
204.9670 42.0942 205.0407 41.8170 205.0407 41.4947 c
205.0407 41.1721 204.9670 40.8966 204.8193 40.6661 c
204.6699 40.4337 204.4590 40.2554 204.1835 40.1312 c
203.9080 40.0071 203.5749 39.9438 203.1857 39.9438 c
201.7990 39.9438 l
202.0856 40.2429 l
202.0856 38.5968 l
h
h
202.0856 40.1780 m
201.7990 40.4969 l
203.1661 40.4969 l
203.5729 40.4969 203.8810 40.5833 204.0917 40.7580 c
204.3006 40.9309 204.4052 41.1758 204.4052 41.4947 c
204.4052 41.8116 204.3006 42.0565 204.0917 42.2311 c
203.8810 42.4057 203.5729 42.4922 203.1661 42.4922 c
201.7990 42.4922 l
202.0856 42.8094 l
h
h
209.1628 38.5968 m
209.1628 43.0435 l
209.7984 43.0435 l
209.7984 38.5968 l
h
h
205.9733 38.5968 m
205.9733 43.0435 l
206.6091 43.0435 l
206.6091 38.5968 l
h
h
206.5459 40.5797 m
206.5459 41.1327 l
209.2204 41.1327 l
209.2204 40.5797 l
h
h
210.4594 38.5968 m
212.4746 43.0435 l
213.1030 43.0435 l
215.1238 38.5968 l
214.4557 38.5968 l
212.6582 42.6886 l
212.9122 42.6886 l
211.1148 38.5968 l
h
h
211.3183 39.7080 m
211.4895 40.2177 l
213.9928 40.2177 l
214.1765 39.7080 l
h
h
215.7829 38.5968 m
215.7829 43.0435 l
216.3050 43.0435 l
219.2460 39.3911 l
218.9724 39.3911 l
218.9724 43.0435 l
219.6079 43.0435 l
219.6079 38.5968 l
219.0875 38.5968 l
216.1466 42.2493 l
216.4187 42.2493 l
216.4187 38.5968 l
h
h
221.8266 38.5968 m
221.8266 42.4922 l
220.3013 42.4922 l
220.3013 43.0435 l
223.9807 43.0435 l
223.9807 42.4922 l
222.4553 42.4922 l
222.4553 38.5968 l
h
h
228.3894 38.5464 m
228.0453 38.5464 227.7300 38.6022 227.4437 38.7156 c
227.1557 38.8273 226.9054 38.9857 226.6946 39.1912 c
226.4822 39.3965 226.3164 39.6377 226.1976 39.9132 c
226.0786 40.1888 226.0193 40.4915 226.0193 40.8209 c
226.0193 41.1506 226.0786 41.4550 226.1976 41.7305 c
226.3164 42.0060 226.4822 42.2456 226.6965 42.4508 c
226.9108 42.6563 227.1611 42.8148 227.4491 42.9282 c
227.7374 43.0398 228.0543 43.0957 228.4019 43.0957 c
228.7531 43.0957 229.0754 43.0379 229.3690 42.9245 c
229.6607 42.8094 229.9076 42.6382 230.1111 42.4094 c
229.7186 42.0151 l
229.5366 42.1934 229.3384 42.3230 229.1241 42.4057 c
228.9098 42.4888 228.6774 42.5302 228.4271 42.5302 c
228.1731 42.5302 227.9373 42.4888 227.7193 42.4040 c
227.5016 42.3193 227.3122 42.2005 227.1538 42.0474 c
226.9953 41.8944 226.8729 41.7144 226.7864 41.5035 c
226.6982 41.2929 226.6549 41.0661 226.6549 40.8209 c
226.6549 40.5797 226.6982 40.3546 226.7864 40.1440 c
226.8729 39.9331 226.9953 39.7514 227.1538 39.5980 c
227.3122 39.4432 227.4996 39.3245 227.7159 39.2397 c
227.9319 39.1552 228.1677 39.1119 228.4217 39.1119 c
228.6575 39.1119 228.8863 39.1496 229.1043 39.2236 c
229.3223 39.2973 229.5258 39.4200 229.7112 39.5946 c
230.0732 39.1119 l
229.8535 38.9265 229.5961 38.7859 229.3024 38.6904 c
229.0071 38.5951 228.7026 38.5464 228.3894 38.5464 c
h
230.0732 39.1119 m
229.4626 39.1946 l
229.4626 40.8461 l
230.0732 40.8461 l
h
h
231.2853 38.5968 m
231.2853 43.0435 l
233.0212 43.0435 l
233.5958 43.0435 234.0496 42.9066 234.3810 42.6345 c
234.7106 42.3609 234.8762 41.9808 234.8762 41.4947 c
234.8762 41.1721 234.8025 40.8966 234.6548 40.6661 c
234.5054 40.4337 234.2945 40.2574 234.0190 40.1349 c
233.7435 40.0105 233.4104 39.9492 233.0212 39.9492 c
231.6345 39.9492 l
231.9211 40.2429 l
231.9211 38.5968 l
h
h
234.2585 38.5968 m
233.1275 40.2106 l
233.8084 40.2106 l
234.9519 38.5968 l
h
h
231.9211 40.1780 m
231.6345 40.4895 l
233.0016 40.4895 l
233.4084 40.4895 233.7165 40.5780 233.9271 40.7543 c
234.1361 40.9292 234.2407 41.1758 234.2407 41.4947 c
234.2407 41.8116 234.1361 42.0565 233.9271 42.2311 c
233.7165 42.4057 233.4084 42.4922 233.0016 42.4922 c
231.6345 42.4922 l
231.9211 42.8094 l
h
h
237.9127 38.5464 m
237.5739 38.5464 237.2607 38.6039 236.9707 38.7176 c
236.6807 38.8310 236.4287 38.9911 236.2178 39.1966 c
236.0055 39.4019 235.8397 39.6431 235.7209 39.9186 c
235.6019 40.1941 235.5426 40.4949 235.5426 40.8209 c
235.5426 41.1469 235.6019 41.4476 235.7209 41.7234 c
235.8397 41.9990 236.0055 42.2385 236.2178 42.4437 c
236.4287 42.6489 236.6790 42.8094 236.9670 42.9245 c
237.2533 43.0379 237.5685 43.0957 237.9127 43.0957 c
238.2511 43.0957 238.5646 43.0398 238.8509 42.9282 c
239.1372 42.8148 239.3858 42.6563 239.6001 42.4508 c
239.8144 42.2456 239.9783 42.0060 240.0953 41.7305 c
240.2124 41.4550 240.2700 41.1506 240.2700 40.8209 c
240.2700 40.4915 240.2124 40.1888 240.0953 39.9132 c
239.9783 39.6377 239.8144 39.3965 239.6001 39.1912 c
239.3858 38.9857 239.1372 38.8273 238.8509 38.7156 c
238.5646 38.6022 238.2511 38.5464 237.9127 38.5464 c
h
237.9127 39.1119 m
238.1593 39.1119 238.3863 39.1552 238.5969 39.2397 c
238.8059 39.3245 238.9878 39.4432 239.1426 39.5980 c
239.2977 39.7514 239.4181 39.9331 239.5046 40.1403 c
239.5911 40.3475 239.6344 40.5743 239.6344 40.8209 c
239.6344 41.0661 239.5911 41.2929 239.5046 41.5001 c
239.4181 41.7070 239.2977 41.8890 239.1426 42.0437 c
238.9878 42.1988 238.8059 42.3193 238.5969 42.4040 c
238.3863 42.4888 238.1593 42.5302 237.9127 42.5302 c
237.6624 42.5302 237.4336 42.4888 237.2247 42.4040 c
237.0138 42.3193 236.8321 42.1988 236.6753 42.0437 c
236.5186 41.8890 236.3961 41.7070 236.3097 41.5001 c
236.2215 41.2929 236.1781 41.0661 236.1781 40.8209 c
236.1781 40.5743 236.2215 40.3475 236.3097 40.1403 c
236.3961 39.9331 236.5186 39.7514 236.6753 39.5980 c
236.8321 39.4432 237.0138 39.3245 237.2247 39.2397 c
237.4336 39.1552 237.6624 39.1119 237.9127 39.1119 c
h
242.5374 38.5464 m
242.1989 38.5464 241.8746 38.5985 241.5668 38.7031 c
241.2570 38.8057 241.0138 38.9407 240.8355 39.1048 c
241.0696 39.6000 l
241.2388 39.4523 241.4551 39.3299 241.7179 39.2326 c
241.9809 39.1354 242.2548 39.0866 242.5374 39.0866 c
242.7951 39.0866 243.0057 39.1156 243.1661 39.1748 c
243.3263 39.2343 243.4450 39.3154 243.5227 39.4200 c
243.5981 39.5226 243.6361 39.6414 243.6361 39.7729 c
243.6361 39.9260 243.5873 40.0484 243.4884 40.1420 c
243.3892 40.2338 243.2597 40.3095 243.1012 40.3671 c
242.9408 40.4229 242.7661 40.4734 242.5771 40.5167 c
242.3863 40.5581 242.1935 40.6086 242.0008 40.6661 c
241.8080 40.7220 241.6314 40.7959 241.4730 40.8841 c
241.3145 40.9723 241.1867 41.0930 241.0894 41.2441 c
240.9922 41.3938 240.9435 41.5882 240.9435 41.8241 c
240.9435 42.0528 241.0047 42.2654 241.1254 42.4582 c
241.2462 42.6509 241.4316 42.8040 241.6839 42.9211 c
241.9359 43.0379 242.2565 43.0957 242.6454 43.0957 c
242.9031 43.0957 243.1604 43.0614 243.4144 42.9948 c
243.6684 42.9265 243.8901 42.8289 244.0755 42.7011 c
243.8649 42.1934 l
243.6758 42.3213 243.4740 42.4131 243.2633 42.4706 c
243.0507 42.5265 242.8455 42.5554 242.6454 42.5554 c
242.3951 42.5554 242.1899 42.5228 242.0297 42.4599 c
241.8693 42.3969 241.7505 42.3122 241.6765 42.2059 c
241.6028 42.0996 241.5648 41.9808 241.5648 41.8493 c
241.5648 41.6925 241.6153 41.5684 241.7145 41.4748 c
241.8134 41.3810 241.9432 41.3073 242.1034 41.2532 c
242.2619 41.1973 242.4365 41.1489 242.6275 41.1038 c
242.8166 41.0587 243.0094 41.0102 243.2021 40.9544 c
243.3946 40.8986 243.5695 40.8266 243.7296 40.7381 c
243.8881 40.6500 244.0159 40.5312 244.1132 40.3835 c
244.2107 40.2338 244.2591 40.0431 244.2591 39.8106 c
244.2591 39.5855 244.1979 39.3783 244.0755 39.1859 c
243.9530 38.9931 243.7639 38.8380 243.5083 38.7210 c
243.2506 38.6039 242.9283 38.5464 242.5374 38.5464 c
h
246.4832 38.5464 m
246.1448 38.5464 245.8205 38.5985 245.5126 38.7031 c
245.2028 38.8057 244.9596 38.9407 244.7813 39.1048 c
245.0154 39.6000 l
245.1847 39.4523 245.4009 39.3299 245.6637 39.2326 c
245.9268 39.1354 246.2006 39.0866 246.4832 39.0866 c
246.7409 39.0866 246.9515 39.1156 247.1119 39.1748 c
247.2721 39.2343 247.3909 39.3154 247.4685 39.4200 c
247.5439 39.5226 247.5819 39.6414 247.5819 39.7729 c
247.5819 39.9260 247.5332 40.0484 247.4342 40.1420 c
247.3350 40.2338 247.2055 40.3095 247.0470 40.3671 c
246.8866 40.4229 246.7120 40.4734 246.5229 40.5167 c
246.3321 40.5581 246.1394 40.6086 245.9466 40.6661 c
245.7539 40.7220 245.5773 40.7959 245.4188 40.8841 c
245.2603 40.9723 245.1325 41.0930 245.0353 41.2441 c
244.9380 41.3938 244.8893 41.5882 244.8893 41.8241 c
244.8893 42.0528 244.9505 42.2654 245.0713 42.4582 c
245.1920 42.6509 245.3774 42.8040 245.6297 42.9211 c
245.8817 43.0379 246.2023 43.0957 246.5912 43.0957 c
246.8489 43.0957 247.1063 43.0614 247.3603 42.9948 c
247.6142 42.9265 247.8359 42.8289 248.0213 42.7011 c
247.8107 42.1934 l
247.6216 42.3213 247.4198 42.4131 247.2092 42.4706 c
246.9966 42.5265 246.7913 42.5554 246.5912 42.5554 c
246.3409 42.5554 246.1357 42.5228 245.9755 42.4599 c
245.8151 42.3969 245.6963 42.3122 245.6223 42.2059 c
245.5486 42.0996 245.5106 41.9808 245.5106 41.8493 c
245.5106 41.6925 245.5611 41.5684 245.6603 41.4748 c
245.7592 41.3810 245.8891 41.3073 246.0492 41.2532 c
246.2077 41.1973 246.3823 41.1489 246.5734 41.1038 c
246.7624 41.0587 246.9552 41.0102 247.1479 40.9544 c
247.3404 40.8986 247.5153 40.8266 247.6755 40.7381 c
247.8339 40.6500 247.9618 40.5312 248.0590 40.3835 c
248.1565 40.2338 248.2050 40.0431 248.2050 39.8106 c
248.2050 39.5855 248.1437 39.3783 248.0213 39.1859 c
247.8988 38.9931 247.7098 38.8380 247.4541 38.7210 c
247.1964 38.6039 246.8741 38.5464 246.4832 38.5464 c
f
q
182.3788 53.6780 72.2937 54.9051 re W*
n
/GS13 gs
q
182.3788 53.6780 m
182.3788 108.5831 l
254.6725 108.5831 l
254.6725 53.6780 l
h
W*
n
q
72.54641 0.00000 0.00000 55.48990 182.1515 53.4440 cm
/Im65 Do
Q
Q
Q
/GS13 gs
/CS15 cs 0.0000 0.1700 0.0000 0.0000 scn
199.1548 595.1177 m
281.5940 595.1177 l
281.5940 571.7667 l
281.5940 571.7667 228.4129 563.8788 199.1548 595.1177 c
f
/GS13 gs
/CS15 cs 0.0000 0.1700 0.0000 0.0000 scn
59.5942 594.9607 m
37.9162 574.1206 0.5941 575.1048 -1.4060 575.1777 c
-1.4060 594.9607 l
h
f
/GS13 gs
/CS15 cs 0.5300 1.0000 0.2800 0.1100 scn
201.7026 533.8726 m
72.8235 533.8726 l
77.2815 543.1958 l
72.8235 552.5178 l
201.7026 552.5178 l
197.2446 543.6978 l
h
f
/GS13 gs
/CS15 cs 0.0000 0.0000 0.0000 0.0000 scn
99.2407 538.8551 m
98.6641 538.8551 98.1300 538.9486 97.6382 539.1388 c
97.1464 539.3259 96.7178 539.5944 96.3556 539.9413 c
95.9936 540.2886 95.7129 540.6959 95.5106 541.1636 c
95.3084 541.6313 95.2058 542.1475 95.2058 542.7088 c
95.2058 543.2669 95.3084 543.7831 95.5106 544.2508 c
95.7129 544.7186 95.9964 545.1290 96.3618 545.4760 c
96.7269 545.8229 97.1524 546.0917 97.6442 546.2819 c
98.1332 546.4689 98.6672 546.5625 99.2497 546.5625 c
99.8955 546.5625 100.4808 546.4508 101.0030 546.2274 c
101.5251 546.0041 101.9628 545.6752 102.3157 545.2407 c
101.2082 544.2205 l
100.9517 544.5102 100.6679 544.7276 100.3572 544.8756 c
100.0463 545.0204 99.7053 545.0927 99.3342 545.0927 c
98.9872 545.0927 98.6703 545.0355 98.3775 544.9238 c
98.0847 544.8090 97.8344 544.6463 97.6232 544.4320 c
97.4089 544.2177 97.2459 543.9671 97.1283 543.6774 c
97.0104 543.3849 96.9503 543.0617 96.9503 542.7088 c
96.9503 542.3528 97.0104 542.0296 97.1283 541.7399 c
97.2459 541.4474 97.4089 541.1968 97.6232 540.9825 c
97.8344 540.7682 98.0847 540.6055 98.3775 540.4938 c
98.6703 540.3821 98.9872 540.3246 99.3342 540.3246 c
99.7053 540.3246 100.0463 540.3971 100.3572 540.5420 c
100.6679 540.6868 100.9517 540.9071 101.2082 541.2059 c
102.3157 540.1860 l
101.9628 539.7514 101.5251 539.4223 101.0030 539.1961 c
100.4808 538.9696 99.8923 538.8551 99.2407 538.8551 c
h
106.6915 538.8551 m
105.6322 538.8551 104.8054 539.1507 104.2109 539.7392 c
103.6165 540.3277 103.3177 541.1667 103.3177 542.2620 c
103.3177 546.4327 l
105.0409 546.4327 l
105.0409 542.3255 l
105.0409 541.6163 105.1858 541.1032 105.4783 540.7926 c
105.7680 540.4816 106.1753 540.3246 106.7006 540.3246 c
107.2287 540.3246 107.6360 540.4816 107.9289 540.7926 c
108.2186 541.1032 108.3634 541.6163 108.3634 542.3255 c
108.3634 546.4327 l
110.0653 546.4327 l
110.0653 542.2620 l
110.0653 541.1667 109.7666 540.3277 109.1721 539.7392 c
108.5777 539.1507 107.7508 538.8551 106.6915 538.8551 c
h
113.1633 538.9818 m
113.1633 545.0295 l
110.7794 545.0295 l
110.7794 546.4327 l
117.2735 546.4327 l
117.2735 545.0295 l
114.8896 545.0295 l
114.8896 538.9818 l
h
h
121.2117 538.9818 m
121.2117 546.4327 l
126.8430 546.4327 l
126.8430 545.0505 l
122.9349 545.0505 l
122.9349 538.9818 l
h
h
122.8082 541.6977 m
122.8082 543.0798 l
126.3844 543.0798 l
126.3844 541.6977 l
h
h
131.5576 538.8551 m
130.9691 538.8551 130.4229 538.9517 129.9249 539.1417 c
129.4240 539.3319 128.9925 539.6034 128.6274 539.9504 c
128.2620 540.2976 127.9786 540.7081 127.7762 541.1758 c
127.5741 541.6435 127.4715 542.1566 127.4715 542.7088 c
127.4715 543.2610 127.5741 543.7740 127.7762 544.2418 c
127.9786 544.7095 128.2620 545.1199 128.6334 545.4669 c
129.0016 545.8141 129.4330 546.0826 129.9311 546.2756 c
130.4260 546.4658 130.9660 546.5625 131.5485 546.5625 c
132.1370 546.5625 132.6801 546.4658 133.1719 546.2756 c
133.6640 546.0826 134.0955 545.8141 134.4606 545.4669 c
134.8257 545.1199 135.1094 544.7126 135.3178 544.2477 c
135.5230 543.7800 135.6256 543.2669 135.6256 542.7088 c
135.6256 542.1566 135.5230 541.6435 135.3178 541.1696 c
135.1094 540.6959 134.8257 540.2886 134.4606 539.9444 c
134.0955 539.6003 133.6640 539.3319 133.1719 539.1417 c
132.6801 538.9517 132.1401 538.8551 131.5576 538.8551 c
h
131.5485 540.3246 m
131.8836 540.3246 132.1883 540.3821 132.4689 540.4938 c
132.7496 540.6055 132.9939 540.7682 133.2082 540.9825 c
133.4225 541.1968 133.5855 541.4474 133.7031 541.7399 c
133.8208 542.0296 133.8783 542.3528 133.8783 542.7088 c
133.8783 543.0617 133.8208 543.3849 133.7031 543.6774 c
133.5855 543.9671 133.4225 544.2177 133.2142 544.4320 c
133.0061 544.6463 132.7586 544.8090 132.4749 544.9238 c
132.1911 545.0355 131.8836 545.0927 131.5485 545.0927 c
131.2135 545.0927 130.9088 545.0355 130.6281 544.9238 c
130.3475 544.8090 130.1000 544.6463 129.8889 544.4320 c
129.6746 544.2177 129.5116 543.9671 129.3939 543.6774 c
129.2760 543.3849 129.2159 543.0617 129.2159 542.7088 c
129.2159 542.3618 129.2760 542.0387 129.3939 541.7461 c
129.5116 541.4502 129.6746 541.1968 129.8826 540.9825 c
130.0910 540.7682 130.3384 540.6055 130.6222 540.4938 c
130.9056 540.3821 131.2135 540.3246 131.5485 540.3246 c
h
136.9230 538.9818 m
136.9230 546.4327 l
138.6462 546.4327 l
138.6462 540.3881 l
142.3854 540.3881 l
142.3854 538.9818 l
h
h
143.3540 538.9818 m
143.3540 546.4327 l
145.0772 546.4327 l
145.0772 538.9818 l
h
h
145.8646 538.9818 m
149.1874 546.4327 l
150.8893 546.4327 l
154.2240 538.9818 l
152.4132 538.9818 l
149.6883 545.5604 l
150.3703 545.5604 l
147.6332 538.9818 l
h
h
147.5274 540.5783 m
147.9832 541.8879 l
151.8157 541.8879 l
152.2865 540.5783 l
h
h
158.4899 538.8551 m
157.9014 538.8551 157.3583 538.9486 156.8665 539.1388 c
156.3744 539.3259 155.9460 539.5944 155.5809 539.9413 c
155.2156 540.2886 154.9321 540.6959 154.7297 541.1636 c
154.5276 541.6313 154.4250 542.1475 154.4250 542.7088 c
154.4250 543.2669 154.5276 543.7831 154.7297 544.2508 c
154.9321 544.7186 155.2156 545.1290 155.5869 545.4760 c
155.9551 545.8229 156.3866 546.0917 156.8846 546.2819 c
157.3795 546.4689 157.9258 546.5625 158.5230 546.5625 c
159.1841 546.5625 159.7785 546.4536 160.3066 546.2334 c
160.8347 546.0131 161.2814 545.6934 161.6406 545.2739 c
160.5359 544.2508 l
160.2643 544.5346 159.9687 544.7458 159.6518 544.8847 c
159.3320 545.0233 158.9848 545.0927 158.6078 545.0927 c
158.2455 545.0927 157.9167 545.0355 157.6179 544.9238 c
157.3191 544.8090 157.0626 544.6463 156.8483 544.4320 c
156.6309 544.2177 156.4651 543.9671 156.3474 543.6774 c
156.2295 543.3849 156.1694 543.0617 156.1694 542.7088 c
156.1694 542.3618 156.2295 542.0418 156.3474 541.7521 c
156.4651 541.4593 156.6309 541.2059 156.8483 540.9887 c
157.0626 540.7713 157.3191 540.6055 157.6148 540.4938 c
157.9076 540.3821 158.2333 540.3246 158.5865 540.3246 c
158.9275 540.3246 159.2595 540.3790 159.5823 540.4907 c
159.9052 540.5992 160.2190 540.7835 160.5240 541.0460 c
161.5048 539.8027 l
161.0972 539.4977 160.6266 539.2624 160.0923 539.0994 c
159.5582 538.9364 159.0242 538.8551 158.4899 538.8551 c
h
161.5048 539.8027 m
159.9265 540.0261 l
159.9265 542.8264 l
161.5048 542.8264 l
h
h
163.1010 538.9818 m
163.1010 546.4327 l
168.7323 546.4327 l
168.7323 545.0505 l
164.8151 545.0505 l
164.8151 540.3671 l
168.8709 540.3671 l
168.8709 538.9818 l
h
h
164.6853 542.0900 m
164.6853 543.4330 l
168.2736 543.4330 l
168.2736 542.0900 l
h
h
172.6914 538.8551 m
172.0970 538.8551 171.5267 538.9336 170.9804 539.0935 c
170.4342 539.2534 169.9937 539.4586 169.6586 539.7151 c
170.2440 541.0157 l
170.5640 540.7894 170.9413 540.6024 171.3787 540.4575 c
171.8133 540.3095 172.2540 540.2373 172.7036 540.2373 c
173.0446 540.2373 173.3193 540.2704 173.5274 540.3399 c
173.7357 540.4062 173.8925 540.4997 173.9923 540.6205 c
174.0917 540.7413 174.1399 540.8799 174.1399 541.0369 c
174.1399 541.2362 174.0614 541.3929 173.9078 541.5106 c
173.7507 541.6285 173.5455 541.7220 173.2890 541.7974 c
173.0324 541.8729 172.7518 541.9423 172.4440 542.0117 c
172.1333 542.0781 171.8254 542.1626 171.5176 542.2620 c
171.2066 542.3618 170.9260 542.4885 170.6695 542.6453 c
170.4129 542.7992 170.2080 543.0044 170.0478 543.2610 c
169.8880 543.5175 169.8066 543.8435 169.8066 544.2418 c
169.8066 544.6672 169.9211 545.0536 170.1536 545.4065 c
170.3829 545.7597 170.7299 546.0403 171.1976 546.2487 c
171.6625 546.4568 172.2450 546.5625 172.9480 546.5625 c
173.4157 546.5625 173.8774 546.5081 174.3333 546.3964 c
174.7860 546.2847 175.1871 546.1217 175.5343 545.9014 c
175.0031 544.5918 l
174.6561 544.7911 174.3060 544.9388 173.9591 545.0355 c
173.6118 545.1290 173.2708 545.1772 172.9361 545.1772 c
172.6038 545.1772 172.3323 545.1381 172.1180 545.0627 c
171.9040 544.9842 171.7529 544.8815 171.6593 544.7577 c
171.5658 544.6341 171.5207 544.4892 171.5207 544.3262 c
171.5207 544.1360 171.5990 543.9821 171.7560 543.8645 c
171.9099 543.7468 172.1151 543.6502 172.3717 543.5810 c
172.6282 543.5116 172.9089 543.4390 173.2195 543.3695 c
173.5274 543.2973 173.8352 543.2156 174.1462 543.1221 c
174.4537 543.0285 174.7346 542.9049 174.9909 542.7510 c
175.2474 542.5940 175.4558 542.3888 175.6157 542.1322 c
175.7755 541.8760 175.8540 541.5528 175.8540 541.1636 c
175.8540 540.7441 175.7364 540.3609 175.5040 540.0139 c
175.2687 539.6669 174.9186 539.3863 174.4537 539.1748 c
173.9891 538.9605 173.4007 538.8551 172.6914 538.8551 c
f
Q
EMC

