1.00000 0.00000 0.00000 1.00000 0.0000 0.0000 cm
/GS11 gs
/OC /Pr94 BDC
q
/GS13 gs
/CS15 cs 0.0000 0.0700 0.0000 0.0000 scn
281.9157 -0.0397 m
-1.4545 -0.0397 l
-1.4545 595.3153 l
281.9157 595.3153 l
h
f
/GS13 gs
/CS15 cs 0.5300 1.0000 0.2800 0.1100 scn
99.9119 451.7201 m
34.0600 451.7201 l
36.3370 456.6790 l
34.0600 461.6382 l
99.9119 461.6382 l
97.6340 456.9460 l
h
f
/GS13 gs
/CS15 cs 0.0000 0.0000 0.0000 0.0000 scn
42.3490 454.6488 m
42.3490 458.8038 l
44.1009 458.8038 l
44.5433 458.8038 44.9354 458.7163 45.2738 458.5431 c
45.6120 458.3696 45.8745 458.1255 46.0630 457.8143 c
46.2515 457.5013 46.3459 457.1393 46.3459 456.7272 c
46.3459 456.3147 46.2515 455.9530 46.0630 455.6401 c
45.8745 455.3271 45.6120 455.0831 45.2738 454.9096 c
44.9354 454.7364 44.5433 454.6488 44.1009 454.6488 c
h
h
42.9429 455.1656 m
44.0654 455.1656 l
44.4104 455.1656 44.7083 455.2311 44.9592 455.3623 c
45.2098 455.4918 45.4051 455.6752 45.5448 455.9111 c
45.6826 456.1466 45.7517 456.4193 45.7517 456.7272 c
45.7517 457.0384 45.6826 457.3128 45.5448 457.5467 c
45.4051 457.7805 45.2098 457.9625 44.9592 458.0938 c
44.7083 458.2233 44.4104 458.2888 44.0654 458.2888 c
42.9429 458.2888 l
h
h
49.1292 454.6018 m
48.8129 454.6018 48.5201 454.6556 48.2491 454.7616 c
47.9781 454.8677 47.7425 455.0173 47.5458 455.2092 c
47.3471 455.4011 47.1923 455.6265 47.0812 455.8842 c
46.9701 456.1415 46.9145 456.4225 46.9145 456.7272 c
46.9145 457.0319 46.9701 457.3128 47.0812 457.5702 c
47.1923 457.8279 47.3471 458.0515 47.5458 458.2434 c
47.7425 458.4353 47.9764 458.5850 48.2457 458.6927 c
48.5133 458.7987 48.8078 458.8526 49.1292 458.8526 c
49.4456 458.8526 49.7384 458.8004 50.0060 458.6961 c
50.2736 458.5901 50.5057 458.4421 50.7061 458.2502 c
50.9063 458.0583 51.0596 457.8344 51.1690 457.5770 c
51.2782 457.3196 51.3320 457.0350 51.3320 456.7272 c
51.3320 456.4193 51.2782 456.1364 51.1690 455.8791 c
51.0596 455.6214 50.9063 455.3960 50.7061 455.2041 c
50.5057 455.0122 50.2736 454.8643 50.0060 454.7599 c
49.7384 454.6539 49.4456 454.6018 49.1292 454.6018 c
h
49.1292 455.1301 m
49.3597 455.1301 49.5720 455.1704 49.7687 455.2495 c
49.9640 455.3286 50.1338 455.4397 50.2787 455.5845 c
50.4235 455.7274 50.5361 455.8975 50.6169 456.0911 c
50.6976 456.2847 50.7382 456.4967 50.7382 456.7272 c
50.7382 456.9559 50.6976 457.1680 50.6169 457.3616 c
50.5361 457.5552 50.4235 457.7250 50.2787 457.8698 c
50.1338 458.0147 49.9640 458.1272 49.7687 458.2063 c
49.5720 458.2854 49.3597 458.3242 49.1292 458.3242 c
48.8954 458.3242 48.6816 458.2854 48.4863 458.2063 c
48.2896 458.1272 48.1195 458.0147 47.9733 457.8698 c
47.8267 457.7250 47.7122 457.5552 47.6314 457.3616 c
47.5489 457.1680 47.5087 456.9559 47.5087 456.7272 c
47.5087 456.4967 47.5489 456.2847 47.6314 456.0911 c
47.7122 455.8975 47.8267 455.7274 47.9733 455.5845 c
48.1195 455.4397 48.2896 455.3286 48.4863 455.2495 c
48.6816 455.1704 48.8954 455.1301 49.1292 455.1301 c
h
53.9609 454.6018 m
53.4155 454.6018 52.9866 454.7582 52.6734 455.0712 c
52.3604 455.3824 52.2040 455.8402 52.2040 456.4412 c
52.2040 458.8038 l
52.7981 458.8038 l
52.7981 456.4664 l
52.7981 456.0035 52.9007 455.6653 53.1043 455.4516 c
53.3078 455.2379 53.5958 455.1301 53.9677 455.1301 c
54.3430 455.1301 54.6341 455.2379 54.8376 455.4516 c
55.0412 455.6653 55.1441 456.0035 55.1441 456.4664 c
55.1441 458.8038 l
55.7195 458.8038 l
55.7195 456.4412 l
55.7195 455.8402 55.5647 455.3824 55.2532 455.0712 c
54.9420 454.7582 54.5111 454.6018 53.9609 454.6018 c
h
56.9347 454.6488 m
56.9347 458.8038 l
58.7993 458.8038 l
59.2790 458.8038 59.6475 458.7080 59.9049 458.5161 c
60.1622 458.3242 60.2904 458.0617 60.2904 457.7301 c
60.2904 457.5047 60.2396 457.3145 60.1387 457.1614 c
60.0378 457.0064 59.9014 456.8871 59.7317 456.8046 c
59.5616 456.7221 59.3765 456.6801 59.1795 456.6801 c
59.2855 456.8567 l
59.5227 456.8567 59.7334 456.8148 59.9168 456.7323 c
60.0985 456.6498 60.2430 456.5268 60.3490 456.3669 c
60.4551 456.2070 60.5089 456.0086 60.5089 455.7713 c
60.5089 455.4145 60.3760 455.1386 60.1084 454.9433 c
59.8408 454.7463 59.4454 454.6488 58.9187 454.6488 c
h
h
57.5286 455.1301 m
58.8951 455.1301 l
59.2234 455.1301 59.4740 455.1857 59.6492 455.2968 c
59.8224 455.4062 59.9100 455.5811 59.9100 455.8184 c
59.9100 456.0591 59.8224 456.2357 59.6492 456.3468 c
59.4740 456.4579 59.2234 456.5134 58.8951 456.5134 c
57.4747 456.5134 l
57.4747 456.9931 l
58.7455 456.9931 l
59.0465 456.9931 59.2807 457.0486 59.4471 457.1597 c
59.6137 457.2709 59.6962 457.4373 59.6962 457.6595 c
59.6962 457.8800 59.6137 458.0464 59.4471 458.1575 c
59.2807 458.2687 59.0465 458.3242 58.7455 458.3242 c
57.5286 458.3242 l
h
h
61.4296 454.6488 m
61.4296 458.8038 l
62.0235 458.8038 l
62.0235 455.1656 l
64.2736 455.1656 l
64.2736 454.6488 l
h
h
64.9570 454.6488 m
64.9570 458.8038 l
67.8900 458.8038 l
67.8900 458.2888 l
65.5509 458.2888 l
65.5509 455.1656 l
67.9742 455.1656 l
67.9742 454.6488 l
h
h
65.4970 456.5066 m
65.4970 457.0115 l
67.6344 457.0115 l
67.6344 456.5066 l
h
h
72.3920 454.6018 m
72.0740 454.6018 71.7829 454.6539 71.5153 454.7599 c
71.2477 454.8643 71.0169 455.0122 70.8219 455.2041 c
70.6249 455.3960 70.4718 455.6214 70.3607 455.8791 c
70.2496 456.1364 70.1940 456.4193 70.1940 456.7272 c
70.1940 457.0350 70.2496 457.3196 70.3607 457.5770 c
70.4718 457.8344 70.6266 458.0583 70.8253 458.2502 c
71.0220 458.4421 71.2545 458.5901 71.5218 458.6961 c
71.7894 458.8004 72.0805 458.8526 72.3971 458.8526 c
72.7186 458.8526 73.0145 458.7987 73.2855 458.6893 c
73.5565 458.5799 73.7870 458.4183 73.9772 458.2046 c
73.5902 457.8310 l
73.4321 457.9977 73.2535 458.1207 73.0568 458.2032 c
72.8580 458.2837 72.6460 458.3242 72.4207 458.3242 c
72.1865 458.3242 71.9714 458.2854 71.7710 458.2063 c
71.5708 458.1272 71.3991 458.0164 71.2528 457.8732 c
71.1062 457.7301 70.9917 457.5620 70.9109 457.3650 c
70.8284 457.1680 70.7882 456.9559 70.7882 456.7272 c
70.7882 456.4967 70.8284 456.2847 70.9109 456.0894 c
70.9917 455.8924 71.1062 455.7243 71.2528 455.5811 c
71.3991 455.4380 71.5708 455.3286 71.7710 455.2495 c
71.9714 455.1704 72.1865 455.1301 72.4207 455.1301 c
72.6460 455.1301 72.8580 455.1704 73.0568 455.2512 c
73.2535 455.3320 73.4321 455.4584 73.5902 455.6282 c
73.9772 455.2546 l
73.7870 455.0409 73.5565 454.8776 73.2855 454.7684 c
73.0145 454.6573 72.7169 454.6018 72.3920 454.6018 c
h
76.4334 454.6018 m
76.1170 454.6018 75.8242 454.6556 75.5532 454.7616 c
75.2822 454.8677 75.0467 455.0173 74.8500 455.2092 c
74.6512 455.4011 74.4965 455.6265 74.3854 455.8842 c
74.2742 456.1415 74.2187 456.4225 74.2187 456.7272 c
74.2187 457.0319 74.2742 457.3128 74.3854 457.5702 c
74.4965 457.8279 74.6512 458.0515 74.8500 458.2434 c
75.0467 458.4353 75.2805 458.5850 75.5498 458.6927 c
75.8174 458.7987 76.1119 458.8526 76.4334 458.8526 c
76.7497 458.8526 77.0426 458.8004 77.3101 458.6961 c
77.5777 458.5901 77.8099 458.4421 78.0103 458.2502 c
78.2104 458.0583 78.3638 457.8344 78.4732 457.5770 c
78.5823 457.3196 78.6362 457.0350 78.6362 456.7272 c
78.6362 456.4193 78.5823 456.1364 78.4732 455.8791 c
78.3638 455.6214 78.2104 455.3960 78.0103 455.2041 c
77.8099 455.0122 77.5777 454.8643 77.3101 454.7599 c
77.0426 454.6539 76.7497 454.6018 76.4334 454.6018 c
h
76.4334 455.1301 m
76.6638 455.1301 76.8762 455.1704 77.0729 455.2495 c
77.2682 455.3286 77.4380 455.4397 77.5828 455.5845 c
77.7277 455.7274 77.8402 455.8975 77.9210 456.0911 c
78.0018 456.2847 78.0423 456.4967 78.0423 456.7272 c
78.0423 456.9559 78.0018 457.1680 77.9210 457.3616 c
77.8402 457.5552 77.7277 457.7250 77.5828 457.8698 c
77.4380 458.0147 77.2682 458.1272 77.0729 458.2063 c
76.8762 458.2854 76.6638 458.3242 76.4334 458.3242 c
76.1995 458.3242 75.9858 458.2854 75.7905 458.2063 c
75.5938 458.1272 75.4237 458.0147 75.2774 457.8698 c
75.1309 457.7250 75.0163 457.5552 74.9356 457.3616 c
74.8531 457.1680 74.8128 456.9559 74.8128 456.7272 c
74.8128 456.4967 74.8531 456.2847 74.9356 456.0911 c
75.0163 455.8975 75.1309 455.7274 75.2774 455.5845 c
75.4237 455.4397 75.5938 455.3286 75.7905 455.2495 c
75.9858 455.1704 76.1995 455.1301 76.4334 455.1301 c
h
79.5436 454.6488 m
79.5436 458.8038 l
80.1374 458.8038 l
80.1374 455.1656 l
82.3876 455.1656 l
82.3876 454.6488 l
h
h
84.8701 454.6018 m
84.5538 454.6018 84.2610 454.6556 83.9900 454.7616 c
83.7190 454.8677 83.4834 455.0173 83.2867 455.2092 c
83.0880 455.4011 82.9332 455.6265 82.8221 455.8842 c
82.7110 456.1415 82.6554 456.4225 82.6554 456.7272 c
82.6554 457.0319 82.7110 457.3128 82.8221 457.5702 c
82.9332 457.8279 83.0880 458.0515 83.2867 458.2434 c
83.4834 458.4353 83.7173 458.5850 83.9866 458.6927 c
84.2542 458.7987 84.5487 458.8526 84.8701 458.8526 c
85.1865 458.8526 85.4793 458.8004 85.7469 458.6961 c
86.0145 458.5901 86.2466 458.4421 86.4471 458.2502 c
86.6472 458.0583 86.8005 457.8344 86.9100 457.5770 c
87.0191 457.3196 87.0729 457.0350 87.0729 456.7272 c
87.0729 456.4193 87.0191 456.1364 86.9100 455.8791 c
86.8005 455.6214 86.6472 455.3960 86.4471 455.2041 c
86.2466 455.0122 86.0145 454.8643 85.7469 454.7599 c
85.4793 454.6539 85.1865 454.6018 84.8701 454.6018 c
h
84.8701 455.1301 m
85.1006 455.1301 85.3129 455.1704 85.5096 455.2495 c
85.7049 455.3286 85.8747 455.4397 86.0196 455.5845 c
86.1644 455.7274 86.2770 455.8975 86.3578 456.0911 c
86.4386 456.2847 86.4791 456.4967 86.4791 456.7272 c
86.4791 456.9559 86.4386 457.1680 86.3578 457.3616 c
86.2770 457.5552 86.1644 457.7250 86.0196 457.8698 c
85.8747 458.0147 85.7049 458.1272 85.5096 458.2063 c
85.3129 458.2854 85.1006 458.3242 84.8701 458.3242 c
84.6363 458.3242 84.4226 458.2854 84.2272 458.2063 c
84.0305 458.1272 83.8604 458.0147 83.7142 457.8698 c
83.5676 457.7250 83.4531 457.5552 83.3723 457.3616 c
83.2898 457.1680 83.2496 456.9559 83.2496 456.7272 c
83.2496 456.4967 83.2898 456.2847 83.3723 456.0911 c
83.4531 455.8975 83.5676 455.7274 83.7142 455.5845 c
83.8604 455.4397 84.0305 455.3286 84.2272 455.2495 c
84.4226 455.1704 84.6363 455.1301 84.8701 455.1301 c
h
87.9803 454.6488 m
87.9803 458.8038 l
89.6026 458.8038 l
90.1395 458.8038 90.5635 458.6760 90.8731 458.4217 c
91.1809 458.1660 91.3360 457.8109 91.3360 457.3565 c
91.3360 457.0554 91.2668 456.7978 91.1288 456.5823 c
90.9893 456.3655 90.7923 456.2005 90.5349 456.0860 c
90.2772 455.9698 89.9660 455.9128 89.6026 455.9128 c
88.3066 455.9128 l
88.5742 456.1869 l
88.5742 454.6488 l
h
h
90.7586 454.6488 m
89.7018 456.1566 l
90.3379 456.1566 l
91.4066 454.6488 l
h
h
88.5742 456.1265 m
88.3066 456.4176 l
89.5839 456.4176 l
89.9643 456.4176 90.2520 456.4998 90.4490 456.6648 c
90.6443 456.8281 90.7418 457.0586 90.7418 457.3565 c
90.7418 457.6527 90.6443 457.8817 90.4490 458.0447 c
90.2520 458.2080 89.9643 458.2888 89.5839 458.2888 c
88.3066 458.2888 l
88.5742 458.5850 l
h
f
q
34.8111 468.4184 67.4002 50.5480 re W*
n
/GS13 gs
q
34.8111 468.4184 m
34.8111 518.9664 l
102.2114 518.9664 l
102.2114 468.4184 l
h
W*
n
q
67.74886 0.00000 0.00000 50.66423 34.6368 468.3187 cm
/Im95 Do
Q
Q
Q
/GS13 gs
/CS15 cs 0.5300 1.0000 0.2800 0.1100 scn
99.9113 376.3091 m
34.0594 376.3091 l
36.3373 381.4741 l
34.0594 386.6380 l
99.9113 386.6380 l
97.6334 381.7522 l
h
f
/GS13 gs
/CS15 cs 0.5300 1.0000 0.2800 0.1100 scn
173.0398 451.7201 m
107.1879 451.7201 l
109.4649 456.6790 l
107.1879 461.6382 l
173.0398 461.6382 l
170.7619 456.9460 l
h
f
/GS13 gs
/CS15 cs 0.0000 0.0000 0.0000 0.0000 scn
115.9931 454.4850 m
115.9931 458.6400 l
117.7449 458.6400 l
118.1874 458.6400 118.5795 458.5524 118.9179 458.3792 c
119.2561 458.2057 119.5186 457.9617 119.7071 457.6504 c
119.8956 457.3375 119.9900 456.9755 119.9900 456.5633 c
119.9900 456.1509 119.8956 455.7892 119.7071 455.4763 c
119.5186 455.1633 119.2561 454.9192 118.9179 454.7458 c
118.5795 454.5726 118.1874 454.4850 117.7449 454.4850 c
h
h
116.5870 455.0017 m
117.7095 455.0017 l
118.0545 455.0017 118.3524 455.0672 118.6033 455.1985 c
118.8539 455.3280 119.0492 455.5114 119.1889 455.7472 c
119.3267 455.9828 119.3958 456.2555 119.3958 456.5633 c
119.3958 456.8746 119.3267 457.1490 119.1889 457.3828 c
119.0492 457.6167 118.8539 457.7987 118.6033 457.9299 c
118.3524 458.0595 118.0545 458.1249 117.7095 458.1249 c
116.5870 458.1249 l
h
h
122.7733 454.4379 m
122.4570 454.4379 122.1642 454.4918 121.8932 454.5978 c
121.6222 454.7038 121.3866 454.8535 121.1899 455.0454 c
120.9912 455.2373 120.8364 455.4626 120.7253 455.7203 c
120.6142 455.9777 120.5586 456.2586 120.5586 456.5633 c
120.5586 456.8681 120.6142 457.1490 120.7253 457.4064 c
120.8364 457.6640 120.9912 457.8877 121.1899 458.0796 c
121.3866 458.2715 121.6205 458.4212 121.8898 458.5289 c
122.1574 458.6349 122.4519 458.6888 122.7733 458.6888 c
123.0897 458.6888 123.3825 458.6366 123.6501 458.5323 c
123.9177 458.4263 124.1498 458.2783 124.3502 458.0864 c
124.5504 457.8945 124.7037 457.6706 124.8131 457.4132 c
124.9223 457.1558 124.9761 456.8712 124.9761 456.5633 c
124.9761 456.2555 124.9223 455.9726 124.8131 455.7152 c
124.7037 455.4575 124.5504 455.2322 124.3502 455.0403 c
124.1498 454.8484 123.9177 454.7004 123.6501 454.5961 c
123.3825 454.4901 123.0897 454.4379 122.7733 454.4379 c
h
122.7733 454.9663 m
123.0038 454.9663 123.2161 455.0066 123.4128 455.0856 c
123.6081 455.1647 123.7779 455.2758 123.9228 455.4207 c
124.0676 455.5636 124.1802 455.7336 124.2609 455.9272 c
124.3417 456.1209 124.3823 456.3329 124.3823 456.5633 c
124.3823 456.7921 124.3417 457.0041 124.2609 457.1977 c
124.1802 457.3913 124.0676 457.5611 123.9228 457.7060 c
123.7779 457.8508 123.6081 457.9634 123.4128 458.0425 c
123.2161 458.1215 123.0038 458.1604 122.7733 458.1604 c
122.5395 458.1604 122.3257 458.1215 122.1304 458.0425 c
121.9337 457.9634 121.7636 457.8508 121.6174 457.7060 c
121.4708 457.5611 121.3563 457.3913 121.2755 457.1977 c
121.1930 457.0041 121.1528 456.7921 121.1528 456.5633 c
121.1528 456.3329 121.1930 456.1209 121.2755 455.9272 c
121.3563 455.7336 121.4708 455.5636 121.6174 455.4207 c
121.7636 455.2758 121.9337 455.1647 122.1304 455.0856 c
122.3257 455.0066 122.5395 454.9663 122.7733 454.9663 c
h
127.6050 454.4379 m
127.0596 454.4379 126.6307 454.5944 126.3175 454.9073 c
126.0045 455.2186 125.8481 455.6764 125.8481 456.2773 c
125.8481 458.6400 l
126.4422 458.6400 l
126.4422 456.3026 l
126.4422 455.8397 126.5448 455.5015 126.7483 455.2877 c
126.9519 455.0740 127.2399 454.9663 127.6118 454.9663 c
127.9871 454.9663 128.2782 455.0740 128.4817 455.2877 c
128.6853 455.5015 128.7882 455.8397 128.7882 456.3026 c
128.7882 458.6400 l
129.3636 458.6400 l
129.3636 456.2773 l
129.3636 455.6764 129.2088 455.2186 128.8973 454.9073 c
128.5860 454.5944 128.1552 454.4379 127.6050 454.4379 c
h
130.5788 454.4850 m
130.5788 458.6400 l
132.4434 458.6400 l
132.9231 458.6400 133.2916 458.5442 133.5489 458.3523 c
133.8063 458.1604 133.9345 457.8979 133.9345 457.5662 c
133.9345 457.3409 133.8837 457.1507 133.7828 456.9976 c
133.6819 456.8426 133.5455 456.7232 133.3757 456.6407 c
133.2057 456.5582 133.0206 456.5163 132.8236 456.5163 c
132.9296 456.6929 l
133.1668 456.6929 133.3774 456.6509 133.5609 456.5684 c
133.7426 456.4860 133.8871 456.3629 133.9931 456.2031 c
134.0991 456.0432 134.1530 455.8448 134.1530 455.6075 c
134.1530 455.2506 134.0201 454.9748 133.7525 454.7795 c
133.4849 454.5825 133.0894 454.4850 132.5628 454.4850 c
h
h
131.1727 454.9663 m
132.5392 454.9663 l
132.8675 454.9663 133.1181 455.0219 133.2933 455.1330 c
133.4665 455.2424 133.5540 455.4173 133.5540 455.6546 c
133.5540 455.8952 133.4665 456.0718 133.2933 456.1829 c
133.1181 456.2940 132.8675 456.3496 132.5392 456.3496 c
131.1188 456.3496 l
131.1188 456.8292 l
132.3896 456.8292 l
132.6906 456.8292 132.9248 456.8848 133.0911 456.9959 c
133.2578 457.1070 133.3403 457.2734 133.3403 457.4957 c
133.3403 457.7162 133.2578 457.8826 133.0911 457.9937 c
132.9248 458.1048 132.6906 458.1604 132.3896 458.1604 c
131.1727 458.1604 l
h
h
135.0737 454.4850 m
135.0737 458.6400 l
135.6676 458.6400 l
135.6676 455.0017 l
137.9177 455.0017 l
137.9177 454.4850 l
h
h
138.6011 454.4850 m
138.6011 458.6400 l
141.5341 458.6400 l
141.5341 458.1249 l
139.1950 458.1249 l
139.1950 455.0017 l
141.6183 455.0017 l
141.6183 454.4850 l
h
h
139.1411 456.3428 m
139.1411 456.8477 l
141.2785 456.8477 l
141.2785 456.3428 l
h
h
146.0361 454.4379 m
145.7181 454.4379 145.4270 454.4901 145.1594 454.5961 c
144.8918 454.7004 144.6610 454.8484 144.4660 455.0403 c
144.2690 455.2322 144.1159 455.4575 144.0048 455.7152 c
143.8937 455.9726 143.8381 456.2555 143.8381 456.5633 c
143.8381 456.8712 143.8937 457.1558 144.0048 457.4132 c
144.1159 457.6706 144.2707 457.8945 144.4694 458.0864 c
144.6661 458.2783 144.8986 458.4263 145.1659 458.5323 c
145.4335 458.6366 145.7246 458.6888 146.0412 458.6888 c
146.3627 458.6888 146.6586 458.6349 146.9296 458.5255 c
147.2006 458.4161 147.4311 458.2545 147.6213 458.0408 c
147.2343 457.6671 l
147.0762 457.8338 146.8976 457.9569 146.7009 458.0393 c
146.5021 458.1198 146.2901 458.1604 146.0648 458.1604 c
145.8306 458.1604 145.6155 458.1215 145.4151 458.0425 c
145.2149 457.9634 145.0431 457.8525 144.8969 457.7094 c
144.7503 457.5662 144.6358 457.3981 144.5550 457.2011 c
144.4725 457.0041 144.4323 456.7921 144.4323 456.5633 c
144.4323 456.3329 144.4725 456.1209 144.5550 455.9255 c
144.6358 455.7285 144.7503 455.5604 144.8969 455.4173 c
145.0431 455.2741 145.2149 455.1647 145.4151 455.0856 c
145.6155 455.0066 145.8306 454.9663 146.0648 454.9663 c
146.2901 454.9663 146.5021 455.0066 146.7009 455.0873 c
146.8976 455.1681 147.0762 455.2946 147.2343 455.4643 c
147.6213 455.0907 l
147.4311 454.8770 147.2006 454.7137 146.9296 454.6046 c
146.6586 454.4935 146.3610 454.4379 146.0361 454.4379 c
h
150.0775 454.4379 m
149.7611 454.4379 149.4683 454.4918 149.1973 454.5978 c
148.9263 454.7038 148.6908 454.8535 148.4940 455.0454 c
148.2953 455.2373 148.1406 455.4626 148.0294 455.7203 c
147.9183 455.9777 147.8628 456.2586 147.8628 456.5633 c
147.8628 456.8681 147.9183 457.1490 148.0294 457.4064 c
148.1406 457.6640 148.2953 457.8877 148.4940 458.0796 c
148.6908 458.2715 148.9246 458.4212 149.1939 458.5289 c
149.4615 458.6349 149.7560 458.6888 150.0775 458.6888 c
150.3938 458.6888 150.6866 458.6366 150.9542 458.5323 c
151.2218 458.4263 151.4540 458.2783 151.6544 458.0864 c
151.8545 457.8945 152.0079 457.6706 152.1173 457.4132 c
152.2264 457.1558 152.2803 456.8712 152.2803 456.5633 c
152.2803 456.2555 152.2264 455.9726 152.1173 455.7152 c
152.0079 455.4575 151.8545 455.2322 151.6544 455.0403 c
151.4540 454.8484 151.2218 454.7004 150.9542 454.5961 c
150.6866 454.4901 150.3938 454.4379 150.0775 454.4379 c
h
150.0775 454.9663 m
150.3079 454.9663 150.5203 455.0066 150.7170 455.0856 c
150.9123 455.1647 151.0821 455.2758 151.2269 455.4207 c
151.3718 455.5636 151.4843 455.7336 151.5651 455.9272 c
151.6459 456.1209 151.6864 456.3329 151.6864 456.5633 c
151.6864 456.7921 151.6459 457.0041 151.5651 457.1977 c
151.4843 457.3913 151.3718 457.5611 151.2269 457.7060 c
151.0821 457.8508 150.9123 457.9634 150.7170 458.0425 c
150.5203 458.1215 150.3079 458.1604 150.0775 458.1604 c
149.8436 458.1604 149.6299 458.1215 149.4346 458.0425 c
149.2379 457.9634 149.0678 457.8508 148.9215 457.7060 c
148.7750 457.5611 148.6604 457.3913 148.5797 457.1977 c
148.4972 457.0041 148.4569 456.7921 148.4569 456.5633 c
148.4569 456.3329 148.4972 456.1209 148.5797 455.9272 c
148.6604 455.7336 148.7750 455.5636 148.9215 455.4207 c
149.0678 455.2758 149.2379 455.1647 149.4346 455.0856 c
149.6299 455.0066 149.8436 454.9663 150.0775 454.9663 c
h
153.1877 454.4850 m
153.1877 458.6400 l
153.7815 458.6400 l
153.7815 455.0017 l
156.0317 455.0017 l
156.0317 454.4850 l
h
h
158.5142 454.4379 m
158.1979 454.4379 157.9051 454.4918 157.6341 454.5978 c
157.3631 454.7038 157.1275 454.8535 156.9308 455.0454 c
156.7321 455.2373 156.5773 455.4626 156.4662 455.7203 c
156.3551 455.9777 156.2995 456.2586 156.2995 456.5633 c
156.2995 456.8681 156.3551 457.1490 156.4662 457.4064 c
156.5773 457.6640 156.7321 457.8877 156.9308 458.0796 c
157.1275 458.2715 157.3614 458.4212 157.6307 458.5289 c
157.8983 458.6349 158.1928 458.6888 158.5142 458.6888 c
158.8306 458.6888 159.1234 458.6366 159.3910 458.5323 c
159.6586 458.4263 159.8907 458.2783 160.0911 458.0864 c
160.2913 457.8945 160.4446 457.6706 160.5540 457.4132 c
160.6632 457.1558 160.7170 456.8712 160.7170 456.5633 c
160.7170 456.2555 160.6632 455.9726 160.5540 455.7152 c
160.4446 455.4575 160.2913 455.2322 160.0911 455.0403 c
159.8907 454.8484 159.6586 454.7004 159.3910 454.5961 c
159.1234 454.4901 158.8306 454.4379 158.5142 454.4379 c
h
158.5142 454.9663 m
158.7447 454.9663 158.9570 455.0066 159.1537 455.0856 c
159.3490 455.1647 159.5188 455.2758 159.6637 455.4207 c
159.8085 455.5636 159.9211 455.7336 160.0019 455.9272 c
160.0826 456.1209 160.1232 456.3329 160.1232 456.5633 c
160.1232 456.7921 160.0826 457.0041 160.0019 457.1977 c
159.9211 457.3913 159.8085 457.5611 159.6637 457.7060 c
159.5188 457.8508 159.3490 457.9634 159.1537 458.0425 c
158.9570 458.1215 158.7447 458.1604 158.5142 458.1604 c
158.2804 458.1604 158.0666 458.1215 157.8713 458.0425 c
157.6746 457.9634 157.5045 457.8508 157.3583 457.7060 c
157.2117 457.5611 157.0972 457.3913 157.0164 457.1977 c
156.9339 457.0041 156.8937 456.7921 156.8937 456.5633 c
156.8937 456.3329 156.9339 456.1209 157.0164 455.9272 c
157.0972 455.7336 157.2117 455.5636 157.3583 455.4207 c
157.5045 455.2758 157.6746 455.1647 157.8713 455.0856 c
158.0666 455.0066 158.2804 454.9663 158.5142 454.9663 c
h
161.6244 454.4850 m
161.6244 458.6400 l
163.2467 458.6400 l
163.7836 458.6400 164.2076 458.5122 164.5172 458.2579 c
164.8250 458.0022 164.9801 457.6470 164.9801 457.1926 c
164.9801 456.8916 164.9109 456.6339 164.7729 456.4185 c
164.6334 456.2016 164.4364 456.0367 164.1790 455.9221 c
163.9213 455.8059 163.6101 455.7489 163.2467 455.7489 c
161.9507 455.7489 l
162.2183 456.0231 l
162.2183 454.4850 l
h
h
164.4026 454.4850 m
163.3459 455.9927 l
163.9820 455.9927 l
165.0506 454.4850 l
h
h
162.2183 455.9627 m
161.9507 456.2538 l
163.2280 456.2538 l
163.6084 456.2538 163.8961 456.3360 164.0931 456.5010 c
164.2884 456.6643 164.3859 456.8947 164.3859 457.1926 c
164.3859 457.4889 164.2884 457.7179 164.0931 457.8809 c
163.8961 458.0442 163.6084 458.1249 163.2280 458.1249 c
161.9507 458.1249 l
162.2183 458.4212 l
h
f
q
106.8814 468.4133 67.4028 50.5429 re W*
n
/GS13 gs
q
106.8814 468.4133 m
106.8814 518.9562 l
174.2842 518.9562 l
174.2842 468.4133 l
h
W*
n
q
67.85453 0.00000 0.00000 50.88149 106.7685 468.3381 cm
/Im96 Do
Q
Q
Q
/GS13 gs
/CS15 cs 0.5300 1.0000 0.2800 0.1100 scn
173.9302 376.3091 m
108.0782 376.3091 l
110.3562 381.4741 l
108.0782 386.6380 l
173.9302 386.6380 l
171.6523 381.7522 l
h
f
/GS13 gs
/CS15 cs 0.5300 1.0000 0.2800 0.1100 scn
247.0595 451.7201 m
181.2076 451.7201 l
183.4846 456.6790 l
181.2076 461.6382 l
247.0595 461.6382 l
244.7816 456.9460 l
h
f
/GS13 gs
/CS15 cs 0.0000 0.0000 0.0000 0.0000 scn
185.6421 454.4850 m
185.6421 458.6400 l
187.3939 458.6400 l
187.8364 458.6400 188.2284 458.5524 188.5669 458.3792 c
188.9050 458.2057 189.1675 457.9617 189.3560 457.6504 c
189.5445 457.3375 189.6389 456.9755 189.6389 456.5633 c
189.6389 456.1509 189.5445 455.7892 189.3560 455.4763 c
189.1675 455.1633 188.9050 454.9192 188.5669 454.7458 c
188.2284 454.5726 187.8364 454.4850 187.3939 454.4850 c
h
h
186.2359 455.0017 m
187.3585 455.0017 l
187.7034 455.0017 188.0014 455.0672 188.2522 455.1985 c
188.5028 455.3280 188.6981 455.5114 188.8379 455.7472 c
188.9756 455.9828 189.0448 456.2555 189.0448 456.5633 c
189.0448 456.8746 188.9756 457.1490 188.8379 457.3828 c
188.6981 457.6167 188.5028 457.7987 188.2522 457.9299 c
188.0014 458.0595 187.7034 458.1249 187.3585 458.1249 c
186.2359 458.1249 l
h
h
189.8572 454.4850 m
191.7405 458.6400 l
192.3276 458.6400 l
194.2160 454.4850 l
193.5916 454.4850 l
191.9120 458.3083 l
192.1493 458.3083 l
190.4698 454.4850 l
h
h
190.6600 455.5233 m
190.8198 455.9995 l
193.1590 455.9995 l
193.3308 455.5233 l
h
h
194.8320 454.4850 m
194.8320 458.6400 l
196.4543 458.6400 l
196.9911 458.6400 197.4152 458.5122 197.7248 458.2579 c
198.0326 458.0022 198.1877 457.6470 198.1877 457.1926 c
198.1877 456.8916 198.1185 456.6339 197.9804 456.4185 c
197.8410 456.2016 197.6440 456.0367 197.3866 455.9221 c
197.1289 455.8059 196.8177 455.7489 196.4543 455.7489 c
195.1583 455.7489 l
195.4259 456.0231 l
195.4259 454.4850 l
h
h
197.6102 454.4850 m
196.5535 455.9927 l
197.1896 455.9927 l
198.2582 454.4850 l
h
h
195.4259 455.9627 m
195.1583 456.2538 l
196.4356 456.2538 l
196.8160 456.2538 197.1037 456.3360 197.3007 456.5010 c
197.4960 456.6643 197.5935 456.8947 197.5935 457.1926 c
197.5935 457.4889 197.4960 457.7179 197.3007 457.8809 c
197.1037 458.0442 196.8160 458.1249 196.4356 458.1249 c
195.1583 458.1249 l
195.4259 458.4212 l
h
h
199.6719 455.4879 m
199.6415 456.2133 l
201.9994 458.6400 l
202.6757 458.6400 l
200.8534 456.7164 l
200.5200 456.3496 l
h
h
199.1486 454.4850 m
199.1486 458.6400 l
199.7425 458.6400 l
199.7425 454.4850 l
h
h
202.0935 454.4850 m
200.3905 456.4675 l
200.7876 456.9066 l
202.7886 454.4850 l
h
h
205.0135 454.4850 m
205.0135 458.6400 l
206.6357 458.6400 l
206.9991 458.6400 207.3104 458.5827 207.5681 458.4682 c
207.8254 458.3540 208.0225 458.1873 208.1619 457.9702 c
208.3000 457.7530 208.3691 457.4940 208.3691 457.1926 c
208.3691 456.8916 208.3000 456.6339 208.1619 456.4185 c
208.0225 456.2016 207.8254 456.0350 207.5681 455.9187 c
207.3104 455.8028 206.9991 455.7438 206.6357 455.7438 c
205.3397 455.7438 l
205.6073 456.0231 l
205.6073 454.4850 l
h
h
205.6073 455.9627 m
205.3397 456.2603 l
206.6170 456.2603 l
206.9974 456.2603 207.2852 456.3411 207.4822 456.5044 c
207.6775 456.6660 207.7750 456.8947 207.7750 457.1926 c
207.7750 457.4889 207.6775 457.7179 207.4822 457.8809 c
207.2852 458.0442 206.9974 458.1249 206.6170 458.1249 c
205.3397 458.1249 l
205.6073 458.4212 l
h
h
209.2405 454.4850 m
209.2405 458.6400 l
209.8344 458.6400 l
209.8344 454.4850 l
h
h
211.0816 454.4850 m
211.0816 458.6400 l
211.5694 458.6400 l
214.3176 455.2271 l
214.0620 455.2271 l
214.0620 458.6400 l
214.6558 458.6400 l
214.6558 454.4850 l
214.1697 454.4850 l
211.4215 457.8979 l
211.6755 457.8979 l
211.6755 454.4850 l
h
h
216.4263 455.4879 m
216.3960 456.2133 l
218.7539 458.6400 l
219.4302 458.6400 l
217.6078 456.7164 l
217.2745 456.3496 l
h
h
215.9031 454.4850 m
215.9031 458.6400 l
216.4969 458.6400 l
216.4969 454.4850 l
h
h
218.8480 454.4850 m
217.1449 456.4675 l
217.5420 456.9066 l
219.5430 454.4850 l
h
h
222.9795 454.4379 m
222.6631 454.4379 222.3601 454.4867 222.0724 454.5842 c
221.7830 454.6803 221.5559 454.8064 221.3892 454.9595 c
221.6081 455.4224 l
221.7662 455.2843 221.9681 455.1698 222.2138 455.0791 c
222.4596 454.9881 222.7153 454.9428 222.9795 454.9428 c
223.2201 454.9428 223.4171 454.9697 223.5668 455.0253 c
223.7165 455.0808 223.8276 455.1565 223.9002 455.2540 c
223.9707 455.3501 224.0062 455.4609 224.0062 455.5840 c
224.0062 455.7268 223.9605 455.8414 223.8681 455.9289 c
223.7754 456.0148 223.6544 456.0854 223.5061 456.1393 c
223.3565 456.1914 223.1932 456.2385 223.0166 456.2790 c
222.8380 456.3176 222.6580 456.3646 222.4780 456.4185 c
222.2980 456.4706 222.1330 456.5398 221.9848 456.6223 c
221.8368 456.7048 221.7175 456.8173 221.6265 456.9588 c
221.5355 457.0985 221.4901 457.2802 221.4901 457.5008 c
221.4901 457.7145 221.5474 457.9129 221.6602 458.0929 c
221.7728 458.2732 221.9462 458.4161 222.1818 458.5255 c
222.4174 458.6349 222.7170 458.6888 223.0804 458.6888 c
223.3210 458.6888 223.5617 458.6567 223.7990 458.5946 c
224.0362 458.5306 224.2434 458.4396 224.4166 458.3203 c
224.2199 457.8457 l
224.0430 457.9651 223.8545 458.0510 223.6578 458.1048 c
223.4591 458.1570 223.2672 458.1839 223.0804 458.1839 c
222.8465 458.1839 222.6546 458.1536 222.5049 458.0946 c
222.3553 458.0359 222.2442 457.9569 222.1750 457.8574 c
222.1061 457.7581 222.0707 457.6470 222.0707 457.5243 c
222.0707 457.3777 222.1177 457.2618 222.2104 457.1742 c
222.3031 457.0866 222.4242 457.0177 222.5738 456.9673 c
222.7221 456.9151 222.8854 456.8695 223.0637 456.8275 c
223.2403 456.7856 223.4205 456.7399 223.6005 456.6878 c
223.7805 456.6356 223.9438 456.5684 224.0935 456.4860 c
224.2417 456.4035 224.3611 456.2923 224.4521 456.1543 c
224.5428 456.0148 224.5884 455.8363 224.5884 455.6191 c
224.5884 455.4088 224.5311 455.2155 224.4166 455.0352 c
224.3021 454.8552 224.1255 454.7106 223.8866 454.6012 c
223.6459 454.4918 223.3446 454.4379 222.9795 454.4379 c
h
225.4552 454.4850 m
225.4552 458.6400 l
227.0775 458.6400 l
227.4409 458.6400 227.7522 458.5827 228.0098 458.4682 c
228.2672 458.3540 228.4642 458.1873 228.6037 457.9702 c
228.7417 457.7530 228.8109 457.4940 228.8109 457.1926 c
228.8109 456.8916 228.7417 456.6339 228.6037 456.4185 c
228.4642 456.2016 228.2672 456.0350 228.0098 455.9187 c
227.7522 455.8028 227.4409 455.7438 227.0775 455.7438 c
225.7815 455.7438 l
226.0491 456.0231 l
226.0491 454.4850 l
h
h
226.0491 455.9627 m
225.7815 456.2603 l
227.0588 456.2603 l
227.4392 456.2603 227.7269 456.3411 227.9239 456.5044 c
228.1192 456.6660 228.2168 456.8947 228.2168 457.1926 c
228.2168 457.4889 228.1192 457.7179 227.9239 457.8809 c
227.7269 458.0442 227.4392 458.1249 227.0588 458.1249 c
225.7815 458.1249 l
226.0491 458.4212 l
h
h
229.6823 454.4850 m
229.6823 458.6400 l
231.3045 458.6400 l
231.8414 458.6400 232.2655 458.5122 232.5750 458.2579 c
232.8829 458.0022 233.0379 457.6470 233.0379 457.1926 c
233.0379 456.8916 232.9688 456.6339 232.8307 456.4185 c
232.6912 456.2016 232.4942 456.0367 232.2369 455.9221 c
231.9792 455.8059 231.6679 455.7489 231.3045 455.7489 c
230.0085 455.7489 l
230.2761 456.0231 l
230.2761 454.4850 l
h
h
232.4605 454.4850 m
231.4037 455.9927 l
232.0398 455.9927 l
233.1085 454.4850 l
h
h
230.2761 455.9627 m
230.0085 456.2538 l
231.2858 456.2538 l
231.6662 456.2538 231.9540 456.3360 232.1510 456.5010 c
232.3463 456.6643 232.4438 456.8947 232.4438 457.1926 c
232.4438 457.4889 232.3463 457.7179 232.1510 457.8809 c
231.9540 458.0442 231.6662 458.1249 231.2858 458.1249 c
230.0085 458.1249 l
230.2761 458.4212 l
h
h
233.3693 454.4850 m
235.2526 458.6400 l
235.8397 458.6400 l
237.7281 454.4850 l
237.1037 454.4850 l
235.4241 458.3083 l
235.6614 458.3083 l
233.9819 454.4850 l
h
h
234.1721 455.5233 m
234.3319 455.9995 l
236.6711 455.9995 l
236.8429 455.5233 l
h
h
239.0519 454.4850 m
239.0519 456.0752 l
239.1883 455.7084 l
237.4010 458.6400 l
238.0354 458.6400 l
239.5383 456.1645 l
239.1934 456.1645 l
240.7011 458.6400 l
241.2901 458.6400 l
239.5080 455.7084 l
239.6392 456.0752 l
239.6392 454.4850 l
h
f
q
179.8551 468.4110 67.3997 50.5497 re W*
n
/GS13 gs
q
179.8551 468.4110 m
179.8551 518.9607 l
247.2548 518.9607 l
247.2548 468.4110 l
h
W*
n
q
67.77710 0.00000 0.00000 50.83282 179.5484 468.3166 cm
/Im97 Do
Q
Q
Q
/GS13 gs
/CS15 cs 0.5300 1.0000 0.2800 0.1100 scn
247.0595 376.3091 m
181.2076 376.3091 l
183.4858 381.4741 l
181.2076 386.6380 l
247.0595 386.6380 l
244.7816 381.7522 l
h
f
/GS13 gs
/CS15 cs 0.0000 0.0000 0.0000 0.0000 scn
38.9477 379.0735 m
38.9477 383.2285 l
39.5416 383.2285 l
39.5416 379.5902 l
41.7917 379.5902 l
41.7917 379.0735 l
h
h
42.4752 379.0735 m
42.4752 383.2285 l
43.0690 383.2285 l
43.0690 379.0735 l
h
h
46.1925 379.0264 m
45.8711 379.0264 45.5766 379.0786 45.3090 379.1846 c
45.0397 379.2889 44.8058 379.4369 44.6091 379.6288 c
44.4104 379.8207 44.2556 380.0460 44.1445 380.3037 c
44.0334 380.5611 43.9778 380.8440 43.9778 381.1518 c
43.9778 381.4597 44.0334 381.7443 44.1445 382.0017 c
44.2556 382.2591 44.4104 382.4830 44.6108 382.6749 c
44.8109 382.8668 45.0448 383.0148 45.3141 383.1208 c
45.5834 383.2251 45.8796 383.2773 46.2044 383.2773 c
46.5324 383.2773 46.8337 383.2234 47.1081 383.1174 c
47.3808 383.0097 47.6113 382.8498 47.8015 382.6361 c
47.4347 382.2676 l
47.2646 382.4342 47.0795 382.5553 46.8791 382.6327 c
46.6790 382.7100 46.4618 382.7489 46.2280 382.7489 c
45.9907 382.7489 45.7702 382.7100 45.5666 382.6310 c
45.3628 382.5519 45.1862 382.4410 45.0383 382.2979 c
44.8900 382.1547 44.7755 381.9866 44.6947 381.7896 c
44.6122 381.5926 44.5720 381.3806 44.5720 381.1518 c
44.5720 380.9262 44.6122 380.7159 44.6947 380.5191 c
44.7755 380.3221 44.8900 380.1521 45.0383 380.0092 c
45.1862 379.8643 45.3611 379.7532 45.5632 379.6741 c
45.7651 379.5951 45.9856 379.5548 46.2229 379.5548 c
46.4434 379.5548 46.6571 379.5902 46.8607 379.6591 c
47.0642 379.7280 47.2544 379.8425 47.4279 380.0058 c
47.7660 379.5548 l
47.5608 379.3813 47.3202 379.2501 47.0458 379.1611 c
46.7697 379.0718 46.4854 379.0264 46.1925 379.0264 c
h
47.7660 379.5548 m
47.1954 379.6322 l
47.1954 381.1754 l
47.7660 381.1754 l
h
h
51.8791 379.0735 m
51.8791 383.2285 l
52.4730 383.2285 l
52.4730 379.0735 l
h
h
48.8988 379.0735 m
48.8988 383.2285 l
49.4926 383.2285 l
49.4926 379.0735 l
h
h
49.4340 380.9262 m
49.4340 381.4430 l
51.9330 381.4430 l
51.9330 380.9262 l
h
h
54.5465 379.0735 m
54.5465 382.7134 l
53.1210 382.7134 l
53.1210 383.2285 l
56.5591 383.2285 l
56.5591 382.7134 l
55.1339 382.7134 l
55.1339 379.0735 l
h
h
58.8025 379.0735 m
58.8025 383.2285 l
60.4247 383.2285 l
60.7881 383.2285 61.0994 383.1712 61.3570 383.0567 c
61.6144 382.9425 61.8114 382.7758 61.9509 382.5587 c
62.0889 382.3415 62.1581 382.0825 62.1581 381.7811 c
62.1581 381.4801 62.0889 381.2224 61.9509 381.0070 c
61.8114 380.7901 61.6144 380.6235 61.3570 380.5072 c
61.0994 380.3913 60.7881 380.3323 60.4247 380.3323 c
59.1287 380.3323 l
59.3963 380.6116 l
59.3963 379.0735 l
h
h
59.3963 380.5512 m
59.1287 380.8488 l
60.4060 380.8488 l
60.7864 380.8488 61.0741 380.9296 61.2711 381.0929 c
61.4665 381.2545 61.5640 381.4832 61.5640 381.7811 c
61.5640 382.0774 61.4665 382.3064 61.2711 382.4694 c
61.0741 382.6327 60.7864 382.7134 60.4060 382.7134 c
59.1287 382.7134 l
59.3963 383.0097 l
h
h
63.0295 379.0735 m
63.0295 383.2285 l
63.6233 383.2285 l
63.6233 379.0735 l
h
h
64.8706 379.0735 m
64.8706 383.2285 l
65.3584 383.2285 l
68.1066 379.8156 l
67.8509 379.8156 l
67.8509 383.2285 l
68.4448 383.2285 l
68.4448 379.0735 l
67.9586 379.0735 l
65.2105 382.4864 l
65.4644 382.4864 l
65.4644 379.0735 l
h
h
70.2153 380.0764 m
70.1850 380.8018 l
72.5428 383.2285 l
73.2192 383.2285 l
71.3968 381.3049 l
71.0634 380.9381 l
h
h
69.6920 379.0735 m
69.6920 383.2285 l
70.2859 383.2285 l
70.2859 379.0735 l
h
h
72.6369 379.0735 m
70.9339 381.0560 l
71.3310 381.4951 l
73.3320 379.0735 l
h
h
76.7684 379.0264 m
76.4521 379.0264 76.1491 379.0752 75.8614 379.1727 c
75.5719 379.2688 75.3449 379.3949 75.1782 379.5480 c
75.3970 380.0109 l
75.5552 379.8729 75.7570 379.7583 76.0028 379.6676 c
76.2486 379.5766 76.5043 379.5313 76.7684 379.5313 c
77.0091 379.5313 77.2061 379.5582 77.3558 379.6138 c
77.5054 379.6693 77.6166 379.7450 77.6891 379.8425 c
77.7597 379.9386 77.7951 380.0494 77.7951 380.1725 c
77.7951 380.3153 77.7495 380.4299 77.6571 380.5174 c
77.5644 380.6033 77.4434 380.6739 77.2951 380.7278 c
77.1454 380.7799 76.9822 380.8270 76.8056 380.8675 c
76.6270 380.9061 76.4470 380.9531 76.2670 381.0070 c
76.0870 381.0591 75.9220 381.1283 75.7738 381.2108 c
75.6258 381.2933 75.5065 381.4058 75.4155 381.5473 c
75.3245 381.6870 75.2791 381.8687 75.2791 382.0893 c
75.2791 382.3030 75.3364 382.5014 75.4492 382.6814 c
75.5617 382.8617 75.7352 383.0046 75.9708 383.1140 c
76.2063 383.2234 76.5060 383.2773 76.8694 383.2773 c
77.1100 383.2773 77.3507 383.2452 77.5879 383.1831 c
77.8252 383.1191 78.0324 383.0281 78.2056 382.9088 c
78.0089 382.4342 l
77.8320 382.5536 77.6435 382.6395 77.4468 382.6933 c
77.2481 382.7455 77.0562 382.7724 76.8694 382.7724 c
76.6355 382.7724 76.4436 382.7421 76.2939 382.6831 c
76.1443 382.6244 76.0331 382.5454 75.9640 382.4459 c
75.8951 382.3466 75.8597 382.2355 75.8597 382.1128 c
75.8597 381.9662 75.9067 381.8503 75.9994 381.7627 c
76.0921 381.6751 76.2131 381.6062 76.3628 381.5558 c
76.5111 381.5036 76.6743 381.4580 76.8526 381.4160 c
77.0292 381.3741 77.2095 381.3284 77.3895 381.2763 c
77.5695 381.2241 77.7328 381.1569 77.8825 381.0745 c
78.0307 380.9920 78.1500 380.8809 78.2410 380.7428 c
78.3317 380.6033 78.3774 380.4248 78.3774 380.2076 c
78.3774 379.9973 78.3201 379.8040 78.2056 379.6237 c
78.0911 379.4437 77.9145 379.2991 77.6755 379.1897 c
77.4349 379.0803 77.1335 379.0264 76.7684 379.0264 c
h
79.2442 379.0735 m
79.2442 383.2285 l
80.8665 383.2285 l
81.2299 383.2285 81.5411 383.1712 81.7988 383.0567 c
82.0562 382.9425 82.2532 382.7758 82.3927 382.5587 c
82.5307 382.3415 82.5999 382.0825 82.5999 381.7811 c
82.5999 381.4801 82.5307 381.2224 82.3927 381.0070 c
82.2532 380.7901 82.0562 380.6235 81.7988 380.5072 c
81.5411 380.3913 81.2299 380.3323 80.8665 380.3323 c
79.5705 380.3323 l
79.8381 380.6116 l
79.8381 379.0735 l
h
h
79.8381 380.5512 m
79.5705 380.8488 l
80.8478 380.8488 l
81.2282 380.8488 81.5159 380.9296 81.7129 381.0929 c
81.9082 381.2545 82.0057 381.4832 82.0057 381.7811 c
82.0057 382.0774 81.9082 382.3064 81.7129 382.4694 c
81.5159 382.6327 81.2282 382.7134 80.8478 382.7134 c
79.5705 382.7134 l
79.8381 383.0097 l
h
h
83.4712 379.0735 m
83.4712 383.2285 l
85.0935 383.2285 l
85.6304 383.2285 86.0545 383.1007 86.3640 382.8464 c
86.6718 382.5907 86.8269 382.2355 86.8269 381.7811 c
86.8269 381.4801 86.7577 381.2224 86.6197 381.0070 c
86.4802 380.7901 86.2832 380.6252 86.0258 380.5106 c
85.7682 380.3944 85.4569 380.3374 85.0935 380.3374 c
83.7975 380.3374 l
84.0651 380.6116 l
84.0651 379.0735 l
h
h
86.2495 379.0735 m
85.1927 380.5812 l
85.8288 380.5812 l
86.8975 379.0735 l
h
h
84.0651 380.5512 m
83.7975 380.8423 l
85.0748 380.8423 l
85.4552 380.8423 85.7429 380.9245 85.9399 381.0895 c
86.1352 381.2528 86.2328 381.4832 86.2328 381.7811 c
86.2328 382.0774 86.1352 382.3064 85.9399 382.4694 c
85.7429 382.6327 85.4552 382.7134 85.0748 382.7134 c
83.7975 382.7134 l
84.0651 383.0097 l
h
h
87.1583 379.0735 m
89.0416 383.2285 l
89.6287 383.2285 l
91.5171 379.0735 l
90.8926 379.0735 l
89.2131 382.8969 l
89.4504 382.8969 l
87.7708 379.0735 l
h
h
87.9610 380.1118 m
88.1209 380.5880 l
90.4601 380.5880 l
90.6318 380.1118 l
h
h
92.8409 379.0735 m
92.8409 380.6637 l
92.9772 380.2969 l
91.1900 383.2285 l
91.8244 383.2285 l
93.3273 380.7530 l
92.9823 380.7530 l
94.4901 383.2285 l
95.0791 383.2285 l
93.2970 380.2969 l
93.4282 380.6637 l
93.4282 379.0735 l
h
f
q
33.9248 392.9936 67.4059 50.5568 re W*
n
/GS13 gs
q
33.9248 392.9936 m
33.9248 443.5503 l
101.3306 443.5503 l
101.3306 392.9936 l
h
W*
n
q
67.76913 0.00000 0.00000 50.90249 33.6394 392.8034 cm
/Im98 Do
Q
Q
Q
/GS13 gs
/CS15 cs 0.0000 0.0000 0.0000 0.0000 scn
120.6924 379.0735 m
119.3040 383.2285 l
119.9149 383.2285 l
121.1922 379.3949 l
120.8826 379.3949 l
122.2070 383.2285 l
122.7538 383.2285 l
124.0481 379.3949 l
123.7501 379.3949 l
125.0442 383.2285 l
125.6080 383.2285 l
124.2196 379.0735 l
123.5954 379.0735 l
122.3853 382.6293 l
122.5451 382.6293 l
121.3285 379.0735 l
h
h
129.3123 379.0735 m
129.3123 383.2285 l
129.9061 383.2285 l
129.9061 379.0735 l
h
h
126.3319 379.0735 m
126.3319 383.2285 l
126.9258 383.2285 l
126.9258 379.0735 l
h
h
126.8671 380.9262 m
126.8671 381.4430 l
129.3661 381.4430 l
129.3661 380.9262 l
h
h
131.1534 379.0735 m
131.1534 383.2285 l
131.7472 383.2285 l
131.7472 379.0735 l
h
h
133.8208 379.0735 m
133.8208 382.7134 l
132.3952 382.7134 l
132.3952 383.2285 l
135.8334 383.2285 l
135.8334 382.7134 l
134.4081 382.7134 l
134.4081 379.0735 l
h
h
136.4797 379.0735 m
136.4797 383.2285 l
139.4127 383.2285 l
139.4127 382.7134 l
137.0735 382.7134 l
137.0735 379.5902 l
139.4969 379.5902 l
139.4969 379.0735 l
h
h
137.0197 380.9313 m
137.0197 381.4362 l
139.1570 381.4362 l
139.1570 380.9313 l
h
h
143.2667 379.0264 m
142.9503 379.0264 142.6473 379.0752 142.3596 379.1727 c
142.0702 379.2688 141.8431 379.3949 141.6764 379.5480 c
141.8953 380.0109 l
142.0534 379.8729 142.2553 379.7583 142.5010 379.6676 c
142.7468 379.5766 143.0025 379.5313 143.2667 379.5313 c
143.5073 379.5313 143.7043 379.5582 143.8540 379.6138 c
144.0037 379.6693 144.1148 379.7450 144.1874 379.8425 c
144.2580 379.9386 144.2934 380.0494 144.2934 380.1725 c
144.2934 380.3153 144.2477 380.4299 144.1553 380.5174 c
144.0626 380.6033 143.9416 380.6739 143.7934 380.7278 c
143.6437 380.7799 143.4804 380.8270 143.3038 380.8675 c
143.1252 380.9061 142.9452 380.9531 142.7652 381.0070 c
142.5852 381.0591 142.4203 381.1283 142.2720 381.2108 c
142.1240 381.2933 142.0047 381.4058 141.9137 381.5473 c
141.8227 381.6870 141.7774 381.8687 141.7774 382.0893 c
141.7774 382.3030 141.8346 382.5014 141.9474 382.6814 c
142.0600 382.8617 142.2334 383.0046 142.4690 383.1140 c
142.7046 383.2234 143.0042 383.2773 143.3676 383.2773 c
143.6083 383.2773 143.8489 383.2452 144.0862 383.1831 c
144.3234 383.1191 144.5306 383.0281 144.7038 382.9088 c
144.5071 382.4342 l
144.3302 382.5536 144.1417 382.6395 143.9450 382.6933 c
143.7463 382.7455 143.5544 382.7724 143.3676 382.7724 c
143.1337 382.7724 142.9418 382.7421 142.7922 382.6831 c
142.6425 382.6244 142.5314 382.5454 142.4622 382.4459 c
142.3933 382.3466 142.3579 382.2355 142.3579 382.1128 c
142.3579 381.9662 142.4049 381.8503 142.4976 381.7627 c
142.5903 381.6751 142.7114 381.6062 142.8610 381.5558 c
143.0093 381.5036 143.1726 381.4580 143.3509 381.4160 c
143.5275 381.3741 143.7077 381.3284 143.8877 381.2763 c
144.0677 381.2241 144.2310 381.1569 144.3807 381.0745 c
144.5289 380.9920 144.6483 380.8809 144.7393 380.7428 c
144.8300 380.6033 144.8756 380.4248 144.8756 380.2076 c
144.8756 379.9973 144.8184 379.8040 144.7038 379.6237 c
144.5893 379.4437 144.4127 379.2991 144.1738 379.1897 c
143.9331 379.0803 143.6318 379.0264 143.2667 379.0264 c
h
145.7425 379.0735 m
145.7425 383.2285 l
147.3647 383.2285 l
147.7281 383.2285 148.0394 383.1712 148.2970 383.0567 c
148.5544 382.9425 148.7514 382.7758 148.8909 382.5587 c
149.0289 382.3415 149.0981 382.0825 149.0981 381.7811 c
149.0981 381.4801 149.0289 381.2224 148.8909 381.0070 c
148.7514 380.7901 148.5544 380.6235 148.2970 380.5072 c
148.0394 380.3913 147.7281 380.3323 147.3647 380.3323 c
146.0687 380.3323 l
146.3363 380.6116 l
146.3363 379.0735 l
h
h
146.3363 380.5512 m
146.0687 380.8488 l
147.3460 380.8488 l
147.7264 380.8488 148.0141 380.9296 148.2111 381.0929 c
148.4065 381.2545 148.5040 381.4832 148.5040 381.7811 c
148.5040 382.0774 148.4065 382.3064 148.2111 382.4694 c
148.0141 382.6327 147.7264 382.7134 147.3460 382.7134 c
146.0687 382.7134 l
146.3363 383.0097 l
h
h
149.9695 379.0735 m
149.9695 383.2285 l
151.5917 383.2285 l
152.1286 383.2285 152.5527 383.1007 152.8622 382.8464 c
153.1701 382.5907 153.3251 382.2355 153.3251 381.7811 c
153.3251 381.4801 153.2560 381.2224 153.1179 381.0070 c
152.9785 380.7901 152.7814 380.6252 152.5241 380.5106 c
152.2664 380.3944 151.9551 380.3374 151.5917 380.3374 c
150.2957 380.3374 l
150.5633 380.6116 l
150.5633 379.0735 l
h
h
152.7477 379.0735 m
151.6910 380.5812 l
152.3271 380.5812 l
153.3957 379.0735 l
h
h
150.5633 380.5512 m
150.2957 380.8423 l
151.5730 380.8423 l
151.9534 380.8423 152.2412 380.9245 152.4382 381.0895 c
152.6335 381.2528 152.7310 381.4832 152.7310 381.7811 c
152.7310 382.0774 152.6335 382.3064 152.4382 382.4694 c
152.2412 382.6327 151.9534 382.7134 151.5730 382.7134 c
150.2957 382.7134 l
150.5633 383.0097 l
h
h
153.6565 379.0735 m
155.5398 383.2285 l
156.1269 383.2285 l
158.0153 379.0735 l
157.3909 379.0735 l
155.7113 382.8969 l
155.9486 382.8969 l
154.2691 379.0735 l
h
h
154.4593 380.1118 m
154.6191 380.5880 l
156.9583 380.5880 l
157.1301 380.1118 l
h
h
159.3391 379.0735 m
159.3391 380.6637 l
159.4755 380.2969 l
157.6882 383.2285 l
158.3226 383.2285 l
159.8255 380.7530 l
159.4806 380.7530 l
160.9883 383.2285 l
161.5774 383.2285 l
159.7952 380.2969 l
159.9265 380.6637 l
159.9265 379.0735 l
h
f
q
106.8973 392.9919 67.4048 50.5590 re W*
n
/GS13 gs
q
106.8973 392.9919 m
106.8973 443.5509 l
174.3021 443.5509 l
174.3021 392.9919 l
h
W*
n
q
67.72789 0.00000 0.00000 51.16213 106.6820 392.6472 cm
/Im99 Do
Q
Q
Q
/GS13 gs
/CS15 cs 0.0000 0.0000 0.0000 0.0000 scn
196.3077 379.0735 m
196.3077 383.2285 l
197.9300 383.2285 l
198.4669 383.2285 198.8909 383.1007 199.2005 382.8464 c
199.5083 382.5907 199.6634 382.2355 199.6634 381.7811 c
199.6634 381.4801 199.5942 381.2224 199.4562 381.0070 c
199.3167 380.7901 199.1197 380.6252 198.8623 380.5106 c
198.6046 380.3944 198.2934 380.3374 197.9300 380.3374 c
196.6340 380.3374 l
196.9016 380.6116 l
196.9016 379.0735 l
h
h
199.0860 379.0735 m
198.0292 380.5812 l
198.6653 380.5812 l
199.7340 379.0735 l
h
h
196.9016 380.5512 m
196.6340 380.8423 l
197.9113 380.8423 l
198.2917 380.8423 198.5794 380.9245 198.7764 381.0895 c
198.9717 381.2528 199.0692 381.4832 199.0692 381.7811 c
199.0692 382.0774 198.9717 382.3064 198.7764 382.4694 c
198.5794 382.6327 198.2917 382.7134 197.9113 382.7134 c
196.6340 382.7134 l
196.9016 383.0097 l
h
h
200.6243 379.0735 m
200.6243 383.2285 l
203.5573 383.2285 l
203.5573 382.7134 l
201.2182 382.7134 l
201.2182 379.5902 l
203.6415 379.5902 l
203.6415 379.0735 l
h
h
201.1643 380.9313 m
201.1643 381.4362 l
203.3016 381.4362 l
203.3016 380.9313 l
h
h
204.6027 379.0735 m
204.6027 383.2285 l
206.3546 383.2285 l
206.7970 383.2285 207.1891 383.1409 207.5275 382.9677 c
207.8657 382.7942 208.1282 382.5502 208.3167 382.2389 c
208.5052 381.9260 208.5996 381.5640 208.5996 381.1518 c
208.5996 380.7394 208.5052 380.3777 208.3167 380.0648 c
208.1282 379.7518 207.8657 379.5077 207.5275 379.3343 c
207.1891 379.1611 206.7970 379.0735 206.3546 379.0735 c
h
h
205.1966 379.5902 m
206.3191 379.5902 l
206.6641 379.5902 206.9620 379.6557 207.2129 379.7870 c
207.4635 379.9165 207.6588 380.0999 207.7985 380.3357 c
207.9363 380.5713 208.0054 380.8440 208.0054 381.1518 c
208.0054 381.4631 207.9363 381.7375 207.7985 381.9713 c
207.6588 382.2052 207.4635 382.3872 207.2129 382.5184 c
206.9620 382.6480 206.6641 382.7134 206.3191 382.7134 c
205.1966 382.7134 l
h
h
212.3152 379.0264 m
211.9989 379.0264 211.6959 379.0752 211.4082 379.1727 c
211.1187 379.2688 210.8917 379.3949 210.7250 379.5480 c
210.9438 380.0109 l
211.1020 379.8729 211.3038 379.7583 211.5496 379.6676 c
211.7954 379.5766 212.0511 379.5313 212.3152 379.5313 c
212.5559 379.5313 212.7529 379.5582 212.9026 379.6138 c
213.0523 379.6693 213.1634 379.7450 213.2359 379.8425 c
213.3065 379.9386 213.3420 380.0494 213.3420 380.1725 c
213.3420 380.3153 213.2963 380.4299 213.2039 380.5174 c
213.1112 380.6033 212.9902 380.6739 212.8419 380.7278 c
212.6923 380.7799 212.5290 380.8270 212.3524 380.8675 c
212.1738 380.9061 211.9938 380.9531 211.8138 381.0070 c
211.6338 381.0591 211.4688 381.1283 211.3206 381.2108 c
211.1726 381.2933 211.0533 381.4058 210.9623 381.5473 c
210.8713 381.6870 210.8259 381.8687 210.8259 382.0893 c
210.8259 382.3030 210.8832 382.5014 210.9960 382.6814 c
211.1085 382.8617 211.2820 383.0046 211.5176 383.1140 c
211.7531 383.2234 212.0528 383.2773 212.4162 383.2773 c
212.6568 383.2773 212.8975 383.2452 213.1347 383.1831 c
213.3720 383.1191 213.5792 383.0281 213.7524 382.9088 c
213.5557 382.4342 l
213.3788 382.5536 213.1903 382.6395 212.9936 382.6933 c
212.7949 382.7455 212.6030 382.7724 212.4162 382.7724 c
212.1823 382.7724 211.9904 382.7421 211.8407 382.6831 c
211.6911 382.6244 211.5799 382.5454 211.5108 382.4459 c
211.4419 382.3466 211.4065 382.2355 211.4065 382.1128 c
211.4065 381.9662 211.4535 381.8503 211.5462 381.7627 c
211.6389 381.6751 211.7599 381.6062 211.9096 381.5558 c
212.0579 381.5036 212.2211 381.4580 212.3994 381.4160 c
212.5760 381.3741 212.7563 381.3284 212.9363 381.2763 c
213.1163 381.2241 213.2796 381.1569 213.4293 381.0745 c
213.5775 380.9920 213.6969 380.8809 213.7878 380.7428 c
213.8786 380.6033 213.9242 380.4248 213.9242 380.2076 c
213.9242 379.9973 213.8669 379.8040 213.7524 379.6237 c
213.6379 379.4437 213.4613 379.2991 213.2223 379.1897 c
212.9817 379.0803 212.6803 379.0264 212.3152 379.0264 c
h
214.7910 379.0735 m
214.7910 383.2285 l
216.4133 383.2285 l
216.7767 383.2285 217.0879 383.1712 217.3456 383.0567 c
217.6030 382.9425 217.8000 382.7758 217.9395 382.5587 c
218.0775 382.3415 218.1467 382.0825 218.1467 381.7811 c
218.1467 381.4801 218.0775 381.2224 217.9395 381.0070 c
217.8000 380.7901 217.6030 380.6235 217.3456 380.5072 c
217.0879 380.3913 216.7767 380.3323 216.4133 380.3323 c
215.1173 380.3323 l
215.3849 380.6116 l
215.3849 379.0735 l
h
h
215.3849 380.5512 m
215.1173 380.8488 l
216.3946 380.8488 l
216.7750 380.8488 217.0627 380.9296 217.2597 381.0929 c
217.4550 381.2545 217.5525 381.4832 217.5525 381.7811 c
217.5525 382.0774 217.4550 382.3064 217.2597 382.4694 c
217.0627 382.6327 216.7750 382.7134 216.3946 382.7134 c
215.1173 382.7134 l
215.3849 383.0097 l
h
h
219.0180 379.0735 m
219.0180 383.2285 l
220.6403 383.2285 l
221.1772 383.2285 221.6013 383.1007 221.9108 382.8464 c
222.2186 382.5907 222.3737 382.2355 222.3737 381.7811 c
222.3737 381.4801 222.3045 381.2224 222.1665 381.0070 c
222.0270 380.7901 221.8300 380.6252 221.5726 380.5106 c
221.3150 380.3944 221.0037 380.3374 220.6403 380.3374 c
219.3443 380.3374 l
219.6119 380.6116 l
219.6119 379.0735 l
h
h
221.7963 379.0735 m
220.7395 380.5812 l
221.3756 380.5812 l
222.4443 379.0735 l
h
h
219.6119 380.5512 m
219.3443 380.8423 l
220.6216 380.8423 l
221.0020 380.8423 221.2897 380.9245 221.4867 381.0895 c
221.6820 381.2528 221.7796 381.4832 221.7796 381.7811 c
221.7796 382.0774 221.6820 382.3064 221.4867 382.4694 c
221.2897 382.6327 221.0020 382.7134 220.6216 382.7134 c
219.3443 382.7134 l
219.6119 383.0097 l
h
h
222.7051 379.0735 m
224.5884 383.2285 l
225.1755 383.2285 l
227.0639 379.0735 l
226.4394 379.0735 l
224.7599 382.8969 l
224.9972 382.8969 l
223.3176 379.0735 l
h
h
223.5078 380.1118 m
223.6677 380.5880 l
226.0069 380.5880 l
226.1786 380.1118 l
h
h
228.3877 379.0735 m
228.3877 380.6637 l
228.5240 380.2969 l
226.7368 383.2285 l
227.3712 383.2285 l
228.8741 380.7530 l
228.5291 380.7530 l
230.0369 383.2285 l
230.6259 383.2285 l
228.8438 380.2969 l
228.9750 380.6637 l
228.9750 379.0735 l
h
f
q
178.9620 392.9970 67.3985 50.5528 re W*
n
/GS13 gs
q
178.9620 392.9970 m
178.9620 443.5498 l
246.3605 443.5498 l
246.3605 392.9970 l
h
W*
n
q
67.74132 0.00000 0.00000 51.03304 178.8191 392.7089 cm
/Im100 Do
Q
Q
Q
/GS13 gs
/CS15 cs 0.5300 1.0000 0.2800 0.1100 scn
99.9113 300.0212 m
34.0594 300.0212 l
36.3373 305.3302 l
34.0594 310.6383 l
99.9113 310.6383 l
97.6334 305.6153 l
h
f
/GS13 gs
/CS15 cs 0.5300 1.0000 0.2800 0.1100 scn
173.9302 300.0212 m
108.0782 300.0212 l
110.3562 305.3302 l
108.0782 310.6383 l
173.9302 310.6383 l
171.6523 305.6153 l
h
f
/GS13 gs
/CS15 cs 0.5300 1.0000 0.2800 0.1100 scn
247.0595 300.0212 m
179.0597 300.0212 l
181.4117 305.3302 l
179.0597 310.6383 l
247.0595 310.6383 l
244.7076 305.6153 l
h
f
/GS13 gs
/CS15 cs 0.0000 0.0000 0.0000 0.0000 scn
57.0583 302.7393 m
56.7420 302.7393 56.4389 302.7881 56.1512 302.8856 c
55.8618 302.9817 55.6347 303.1078 55.4681 303.2609 c
55.6869 303.7238 l
55.8451 303.5857 56.0469 303.4712 56.2927 303.3805 c
56.5384 303.2895 56.7941 303.2442 57.0583 303.2442 c
57.2990 303.2442 57.4960 303.2711 57.6456 303.3266 c
57.7953 303.3822 57.9064 303.4579 57.9790 303.5554 c
58.0496 303.6515 58.0850 303.7623 58.0850 303.8854 c
58.0850 304.0282 58.0394 304.1427 57.9470 304.2303 c
57.8543 304.3162 57.7332 304.3868 57.5850 304.4407 c
57.4353 304.4928 57.2720 304.5399 57.0954 304.5804 c
56.9169 304.6190 56.7369 304.6660 56.5569 304.7199 c
56.3769 304.7720 56.2119 304.8412 56.0636 304.9237 c
55.9157 305.0062 55.7963 305.1187 55.7053 305.2602 c
55.6143 305.3999 55.5690 305.5816 55.5690 305.8021 c
55.5690 306.0159 55.6262 306.2143 55.7391 306.3943 c
55.8516 306.5746 56.0251 306.7174 56.2606 306.8269 c
56.4962 306.9363 56.7958 306.9901 57.1592 306.9901 c
57.3999 306.9901 57.6405 306.9581 57.8778 306.8960 c
58.1151 306.8320 58.3223 306.7410 58.4955 306.6216 c
58.2987 306.1471 l
58.1219 306.2665 57.9334 306.3523 57.7366 306.4062 c
57.5379 306.4584 57.3460 306.4853 57.1592 306.4853 c
56.9254 306.4853 56.7334 306.4550 56.5838 306.3960 c
56.4341 306.3373 56.3230 306.2582 56.2538 306.1587 c
56.1849 306.0595 56.1495 305.9484 56.1495 305.8257 c
56.1495 305.6791 56.1966 305.5632 56.2893 305.4756 c
56.3820 305.3880 56.5030 305.3191 56.6527 305.2687 c
56.8009 305.2165 56.9642 305.1709 57.1425 305.1289 c
57.3191 305.0870 57.4994 305.0413 57.6794 304.9892 c
57.8594 304.9370 58.0226 304.8698 58.1723 304.7873 c
58.3206 304.7049 58.4399 304.5937 58.5309 304.4557 c
58.6216 304.3162 58.6672 304.1376 58.6672 303.9205 c
58.6672 303.7102 58.6100 303.5169 58.4955 303.3366 c
58.3809 303.1566 58.2043 303.0120 57.9654 302.9026 c
57.7247 302.7932 57.4234 302.7393 57.0583 302.7393 c
h
59.5341 302.7864 m
59.5341 306.9414 l
61.1563 306.9414 l
61.5197 306.9414 61.8310 306.8841 62.0887 306.7696 c
62.3460 306.6554 62.5431 306.4887 62.6825 306.2716 c
62.8206 306.0544 62.8897 305.7953 62.8897 305.4940 c
62.8897 305.1930 62.8206 304.9353 62.6825 304.7199 c
62.5431 304.5030 62.3460 304.3363 62.0887 304.2201 c
61.8310 304.1042 61.5197 304.0452 61.1563 304.0452 c
59.8603 304.0452 l
60.1279 304.3244 l
60.1279 302.7864 l
h
h
60.1279 304.2641 m
59.8603 304.5617 l
61.1376 304.5617 l
61.5180 304.5617 61.8058 304.6425 62.0028 304.8058 c
62.1981 304.9673 62.2956 305.1961 62.2956 305.4940 c
62.2956 305.7902 62.1981 306.0193 62.0028 306.1823 c
61.8058 306.3455 61.5180 306.4263 61.1376 306.4263 c
59.8603 306.4263 l
60.1279 306.7226 l
h
h
63.7611 302.7864 m
63.7611 306.9414 l
64.3550 306.9414 l
64.3550 302.7864 l
h
h
65.6022 302.7864 m
65.6022 306.9414 l
67.3540 306.9414 l
67.7965 306.9414 68.1885 306.8538 68.5270 306.6806 c
68.8652 306.5071 69.1277 306.2631 69.3162 305.9518 c
69.5047 305.6389 69.5991 305.2769 69.5991 304.8647 c
69.5991 304.4523 69.5047 304.0906 69.3162 303.7776 c
69.1277 303.4647 68.8652 303.2206 68.5270 303.0471 c
68.1885 302.8740 67.7965 302.7864 67.3540 302.7864 c
h
h
66.1961 303.3031 m
67.3186 303.3031 l
67.6636 303.3031 67.9615 303.3686 68.2123 303.4998 c
68.4629 303.6294 68.6582 303.8128 68.7980 304.0486 c
68.9357 304.2842 69.0049 304.5569 69.0049 304.8647 c
69.0049 305.1760 68.9357 305.4504 68.7980 305.6842 c
68.6582 305.9181 68.4629 306.1001 68.2123 306.2313 c
67.9615 306.3609 67.6636 306.4263 67.3186 306.4263 c
66.1961 306.4263 l
h
h
70.5061 302.7864 m
70.5061 306.9414 l
73.4391 306.9414 l
73.4391 306.4263 l
71.1000 306.4263 l
71.1000 303.3031 l
73.5233 303.3031 l
73.5233 302.7864 l
h
h
71.0461 304.6442 m
71.0461 305.1490 l
73.1835 305.1490 l
73.1835 304.6442 l
h
h
74.4846 302.7864 m
74.4846 306.9414 l
76.1068 306.9414 l
76.6437 306.9414 77.0678 306.8135 77.3773 306.5593 c
77.6852 306.3036 77.8402 305.9484 77.8402 305.4940 c
77.8402 305.1930 77.7711 304.9353 77.6330 304.7199 c
77.4935 304.5030 77.2965 304.3380 77.0391 304.2235 c
76.7815 304.1073 76.4702 304.0503 76.1068 304.0503 c
74.8108 304.0503 l
75.0784 304.3244 l
75.0784 302.7864 l
h
h
77.2628 302.7864 m
76.2060 304.2941 l
76.8421 304.2941 l
77.9108 302.7864 l
h
h
75.0784 304.2641 m
74.8108 304.5552 l
76.0881 304.5552 l
76.4685 304.5552 76.7563 304.6374 76.9533 304.8024 c
77.1486 304.9656 77.2461 305.1961 77.2461 305.4940 c
77.2461 305.7902 77.1486 306.0193 76.9533 306.1823 c
76.7563 306.3455 76.4685 306.4263 76.0881 306.4263 c
74.8108 306.4263 l
75.0784 306.7226 l
h
f
q
33.9386 316.7087 67.4002 50.5514 re W*
n
/GS13 gs
q
33.9386 316.7087 m
33.9386 367.2601 l
101.3389 367.2601 l
101.3389 316.7087 l
h
W*
n
q
67.67592 0.00000 0.00000 51.14232 33.8992 316.3394 cm
/Im101 Do
Q
Q
Q
/GS13 gs
/CS15 cs 0.0000 0.0000 0.0000 0.0000 scn
118.4573 302.7393 m
118.1409 302.7393 117.8481 302.7932 117.5771 302.8992 c
117.3061 303.0052 117.0706 303.1549 116.8739 303.3468 c
116.6751 303.5387 116.5204 303.7640 116.4093 304.0217 c
116.2981 304.2791 116.2426 304.5600 116.2426 304.8647 c
116.2426 305.1694 116.2981 305.4504 116.4093 305.7077 c
116.5204 305.9654 116.6751 306.1891 116.8739 306.3810 c
117.0706 306.5729 117.3044 306.7226 117.5737 306.8303 c
117.8413 306.9363 118.1358 306.9901 118.4573 306.9901 c
118.7736 306.9901 119.0665 306.9380 119.3340 306.8337 c
119.6016 306.7277 119.8338 306.5797 120.0342 306.3878 c
120.2343 306.1959 120.3877 305.9719 120.4971 305.7146 c
120.6062 305.4572 120.6601 305.1726 120.6601 304.8647 c
120.6601 304.5569 120.6062 304.2740 120.4971 304.0166 c
120.3877 303.7589 120.2343 303.5336 120.0342 303.3417 c
119.8338 303.1498 119.6016 303.0018 119.3340 302.8975 c
119.0665 302.7915 118.7736 302.7393 118.4573 302.7393 c
h
118.4573 303.2677 m
118.6877 303.2677 118.9001 303.3079 119.0968 303.3870 c
119.2921 303.4661 119.4619 303.5772 119.6067 303.7221 c
119.7516 303.8649 119.8641 304.0350 119.9449 304.2286 c
120.0257 304.4222 120.0662 304.6343 120.0662 304.8647 c
120.0662 305.0935 120.0257 305.3055 119.9449 305.4991 c
119.8641 305.6927 119.7516 305.8625 119.6067 306.0074 c
119.4619 306.1522 119.2921 306.2648 119.0968 306.3438 c
118.9001 306.4229 118.6877 306.4618 118.4573 306.4618 c
118.2234 306.4618 118.0097 306.4229 117.8144 306.3438 c
117.6177 306.2648 117.4476 306.1522 117.3013 306.0074 c
117.1548 305.8625 117.0403 305.6927 116.9595 305.4991 c
116.8770 305.3055 116.8367 305.0935 116.8367 304.8647 c
116.8367 304.6343 116.8770 304.4222 116.9595 304.2286 c
117.0403 304.0350 117.1548 303.8649 117.3013 303.7221 c
117.4476 303.5772 117.6177 303.4661 117.8144 303.3870 c
118.0097 303.3079 118.2234 303.2677 118.4573 303.2677 c
h
121.5675 302.7864 m
121.5675 306.9414 l
123.1897 306.9414 l
123.7266 306.9414 124.1507 306.8135 124.4602 306.5593 c
124.7681 306.3036 124.9231 305.9484 124.9231 305.4940 c
124.9231 305.1930 124.8540 304.9353 124.7159 304.7199 c
124.5764 304.5030 124.3794 304.3380 124.1220 304.2235 c
123.8644 304.1073 123.5531 304.0503 123.1897 304.0503 c
121.8937 304.0503 l
122.1613 304.3244 l
122.1613 302.7864 l
h
h
124.3457 302.7864 m
123.2889 304.2941 l
123.9250 304.2941 l
124.9937 302.7864 l
h
h
122.1613 304.2641 m
121.8937 304.5552 l
123.1710 304.5552 l
123.5514 304.5552 123.8391 304.6374 124.0362 304.8024 c
124.2315 304.9656 124.3290 305.1961 124.3290 305.4940 c
124.3290 305.7902 124.2315 306.0193 124.0362 306.1823 c
123.8391 306.3455 123.5514 306.4263 123.1710 306.4263 c
121.8937 306.4263 l
122.1613 306.7226 l
h
h
125.2545 302.7864 m
127.1378 306.9414 l
127.7249 306.9414 l
129.6133 302.7864 l
128.9889 302.7864 l
127.3093 306.6097 l
127.5466 306.6097 l
125.8671 302.7864 l
h
h
126.0573 303.8247 m
126.2171 304.3009 l
128.5563 304.3009 l
128.7281 303.8247 l
h
h
130.2293 302.7864 m
130.2293 306.9414 l
130.7171 306.9414 l
133.4653 303.5285 l
133.2096 303.5285 l
133.2096 306.9414 l
133.8035 306.9414 l
133.8035 302.7864 l
133.3174 302.7864 l
130.5692 306.1993 l
130.8231 306.1993 l
130.8231 302.7864 l
h
h
136.9270 302.7393 m
136.6055 302.7393 136.3110 302.7915 136.0434 302.8975 c
135.7741 303.0018 135.5403 303.1498 135.3436 303.3417 c
135.1449 303.5336 134.9901 303.7589 134.8790 304.0166 c
134.7678 304.2740 134.7123 304.5569 134.7123 304.8647 c
134.7123 305.1726 134.7678 305.4572 134.8790 305.7146 c
134.9901 305.9719 135.1449 306.1959 135.3453 306.3878 c
135.5454 306.5797 135.7792 306.7277 136.0485 306.8337 c
136.3178 306.9380 136.6140 306.9901 136.9389 306.9901 c
137.2669 306.9901 137.5682 306.9363 137.8426 306.8303 c
138.1153 306.7226 138.3457 306.5627 138.5359 306.3489 c
138.1691 305.9804 l
137.9991 306.1471 137.8140 306.2682 137.6135 306.3455 c
137.4134 306.4229 137.1963 306.4618 136.9624 306.4618 c
136.7252 306.4618 136.5046 306.4229 136.3011 306.3438 c
136.0973 306.2648 135.9207 306.1539 135.7727 306.0108 c
135.6245 305.8676 135.5100 305.6995 135.4292 305.5025 c
135.3467 305.3055 135.3064 305.0935 135.3064 304.8647 c
135.3064 304.6391 135.3467 304.4288 135.4292 304.2320 c
135.5100 304.0350 135.6245 303.8649 135.7727 303.7221 c
135.9207 303.5772 136.0956 303.4661 136.2977 303.3870 c
136.4995 303.3079 136.7201 303.2677 136.9573 303.2677 c
137.1779 303.2677 137.3916 303.3031 137.5951 303.3720 c
137.7986 303.4409 137.9889 303.5554 138.1623 303.7187 c
138.5005 303.2677 l
138.2953 303.0942 138.0546 302.9630 137.7802 302.8740 c
137.5041 302.7847 137.2198 302.7393 136.9270 302.7393 c
h
138.5005 303.2677 m
137.9299 303.3451 l
137.9299 304.8883 l
138.5005 304.8883 l
h
h
139.6332 302.7864 m
139.6332 306.9414 l
142.5662 306.9414 l
142.5662 306.4263 l
140.2271 306.4263 l
140.2271 303.3031 l
142.6504 303.3031 l
142.6504 302.7864 l
h
h
140.1732 304.6442 m
140.1732 305.1490 l
142.3106 305.1490 l
142.3106 304.6442 l
h
h
146.4202 302.7393 m
146.1039 302.7393 145.8009 302.7881 145.5131 302.8856 c
145.2237 302.9817 144.9967 303.1078 144.8300 303.2609 c
145.0488 303.7238 l
145.2070 303.5857 145.4088 303.4712 145.6546 303.3805 c
145.9003 303.2895 146.1560 303.2442 146.4202 303.2442 c
146.6609 303.2442 146.8579 303.2711 147.0076 303.3266 c
147.1572 303.3822 147.2683 303.4579 147.3409 303.5554 c
147.4115 303.6515 147.4469 303.7623 147.4469 303.8854 c
147.4469 304.0282 147.4013 304.1427 147.3089 304.2303 c
147.2162 304.3162 147.0951 304.3868 146.9469 304.4407 c
146.7972 304.4928 146.6340 304.5399 146.4574 304.5804 c
146.2788 304.6190 146.0988 304.6660 145.9188 304.7199 c
145.7388 304.7720 145.5738 304.8412 145.4255 304.9237 c
145.2776 305.0062 145.1582 305.1187 145.0672 305.2602 c
144.9763 305.3999 144.9309 305.5816 144.9309 305.8021 c
144.9309 306.0159 144.9882 306.2143 145.1010 306.3943 c
145.2135 306.5746 145.3870 306.7174 145.6226 306.8269 c
145.8581 306.9363 146.1577 306.9901 146.5211 306.9901 c
146.7618 306.9901 147.0025 306.9581 147.2397 306.8960 c
147.4770 306.8320 147.6842 306.7410 147.8574 306.6216 c
147.6607 306.1471 l
147.4838 306.2665 147.2953 306.3523 147.0986 306.4062 c
146.8998 306.4584 146.7079 306.4853 146.5211 306.4853 c
146.2873 306.4853 146.0954 306.4550 145.9457 306.3960 c
145.7960 306.3373 145.6849 306.2582 145.6157 306.1587 c
145.5469 306.0595 145.5114 305.9484 145.5114 305.8257 c
145.5114 305.6791 145.5585 305.5632 145.6512 305.4756 c
145.7439 305.3880 145.8649 305.3191 146.0146 305.2687 c
146.1628 305.2165 146.3261 305.1709 146.5044 305.1289 c
146.6810 305.0870 146.8613 305.0413 147.0413 304.9892 c
147.2213 304.9370 147.3846 304.8698 147.5342 304.7873 c
147.6825 304.7049 147.8018 304.5937 147.8928 304.4557 c
147.9835 304.3162 148.0292 304.1376 148.0292 303.9205 c
148.0292 303.7102 147.9719 303.5169 147.8574 303.3366 c
147.7429 303.1566 147.5663 303.0120 147.3273 302.9026 c
147.0866 302.7932 146.7853 302.7393 146.4202 302.7393 c
h
148.8960 302.7864 m
148.8960 306.9414 l
150.5183 306.9414 l
150.8817 306.9414 151.1929 306.8841 151.4506 306.7696 c
151.7080 306.6554 151.9050 306.4887 152.0444 306.2716 c
152.1825 306.0544 152.2517 305.7953 152.2517 305.4940 c
152.2517 305.1930 152.1825 304.9353 152.0444 304.7199 c
151.9050 304.5030 151.7080 304.3363 151.4506 304.2201 c
151.1929 304.1042 150.8817 304.0452 150.5183 304.0452 c
149.2223 304.0452 l
149.4899 304.3244 l
149.4899 302.7864 l
h
h
149.4899 304.2641 m
149.2223 304.5617 l
150.4996 304.5617 l
150.8800 304.5617 151.1677 304.6425 151.3647 304.8058 c
151.5600 304.9673 151.6575 305.1961 151.6575 305.4940 c
151.6575 305.7902 151.5600 306.0193 151.3647 306.1823 c
151.1677 306.3455 150.8800 306.4263 150.4996 306.4263 c
149.2223 306.4263 l
149.4899 306.7226 l
h
h
153.1230 302.7864 m
153.1230 306.9414 l
154.7453 306.9414 l
155.2822 306.9414 155.7062 306.8135 156.0158 306.5593 c
156.3236 306.3036 156.4787 305.9484 156.4787 305.4940 c
156.4787 305.1930 156.4095 304.9353 156.2715 304.7199 c
156.1320 304.5030 155.9350 304.3380 155.6776 304.2235 c
155.4199 304.1073 155.1087 304.0503 154.7453 304.0503 c
153.4493 304.0503 l
153.7169 304.3244 l
153.7169 302.7864 l
h
h
155.9013 302.7864 m
154.8445 304.2941 l
155.4806 304.2941 l
156.5493 302.7864 l
h
h
153.7169 304.2641 m
153.4493 304.5552 l
154.7266 304.5552 l
155.1070 304.5552 155.3947 304.6374 155.5917 304.8024 c
155.7870 304.9656 155.8845 305.1961 155.8845 305.4940 c
155.8845 305.7902 155.7870 306.0193 155.5917 306.1823 c
155.3947 306.3455 155.1070 306.4263 154.7266 306.4263 c
153.4493 306.4263 l
153.7169 306.7226 l
h
h
156.8100 302.7864 m
158.6934 306.9414 l
159.2804 306.9414 l
161.1689 302.7864 l
160.5444 302.7864 l
158.8649 306.6097 l
159.1021 306.6097 l
157.4226 302.7864 l
h
h
157.6128 303.8247 m
157.7727 304.3009 l
160.1118 304.3009 l
160.2836 303.8247 l
h
h
162.4927 302.7864 m
162.4927 304.3766 l
162.6290 304.0098 l
160.8418 306.9414 l
161.4762 306.9414 l
162.9791 304.4659 l
162.6341 304.4659 l
164.1419 306.9414 l
164.7309 306.9414 l
162.9488 304.0098 l
163.0800 304.3766 l
163.0800 302.7864 l
h
f
q
108.1250 316.7096 66.1816 50.5539 re W*
n
/GS13 gs
q
108.1250 316.7096 m
108.1250 367.2635 l
174.3066 367.2635 l
174.3066 316.7096 l
h
W*
n
q
66.30525 0.00000 0.00000 51.04132 108.1251 316.5471 cm
/Im102 Do
Q
Q
Q
/GS13 gs
/CS15 cs 0.0000 0.0000 0.0000 0.0000 scn
185.6940 302.7864 m
185.6940 304.3766 l
185.8303 304.0098 l
184.0431 306.9414 l
184.6774 306.9414 l
186.1804 304.4659 l
185.8354 304.4659 l
187.3431 306.9414 l
187.9322 306.9414 l
186.1500 304.0098 l
186.2813 304.3766 l
186.2813 302.7864 l
h
h
188.4407 302.7864 m
188.4407 306.9414 l
191.3737 306.9414 l
191.3737 306.4263 l
189.0346 306.4263 l
189.0346 303.3031 l
191.4579 303.3031 l
191.4579 302.7864 l
h
h
188.9807 304.6442 m
188.9807 305.1490 l
191.1180 305.1490 l
191.1180 304.6442 l
h
h
192.4191 302.7864 m
192.4191 306.9414 l
193.0130 306.9414 l
193.0130 303.3031 l
195.2631 303.3031 l
195.2631 302.7864 l
h
h
195.9466 302.7864 m
195.9466 306.9414 l
196.5404 306.9414 l
196.5404 303.3031 l
198.7906 303.3031 l
198.7906 302.7864 l
h
h
201.2732 302.7393 m
200.9568 302.7393 200.6640 302.7932 200.3930 302.8992 c
200.1220 303.0052 199.8865 303.1549 199.6897 303.3468 c
199.4910 303.5387 199.3363 303.7640 199.2251 304.0217 c
199.1140 304.2791 199.0585 304.5600 199.0585 304.8647 c
199.0585 305.1694 199.1140 305.4504 199.2251 305.7077 c
199.3363 305.9654 199.4910 306.1891 199.6897 306.3810 c
199.8865 306.5729 200.1203 306.7226 200.3896 306.8303 c
200.6572 306.9363 200.9517 306.9901 201.2732 306.9901 c
201.5895 306.9901 201.8823 306.9380 202.1499 306.8337 c
202.4175 306.7277 202.6497 306.5797 202.8501 306.3878 c
203.0502 306.1959 203.2036 305.9719 203.3130 305.7146 c
203.4221 305.4572 203.4760 305.1726 203.4760 304.8647 c
203.4760 304.5569 203.4221 304.2740 203.3130 304.0166 c
203.2036 303.7589 203.0502 303.5336 202.8501 303.3417 c
202.6497 303.1498 202.4175 303.0018 202.1499 302.8975 c
201.8823 302.7915 201.5895 302.7393 201.2732 302.7393 c
h
201.2732 303.2677 m
201.5036 303.2677 201.7159 303.3079 201.9127 303.3870 c
202.1080 303.4661 202.2778 303.5772 202.4226 303.7221 c
202.5675 303.8649 202.6800 304.0350 202.7608 304.2286 c
202.8416 304.4222 202.8821 304.6343 202.8821 304.8647 c
202.8821 305.0935 202.8416 305.3055 202.7608 305.4991 c
202.6800 305.6927 202.5675 305.8625 202.4226 306.0074 c
202.2778 306.1522 202.1080 306.2648 201.9127 306.3438 c
201.7159 306.4229 201.5036 306.4618 201.2732 306.4618 c
201.0393 306.4618 200.8256 306.4229 200.6303 306.3438 c
200.4335 306.2648 200.2635 306.1522 200.1172 306.0074 c
199.9706 305.8625 199.8561 305.6927 199.7753 305.4991 c
199.6929 305.3055 199.6526 305.0935 199.6526 304.8647 c
199.6526 304.6343 199.6929 304.4222 199.7753 304.2286 c
199.8561 304.0350 199.9706 303.8649 200.1172 303.7221 c
200.2635 303.5772 200.4335 303.4661 200.6303 303.3870 c
200.8256 303.3079 201.0393 303.2677 201.2732 303.2677 c
h
205.2085 302.7864 m
203.8201 306.9414 l
204.4310 306.9414 l
205.7083 303.1078 l
205.3987 303.1078 l
206.7231 306.9414 l
207.2699 306.9414 l
208.5642 303.1078 l
208.2662 303.1078 l
209.5603 306.9414 l
210.1241 306.9414 l
208.7357 302.7864 l
208.1115 302.7864 l
206.9014 306.3421 l
207.0612 306.3421 l
205.8446 302.7864 l
h
h
213.7456 302.7393 m
213.4293 302.7393 213.1262 302.7881 212.8385 302.8856 c
212.5491 302.9817 212.3220 303.1078 212.1554 303.2609 c
212.3742 303.7238 l
212.5324 303.5857 212.7342 303.4712 212.9800 303.3805 c
213.2257 303.2895 213.4814 303.2442 213.7456 303.2442 c
213.9863 303.2442 214.1833 303.2711 214.3329 303.3266 c
214.4826 303.3822 214.5937 303.4579 214.6663 303.5554 c
214.7369 303.6515 214.7723 303.7623 214.7723 303.8854 c
214.7723 304.0282 214.7267 304.1427 214.6343 304.2303 c
214.5416 304.3162 214.4205 304.3868 214.2723 304.4407 c
214.1226 304.4928 213.9593 304.5399 213.7827 304.5804 c
213.6042 304.6190 213.4242 304.6660 213.2442 304.7199 c
213.0642 304.7720 212.8992 304.8412 212.7509 304.9237 c
212.6030 305.0062 212.4836 305.1187 212.3926 305.2602 c
212.3016 305.3999 212.2563 305.5816 212.2563 305.8021 c
212.2563 306.0159 212.3135 306.2143 212.4264 306.3943 c
212.5389 306.5746 212.7124 306.7174 212.9479 306.8269 c
213.1835 306.9363 213.4831 306.9901 213.8465 306.9901 c
214.0872 306.9901 214.3278 306.9581 214.5651 306.8960 c
214.8024 306.8320 215.0096 306.7410 215.1828 306.6216 c
214.9860 306.1471 l
214.8092 306.2665 214.6207 306.3523 214.4239 306.4062 c
214.2252 306.4584 214.0333 306.4853 213.8465 306.4853 c
213.6127 306.4853 213.4208 306.4550 213.2711 306.3960 c
213.1214 306.3373 213.0103 306.2582 212.9411 306.1587 c
212.8723 306.0595 212.8368 305.9484 212.8368 305.8257 c
212.8368 305.6791 212.8839 305.5632 212.9766 305.4756 c
213.0693 305.3880 213.1903 305.3191 213.3400 305.2687 c
213.4882 305.2165 213.6515 305.1709 213.8298 305.1289 c
214.0064 305.0870 214.1867 305.0413 214.3667 304.9892 c
214.5467 304.9370 214.7100 304.8698 214.8596 304.7873 c
215.0079 304.7049 215.1272 304.5937 215.2182 304.4557 c
215.3089 304.3162 215.3546 304.1376 215.3546 303.9205 c
215.3546 303.7102 215.2973 303.5169 215.1828 303.3366 c
215.0683 303.1566 214.8917 303.0120 214.6527 302.9026 c
214.4120 302.7932 214.1107 302.7393 213.7456 302.7393 c
h
216.9884 302.7864 m
216.9884 306.4263 l
215.5629 306.4263 l
215.5629 306.9414 l
219.0010 306.9414 l
219.0010 306.4263 l
217.5758 306.4263 l
217.5758 302.7864 l
h
h
218.8100 302.7864 m
220.6933 306.9414 l
221.2804 306.9414 l
223.1688 302.7864 l
222.5443 302.7864 l
220.8648 306.6097 l
221.1021 306.6097 l
219.4226 302.7864 l
h
h
219.6128 303.8247 m
219.7726 304.3009 l
222.1118 304.3009 l
222.2836 303.8247 l
h
h
223.7848 302.7864 m
223.7848 306.9414 l
224.2726 306.9414 l
227.0208 303.5285 l
226.7651 303.5285 l
226.7651 306.9414 l
227.3590 306.9414 l
227.3590 302.7864 l
226.8729 302.7864 l
224.1247 306.1993 l
224.3786 306.1993 l
224.3786 302.7864 l
h
h
229.4325 302.7864 m
229.4325 306.4263 l
228.0070 306.4263 l
228.0070 306.9414 l
231.4451 306.9414 l
231.4451 306.4263 l
230.0199 306.4263 l
230.0199 302.7864 l
h
h
231.2541 302.7864 m
233.1374 306.9414 l
233.7245 306.9414 l
235.6129 302.7864 l
234.9884 302.7864 l
233.3089 306.6097 l
233.5462 306.6097 l
231.8666 302.7864 l
h
h
232.0569 303.8247 m
232.2167 304.3009 l
234.5559 304.3009 l
234.7277 303.8247 l
h
h
236.2289 302.7864 m
236.2289 306.9414 l
236.7167 306.9414 l
239.4649 303.5285 l
239.2092 303.5285 l
239.2092 306.9414 l
239.8031 306.9414 l
239.8031 302.7864 l
239.3169 302.7864 l
236.5688 306.1993 l
236.8227 306.1993 l
236.8227 302.7864 l
h
h
241.0503 302.7864 m
241.0503 306.9414 l
241.6442 306.9414 l
241.6442 302.7864 l
h
f
q
178.9648 316.7195 67.4186 50.5352 re W*
n
/GS13 gs
q
178.9648 316.7195 m
178.9648 367.2547 l
246.3834 367.2547 l
246.3834 316.7195 l
h
W*
n
q
67.79330 0.00000 0.00000 50.85218 178.9072 316.4313 cm
/Im103 Do
Q
Q
Q
/GS13 gs
/CS15 cs 0.5300 1.0000 0.2800 0.1100 scn
99.9113 223.8922 m
34.0594 223.8922 l
36.3373 228.7653 l
34.0594 233.6383 l
99.9113 233.6383 l
97.6334 229.0283 l
h
f
/GS13 gs
/CS15 cs 0.5300 1.0000 0.2800 0.1100 scn
173.9302 223.8922 m
108.0782 223.8922 l
110.3562 228.7653 l
108.0782 233.6383 l
173.9302 233.6383 l
171.6523 229.0283 l
h
f
/GS13 gs
/CS15 cs 0.5300 1.0000 0.2800 0.1100 scn
247.0595 223.8922 m
181.2076 223.8922 l
183.4858 228.7653 l
181.2076 233.6383 l
247.0595 233.6383 l
244.7816 229.0283 l
h
f
/GS13 gs
/CS15 cs 0.0000 0.0000 0.0000 0.0000 scn
41.4720 226.6571 m
41.4720 228.2474 l
41.6083 227.8806 l
39.8211 230.8122 l
40.4555 230.8122 l
41.9584 228.3367 l
41.6134 228.3367 l
43.1212 230.8122 l
43.7102 230.8122 l
41.9281 227.8806 l
42.0593 228.2474 l
42.0593 226.6571 l
h
h
44.2188 226.6571 m
44.2188 230.8122 l
47.1518 230.8122 l
47.1518 230.2971 l
44.8126 230.2971 l
44.8126 227.1739 l
47.2360 227.1739 l
47.2360 226.6571 l
h
h
44.7588 228.5150 m
44.7588 229.0198 l
46.8961 229.0198 l
46.8961 228.5150 l
h
h
48.1972 226.6571 m
48.1972 230.8122 l
48.7911 230.8122 l
48.7911 227.1739 l
51.0412 227.1739 l
51.0412 226.6571 l
h
h
51.7246 226.6571 m
51.7246 230.8122 l
52.3185 230.8122 l
52.3185 227.1739 l
54.5686 227.1739 l
54.5686 226.6571 l
h
h
57.0512 226.6101 m
56.7349 226.6101 56.4420 226.6639 56.1711 226.7700 c
55.9001 226.8760 55.6645 227.0256 55.4678 227.2175 c
55.2691 227.4094 55.1143 227.6348 55.0032 227.8925 c
54.8921 228.1499 54.8365 228.4308 54.8365 228.7355 c
54.8365 229.0402 54.8921 229.3211 55.0032 229.5785 c
55.1143 229.8362 55.2691 230.0598 55.4678 230.2517 c
55.6645 230.4437 55.8984 230.5933 56.1677 230.7010 c
56.4352 230.8071 56.7298 230.8609 57.0512 230.8609 c
57.3676 230.8609 57.6604 230.8088 57.9280 230.7044 c
58.1956 230.5984 58.4277 230.4505 58.6281 230.2586 c
58.8283 230.0666 58.9816 229.8427 59.0910 229.5853 c
59.2002 229.3279 59.2540 229.0433 59.2540 228.7355 c
59.2540 228.4277 59.2002 228.1448 59.0910 227.8874 c
58.9816 227.6297 58.8283 227.4043 58.6281 227.2124 c
58.4277 227.0205 58.1956 226.8726 57.9280 226.7683 c
57.6604 226.6622 57.3676 226.6101 57.0512 226.6101 c
h
57.0512 227.1385 m
57.2817 227.1385 57.4940 227.1787 57.6907 227.2578 c
57.8860 227.3369 58.0558 227.4480 58.2007 227.5929 c
58.3455 227.7357 58.4580 227.9058 58.5388 228.0994 c
58.6196 228.2930 58.6602 228.5050 58.6602 228.7355 c
58.6602 228.9643 58.6196 229.1763 58.5388 229.3699 c
58.4580 229.5635 58.3455 229.7333 58.2007 229.8781 c
58.0558 230.0230 57.8860 230.1355 57.6907 230.2146 c
57.4940 230.2937 57.2817 230.3325 57.0512 230.3325 c
56.8174 230.3325 56.6036 230.2937 56.4083 230.2146 c
56.2116 230.1355 56.0415 230.0230 55.8952 229.8781 c
55.7487 229.7333 55.6342 229.5635 55.5534 229.3699 c
55.4709 229.1763 55.4306 228.9643 55.4306 228.7355 c
55.4306 228.5050 55.4709 228.2930 55.5534 228.0994 c
55.6342 227.9058 55.7487 227.7357 55.8952 227.5929 c
56.0415 227.4480 56.2116 227.3369 56.4083 227.2578 c
56.6036 227.1787 56.8174 227.1385 57.0512 227.1385 c
h
60.9866 226.6571 m
59.5981 230.8122 l
60.2090 230.8122 l
61.4863 226.9786 l
61.1768 226.9786 l
62.5011 230.8122 l
63.0479 230.8122 l
64.3422 226.9786 l
64.0443 226.9786 l
65.3383 230.8122 l
65.9021 230.8122 l
64.5137 226.6571 l
63.8895 226.6571 l
62.6794 230.2129 l
62.8393 230.2129 l
61.6226 226.6571 l
h
h
68.3121 226.6571 m
68.3121 230.8122 l
70.1768 230.8122 l
70.6564 230.8122 71.0249 230.7163 71.2823 230.5244 c
71.5397 230.3325 71.6678 230.0700 71.6678 229.7384 c
71.6678 229.5130 71.6170 229.3228 71.5161 229.1698 c
71.4152 229.0147 71.2789 228.8954 71.1091 228.8129 c
70.9390 228.7304 70.7539 228.6884 70.5569 228.6884 c
70.6629 228.8650 l
70.9002 228.8650 71.1108 228.8231 71.2942 228.7406 c
71.4759 228.6581 71.6204 228.5351 71.7265 228.3752 c
71.8325 228.2153 71.8863 228.0169 71.8863 227.7797 c
71.8863 227.4228 71.7534 227.1470 71.4858 226.9517 c
71.2182 226.7546 70.8228 226.6571 70.2961 226.6571 c
h
h
68.9060 227.1385 m
70.2726 227.1385 l
70.6008 227.1385 70.8514 227.1940 71.0266 227.3051 c
71.1998 227.4146 71.2874 227.5894 71.2874 227.8267 c
71.2874 228.0674 71.1998 228.2440 71.0266 228.3551 c
70.8514 228.4662 70.6008 228.5218 70.2726 228.5218 c
68.8521 228.5218 l
68.8521 229.0014 l
70.1229 229.0014 l
70.4239 229.0014 70.6581 229.0569 70.8245 229.1681 c
70.9911 229.2792 71.0736 229.4456 71.0736 229.6678 c
71.0736 229.8883 70.9911 230.0547 70.8245 230.1659 c
70.6581 230.2770 70.4239 230.3325 70.1229 230.3325 c
68.9060 230.3325 l
h
h
74.5285 226.6101 m
73.9831 226.6101 73.5542 226.7666 73.2410 227.0795 c
72.9281 227.3907 72.7716 227.8485 72.7716 228.4495 c
72.7716 230.8122 l
73.3657 230.8122 l
73.3657 228.4747 l
73.3657 228.0118 73.4683 227.6736 73.6719 227.4599 c
73.8754 227.2462 74.1634 227.1385 74.5353 227.1385 c
74.9106 227.1385 75.2017 227.2462 75.4053 227.4599 c
75.6088 227.6736 75.7117 228.0118 75.7117 228.4747 c
75.7117 230.8122 l
76.2871 230.8122 l
76.2871 228.4495 l
76.2871 227.8485 76.1323 227.3907 75.8208 227.0795 c
75.5096 226.7666 75.0787 226.6101 74.5285 226.6101 c
h
78.2515 226.6571 m
78.2515 230.2971 l
76.8260 230.2971 l
76.8260 230.8122 l
80.2641 230.8122 l
80.2641 230.2971 l
78.8389 230.2971 l
78.8389 226.6571 l
h
h
81.7960 226.6571 m
81.7960 230.2971 l
80.3704 230.2971 l
80.3704 230.8122 l
83.8086 230.8122 l
83.8086 230.2971 l
82.3833 230.2971 l
82.3833 226.6571 l
h
h
86.2719 226.6101 m
85.9555 226.6101 85.6627 226.6639 85.3917 226.7700 c
85.1207 226.8760 84.8852 227.0256 84.6884 227.2175 c
84.4897 227.4094 84.3350 227.6348 84.2238 227.8925 c
84.1127 228.1499 84.0572 228.4308 84.0572 228.7355 c
84.0572 229.0402 84.1127 229.3211 84.2238 229.5785 c
84.3350 229.8362 84.4897 230.0598 84.6884 230.2517 c
84.8852 230.4437 85.1190 230.5933 85.3883 230.7010 c
85.6559 230.8071 85.9504 230.8609 86.2719 230.8609 c
86.5882 230.8609 86.8810 230.8088 87.1486 230.7044 c
87.4162 230.5984 87.6484 230.4505 87.8488 230.2586 c
88.0489 230.0666 88.2023 229.8427 88.3117 229.5853 c
88.4208 229.3279 88.4747 229.0433 88.4747 228.7355 c
88.4747 228.4277 88.4208 228.1448 88.3117 227.8874 c
88.2023 227.6297 88.0489 227.4043 87.8488 227.2124 c
87.6484 227.0205 87.4162 226.8726 87.1486 226.7683 c
86.8810 226.6622 86.5882 226.6101 86.2719 226.6101 c
h
86.2719 227.1385 m
86.5023 227.1385 86.7146 227.1787 86.9114 227.2578 c
87.1067 227.3369 87.2765 227.4480 87.4213 227.5929 c
87.5662 227.7357 87.6787 227.9058 87.7595 228.0994 c
87.8403 228.2930 87.8808 228.5050 87.8808 228.7355 c
87.8808 228.9643 87.8403 229.1763 87.7595 229.3699 c
87.6787 229.5635 87.5662 229.7333 87.4213 229.8781 c
87.2765 230.0230 87.1067 230.1355 86.9114 230.2146 c
86.7146 230.2937 86.5023 230.3325 86.2719 230.3325 c
86.0380 230.3325 85.8243 230.2937 85.6290 230.2146 c
85.4323 230.1355 85.2622 230.0230 85.1159 229.8781 c
84.9694 229.7333 84.8548 229.5635 84.7740 229.3699 c
84.6916 229.1763 84.6513 228.9643 84.6513 228.7355 c
84.6513 228.5050 84.6916 228.2930 84.7740 228.0994 c
84.8548 227.9058 84.9694 227.7357 85.1159 227.5929 c
85.2622 227.4480 85.4323 227.3369 85.6290 227.2578 c
85.8243 227.1787 86.0380 227.1385 86.2719 227.1385 c
h
89.3820 226.6571 m
89.3820 230.8122 l
89.8699 230.8122 l
92.6181 227.3992 l
92.3624 227.3992 l
92.3624 230.8122 l
92.9563 230.8122 l
92.9563 226.6571 l
92.4701 226.6571 l
89.7219 230.0700 l
89.9759 230.0700 l
89.9759 226.6571 l
h
f
q
33.9403 240.5761 67.3883 50.5412 re W*
n
/GS13 gs
q
33.9403 240.5761 m
33.9403 291.1173 l
101.3287 291.1173 l
101.3287 240.5761 l
h
W*
n
q
67.56532 0.00000 0.00000 51.17563 33.8298 240.2438 cm
/Im104 Do
Q
Q
Q
/GS13 gs
/CS15 cs 0.0000 0.0000 0.0000 0.0000 scn
117.8189 226.6571 m
116.4305 230.8122 l
117.0414 230.8122 l
118.3187 226.9786 l
118.0091 226.9786 l
119.3335 230.8122 l
119.8803 230.8122 l
121.1746 226.9786 l
120.8767 226.9786 l
122.1707 230.8122 l
122.7345 230.8122 l
121.3461 226.6571 l
120.7219 226.6571 l
119.5118 230.2129 l
119.6717 230.2129 l
118.4550 226.6571 l
h
h
126.4388 226.6571 m
126.4388 230.8122 l
127.0327 230.8122 l
127.0327 226.6571 l
h
h
123.4585 226.6571 m
123.4585 230.8122 l
124.0523 230.8122 l
124.0523 226.6571 l
h
h
123.9936 228.5099 m
123.9936 229.0266 l
126.4927 229.0266 l
126.4927 228.5099 l
h
h
128.2799 226.6571 m
128.2799 230.8122 l
128.8738 230.8122 l
128.8738 226.6571 l
h
h
130.9473 226.6571 m
130.9473 230.2971 l
129.5218 230.2971 l
129.5218 230.8122 l
132.9599 230.8122 l
132.9599 230.2971 l
131.5346 230.2971 l
131.5346 226.6571 l
h
h
133.6062 226.6571 m
133.6062 230.8122 l
136.5392 230.8122 l
136.5392 230.2971 l
134.2001 230.2971 l
134.2001 227.1739 l
136.6234 227.1739 l
136.6234 226.6571 l
h
h
134.1462 228.5150 m
134.1462 229.0198 l
136.2835 229.0198 l
136.2835 228.5150 l
h
h
139.1817 226.6571 m
139.1817 230.8122 l
141.0463 230.8122 l
141.5259 230.8122 141.8944 230.7163 142.1518 230.5244 c
142.4092 230.3325 142.5373 230.0700 142.5373 229.7384 c
142.5373 229.5130 142.4866 229.3228 142.3857 229.1698 c
142.2848 229.0147 142.1484 228.8954 141.9786 228.8129 c
141.8085 228.7304 141.6234 228.6884 141.4264 228.6884 c
141.5324 228.8650 l
141.7697 228.8650 141.9803 228.8231 142.1637 228.7406 c
142.3454 228.6581 142.4900 228.5351 142.5960 228.3752 c
142.7020 228.2153 142.7559 228.0169 142.7559 227.7797 c
142.7559 227.4228 142.6229 227.1470 142.3553 226.9517 c
142.0877 226.7546 141.6923 226.6571 141.1656 226.6571 c
h
h
139.7755 227.1385 m
141.1421 227.1385 l
141.4704 227.1385 141.7209 227.1940 141.8961 227.3051 c
142.0693 227.4146 142.1569 227.5894 142.1569 227.8267 c
142.1569 228.0674 142.0693 228.2440 141.8961 228.3551 c
141.7209 228.4662 141.4704 228.5218 141.1421 228.5218 c
139.7217 228.5218 l
139.7217 229.0014 l
140.9924 229.0014 l
141.2935 229.0014 141.5276 229.0569 141.6940 229.1681 c
141.8607 229.2792 141.9432 229.4456 141.9432 229.6678 c
141.9432 229.8883 141.8607 230.0547 141.6940 230.1659 c
141.5276 230.2770 141.2935 230.3325 140.9924 230.3325 c
139.7755 230.3325 l
h
h
145.3980 226.6101 m
144.8527 226.6101 144.4238 226.7666 144.1106 227.0795 c
143.7976 227.3907 143.6411 227.8485 143.6411 228.4495 c
143.6411 230.8122 l
144.2353 230.8122 l
144.2353 228.4747 l
144.2353 228.0118 144.3379 227.6736 144.5414 227.4599 c
144.7449 227.2462 145.0329 227.1385 145.4049 227.1385 c
145.7802 227.1385 146.0713 227.2462 146.2748 227.4599 c
146.4783 227.6736 146.5812 228.0118 146.5812 228.4747 c
146.5812 230.8122 l
147.1567 230.8122 l
147.1567 228.4495 l
147.1567 227.8485 147.0019 227.3907 146.6904 227.0795 c
146.3791 226.7666 145.9483 226.6101 145.3980 226.6101 c
h
149.1211 226.6571 m
149.1211 230.2971 l
147.6955 230.2971 l
147.6955 230.8122 l
151.1337 230.8122 l
151.1337 230.2971 l
149.7084 230.2971 l
149.7084 226.6571 l
h
h
152.6655 226.6571 m
152.6655 230.2971 l
151.2400 230.2971 l
151.2400 230.8122 l
154.6781 230.8122 l
154.6781 230.2971 l
153.2529 230.2971 l
153.2529 226.6571 l
h
h
157.1414 226.6101 m
156.8251 226.6101 156.5323 226.6639 156.2613 226.7700 c
155.9903 226.8760 155.7547 227.0256 155.5580 227.2175 c
155.3593 227.4094 155.2045 227.6348 155.0934 227.8925 c
154.9823 228.1499 154.9267 228.4308 154.9267 228.7355 c
154.9267 229.0402 154.9823 229.3211 155.0934 229.5785 c
155.2045 229.8362 155.3593 230.0598 155.5580 230.2517 c
155.7547 230.4437 155.9886 230.5933 156.2579 230.7010 c
156.5254 230.8071 156.8200 230.8609 157.1414 230.8609 c
157.4578 230.8609 157.7506 230.8088 158.0182 230.7044 c
158.2858 230.5984 158.5179 230.4505 158.7183 230.2586 c
158.9185 230.0666 159.0718 229.8427 159.1812 229.5853 c
159.2904 229.3279 159.3442 229.0433 159.3442 228.7355 c
159.3442 228.4277 159.2904 228.1448 159.1812 227.8874 c
159.0718 227.6297 158.9185 227.4043 158.7183 227.2124 c
158.5179 227.0205 158.2858 226.8726 158.0182 226.7683 c
157.7506 226.6622 157.4578 226.6101 157.1414 226.6101 c
h
157.1414 227.1385 m
157.3719 227.1385 157.5842 227.1787 157.7809 227.2578 c
157.9762 227.3369 158.1460 227.4480 158.2909 227.5929 c
158.4357 227.7357 158.5483 227.9058 158.6290 228.0994 c
158.7098 228.2930 158.7504 228.5050 158.7504 228.7355 c
158.7504 228.9643 158.7098 229.1763 158.6290 229.3699 c
158.5483 229.5635 158.4357 229.7333 158.2909 229.8781 c
158.1460 230.0230 157.9762 230.1355 157.7809 230.2146 c
157.5842 230.2937 157.3719 230.3325 157.1414 230.3325 c
156.9076 230.3325 156.6938 230.2937 156.4985 230.2146 c
156.3018 230.1355 156.1317 230.0230 155.9854 229.8781 c
155.8389 229.7333 155.7244 229.5635 155.6436 229.3699 c
155.5611 229.1763 155.5209 228.9643 155.5209 228.7355 c
155.5209 228.5050 155.5611 228.2930 155.6436 228.0994 c
155.7244 227.9058 155.8389 227.7357 155.9854 227.5929 c
156.1317 227.4480 156.3018 227.3369 156.4985 227.2578 c
156.6938 227.1787 156.9076 227.1385 157.1414 227.1385 c
h
160.2516 226.6571 m
160.2516 230.8122 l
160.7394 230.8122 l
163.4876 227.3992 l
163.2319 227.3992 l
163.2319 230.8122 l
163.8258 230.8122 l
163.8258 226.6571 l
163.3397 226.6571 l
160.5915 230.0700 l
160.8454 230.0700 l
160.8454 226.6571 l
h
f
q
106.8908 240.5863 64.9060 50.5395 re W*
n
/GS13 gs
q
106.8908 240.5863 m
106.8908 291.1258 l
171.7968 291.1258 l
171.7968 240.5863 l
h
W*
n
q
65.24039 0.00000 0.00000 50.96064 106.5749 240.3882 cm
/Im105 Do
Q
Q
Q
/GS13 gs
/CS15 cs 0.0000 0.0000 0.0000 0.0000 scn
191.0713 226.6101 m
190.7498 226.6101 190.4553 226.6622 190.1877 226.7683 c
189.9184 226.8726 189.6846 227.0205 189.4878 227.2124 c
189.2891 227.4043 189.1344 227.6297 189.0232 227.8874 c
188.9121 228.1448 188.8566 228.4277 188.8566 228.7355 c
188.8566 229.0433 188.9121 229.3279 189.0232 229.5853 c
189.1344 229.8427 189.2891 230.0666 189.4895 230.2586 c
189.6897 230.4505 189.9235 230.5984 190.1928 230.7044 c
190.4621 230.8088 190.7583 230.8609 191.0832 230.8609 c
191.4111 230.8609 191.7125 230.8071 191.9869 230.7010 c
192.2596 230.5933 192.4900 230.4334 192.6802 230.2197 c
192.3134 229.8512 l
192.1433 230.0179 191.9582 230.1389 191.7578 230.2163 c
191.5577 230.2937 191.3406 230.3325 191.1067 230.3325 c
190.8694 230.3325 190.6489 230.2937 190.4454 230.2146 c
190.2416 230.1355 190.0650 230.0247 189.9170 229.8815 c
189.7688 229.7384 189.6542 229.5703 189.5734 229.3733 c
189.4910 229.1763 189.4507 228.9643 189.4507 228.7355 c
189.4507 228.5099 189.4910 228.2995 189.5734 228.1028 c
189.6542 227.9058 189.7688 227.7357 189.9170 227.5929 c
190.0650 227.4480 190.2399 227.3369 190.4420 227.2578 c
190.6438 227.1787 190.8643 227.1385 191.1016 227.1385 c
191.3221 227.1385 191.5359 227.1739 191.7394 227.2428 c
191.9429 227.3117 192.1331 227.4262 192.3066 227.5894 c
192.6448 227.1385 l
192.4396 226.9650 192.1989 226.8337 191.9245 226.7447 c
191.6484 226.6554 191.3641 226.6101 191.0713 226.6101 c
h
192.6448 227.1385 m
192.0742 227.2158 l
192.0742 228.7590 l
192.6448 228.7590 l
h
h
193.7775 226.6571 m
193.7775 230.8122 l
195.3998 230.8122 l
195.9367 230.8122 196.3607 230.6843 196.6703 230.4300 c
196.9781 230.1744 197.1332 229.8192 197.1332 229.3648 c
197.1332 229.0637 197.0640 228.8061 196.9260 228.5906 c
196.7865 228.3738 196.5895 228.2088 196.3321 228.0943 c
196.0744 227.9781 195.7632 227.9211 195.3998 227.9211 c
194.1038 227.9211 l
194.3714 228.1952 l
194.3714 226.6571 l
h
h
196.5557 226.6571 m
195.4990 228.1649 l
196.1351 228.1649 l
197.2037 226.6571 l
h
h
194.3714 228.1348 m
194.1038 228.4260 l
195.3811 228.4260 l
195.7615 228.4260 196.0492 228.5082 196.2462 228.6731 c
196.4415 228.8364 196.5390 229.0669 196.5390 229.3648 c
196.5390 229.6610 196.4415 229.8900 196.2462 230.0530 c
196.0492 230.2163 195.7615 230.2971 195.3811 230.2971 c
194.1038 230.2971 l
194.3714 230.5933 l
h
h
198.0941 226.6571 m
198.0941 230.8122 l
201.0271 230.8122 l
201.0271 230.2971 l
198.6880 230.2971 l
198.6880 227.1739 l
201.1113 227.1739 l
201.1113 226.6571 l
h
h
198.6341 228.5150 m
198.6341 229.0198 l
200.7714 229.0198 l
200.7714 228.5150 l
h
h
202.0725 226.6571 m
202.0725 230.8122 l
205.0055 230.8122 l
205.0055 230.2971 l
202.6664 230.2971 l
202.6664 227.1739 l
205.0897 227.1739 l
205.0897 226.6571 l
h
h
202.6125 228.5150 m
202.6125 229.0198 l
204.7499 229.0198 l
204.7499 228.5150 l
h
h
206.0510 226.6571 m
206.0510 230.8122 l
206.5388 230.8122 l
209.2870 227.3992 l
209.0313 227.3992 l
209.0313 230.8122 l
209.6252 230.8122 l
209.6252 226.6571 l
209.1390 226.6571 l
206.3908 230.0700 l
206.6448 230.0700 l
206.6448 226.6571 l
h
h
212.4694 226.6571 m
212.4694 230.8122 l
214.3341 230.8122 l
214.8137 230.8122 215.1822 230.7163 215.4396 230.5244 c
215.6970 230.3325 215.8251 230.0700 215.8251 229.7384 c
215.8251 229.5130 215.7744 229.3228 215.6734 229.1698 c
215.5725 229.0147 215.4362 228.8954 215.2664 228.8129 c
215.0963 228.7304 214.9112 228.6884 214.7142 228.6884 c
214.8202 228.8650 l
215.0575 228.8650 215.2681 228.8231 215.4515 228.7406 c
215.6332 228.6581 215.7778 228.5351 215.8838 228.3752 c
215.9898 228.2153 216.0437 228.0169 216.0437 227.7797 c
216.0437 227.4228 215.9107 227.1470 215.6431 226.9517 c
215.3755 226.7546 214.9801 226.6571 214.4534 226.6571 c
h
h
213.0633 227.1385 m
214.4299 227.1385 l
214.7581 227.1385 215.0087 227.1940 215.1839 227.3051 c
215.3571 227.4146 215.4447 227.5894 215.4447 227.8267 c
215.4447 228.0674 215.3571 228.2440 215.1839 228.3551 c
215.0087 228.4662 214.7581 228.5218 214.4299 228.5218 c
213.0094 228.5218 l
213.0094 229.0014 l
214.2802 229.0014 l
214.5813 229.0014 214.8154 229.0569 214.9818 229.1681 c
215.1485 229.2792 215.2310 229.4456 215.2310 229.6678 c
215.2310 229.8883 215.1485 230.0547 214.9818 230.1659 c
214.8154 230.2770 214.5813 230.3325 214.2802 230.3325 c
213.0633 230.3325 l
h
h
218.6858 226.6101 m
218.1404 226.6101 217.7116 226.7666 217.3983 227.0795 c
217.0854 227.3907 216.9289 227.8485 216.9289 228.4495 c
216.9289 230.8122 l
217.5231 230.8122 l
217.5231 228.4747 l
217.5231 228.0118 217.6257 227.6736 217.8292 227.4599 c
218.0327 227.2462 218.3207 227.1385 218.6926 227.1385 c
219.0679 227.1385 219.3591 227.2462 219.5626 227.4599 c
219.7661 227.6736 219.8690 228.0118 219.8690 228.4747 c
219.8690 230.8122 l
220.4444 230.8122 l
220.4444 228.4495 l
220.4444 227.8485 220.2897 227.3907 219.9781 227.0795 c
219.6669 226.7666 219.2360 226.6101 218.6858 226.6101 c
h
222.4089 226.6571 m
222.4089 230.2971 l
220.9833 230.2971 l
220.9833 230.8122 l
224.4214 230.8122 l
224.4214 230.2971 l
222.9962 230.2971 l
222.9962 226.6571 l
h
h
225.9533 226.6571 m
225.9533 230.2971 l
224.5277 230.2971 l
224.5277 230.8122 l
227.9659 230.8122 l
227.9659 230.2971 l
226.5406 230.2971 l
226.5406 226.6571 l
h
h
230.4292 226.6101 m
230.1129 226.6101 229.8200 226.6639 229.5490 226.7700 c
229.2780 226.8760 229.0425 227.0256 228.8458 227.2175 c
228.6471 227.4094 228.4923 227.6348 228.3812 227.8925 c
228.2700 228.1499 228.2145 228.4308 228.2145 228.7355 c
228.2145 229.0402 228.2700 229.3211 228.3812 229.5785 c
228.4923 229.8362 228.6471 230.0598 228.8458 230.2517 c
229.0425 230.4437 229.2763 230.5933 229.5456 230.7010 c
229.8132 230.8071 230.1077 230.8609 230.4292 230.8609 c
230.7455 230.8609 231.0384 230.8088 231.3060 230.7044 c
231.5735 230.5984 231.8057 230.4505 232.0061 230.2586 c
232.2062 230.0666 232.3596 229.8427 232.4690 229.5853 c
232.5781 229.3279 232.6320 229.0433 232.6320 228.7355 c
232.6320 228.4277 232.5781 228.1448 232.4690 227.8874 c
232.3596 227.6297 232.2062 227.4043 232.0061 227.2124 c
231.8057 227.0205 231.5735 226.8726 231.3060 226.7683 c
231.0384 226.6622 230.7455 226.6101 230.4292 226.6101 c
h
230.4292 227.1385 m
230.6597 227.1385 230.8720 227.1787 231.0687 227.2578 c
231.2640 227.3369 231.4338 227.4480 231.5786 227.5929 c
231.7235 227.7357 231.8360 227.9058 231.9168 228.0994 c
231.9976 228.2930 232.0381 228.5050 232.0381 228.7355 c
232.0381 228.9643 231.9976 229.1763 231.9168 229.3699 c
231.8360 229.5635 231.7235 229.7333 231.5786 229.8781 c
231.4338 230.0230 231.2640 230.1355 231.0687 230.2146 c
230.8720 230.2937 230.6597 230.3325 230.4292 230.3325 c
230.1953 230.3325 229.9816 230.2937 229.7863 230.2146 c
229.5896 230.1355 229.4195 230.0230 229.2732 229.8781 c
229.1267 229.7333 229.0122 229.5635 228.9314 229.3699 c
228.8489 229.1763 228.8086 228.9643 228.8086 228.7355 c
228.8086 228.5050 228.8489 228.2930 228.9314 228.0994 c
229.0122 227.9058 229.1267 227.7357 229.2732 227.5929 c
229.4195 227.4480 229.5896 227.3369 229.7863 227.2578 c
229.9816 227.1787 230.1953 227.1385 230.4292 227.1385 c
h
233.5394 226.6571 m
233.5394 230.8122 l
234.0272 230.8122 l
236.7754 227.3992 l
236.5197 227.3992 l
236.5197 230.8122 l
237.1136 230.8122 l
237.1136 226.6571 l
236.6274 226.6571 l
233.8792 230.0700 l
234.1332 230.0700 l
234.1332 226.6571 l
h
f
q
178.9767 240.5911 67.3965 50.5318 re W*
n
/GS13 gs
q
178.9767 240.5911 m
178.9767 291.1229 l
246.3732 291.1229 l
246.3732 240.5911 l
h
W*
n
q
67.52109 0.00000 0.00000 50.90563 178.9145 240.3628 cm
/Im106 Do
Q
Q
Q
/GS13 gs
/CS15 cs 0.5300 1.0000 0.2800 0.1100 scn
99.9958 148.8949 m
34.1819 148.8949 l
36.4589 154.2671 l
34.1819 159.6379 l
99.9958 159.6379 l
97.7199 154.5559 l
h
f
/GS13 gs
/CS15 cs 0.5300 1.0000 0.2800 0.1100 scn
173.9721 148.8949 m
108.1582 148.8949 l
110.4352 154.2671 l
108.1582 159.6379 l
173.9721 159.6379 l
171.6962 154.5559 l
h
f
/GS13 gs
/CS15 cs 0.5300 1.0000 0.2800 0.1100 scn
247.0595 148.8949 m
181.2455 148.8949 l
183.5226 154.2671 l
181.2455 159.6379 l
247.0595 159.6379 l
244.7836 154.5559 l
h
f
/GS13 gs
/CS15 cs 0.0000 0.0000 0.0000 0.0000 scn
44.3582 151.6578 m
44.3582 153.2472 l
44.4943 152.8807 l
42.7082 155.8106 l
43.3423 155.8106 l
44.8441 153.3365 l
44.4994 153.3365 l
46.0063 155.8106 l
46.5951 155.8106 l
44.8140 152.8807 l
44.9450 153.2472 l
44.9450 151.6578 l
h
h
47.1030 151.6578 m
47.1030 155.8106 l
50.0346 155.8106 l
50.0346 155.2958 l
47.6969 155.2958 l
47.6969 152.1743 l
50.1188 152.1743 l
50.1188 151.6578 l
h
h
47.6430 153.5145 m
47.6430 154.0191 l
49.7789 154.0191 l
49.7789 153.5145 l
h
h
51.0792 151.6578 m
51.0792 155.8106 l
51.6730 155.8106 l
51.6730 152.1743 l
53.9218 152.1743 l
53.9218 151.6578 l
h
h
54.6043 151.6578 m
54.6043 155.8106 l
55.1982 155.8106 l
55.1982 152.1743 l
57.4469 152.1743 l
57.4469 151.6578 l
h
h
59.9278 151.6107 m
59.6117 151.6107 59.3189 151.6646 59.0482 151.7706 c
58.7775 151.8763 58.5420 152.0260 58.3452 152.2179 c
58.1468 152.4095 57.9920 152.6349 57.8809 152.8923 c
57.7701 153.1497 57.7145 153.4306 57.7145 153.7350 c
57.7145 154.0395 57.7701 154.3204 57.8809 154.5775 c
57.9920 154.8349 58.1468 155.0585 58.3452 155.2504 c
58.5420 155.4420 58.7758 155.5917 59.0448 155.6994 c
59.3121 155.8054 59.6066 155.8593 59.9278 155.8593 c
60.2442 155.8593 60.5367 155.8071 60.8040 155.7028 c
61.0716 155.5968 61.3037 155.4489 61.5039 155.2569 c
61.7040 155.0653 61.8571 154.8417 61.9662 154.5843 c
62.0756 154.3269 62.1295 154.0429 62.1295 153.7350 c
62.1295 153.4272 62.0756 153.1446 61.9662 152.8872 c
61.8571 152.6301 61.7040 152.4044 61.5039 152.2128 c
61.3037 152.0212 61.0716 151.8729 60.8040 151.7689 c
60.5367 151.6629 60.2442 151.6107 59.9278 151.6107 c
h
59.9278 152.1388 m
60.1583 152.1388 60.3703 152.1791 60.5670 152.2582 c
60.7620 152.3373 60.9318 152.4484 61.0767 152.5929 c
61.2213 152.7358 61.3338 152.9059 61.4146 153.0992 c
61.4954 153.2925 61.5356 153.5046 61.5356 153.7350 c
61.5356 153.9638 61.4954 154.1755 61.4146 154.3691 c
61.3338 154.5625 61.2213 154.7323 61.0767 154.8771 c
60.9318 155.0217 60.7620 155.1342 60.5670 155.2133 c
60.3703 155.2924 60.1583 155.3312 59.9278 155.3312 c
59.6940 155.3312 59.4805 155.2924 59.2855 155.2133 c
59.0885 155.1342 58.9187 155.0217 58.7724 154.8771 c
58.6261 154.7323 58.5116 154.5625 58.4308 154.3691 c
58.3486 154.1755 58.3081 153.9638 58.3081 153.7350 c
58.3081 153.5046 58.3486 153.2925 58.4308 153.0992 c
58.5116 152.9059 58.6261 152.7358 58.7724 152.5929 c
58.9187 152.4484 59.0885 152.3373 59.2855 152.2582 c
59.4805 152.1791 59.6940 152.1388 59.9278 152.1388 c
h
63.8612 151.6578 m
62.4733 155.8106 l
63.0839 155.8106 l
64.3606 151.9790 l
64.0511 151.9790 l
65.3749 155.8106 l
65.9214 155.8106 l
67.2148 151.9790 l
66.9172 151.9790 l
68.2104 155.8106 l
68.7739 155.8106 l
67.3863 151.6578 l
66.7624 151.6578 l
65.5532 155.2116 l
65.7128 155.2116 l
64.4967 151.6578 l
h
h
72.3932 151.6107 m
72.0771 151.6107 71.7744 151.6595 71.4866 151.7570 c
71.1975 151.8528 70.9705 151.9790 70.8038 152.1320 c
71.0226 152.5946 l
71.1805 152.4566 71.3823 152.3424 71.6281 152.2514 c
71.8736 152.1607 72.1293 152.1153 72.3932 152.1153 c
72.6338 152.1153 72.8306 152.1422 72.9802 152.1978 c
73.1299 152.2531 73.2410 152.3288 73.3133 152.4266 c
73.3839 152.5224 73.4193 152.6332 73.4193 152.7562 c
73.4193 152.8991 73.3740 153.0133 73.2813 153.1009 c
73.1889 153.1865 73.0678 153.2574 72.9198 153.3112 c
72.7699 153.3631 72.6069 153.4105 72.4303 153.4507 c
72.2520 153.4893 72.0720 153.5366 71.8920 153.5902 c
71.7120 153.6423 71.5473 153.7115 71.3993 153.7937 c
71.2514 153.8762 71.1317 153.9890 71.0410 154.1302 c
70.9503 154.2699 70.9047 154.4513 70.9047 154.6719 c
70.9047 154.8853 70.9620 155.0837 71.0748 155.2637 c
71.1873 155.4437 71.3605 155.5866 71.5961 155.6960 c
71.8316 155.8054 72.1310 155.8593 72.4941 155.8593 c
72.7347 155.8593 72.9751 155.8273 73.2124 155.7649 c
73.4496 155.7011 73.6563 155.6101 73.8298 155.4908 c
73.6328 155.0166 l
73.4562 155.1359 73.2679 155.2218 73.0712 155.2757 c
72.8725 155.3278 72.6809 155.3547 72.4941 155.3547 c
72.2605 155.3547 72.0686 155.3244 71.9189 155.2654 c
71.7693 155.2065 71.6584 155.1277 71.5893 155.0285 c
71.5204 154.9290 71.4849 154.8181 71.4849 154.6954 c
71.4849 154.5491 71.5323 154.4329 71.6247 154.3456 c
71.7171 154.2580 71.8381 154.1891 71.9878 154.1387 c
72.1361 154.0865 72.2991 154.0412 72.4774 153.9989 c
72.6540 153.9570 72.8340 153.9116 73.0140 153.8595 c
73.1940 153.8073 73.3569 153.7401 73.5066 153.6576 c
73.6546 153.5751 73.7742 153.4640 73.8649 153.3263 c
73.9559 153.1865 74.0013 153.0085 74.0013 152.7914 c
74.0013 152.5810 73.9440 152.3877 73.8298 152.2077 c
73.7152 152.0277 73.5386 151.8831 73.3000 151.7737 c
73.0593 151.6646 72.7583 151.6107 72.3932 151.6107 c
h
74.8672 151.6578 m
74.8672 155.8106 l
76.4887 155.8106 l
76.8521 155.8106 77.1630 155.7533 77.4204 155.6388 c
77.6778 155.5245 77.8745 155.3579 78.0143 155.1410 c
78.1520 154.9242 78.2212 154.6651 78.2212 154.3640 c
78.2212 154.0630 78.1520 153.8056 78.0143 153.5902 c
77.8745 153.3733 77.6778 153.2069 77.4204 153.0907 c
77.1630 152.9748 76.8521 152.9158 76.4887 152.9158 c
75.1935 152.9158 l
75.4611 153.1950 l
75.4611 151.6578 l
h
h
75.4611 153.1346 m
75.1935 153.4323 l
76.4702 153.4323 l
76.8504 153.4323 77.1378 153.5131 77.3348 153.6761 c
77.5298 153.8376 77.6273 154.0664 77.6273 154.3640 c
77.6273 154.6600 77.5298 154.8887 77.3348 155.0520 c
77.1378 155.2150 76.8504 155.2958 76.4702 155.2958 c
75.1935 155.2958 l
75.4611 155.5917 l
h
h
79.0917 151.6578 m
79.0917 155.8106 l
80.7131 155.8106 l
81.2497 155.8106 81.6735 155.6827 81.9831 155.4287 c
82.2909 155.1730 82.4457 154.8181 82.4457 154.3640 c
82.4457 154.0630 82.3765 153.8056 82.2387 153.5902 c
82.0990 153.3733 81.9023 153.2086 81.6449 153.0941 c
81.3875 152.9782 81.0765 152.9209 80.7131 152.9209 c
79.4180 152.9209 l
79.6856 153.1950 l
79.6856 151.6578 l
h
h
81.8685 151.6578 m
80.8123 153.1647 l
81.4482 153.1647 l
82.5163 151.6578 l
h
h
79.6856 153.1346 m
79.4180 153.4255 l
80.6947 153.4255 l
81.0748 153.4255 81.3623 153.5080 81.5593 153.6727 c
81.7543 153.8359 81.8518 154.0664 81.8518 154.3640 c
81.8518 154.6600 81.7543 154.8887 81.5593 155.0520 c
81.3623 155.2150 81.0748 155.2958 80.6947 155.2958 c
79.4180 155.2958 l
79.6856 155.5917 l
h
h
82.7768 151.6578 m
84.6590 155.8106 l
85.2457 155.8106 l
87.1330 151.6578 l
86.5089 151.6578 l
84.8305 155.4792 l
85.0677 155.4792 l
83.3890 151.6578 l
h
h
83.5790 152.6956 m
83.7388 153.1715 l
86.0769 153.1715 l
86.2483 152.6956 l
h
h
88.4560 151.6578 m
88.4560 153.2472 l
88.5920 152.8807 l
86.8059 155.8106 l
87.4400 155.8106 l
88.9418 153.3365 l
88.5971 153.3365 l
90.1040 155.8106 l
90.6928 155.8106 l
88.9118 152.8807 l
89.0427 153.2472 l
89.0427 151.6578 l
h
f
q
33.0846 165.5768 67.0000 50.5536 re W*
n
/GS13 gs
q
33.0846 165.5768 m
33.0846 216.1304 l
100.0845 216.1304 l
100.0845 165.5768 l
h
W*
n
q
67.01899 0.00000 0.00000 51.18056 33.0846 165.3108 cm
/Im107 Do
Q
Q
Q
/GS13 gs
/CS15 cs 0.0000 0.0000 0.0000 0.0000 scn
117.3716 151.6578 m
117.3716 155.8106 l
119.2354 155.8106 l
119.7147 155.8106 120.0830 155.7145 120.3403 155.5228 c
120.5977 155.3312 120.7256 155.0687 120.7256 154.7374 c
120.7256 154.5120 120.6751 154.3221 120.5742 154.1690 c
120.4733 154.0142 120.3369 153.8946 120.1671 153.8124 c
119.9971 153.7299 119.8123 153.6880 119.6155 153.6880 c
119.7213 153.8646 l
119.9585 153.8646 120.1689 153.8223 120.3520 153.7401 c
120.5337 153.6576 120.6782 153.5349 120.7843 153.3750 c
120.8903 153.2151 120.9441 153.0167 120.9441 152.7797 c
120.9441 152.4231 120.8112 152.1473 120.5439 151.9520 c
120.2763 151.7553 119.8811 151.6578 119.3547 151.6578 c
h
h
117.9655 152.1388 m
119.3312 152.1388 l
119.6592 152.1388 119.9098 152.1944 120.0847 152.3052 c
120.2579 152.4146 120.3454 152.5895 120.3454 152.8268 c
120.3454 153.0672 120.2579 153.2438 120.0847 153.3549 c
119.9098 153.4657 119.6592 153.5213 119.3312 153.5213 c
117.9116 153.5213 l
117.9116 154.0006 l
119.1815 154.0006 l
119.4826 154.0006 119.7164 154.0562 119.8828 154.1673 c
120.0492 154.2781 120.1317 154.4448 120.1317 154.6668 c
120.1317 154.8870 120.0492 155.0537 119.8828 155.1645 c
119.7164 155.2757 119.4826 155.3312 119.1815 155.3312 c
117.9655 155.3312 l
h
h
121.8640 151.6578 m
121.8640 155.8106 l
122.4578 155.8106 l
122.4578 152.1743 l
124.7066 152.1743 l
124.7066 151.6578 l
h
h
124.7601 151.6578 m
126.6423 155.8106 l
127.2291 155.8106 l
129.1164 151.6578 l
128.4922 151.6578 l
126.8138 155.4792 l
127.0511 155.4792 l
125.3724 151.6578 l
h
h
125.5623 152.6956 m
125.7222 153.1715 l
128.0602 153.1715 l
128.2317 152.6956 l
h
h
131.5312 151.6107 m
131.2132 151.6107 130.9224 151.6629 130.6548 151.7689 c
130.3875 151.8729 130.1570 152.0212 129.9620 152.2128 c
129.7653 152.4044 129.6122 152.6301 129.5011 152.8872 c
129.3902 153.1446 129.3347 153.4272 129.3347 153.7350 c
129.3347 154.0429 129.3902 154.3269 129.5011 154.5843 c
129.6122 154.8417 129.7670 155.0653 129.9654 155.2569 c
130.1621 155.4489 130.3943 155.5968 130.6616 155.7028 c
130.9292 155.8071 131.2200 155.8593 131.5363 155.8593 c
131.8575 155.8593 132.1534 155.8054 132.4242 155.6960 c
132.6951 155.5866 132.9256 155.4253 133.1155 155.2116 c
132.7286 154.8383 l
132.5707 155.0047 132.3924 155.1277 132.1954 155.2099 c
131.9970 155.2907 131.7852 155.3312 131.5599 155.3312 c
131.3260 155.3312 131.1106 155.2924 130.9105 155.2133 c
130.7103 155.1342 130.5388 155.0234 130.3926 154.8802 c
130.2463 154.7374 130.1318 154.5693 130.0510 154.3725 c
129.9688 154.1755 129.9283 153.9638 129.9283 153.7350 c
129.9283 153.5046 129.9688 153.2925 130.0510 153.0975 c
130.1318 152.9008 130.2463 152.7324 130.3926 152.5895 c
130.5388 152.4467 130.7103 152.3373 130.9105 152.2582 c
131.1106 152.1791 131.3260 152.1388 131.5599 152.1388 c
131.7852 152.1388 131.9970 152.1791 132.1954 152.2599 c
132.3924 152.3407 132.5707 152.4668 132.7286 152.6366 c
133.1155 152.2633 l
132.9256 152.0495 132.6951 151.8866 132.4242 151.7771 c
132.1534 151.6663 131.8558 151.6107 131.5312 151.6107 c
h
134.4260 152.6601 m
134.3957 153.3852 l
136.7521 155.8106 l
137.4282 155.8106 l
135.6066 153.8881 l
135.2735 153.5213 l
h
h
133.9027 151.6578 m
133.9027 155.8106 l
134.4966 155.8106 l
134.4966 151.6578 l
h
h
136.8462 151.6578 m
135.1440 153.6392 l
135.5409 154.0780 l
137.5407 151.6578 l
h
h
141.6229 151.6107 m
141.3048 151.6107 141.0140 151.6629 140.7464 151.7689 c
140.4791 151.8729 140.2486 152.0212 140.0536 152.2128 c
139.8569 152.4044 139.7038 152.6301 139.5927 152.8872 c
139.4819 153.1446 139.4263 153.4272 139.4263 153.7350 c
139.4263 154.0429 139.4819 154.3269 139.5927 154.5843 c
139.7038 154.8417 139.8586 155.0653 140.0570 155.2569 c
140.2537 155.4489 140.4859 155.5968 140.7532 155.7028 c
141.0208 155.8071 141.3116 155.8593 141.6280 155.8593 c
141.9491 155.8593 142.2451 155.8054 142.5158 155.6960 c
142.7868 155.5866 143.0172 155.4253 143.2071 155.2116 c
142.8202 154.8383 l
142.6623 155.0047 142.4840 155.1277 142.2870 155.2099 c
142.0886 155.2907 141.8769 155.3312 141.6515 155.3312 c
141.4176 155.3312 141.2022 155.2924 141.0021 155.2133 c
140.8020 155.1342 140.6305 155.0234 140.4842 154.8802 c
140.3379 154.7374 140.2234 154.5693 140.1426 154.3725 c
140.0604 154.1755 140.0199 153.9638 140.0199 153.7350 c
140.0199 153.5046 140.0604 153.2925 140.1426 153.0975 c
140.2234 152.9008 140.3379 152.7324 140.4842 152.5895 c
140.6305 152.4467 140.8020 152.3373 141.0021 152.2582 c
141.2022 152.1791 141.4176 152.1388 141.6515 152.1388 c
141.8769 152.1388 142.0886 152.1791 142.2870 152.2599 c
142.4840 152.3407 142.6623 152.4668 142.8202 152.6366 c
143.2071 152.2633 l
143.0172 152.0495 142.7868 151.8866 142.5158 151.7771 c
142.2451 151.6663 141.9474 151.6107 141.6229 151.6107 c
h
143.9943 151.6578 m
143.9943 155.8106 l
146.9259 155.8106 l
146.9259 155.2958 l
144.5882 155.2958 l
144.5882 152.1743 l
147.0101 152.1743 l
147.0101 151.6578 l
h
h
144.5343 153.5145 m
144.5343 154.0191 l
146.6702 154.0191 l
146.6702 153.5145 l
h
h
147.9705 151.6578 m
147.9705 155.8106 l
148.4583 155.8106 l
151.2048 152.3996 l
150.9491 152.3996 l
150.9491 155.8106 l
151.5430 155.8106 l
151.5430 151.6578 l
151.0569 151.6578 l
148.3104 155.0687 l
148.5643 155.0687 l
148.5643 151.6578 l
h
h
153.6151 151.6578 m
153.6151 155.2958 l
152.1904 155.2958 l
152.1904 155.8106 l
155.6266 155.8106 l
155.6266 155.2958 l
154.2019 155.2958 l
154.2019 151.6578 l
h
h
156.2723 151.6578 m
156.2723 155.8106 l
159.2039 155.8106 l
159.2039 155.2958 l
156.8662 155.2958 l
156.8662 152.1743 l
159.2881 152.1743 l
159.2881 151.6578 l
h
h
156.8123 153.5145 m
156.8123 154.0191 l
158.9482 154.0191 l
158.9482 153.5145 l
h
h
160.2485 151.6578 m
160.2485 155.8106 l
161.8699 155.8106 l
162.4065 155.8106 162.8303 155.6827 163.1398 155.4287 c
163.4477 155.1730 163.6024 154.8181 163.6024 154.3640 c
163.6024 154.0630 163.5333 153.8056 163.3955 153.5902 c
163.2557 153.3733 163.0590 153.2086 162.8016 153.0941 c
162.5443 152.9782 162.2333 152.9209 161.8699 152.9209 c
160.5747 152.9209 l
160.8423 153.1950 l
160.8423 151.6578 l
h
h
163.0253 151.6578 m
161.9691 153.1647 l
162.6049 153.1647 l
163.6730 151.6578 l
h
h
160.8423 153.1346 m
160.5747 153.4255 l
161.8515 153.4255 l
162.2316 153.4255 162.5190 153.5080 162.7160 153.6727 c
162.9111 153.8359 163.0086 154.0664 163.0086 154.3640 c
163.0086 154.6600 162.9111 154.8887 162.7160 155.0520 c
162.5190 155.2150 162.2316 155.2958 161.8515 155.2958 c
160.5747 155.2958 l
160.8423 155.5917 l
h
f
q
105.8961 165.5872 67.3858 50.5304 re W*
n
/GS13 gs
q
105.8961 165.5872 m
105.8961 216.1176 l
173.2819 216.1176 l
173.2819 165.5872 l
h
W*
n
q
67.73313 0.00000 0.00000 50.57907 105.7472 165.5386 cm
/Im108 Do
Q
Q
Q
/GS13 gs
/CS15 cs 0.0000 0.0000 0.0000 0.0000 scn
191.4661 151.6578 m
191.4661 155.8106 l
193.0876 155.8106 l
193.4510 155.8106 193.7619 155.7533 194.0193 155.6388 c
194.2767 155.5245 194.4734 155.3579 194.6132 155.1410 c
194.7509 154.9242 194.8201 154.6651 194.8201 154.3640 c
194.8201 154.0630 194.7509 153.8056 194.6132 153.5902 c
194.4734 153.3733 194.2767 153.2069 194.0193 153.0907 c
193.7619 152.9748 193.4510 152.9158 193.0876 152.9158 c
191.7924 152.9158 l
192.0600 153.1950 l
192.0600 151.6578 l
h
h
192.0600 153.1346 m
191.7924 153.4323 l
193.0691 153.4323 l
193.4493 153.4323 193.7367 153.5131 193.9337 153.6761 c
194.1287 153.8376 194.2262 154.0664 194.2262 154.3640 c
194.2262 154.6600 194.1287 154.8887 193.9337 155.0520 c
193.7367 155.2150 193.4493 155.2958 193.0691 155.2958 c
191.7924 155.2958 l
192.0600 155.5917 l
h
h
195.6906 151.6578 m
195.6906 155.8106 l
196.2845 155.8106 l
196.2845 151.6578 l
h
h
197.5306 151.6578 m
197.5306 155.8106 l
198.0184 155.8106 l
200.7649 152.3996 l
200.5092 152.3996 l
200.5092 155.8106 l
201.1031 155.8106 l
201.1031 151.6578 l
200.6169 151.6578 l
197.8705 155.0687 l
198.1244 155.0687 l
198.1244 151.6578 l
h
h
202.8725 152.6601 m
202.8421 153.3852 l
205.1986 155.8106 l
205.8746 155.8106 l
204.0531 153.8881 l
203.7200 153.5213 l
h
h
202.3492 151.6578 m
202.3492 155.8106 l
202.9431 155.8106 l
202.9431 151.6578 l
h
h
205.2927 151.6578 m
203.5905 153.6392 l
203.9873 154.0780 l
205.9872 151.6578 l
h
h
208.2107 151.6578 m
208.2107 155.8106 l
210.0745 155.8106 l
210.5538 155.8106 210.9220 155.7145 211.1794 155.5228 c
211.4368 155.3312 211.5646 155.0687 211.5646 154.7374 c
211.5646 154.5120 211.5142 154.3221 211.4133 154.1690 c
211.3123 154.0142 211.1760 153.8946 211.0062 153.8124 c
210.8361 153.7299 210.6513 153.6880 210.4546 153.6880 c
210.5603 153.8646 l
210.7976 153.8646 211.0079 153.8223 211.1910 153.7401 c
211.3727 153.6576 211.5173 153.5349 211.6233 153.3750 c
211.7293 153.2151 211.7832 153.0167 211.7832 152.7797 c
211.7832 152.4231 211.6502 152.1473 211.3829 151.9520 c
211.1153 151.7553 210.7202 151.6578 210.1938 151.6578 c
h
h
208.8045 152.1388 m
210.1703 152.1388 l
210.4982 152.1388 210.7488 152.1944 210.9237 152.3052 c
211.0969 152.4146 211.1845 152.5895 211.1845 152.8268 c
211.1845 153.0672 211.0969 153.2438 210.9237 153.3549 c
210.7488 153.4657 210.4982 153.5213 210.1703 153.5213 c
208.7507 153.5213 l
208.7507 154.0006 l
210.0206 154.0006 l
210.3216 154.0006 210.5555 154.0562 210.7219 154.1673 c
210.8883 154.2781 210.9708 154.4448 210.9708 154.6668 c
210.9708 154.8870 210.8883 155.0537 210.7219 155.1645 c
210.5555 155.2757 210.3216 155.3312 210.0206 155.3312 c
208.8045 155.3312 l
h
h
214.4237 151.6107 m
213.8788 151.6107 213.4500 151.7672 213.1370 152.0799 c
212.8243 152.3911 212.6679 152.8486 212.6679 153.4490 c
212.6679 155.8106 l
213.2614 155.8106 l
213.2614 153.4742 l
213.2614 153.0116 213.3641 152.6737 213.5676 152.4600 c
213.7711 152.2466 214.0588 152.1388 214.4305 152.1388 c
214.8055 152.1388 215.0966 152.2466 215.3001 152.4600 c
215.5034 152.6737 215.6060 153.0116 215.6060 153.4742 c
215.6060 155.8106 l
216.1814 155.8106 l
216.1814 153.4490 l
216.1814 152.8486 216.0266 152.3911 215.7154 152.0799 c
215.4042 151.7672 214.9736 151.6107 214.4237 151.6107 c
h
218.1444 151.6578 m
218.1444 155.2958 l
216.7197 155.2958 l
216.7197 155.8106 l
220.1559 155.8106 l
220.1559 155.2958 l
218.7312 155.2958 l
218.7312 151.6578 l
h
h
221.6869 151.6578 m
221.6869 155.2958 l
220.2622 155.2958 l
220.2622 155.8106 l
223.6983 155.8106 l
223.6983 155.2958 l
222.2736 155.2958 l
222.2736 151.6578 l
h
h
226.1602 151.6107 m
225.8442 151.6107 225.5513 151.6646 225.2806 151.7706 c
225.0099 151.8763 224.7744 152.0260 224.5776 152.2179 c
224.3792 152.4095 224.2244 152.6349 224.1133 152.8923 c
224.0025 153.1497 223.9469 153.4306 223.9469 153.7350 c
223.9469 154.0395 224.0025 154.3204 224.1133 154.5775 c
224.2244 154.8349 224.3792 155.0585 224.5776 155.2504 c
224.7744 155.4420 225.0082 155.5917 225.2772 155.6994 c
225.5445 155.8054 225.8391 155.8593 226.1602 155.8593 c
226.4766 155.8593 226.7691 155.8071 227.0364 155.7028 c
227.3040 155.5968 227.5362 155.4489 227.7363 155.2569 c
227.9364 155.0653 228.0895 154.8417 228.1986 154.5843 c
228.3080 154.3269 228.3619 154.0429 228.3619 153.7350 c
228.3619 153.4272 228.3080 153.1446 228.1986 152.8872 c
228.0895 152.6301 227.9364 152.4044 227.7363 152.2128 c
227.5362 152.0212 227.3040 151.8729 227.0364 151.7689 c
226.7691 151.6629 226.4766 151.6107 226.1602 151.6107 c
h
226.1602 152.1388 m
226.3907 152.1388 226.6027 152.1791 226.7994 152.2582 c
226.9945 152.3373 227.1643 152.4484 227.3091 152.5929 c
227.4537 152.7358 227.5662 152.9059 227.6470 153.0992 c
227.7278 153.2925 227.7680 153.5046 227.7680 153.7350 c
227.7680 153.9638 227.7278 154.1755 227.6470 154.3691 c
227.5662 154.5625 227.4537 154.7323 227.3091 154.8771 c
227.1643 155.0217 226.9945 155.1342 226.7994 155.2133 c
226.6027 155.2924 226.3907 155.3312 226.1602 155.3312 c
225.9264 155.3312 225.7129 155.2924 225.5179 155.2133 c
225.3209 155.1342 225.1511 155.0217 225.0048 154.8771 c
224.8586 154.7323 224.7440 154.5625 224.6632 154.3691 c
224.5810 154.1755 224.5405 153.9638 224.5405 153.7350 c
224.5405 153.5046 224.5810 153.2925 224.6632 153.0992 c
224.7440 152.9059 224.8586 152.7358 225.0048 152.5929 c
225.1511 152.4484 225.3209 152.3373 225.5179 152.2582 c
225.7129 152.1791 225.9264 152.1388 226.1602 152.1388 c
h
229.2684 151.6578 m
229.2684 155.8106 l
229.7563 155.8106 l
232.5027 152.3996 l
232.2471 152.3996 l
232.2471 155.8106 l
232.8409 155.8106 l
232.8409 151.6578 l
232.3548 151.6578 l
229.6083 155.0687 l
229.8623 155.0687 l
229.8623 151.6578 l
h
f
q
177.9633 165.5850 67.4093 50.5570 re W*
n
/GS13 gs
q
177.9633 165.5850 m
177.9633 216.1420 l
245.3726 216.1420 l
245.3726 165.5850 l
h
W*
n
q
67.80045 0.00000 0.00000 51.20890 177.9307 165.2265 cm
/Im109 Do
Q
Q
Q
/GS13 gs
/CS15 cs 0.0000 0.1700 0.0000 0.0000 scn
199.6455 595.1177 m
282.0844 595.1177 l
282.0844 571.7667 l
282.0844 571.7667 228.9033 563.8788 199.6455 595.1177 c
f
/GS13 gs
/CS15 cs 0.0000 0.1700 0.0000 0.0000 scn
60.0846 594.9607 m
38.4066 574.1206 1.0845 575.1048 -0.9153 575.1777 c
-0.9153 594.9607 l
h
f
/GS13 gs
/CS15 cs 0.5300 1.0000 0.2800 0.1100 scn
99.9927 34.5254 m
34.2947 34.5254 l
36.5666 40.5814 l
34.2947 46.6384 l
99.9927 46.6384 l
97.7207 40.9085 l
h
f
/GS13 gs
/CS15 cs 0.0000 0.0000 0.0000 0.0000 scn
51.2816 37.2838 m
51.2816 41.4292 l
52.8999 41.4292 l
53.4356 41.4292 53.8586 41.3016 54.1675 41.0479 c
54.4748 40.7928 54.6293 40.4385 54.6293 39.9852 c
54.6293 39.6848 54.5604 39.4279 54.4226 39.2131 c
54.2835 38.9962 54.0870 38.8318 53.8302 38.7176 c
53.5731 38.6019 53.2627 38.5447 52.8999 38.5447 c
51.6073 38.5447 l
51.8740 38.8185 l
51.8740 37.2838 l
h
h
54.0533 37.2838 m
52.9991 38.7882 l
53.6338 38.7882 l
54.6999 37.2838 l
h
h
51.8740 38.7578 m
51.6073 39.0484 l
52.8814 39.0484 l
53.2610 39.0484 53.5482 39.1306 53.7446 39.2953 c
53.9393 39.4580 54.0366 39.6882 54.0366 39.9852 c
54.0366 40.2809 53.9393 40.5091 53.7446 40.6721 c
53.5482 40.8348 53.2610 40.9153 52.8814 40.9153 c
51.6073 40.9153 l
51.8740 41.2109 l
h
h
55.5880 37.2838 m
55.5880 41.4292 l
58.5142 41.4292 l
58.5142 40.9153 l
56.1804 40.9153 l
56.1804 37.7991 l
58.5981 37.7991 l
58.5981 37.2838 l
h
h
56.1268 39.1374 m
56.1268 39.6411 l
58.2591 39.6411 l
58.2591 39.1374 l
h
h
59.5570 37.2838 m
59.5570 41.4292 l
61.3046 41.4292 l
61.7462 41.4292 62.1374 41.3419 62.4750 41.1690 c
62.8123 40.9961 63.0743 40.7526 63.2625 40.4419 c
63.4504 40.1295 63.5445 39.7687 63.5445 39.3574 c
63.5445 38.9460 63.4504 38.5849 63.2625 38.2728 c
63.0743 37.9604 62.8123 37.7169 62.4750 37.5440 c
62.1374 37.3711 61.7462 37.2838 61.3046 37.2838 c
h
h
60.1495 37.7991 m
61.2694 37.7991 l
61.6136 37.7991 61.9109 37.8646 62.1609 37.9956 c
62.4112 38.1249 62.6060 38.3080 62.7452 38.5430 c
62.8829 38.7780 62.9518 39.0501 62.9518 39.3574 c
62.9518 39.6680 62.8829 39.9416 62.7452 40.1749 c
62.6060 40.4084 62.4112 40.5896 62.1609 40.7205 c
61.9109 40.8498 61.6136 40.9153 61.2694 40.9153 c
60.1495 40.9153 l
h
h
67.9150 37.2368 m
67.5941 37.2368 67.3004 37.2889 67.0334 37.3946 c
66.7647 37.4987 66.5314 37.6464 66.3350 37.8380 c
66.1368 38.0293 65.9823 38.2541 65.8715 38.5112 c
65.7607 38.7680 65.7054 39.0501 65.7054 39.3574 c
65.7054 39.6646 65.7607 39.9484 65.8715 40.2052 c
65.9823 40.4620 66.1368 40.6854 66.3367 40.8767 c
66.5365 41.0681 66.7698 41.2160 67.0385 41.3218 c
67.3072 41.4258 67.6026 41.4780 67.9266 41.4780 c
68.2540 41.4780 68.5545 41.4241 68.8283 41.3184 c
69.1002 41.2109 69.3303 41.0513 69.5200 40.8382 c
69.1540 40.4705 l
68.9845 40.6366 68.7997 40.7577 68.5998 40.8348 c
68.4000 40.9122 68.1834 40.9507 67.9501 40.9507 c
67.7134 40.9507 67.4935 40.9122 67.2902 40.8331 c
67.0873 40.7543 66.9110 40.6434 66.7630 40.5006 c
66.6153 40.3580 66.5011 40.1902 66.4206 39.9937 c
66.3384 39.7973 66.2981 39.5855 66.2981 39.3574 c
66.2981 39.1323 66.3384 38.9225 66.4206 38.7261 c
66.5011 38.5296 66.6153 38.3601 66.7630 38.2173 c
66.9110 38.0730 67.0856 37.9621 67.2868 37.8833 c
67.4884 37.8043 67.7083 37.7640 67.9450 37.7640 c
68.1650 37.7640 68.3782 37.7991 68.5814 37.8680 c
68.7847 37.9369 68.9743 38.0511 69.1472 38.2139 c
69.4848 37.7640 l
69.2799 37.5911 69.0398 37.4601 68.7662 37.3711 c
68.4907 37.2821 68.2070 37.2368 67.9150 37.2368 c
h
69.4848 37.7640 m
68.9156 37.8411 l
68.9156 39.3809 l
69.4848 39.3809 l
h
h
70.6147 37.2838 m
70.6147 41.4292 l
71.2071 41.4292 l
71.2071 37.7991 l
73.4519 37.7991 l
73.4519 37.2838 l
h
h
73.5058 37.2838 m
75.3846 41.4292 l
75.9705 41.4292 l
77.8544 37.2838 l
77.2313 37.2838 l
75.5558 41.0984 l
75.7925 41.0984 l
74.1169 37.2838 l
h
h
74.3068 38.3196 m
74.4661 38.7950 l
76.7999 38.7950 l
76.9711 38.3196 l
h
h
78.4689 37.2838 m
78.4689 41.4292 l
80.2165 41.4292 l
80.6581 41.4292 81.0493 41.3419 81.3869 41.1690 c
81.7243 40.9961 81.9862 40.7526 82.1744 40.4419 c
82.3623 40.1295 82.4564 39.7687 82.4564 39.3574 c
82.4564 38.9460 82.3623 38.5849 82.1744 38.2728 c
81.9862 37.9604 81.7243 37.7169 81.3869 37.5440 c
81.0493 37.3711 80.6581 37.2838 80.2165 37.2838 c
h
h
79.0614 37.7991 m
80.1814 37.7991 l
80.5255 37.7991 80.8228 37.8646 81.0729 37.9956 c
81.3231 38.1249 81.5179 38.3080 81.6571 38.5430 c
81.7948 38.7780 81.8637 39.0501 81.8637 39.3574 c
81.8637 39.6680 81.7948 39.9416 81.6571 40.1749 c
81.5179 40.4084 81.3231 40.5896 81.0729 40.7205 c
80.8228 40.8498 80.5255 40.9153 80.1814 40.9153 c
79.0614 40.9153 l
h
f
q
34.0500 51.7022 66.8143 50.1058 re W*
n
/GS13 gs
q
34.0500 51.7022 m
34.0500 101.8080 l
100.8643 101.8080 l
100.8643 51.7022 l
h
W*
n
q
67.16596 0.00000 0.00000 50.18394 33.9132 51.6436 cm
/Im110 Do
Q
Q
Q
/GS13 gs
/CS15 cs 0.5300 1.0000 0.2800 0.1100 scn
173.3956 34.5254 m
107.6975 34.5254 l
109.9695 40.5814 l
107.6975 46.6384 l
173.3956 46.6384 l
171.1236 40.9085 l
h
f
/GS13 gs
/CS15 cs 0.0000 0.0000 0.0000 0.0000 scn
122.0380 37.2830 m
120.6459 41.4283 l
121.2585 41.4283 l
122.5392 37.6036 l
122.2285 37.6036 l
123.5563 41.4283 l
124.1045 41.4283 l
125.4022 37.6036 l
125.1037 37.6036 l
126.4011 41.4283 l
126.9660 41.4283 l
125.5742 37.2830 l
124.9483 37.2830 l
123.7351 40.8305 l
123.8956 40.8305 l
122.6758 37.2830 l
h
h
130.6797 37.2830 m
130.6797 41.4283 l
131.2753 41.4283 l
131.2753 37.2830 l
h
h
127.6920 37.2830 m
127.6920 41.4283 l
128.2873 41.4283 l
128.2873 37.2830 l
h
h
128.2283 39.1314 m
128.2283 39.6471 l
130.7339 39.6471 l
130.7339 39.1314 l
h
h
132.5256 37.2830 m
132.5256 41.4283 l
133.1209 41.4283 l
133.1209 37.2830 l
h
h
135.1998 37.2830 m
135.1998 40.9144 l
133.7706 40.9144 l
133.7706 41.4283 l
137.2175 41.4283 l
137.2175 40.9144 l
135.7886 40.9144 l
135.7886 37.2830 l
h
h
137.8655 37.2830 m
137.8655 41.4283 l
140.8062 41.4283 l
140.8062 40.9144 l
138.4608 40.9144 l
138.4608 37.7983 l
140.8904 37.7983 l
140.8904 37.2830 l
h
h
138.4070 39.1365 m
138.4070 39.6403 l
140.5497 39.6403 l
140.5497 39.1365 l
h
h
145.3363 37.2359 m
145.0140 37.2359 144.7189 37.2881 144.4504 37.3938 c
144.1803 37.4978 143.9459 37.6455 143.7486 37.8371 c
143.5496 38.0285 143.3942 38.2533 143.2828 38.5104 c
143.1714 38.7672 143.1159 39.0492 143.1159 39.3565 c
143.1159 39.6638 143.1714 39.9475 143.2828 40.2043 c
143.3942 40.4612 143.5496 40.6845 143.7503 40.8759 c
143.9510 41.0672 144.1854 41.2152 144.4555 41.3209 c
144.7257 41.4249 145.0225 41.4771 145.3479 41.4771 c
145.6770 41.4771 145.9789 41.4232 146.2541 41.3175 c
146.5274 41.2101 146.7587 41.0505 146.9492 40.8373 c
146.5812 40.4697 l
146.4111 40.6358 146.2252 40.7568 146.0245 40.8339 c
145.8238 40.9113 145.6061 40.9499 145.3717 40.9499 c
145.1339 40.9499 144.9128 40.9113 144.7084 40.8322 c
144.5046 40.7534 144.3274 40.6426 144.1786 40.4997 c
144.0303 40.3571 143.9155 40.1893 143.8345 39.9929 c
143.7520 39.7964 143.7114 39.5847 143.7114 39.3565 c
143.7114 39.1314 143.7520 38.9217 143.8345 38.7252 c
143.9155 38.5288 144.0303 38.3593 144.1786 38.2164 c
144.3274 38.0721 144.5029 37.9613 144.7050 37.8825 c
144.9077 37.8034 145.1288 37.7631 145.3666 37.7631 c
145.5874 37.7631 145.8017 37.7983 146.0061 37.8672 c
146.2102 37.9361 146.4007 38.0503 146.5744 38.2130 c
146.9137 37.7631 l
146.7079 37.5902 146.4667 37.4593 146.1917 37.3703 c
145.9148 37.2813 145.6296 37.2359 145.3363 37.2359 c
h
146.9137 37.7631 m
146.3417 37.8403 l
146.3417 39.3800 l
146.9137 39.3800 l
h
h
148.0493 37.2830 m
148.0493 41.4283 l
148.6446 41.4283 l
148.6446 37.7983 l
150.9001 37.7983 l
150.9001 37.2830 l
h
h
150.9542 37.2830 m
152.8424 41.4283 l
153.4311 41.4283 l
155.3241 37.2830 l
154.6982 37.2830 l
153.0145 41.0975 l
153.2523 41.0975 l
151.5685 37.2830 l
h
h
151.7593 38.3187 m
151.9194 38.7941 l
154.2645 38.7941 l
154.4366 38.3187 l
h
h
155.9418 37.2830 m
155.9418 41.4283 l
157.6979 41.4283 l
158.1418 41.4283 158.5346 41.3410 158.8740 41.1681 c
159.2130 40.9952 159.4760 40.7517 159.6654 40.4410 c
159.8542 40.1287 159.9486 39.7678 159.9486 39.3565 c
159.9486 38.9452 159.8542 38.5841 159.6654 38.2720 c
159.4760 37.9596 159.2130 37.7161 158.8740 37.5432 c
158.5346 37.3703 158.1418 37.2830 157.6979 37.2830 c
h
h
156.5371 37.7983 m
157.6624 37.7983 l
158.0083 37.7983 158.3070 37.8638 158.5585 37.9947 c
158.8099 38.1240 159.0055 38.3071 159.1455 38.5421 c
159.2838 38.7771 159.3530 39.0492 159.3530 39.3565 c
159.3530 39.6672 159.2838 39.9407 159.1455 40.1740 c
159.0055 40.4076 158.8099 40.5887 158.5585 40.7197 c
158.3070 40.8489 158.0083 40.9144 157.6624 40.9144 c
156.5371 40.9144 l
h
f
q
105.9335 51.6994 66.7851 50.1168 re W*
n
/GS13 gs
q
105.9335 51.6994 m
105.9335 101.8162 l
172.7186 101.8162 l
172.7186 51.6994 l
h
W*
n
q
67.12203 0.00000 0.00000 50.60839 105.7229 51.4783 cm
/Im111 Do
Q
Q
Q
q
180.2653 51.7110 66.7979 50.0876 re W*
n
/GS13 gs
q
180.2653 51.7110 m
180.2653 101.7986 l
247.0632 101.7986 l
247.0632 51.7110 l
h
W*
n
q
67.06530 0.00000 0.00000 50.54589 180.1316 51.3960 cm
/Im112 Do
Q
Q
Q
/GS13 gs
/CS15 cs 0.5300 1.0000 0.2800 0.1100 scn
246.7984 34.5254 m
181.1004 34.5254 l
183.3727 40.5814 l
181.1004 46.6384 l
246.7984 46.6384 l
244.5265 40.9085 l
h
f
/GS13 gs
/CS15 cs 0.0000 0.0000 0.0000 0.0000 scn
192.2403 37.2838 m
192.2403 38.8704 l
192.3761 38.5044 l
190.5931 41.4292 l
191.2260 41.4292 l
192.7253 38.9594 l
192.3812 38.9594 l
193.8855 41.4292 l
194.4731 41.4292 l
192.6952 38.5044 l
192.8262 38.8704 l
192.8262 37.2838 l
h
h
194.9805 37.2838 m
194.9805 41.4292 l
197.9067 41.4292 l
197.9067 40.9153 l
195.5730 40.9153 l
195.5730 37.7991 l
197.9906 37.7991 l
197.9906 37.2838 l
h
h
195.5194 39.1374 m
195.5194 39.6411 l
197.6516 39.6411 l
197.6516 39.1374 l
h
h
198.9496 37.2838 m
198.9496 41.4292 l
199.5420 41.4292 l
199.5420 37.7991 l
201.7868 37.7991 l
201.7868 37.2838 l
h
h
202.4688 37.2838 m
202.4688 41.4292 l
203.0613 41.4292 l
203.0613 37.7991 l
205.3060 37.7991 l
205.3060 37.2838 l
h
h
207.7829 37.2368 m
207.4671 37.2368 207.1752 37.2906 206.9048 37.3963 c
206.6343 37.5021 206.3993 37.6515 206.2029 37.8428 c
206.0048 38.0344 205.8503 38.2592 205.7394 38.5160 c
205.6286 38.7731 205.5733 39.0535 205.5733 39.3574 c
205.5733 39.6612 205.6286 39.9416 205.7394 40.1984 c
205.8503 40.4555 206.0048 40.6786 206.2029 40.8702 c
206.3993 41.0615 206.6326 41.2109 206.9014 41.3184 c
207.1684 41.4241 207.4620 41.4780 207.7829 41.4780 c
208.0984 41.4780 208.3907 41.4258 208.6577 41.3218 c
208.9244 41.2160 209.1563 41.0681 209.3562 40.8767 c
209.5557 40.6854 209.7085 40.4620 209.8176 40.2052 c
209.9268 39.9484 209.9806 39.6646 209.9806 39.3574 c
209.9806 39.0501 209.9268 38.7680 209.8176 38.5112 c
209.7085 38.2541 209.5557 38.0293 209.3562 37.8380 c
209.1563 37.6464 208.9244 37.4987 208.6577 37.3946 c
208.3907 37.2889 208.0984 37.2368 207.7829 37.2368 c
h
207.7829 37.7640 m
208.0128 37.7640 208.2243 37.8043 208.4207 37.8833 c
208.6155 37.9621 208.7853 38.0730 208.9295 38.2173 c
209.0738 38.3601 209.1864 38.5296 209.2671 38.7227 c
209.3477 38.9157 209.3879 39.1272 209.3879 39.3574 c
209.3879 39.5855 209.3477 39.7973 209.2671 39.9903 c
209.1864 40.1834 209.0738 40.3529 208.9295 40.4974 c
208.7853 40.6417 208.6155 40.7543 208.4207 40.8331 c
208.2243 40.9122 208.0128 40.9507 207.7829 40.9507 c
207.5494 40.9507 207.3362 40.9122 207.1414 40.8331 c
206.9450 40.7543 206.7755 40.6417 206.6295 40.4974 c
206.4832 40.3529 206.3690 40.1834 206.2885 39.9903 c
206.2063 39.7973 206.1660 39.5855 206.1660 39.3574 c
206.1660 39.1272 206.2063 38.9157 206.2885 38.7227 c
206.3690 38.5296 206.4832 38.3601 206.6295 38.2173 c
206.7755 38.0730 206.9450 37.9621 207.1414 37.8833 c
207.3362 37.8043 207.5494 37.7640 207.7829 37.7640 c
h
211.7089 37.2838 m
210.3236 41.4292 l
210.9331 41.4292 l
212.2075 37.6044 l
211.8986 37.6044 l
213.2198 41.4292 l
213.7654 41.4292 l
215.0566 37.6044 l
214.7596 37.6044 l
216.0507 41.4292 l
216.6131 41.4292 l
215.2278 37.2838 l
214.6051 37.2838 l
213.3978 40.8314 l
213.5574 40.8314 l
212.3436 37.2838 l
h
h
220.8895 37.2368 m
220.5686 37.2368 220.2749 37.2889 220.0079 37.3946 c
219.7392 37.4987 219.5059 37.6464 219.3094 37.8380 c
219.1113 38.0293 218.9568 38.2541 218.8460 38.5112 c
218.7351 38.7680 218.6799 39.0501 218.6799 39.3574 c
218.6799 39.6646 218.7351 39.9484 218.8460 40.2052 c
218.9568 40.4620 219.1113 40.6854 219.3111 40.8767 c
219.5110 41.0681 219.7443 41.2160 220.0130 41.3218 c
220.2817 41.4258 220.5771 41.4780 220.9011 41.4780 c
221.2285 41.4780 221.5290 41.4241 221.8028 41.3184 c
222.0746 41.2109 222.3048 41.0513 222.4945 40.8382 c
222.1285 40.4705 l
221.9590 40.6366 221.7742 40.7577 221.5743 40.8348 c
221.3745 40.9122 221.1579 40.9507 220.9246 40.9507 c
220.6879 40.9507 220.4680 40.9122 220.2647 40.8331 c
220.0618 40.7543 219.8854 40.6434 219.7375 40.5006 c
219.5898 40.3580 219.4756 40.1902 219.3951 39.9937 c
219.3129 39.7973 219.2726 39.5855 219.2726 39.3574 c
219.2726 39.1323 219.3129 38.9225 219.3951 38.7261 c
219.4756 38.5296 219.5898 38.3601 219.7375 38.2173 c
219.8854 38.0730 220.0601 37.9621 220.2613 37.8833 c
220.4629 37.8043 220.6828 37.7640 220.9195 37.7640 c
221.1395 37.7640 221.3527 37.7991 221.5559 37.8680 c
221.7591 37.9369 221.9488 38.0511 222.1217 38.2139 c
222.4593 37.7640 l
222.2544 37.5911 222.0143 37.4601 221.7407 37.3711 c
221.4652 37.2821 221.1814 37.2368 220.8895 37.2368 c
h
222.4593 37.7640 m
221.8901 37.8411 l
221.8901 39.3809 l
222.4593 39.3809 l
h
h
223.5892 37.2838 m
223.5892 41.4292 l
224.1816 41.4292 l
224.1816 37.7991 l
226.4264 37.7991 l
226.4264 37.2838 l
h
h
226.4803 37.2838 m
228.3591 41.4292 l
228.9450 41.4292 l
230.8289 37.2838 l
230.2058 37.2838 l
228.5303 41.0984 l
228.7670 41.0984 l
227.0914 37.2838 l
h
h
227.2813 38.3196 m
227.4406 38.7950 l
229.7744 38.7950 l
229.9456 38.3196 l
h
h
231.4434 37.2838 m
231.4434 41.4292 l
233.1910 41.4292 l
233.6326 41.4292 234.0238 41.3419 234.3614 41.1690 c
234.6987 40.9961 234.9607 40.7526 235.1489 40.4419 c
235.3368 40.1295 235.4309 39.7687 235.4309 39.3574 c
235.4309 38.9460 235.3368 38.5849 235.1489 38.2728 c
234.9607 37.9604 234.6987 37.7169 234.3614 37.5440 c
234.0238 37.3711 233.6326 37.2838 233.1910 37.2838 c
h
h
232.0359 37.7991 m
233.1558 37.7991 l
233.5000 37.7991 233.7973 37.8646 234.0473 37.9956 c
234.2976 38.1249 234.4924 38.3080 234.6316 38.5430 c
234.7693 38.7780 234.8382 39.0501 234.8382 39.3574 c
234.8382 39.6680 234.7693 39.9416 234.6316 40.1749 c
234.4924 40.4084 234.2976 40.5896 234.0473 40.7205 c
233.7973 40.8498 233.5000 40.9153 233.1558 40.9153 c
232.0359 40.9153 l
h
f
/GS13 gs
/CS15 cs 0.5300 1.0000 0.2800 0.1100 scn
195.0817 111.2805 m
75.9146 111.2805 l
80.0365 119.9007 l
75.9146 128.5206 l
195.0817 128.5206 l
190.9596 120.3647 l
h
f
/GS13 gs
/CS15 cs 0.0000 0.0000 0.0000 0.0000 scn
103.7625 115.8917 m
103.1681 115.8917 102.6196 115.9863 102.1226 116.1782 c
101.6260 116.3673 101.1932 116.6386 100.8244 116.9889 c
100.4559 117.3393 100.1693 117.7509 99.9652 118.2231 c
99.7608 118.6957 99.6574 119.2167 99.6574 119.7836 c
99.6574 120.3474 99.7608 120.8684 99.9652 121.3410 c
100.1693 121.8132 100.4559 122.2277 100.8306 122.5783 c
101.2025 122.9287 101.6382 123.1999 102.1411 123.3918 c
102.6408 123.5809 103.1924 123.6753 103.7959 123.6753 c
104.4632 123.6753 105.0636 123.5656 105.5971 123.3431 c
106.1303 123.1209 106.5815 122.7977 106.9441 122.3739 c
105.8287 121.3410 l
105.5543 121.6273 105.2558 121.8407 104.9357 121.9810 c
104.6126 122.1211 104.2622 122.1911 103.8813 122.1911 c
103.5156 122.1911 103.1834 122.1333 102.8818 122.0204 c
102.5799 121.9048 102.3208 121.7401 102.1045 121.5238 c
101.8851 121.3075 101.7176 121.0544 101.5985 120.7619 c
101.4797 120.4662 101.4188 120.1402 101.4188 119.7836 c
101.4188 119.4330 101.4797 119.1101 101.5985 118.8176 c
101.7176 118.5219 101.8851 118.2660 102.1045 118.0466 c
102.3208 117.8271 102.5799 117.6593 102.8786 117.5465 c
103.1743 117.4340 103.5034 117.3759 103.8600 117.3759 c
104.2044 117.3759 104.5395 117.4309 104.8657 117.5437 c
105.1917 117.6534 105.5086 117.8393 105.8165 118.1044 c
106.8069 116.8486 l
106.3956 116.5408 105.9202 116.3032 105.3808 116.1386 c
104.8414 115.9741 104.3019 115.8917 103.7625 115.8917 c
h
106.8069 116.8486 m
105.2130 117.0743 l
105.2130 119.9024 l
106.8069 119.9024 l
h
h
108.4192 116.0198 m
108.4192 123.5443 l
110.1594 123.5443 l
110.1594 117.4399 l
113.9355 117.4399 l
113.9355 116.0198 l
h
h
113.9233 116.0198 m
117.2786 123.5443 l
118.9976 123.5443 l
122.3651 116.0198 l
120.5365 116.0198 l
117.7846 122.6636 l
118.4734 122.6636 l
115.7091 116.0198 l
h
h
115.6025 117.6318 m
116.0626 118.9548 l
119.9333 118.9548 l
120.4087 117.6318 l
h
h
123.1483 116.0198 m
123.1483 123.5443 l
126.5678 123.5443 l
127.3844 123.5443 128.1039 123.3890 128.7286 123.0780 c
129.3534 122.7671 129.8409 122.3314 130.1913 121.7735 c
130.5420 121.2129 130.7157 120.5484 130.7157 119.7836 c
130.7157 119.0248 130.5420 118.3635 130.1913 117.7997 c
129.8409 117.2358 129.3534 116.7999 128.7286 116.4892 c
128.1039 116.1751 127.3844 116.0198 126.5678 116.0198 c
h
h
124.8885 117.4490 m
126.4793 117.4490 l
126.9822 117.4490 127.4182 117.5437 127.7870 117.7356 c
128.1557 117.9247 128.4452 118.1957 128.6493 118.5463 c
128.8536 118.8967 128.9540 119.3111 128.9540 119.7836 c
128.9540 120.2621 128.8536 120.6765 128.6493 121.0241 c
128.4452 121.3713 128.1557 121.6395 127.7870 121.8317 c
127.4182 122.0204 126.9822 122.1151 126.4793 122.1151 c
124.8885 122.1151 l
h
h
132.0290 116.0198 m
132.0290 123.5443 l
133.7692 123.5443 l
133.7692 116.0198 l
h
h
139.2092 115.8917 m
138.6147 115.8917 138.0631 115.9892 137.5603 116.1814 c
137.0546 116.3733 136.6186 116.6477 136.2498 116.9980 c
135.8813 117.3487 135.5947 117.7631 135.3906 118.2353 c
135.1862 118.7079 135.0828 119.2258 135.0828 119.7836 c
135.0828 120.3412 135.1862 120.8594 135.3906 121.3319 c
135.5947 121.8042 135.8813 122.2186 136.2560 122.5692 c
136.6279 122.9196 137.0636 123.1909 137.5665 123.3859 c
138.0662 123.5778 138.6119 123.6753 139.2001 123.6753 c
139.7942 123.6753 140.3427 123.5778 140.8397 123.3859 c
141.3363 123.1909 141.7723 122.9196 142.1410 122.5692 c
142.5098 122.2186 142.7961 121.8073 143.0065 121.3379 c
143.2137 120.8656 143.3174 120.3474 143.3174 119.7836 c
143.3174 119.2258 143.2137 118.7079 143.0065 118.2294 c
142.7961 117.7509 142.5098 117.3393 142.1410 116.9921 c
141.7723 116.6445 141.3363 116.3733 140.8397 116.1814 c
140.3427 115.9892 139.7974 115.8917 139.2092 115.8917 c
h
139.2001 117.3759 m
139.5383 117.3759 139.8461 117.4340 140.1296 117.5465 c
140.4130 117.6593 140.6599 117.8240 140.8762 118.0403 c
141.0925 118.2566 141.2572 118.5097 141.3760 118.8054 c
141.4947 119.0979 141.5529 119.4239 141.5529 119.7836 c
141.5529 120.1402 141.4947 120.4662 141.3760 120.7619 c
141.2572 121.0544 141.0925 121.3075 140.8822 121.5238 c
140.6721 121.7401 140.4221 121.9048 140.1355 122.0204 c
139.8492 122.1333 139.5383 122.1911 139.2001 122.1911 c
138.8616 122.1911 138.5538 122.1333 138.2706 122.0204 c
137.9871 121.9048 137.7371 121.7401 137.5237 121.5238 c
137.3074 121.3075 137.1430 121.0544 137.0239 120.7619 c
136.9052 120.4662 136.8442 120.1402 136.8442 119.7836 c
136.8442 119.4330 136.9052 119.1070 137.0239 118.8113 c
137.1430 118.5129 137.3074 118.2566 137.5177 118.0403 c
137.7281 117.8240 137.9778 117.6593 138.2644 117.5465 c
138.5510 117.4340 138.8616 117.3759 139.2001 117.3759 c
h
144.6279 116.0198 m
144.6279 123.5443 l
146.3681 123.5443 l
146.3681 117.4399 l
150.1441 117.4399 l
150.1441 116.0198 l
h
h
154.4655 115.8917 m
153.3960 115.8917 152.5609 116.1904 151.9605 116.7849 c
151.3602 117.3790 151.0583 118.2263 151.0583 119.3326 c
151.0583 123.5443 l
152.7985 123.5443 l
152.7985 119.3964 l
152.7985 118.6804 152.9447 118.1622 153.2404 117.8484 c
153.5329 117.5343 153.9445 117.3759 154.4749 117.3759 c
155.0081 117.3759 155.4194 117.5343 155.7150 117.8484 c
156.0076 118.1622 156.1541 118.6804 156.1541 119.3964 c
156.1541 123.5443 l
157.8728 123.5443 l
157.8728 119.3326 l
157.8728 118.2263 157.5711 117.3790 156.9708 116.7849 c
156.3704 116.1904 155.5353 115.8917 154.4655 115.8917 c
h
162.0663 115.8917 m
161.4660 115.8917 160.8900 115.9710 160.3383 116.1326 c
159.7867 116.2942 159.3420 116.5014 159.0035 116.7605 c
159.5948 118.0738 l
159.9180 117.8453 160.2989 117.6562 160.7409 117.5100 c
161.1797 117.3609 161.6244 117.2877 162.0785 117.2877 c
162.4229 117.2877 162.7004 117.3212 162.9108 117.3912 c
163.1208 117.4584 163.2793 117.5528 163.3799 117.6746 c
163.4805 117.7965 163.5293 117.9369 163.5293 118.0953 c
163.5293 118.2963 163.4502 118.4547 163.2946 118.5738 c
163.1361 118.6926 162.9289 118.7870 162.6698 118.8632 c
162.4107 118.9395 162.1273 119.0095 161.8166 119.0795 c
161.5025 119.1467 161.1918 119.2320 160.8809 119.3326 c
160.5671 119.4330 160.2836 119.5611 160.0245 119.7196 c
159.7654 119.8749 159.5582 120.0821 159.3967 120.3412 c
159.2351 120.6003 159.1529 120.9294 159.1529 121.3319 c
159.1529 121.7614 159.2688 122.1517 159.5035 122.5083 c
159.7351 122.8646 160.0855 123.1481 160.5580 123.3584 c
161.0271 123.5687 161.6153 123.6753 162.3254 123.6753 c
162.7980 123.6753 163.2643 123.6206 163.7243 123.5078 c
164.1815 123.3950 164.5869 123.2306 164.9373 123.0080 c
164.4009 121.6854 l
164.0506 121.8864 163.6968 122.0357 163.3465 122.1333 c
162.9961 122.2277 162.6517 122.2764 162.3132 122.2764 c
161.9782 122.2764 161.7038 122.2370 161.4875 122.1608 c
161.2709 122.0814 161.1187 121.9779 161.0240 121.8529 c
160.9296 121.7279 160.8840 121.5816 160.8840 121.4172 c
160.8840 121.2250 160.9631 121.0697 161.1218 120.9509 c
161.2772 120.8319 161.4844 120.7344 161.7435 120.6643 c
162.0026 120.5943 162.2860 120.5212 162.5998 120.4509 c
162.9108 120.3778 163.2214 120.2956 163.5355 120.2012 c
163.8462 120.1065 164.1297 119.9818 164.3888 119.8261 c
164.6478 119.6677 164.8582 119.4605 165.0195 119.2014 c
165.1810 118.9423 165.2604 118.6163 165.2604 118.2231 c
165.2604 117.7997 165.1414 117.4124 164.9069 117.0621 c
164.6691 116.7117 164.3156 116.4283 163.8462 116.2148 c
163.3768 115.9985 162.7826 115.8917 162.0663 115.8917 c
f
/GS13 gs
/CS15 cs 0.5300 1.0000 0.2800 0.1100 scn
234.7430 533.8726 m
45.4918 533.8726 l
52.0379 543.1958 l
45.4918 552.5178 l
234.7430 552.5178 l
228.1969 543.6978 l
h
f
/GS13 gs
/CS15 cs 0.0000 0.0000 0.0000 0.0000 scn
66.4679 539.9802 m
66.4679 547.4310 l
68.1939 547.4310 l
68.1939 539.9802 l
h
h
61.3587 539.9802 m
61.3587 547.4310 l
63.0819 547.4310 l
63.0819 539.9802 l
h
h
62.9552 543.0342 m
62.9552 544.4946 l
66.5946 544.4946 l
66.5946 543.0342 l
h
h
71.6953 539.9802 m
71.6953 543.0251 l
72.0876 541.9809 l
68.8102 547.4310 l
70.6391 547.4310 l
73.1529 543.2485 l
72.0995 543.2485 l
74.6226 547.4310 l
76.3155 547.4310 l
73.0352 541.9809 l
73.4185 543.0251 l
73.4185 539.9802 l
h
h
76.9226 539.9802 m
76.9226 547.4310 l
80.5620 547.4310 l
81.5006 547.4310 82.2039 547.2530 82.6775 546.8998 c
83.1484 546.5469 83.3837 546.0761 83.3837 545.4935 c
83.3837 545.1043 83.2873 544.7665 83.0971 544.4796 c
82.9069 544.1930 82.6444 543.9696 82.3093 543.8126 c
81.9746 543.6558 81.5913 543.5773 81.1596 543.5773 c
81.3620 544.0150 l
81.8297 544.0150 82.2461 543.9396 82.6081 543.7857 c
82.9704 543.6317 83.2541 543.4084 83.4562 543.1096 c
83.6583 542.8108 83.7578 542.4457 83.7578 542.0140 c
83.7578 541.3742 83.5075 540.8765 83.0035 540.5173 c
82.4995 540.1582 81.7571 539.9802 80.7763 539.9802 c
h
h
78.6368 541.2779 m
80.6496 541.2779 l
81.0964 541.2779 81.4343 541.3501 81.6667 541.4981 c
81.8960 541.6430 82.0106 541.8754 82.0106 542.1951 c
82.0106 542.5061 81.8960 542.7383 81.6667 542.8922 c
81.4343 543.0461 81.0964 543.1215 80.6496 543.1215 c
78.5069 543.1215 l
78.5069 544.3770 l
80.3509 544.3770 l
80.7704 544.3770 81.0901 544.4495 81.3135 544.5972 c
81.5369 544.7421 81.6486 544.9626 81.6486 545.2614 c
81.6486 545.5511 81.5369 545.7682 81.3135 545.9162 c
81.0901 546.0610 80.7704 546.1333 80.3509 546.1333 c
78.6368 546.1333 l
h
h
85.0677 539.9802 m
85.0677 547.4310 l
88.2516 547.4310 l
89.2865 547.4310 90.0924 547.1926 90.6687 546.7127 c
91.2421 546.2331 91.5287 545.5721 91.5287 544.7271 c
91.5287 544.1749 91.3992 543.6981 91.1364 543.2967 c
90.8739 542.8953 90.4997 542.5906 90.0170 542.3763 c
89.5340 542.1620 88.9608 542.0563 88.2938 542.0563 c
86.0244 542.0563 l
86.7909 542.8108 l
86.7909 539.9802 l
h
h
89.8055 539.9802 m
87.9406 542.6841 l
89.7846 542.6841 l
91.6676 539.9802 l
h
h
86.7909 542.6206 m
86.0244 543.4294 l
88.1972 543.4294 l
88.7315 543.4294 89.1298 543.5442 89.3923 543.7766 c
89.6547 544.0059 89.7846 544.3228 89.7846 544.7271 c
89.7846 545.1406 89.6547 545.4604 89.3923 545.6869 c
89.1298 545.9131 88.7315 546.0279 88.1972 546.0279 c
86.0244 546.0279 l
86.7909 546.8457 l
h
h
92.8928 539.9802 m
92.8928 547.4310 l
94.6159 547.4310 l
94.6159 539.9802 l
h
h
96.3842 539.9802 m
96.3842 547.4310 l
99.7702 547.4310 l
100.5789 547.4310 101.2912 547.2771 101.9098 546.9693 c
102.5286 546.6614 103.0113 546.2300 103.3583 545.6778 c
103.7052 545.1225 103.8773 544.4646 103.8773 543.7071 c
103.8773 542.9557 103.7052 542.3009 103.3583 541.7425 c
103.0113 541.1843 102.5286 540.7526 101.9098 540.4448 c
101.2912 540.1341 100.5789 539.9802 99.7702 539.9802 c
h
h
98.1074 541.3955 m
99.6826 541.3955 l
100.1806 541.3955 100.6121 541.4890 100.9772 541.6792 c
101.3426 541.8663 101.6291 542.1348 101.8312 542.4820 c
102.0336 542.8290 102.1331 543.2394 102.1331 543.7071 c
102.1331 544.1808 102.0336 544.5913 101.8312 544.9354 c
101.6291 545.2792 101.3426 545.5449 100.9772 545.7351 c
100.6121 545.9221 100.1806 546.0157 99.6826 546.0157 c
98.1074 546.0157 l
h
h
111.7568 539.8534 m
111.1802 539.8534 110.6461 539.9470 110.1543 540.1372 c
109.6625 540.3243 109.2339 540.5927 108.8717 540.9397 c
108.5097 541.2869 108.2290 541.6943 108.0266 542.1620 c
107.8245 542.6297 107.7219 543.1459 107.7219 543.7071 c
107.7219 544.2653 107.8245 544.7815 108.0266 545.2492 c
108.2290 545.7169 108.5125 546.1274 108.8779 546.4743 c
109.2430 546.8213 109.6685 547.0900 110.1603 547.2802 c
110.6493 547.4673 111.1833 547.5609 111.7658 547.5609 c
112.4116 547.5609 112.9969 547.4492 113.5191 547.2258 c
114.0412 547.0024 114.4789 546.6736 114.8318 546.2391 c
113.7243 545.2189 l
113.4677 545.5086 113.1840 545.7260 112.8733 545.8740 c
112.5624 546.0188 112.2214 546.0911 111.8503 546.0911 c
111.5033 546.0911 111.1864 546.0338 110.8936 545.9221 c
110.6008 545.8073 110.3505 545.6446 110.1393 545.4303 c
109.9250 545.2160 109.7620 544.9654 109.6444 544.6757 c
109.5265 544.3832 109.4664 544.0601 109.4664 543.7071 c
109.4664 543.3511 109.5265 543.0280 109.6444 542.7383 c
109.7620 542.4457 109.9250 542.1951 110.1393 541.9809 c
110.3505 541.7666 110.6008 541.6038 110.8936 541.4922 c
111.1864 541.3805 111.5033 541.3229 111.8503 541.3229 c
112.2214 541.3229 112.5624 541.3955 112.8733 541.5403 c
113.1840 541.6852 113.4677 541.9054 113.7243 542.2042 c
114.8318 541.1843 l
114.4789 540.7498 114.0412 540.4207 113.5191 540.1945 c
112.9969 539.9680 112.4084 539.8534 111.7568 539.8534 c
h
121.0062 539.9802 m
121.0062 547.4310 l
122.7322 547.4310 l
122.7322 539.9802 l
h
h
115.8970 539.9802 m
115.8970 547.4310 l
117.6202 547.4310 l
117.6202 539.9802 l
h
h
117.4935 543.0342 m
117.4935 544.4946 l
121.1329 544.4946 l
121.1329 543.0342 l
h
h
124.4976 539.9802 m
124.4976 547.4310 l
127.6815 547.4310 l
128.7164 547.4310 129.5223 547.1926 130.0986 546.7127 c
130.6721 546.2331 130.9586 545.5721 130.9586 544.7271 c
130.9586 544.1749 130.8291 543.6981 130.5663 543.2967 c
130.3038 542.8953 129.9297 542.5906 129.4469 542.3763 c
128.9639 542.1620 128.3907 542.0563 127.7237 542.0563 c
125.4543 542.0563 l
126.2208 542.8108 l
126.2208 539.9802 l
h
h
129.2355 539.9802 m
127.3706 542.6841 l
129.2145 542.6841 l
131.0975 539.9802 l
h
h
126.2208 542.6206 m
125.4543 543.4294 l
127.6271 543.4294 l
128.1614 543.4294 128.5597 543.5442 128.8222 543.7766 c
129.0847 544.0059 129.2145 544.3228 129.2145 544.7271 c
129.2145 545.1406 129.0847 545.4604 128.8222 545.6869 c
128.5597 545.9131 128.1614 546.0279 127.6271 546.0279 c
125.4543 546.0279 l
126.2208 546.8457 l
h
h
134.0691 539.9802 m
134.0691 543.0251 l
134.4614 541.9809 l
131.1840 547.4310 l
133.0129 547.4310 l
135.5267 543.2485 l
134.4733 543.2485 l
136.9964 547.4310 l
138.6893 547.4310 l
135.4090 541.9809 l
135.7923 543.0251 l
135.7923 539.9802 l
h
h
141.7014 539.8534 m
141.1070 539.8534 140.5366 539.9320 139.9904 540.0918 c
139.4442 540.2517 139.0037 540.4569 138.6686 540.7135 c
139.2540 542.0140 l
139.5740 541.7878 139.9513 541.6007 140.3887 541.4559 c
140.8232 541.3079 141.2640 541.2356 141.7136 541.2356 c
142.0546 541.2356 142.3293 541.2688 142.5373 541.3382 c
142.7457 541.4046 142.9024 541.4981 143.0022 541.6189 c
143.1017 541.7396 143.1499 541.8782 143.1499 542.0353 c
143.1499 542.2346 143.0714 542.3913 142.9177 542.5089 c
142.7607 542.6269 142.5555 542.7204 142.2989 542.7958 c
142.0424 542.8712 141.7618 542.9407 141.4539 543.0101 c
141.1432 543.0764 140.8354 543.1609 140.5276 543.2604 c
140.2166 543.3602 139.9360 543.4869 139.6794 543.6437 c
139.4229 543.7976 139.2180 544.0028 139.0578 544.2593 c
138.8979 544.5159 138.8166 544.8419 138.8166 545.2401 c
138.8166 545.6656 138.9311 546.0520 139.1635 546.4049 c
139.3929 546.7581 139.7398 547.0387 140.2075 547.2471 c
140.6724 547.4551 141.2549 547.5609 141.9579 547.5609 c
142.4256 547.5609 142.8874 547.5064 143.3432 547.3947 c
143.7959 547.2831 144.1970 547.1201 144.5443 546.8998 c
144.0130 545.5902 l
143.6661 545.7895 143.3160 545.9372 142.9690 546.0338 c
142.6218 546.1274 142.2808 546.1756 141.9460 546.1756 c
141.6138 546.1756 141.3422 546.1364 141.1279 546.0610 c
140.9139 545.9825 140.7628 545.8799 140.6693 545.7560 c
140.5757 545.6324 140.5307 545.4876 140.5307 545.3246 c
140.5307 545.1344 140.6089 544.9805 140.7660 544.8628 c
140.9199 544.7452 141.1251 544.6485 141.3816 544.5794 c
141.6382 544.5099 141.9188 544.4374 142.2295 544.3679 c
142.5373 544.2956 142.8452 544.2140 143.1561 544.1204 c
143.4637 544.0269 143.7446 543.9033 144.0009 543.7494 c
144.2574 543.5923 144.4657 543.3871 144.6256 543.1306 c
144.7855 542.8743 144.8640 542.5512 144.8640 542.1620 c
144.8640 541.7425 144.7464 541.3592 144.5139 541.0123 c
144.2786 540.6653 143.9286 540.3847 143.4637 540.1732 c
142.9991 539.9589 142.4106 539.8534 141.7014 539.8534 c
h
145.0661 539.9802 m
148.3889 547.4310 l
150.0908 547.4310 l
153.4255 539.9802 l
151.6147 539.9802 l
148.8898 546.5588 l
149.5718 546.5588 l
146.8346 539.9802 l
h
h
146.7289 541.5766 m
147.1847 542.8862 l
151.0172 542.8862 l
151.4880 541.5766 l
h
h
154.2008 539.9802 m
154.2008 547.4310 l
155.6283 547.4310 l
160.0251 542.0653 l
159.3309 542.0653 l
159.3309 547.4310 l
161.0359 547.4310 l
161.0359 539.9802 l
159.6178 539.9802 l
155.2119 545.3459 l
155.9030 545.3459 l
155.9030 539.9802 l
h
h
164.3434 539.9802 m
164.3434 546.0279 l
161.9595 546.0279 l
161.9595 547.4310 l
168.4536 547.4310 l
168.4536 546.0279 l
166.0697 546.0279 l
166.0697 539.9802 l
h
h
174.4892 539.9802 m
174.4892 547.4310 l
176.2152 547.4310 l
176.2152 539.9802 l
h
h
169.3800 539.9802 m
169.3800 547.4310 l
171.1032 547.4310 l
171.1032 539.9802 l
h
h
170.9765 543.0342 m
170.9765 544.4946 l
174.6159 544.4946 l
174.6159 543.0342 l
h
h
177.9806 539.9802 m
177.9806 547.4310 l
183.6119 547.4310 l
183.6119 546.0489 l
179.6947 546.0489 l
179.6947 541.3654 l
183.7505 541.3654 l
183.7505 539.9802 l
h
h
179.5649 543.0883 m
179.5649 544.4314 l
183.1533 544.4314 l
183.1533 543.0883 l
h
h
185.1236 539.9802 m
185.1236 547.4310 l
186.5511 547.4310 l
189.7228 542.1742 l
188.9654 542.1742 l
192.0858 547.4310 l
193.5011 547.4310 l
193.5221 539.9802 l
191.9047 539.9802 l
191.8925 544.9504 l
192.1912 544.9504 l
189.7016 540.7679 l
188.9232 540.7679 l
186.3791 544.9504 l
186.7414 544.9504 l
186.7414 539.9802 l
h
h
198.6009 539.8534 m
197.5416 539.8534 196.7148 540.1491 196.1203 540.7376 c
195.5259 541.3260 195.2271 542.1651 195.2271 543.2604 c
195.2271 547.4310 l
196.9503 547.4310 l
196.9503 543.3239 l
196.9503 542.6147 197.0952 542.1016 197.3877 541.7909 c
197.6774 541.4800 198.0848 541.3229 198.6100 541.3229 c
199.1381 541.3229 199.5454 541.4800 199.8383 541.7909 c
200.1280 542.1016 200.2728 542.6147 200.2728 543.3239 c
200.2728 547.4310 l
201.9747 547.4310 l
201.9747 543.2604 l
201.9747 542.1651 201.6760 541.3260 201.0815 540.7376 c
200.4871 540.1491 199.6603 539.8534 198.6009 539.8534 c
h
203.6798 539.9802 m
203.6798 547.4310 l
205.1073 547.4310 l
208.2790 542.1742 l
207.5216 542.1742 l
210.6420 547.4310 l
212.0573 547.4310 l
212.0783 539.9802 l
210.4608 539.9802 l
210.4486 544.9504 l
210.7474 544.9504 l
208.2577 540.7679 l
207.4793 540.7679 l
204.9352 544.9504 l
205.2975 544.9504 l
205.2975 539.9802 l
h
h
216.2940 539.8534 m
215.6995 539.8534 215.1292 539.9320 214.5830 540.0918 c
214.0367 540.2517 213.5962 540.4569 213.2612 540.7135 c
213.8465 542.0140 l
214.1666 541.7878 214.5438 541.6007 214.9812 541.4559 c
215.4158 541.3079 215.8566 541.2356 216.3061 541.2356 c
216.6471 541.2356 216.9218 541.2688 217.1299 541.3382 c
217.3382 541.4046 217.4950 541.4981 217.5948 541.6189 c
217.6943 541.7396 217.7425 541.8782 217.7425 542.0353 c
217.7425 542.2346 217.6639 542.3913 217.5103 542.5089 c
217.3533 542.6269 217.1480 542.7204 216.8915 542.7958 c
216.6350 542.8712 216.3543 542.9407 216.0465 543.0101 c
215.7358 543.0764 215.4280 543.1609 215.1201 543.2604 c
214.8092 543.3602 214.5285 543.4869 214.2720 543.6437 c
214.0155 543.7976 213.8105 544.0028 213.6504 544.2593 c
213.4905 544.5159 213.4091 544.8419 213.4091 545.2401 c
213.4091 545.6656 213.5237 546.0520 213.7561 546.4049 c
213.9854 546.7581 214.3324 547.0387 214.8001 547.2471 c
215.2650 547.4551 215.8475 547.5609 216.5505 547.5609 c
217.0182 547.5609 217.4800 547.5064 217.9358 547.3947 c
218.3885 547.2831 218.7896 547.1201 219.1368 546.8998 c
218.6056 545.5902 l
218.2586 545.7895 217.9086 545.9372 217.5616 546.0338 c
217.2144 546.1274 216.8734 546.1756 216.5386 546.1756 c
216.2064 546.1756 215.9348 546.1364 215.7205 546.0610 c
215.5065 545.9825 215.3554 545.8799 215.2619 545.7560 c
215.1683 545.6324 215.1232 545.4876 215.1232 545.3246 c
215.1232 545.1344 215.2015 544.9805 215.3585 544.8628 c
215.5124 544.7452 215.7177 544.6485 215.9742 544.5794 c
216.2307 544.5099 216.5114 544.4374 216.8220 544.3679 c
217.1299 544.2956 217.4377 544.2140 217.7487 544.1204 c
218.0563 544.0269 218.3372 543.9033 218.5934 543.7494 c
218.8500 543.5923 219.0583 543.3871 219.2182 543.1306 c
219.3780 542.8743 219.4566 542.5512 219.4566 542.1620 c
219.4566 541.7425 219.3389 541.3592 219.1065 541.0123 c
218.8712 540.6653 218.5211 540.3847 218.0563 540.1732 c
217.5917 539.9589 217.0032 539.8534 216.2940 539.8534 c
f
Q
EMC

