1.00000 0.00000 0.00000 1.00000 0.0000 0.0000 cm
/GS11 gs
/OC /Pr117 BDC
q
/GS13 gs
/CS15 cs 0.0000 0.0700 0.0000 0.0000 scn
282.0362 -0.0397 m
-1.3337 -0.0397 l
-1.3337 595.3153 l
282.0362 595.3153 l
h
f
/GS13 gs
/CS15 cs 0.5300 1.0000 0.2800 0.1100 scn
211.7228 533.8726 m
82.8439 533.8726 l
87.3020 543.1958 l
82.8439 552.5178 l
211.7228 552.5178 l
207.2648 543.6978 l
h
f
/GS13 gs
/CS15 cs 0.0000 0.0000 0.0000 0.0000 scn
111.1754 539.8605 m
110.5458 539.8605 109.9624 539.9626 109.4250 540.1704 c
108.8878 540.3747 108.4198 540.6678 108.0244 541.0471 c
107.6287 541.4261 107.3222 541.8709 107.1014 542.3820 c
106.8806 542.8928 106.7686 543.4563 106.7686 544.0694 c
106.7686 544.6791 106.8806 545.2427 107.1014 545.7538 c
107.3222 546.2646 107.6321 546.7127 108.0309 547.0917 c
108.4297 547.4710 108.8943 547.7641 109.4318 547.9719 c
109.9655 548.1763 110.5489 548.2783 111.1850 548.2783 c
111.8906 548.2783 112.5298 548.1564 113.1001 547.9126 c
113.6704 547.6686 114.1483 547.3094 114.5339 546.8346 c
113.3243 545.7206 l
113.0440 546.0372 112.7341 546.2745 112.3948 546.4361 c
112.0552 546.5942 111.6828 546.6733 111.2774 546.6733 c
110.8984 546.6733 110.5523 546.6107 110.2326 546.4888 c
109.9128 546.3635 109.6393 546.1855 109.4085 545.9513 c
109.1747 545.7175 108.9967 545.4439 108.8680 545.1273 c
108.7396 544.8078 108.6735 544.4549 108.6735 544.0694 c
108.6735 543.6805 108.7396 543.3279 108.8680 543.0115 c
108.9967 542.6918 109.1747 542.4182 109.4085 542.1841 c
109.6393 541.9500 109.9128 541.7722 110.2326 541.6500 c
110.5523 541.5282 110.8984 541.4655 111.2774 541.4655 c
111.6828 541.4655 112.0552 541.5446 112.3948 541.7028 c
112.7341 541.8612 113.0440 542.1016 113.3243 542.4279 c
114.5339 541.3139 l
114.1483 540.8393 113.6704 540.4802 113.1001 540.2330 c
112.5298 539.9855 111.8871 539.8605 111.1754 539.8605 c
h
119.2887 539.8605 m
118.6461 539.8605 118.0494 539.9660 117.5057 540.1735 c
116.9586 540.3813 116.4872 540.6778 116.0884 541.0568 c
115.6895 541.4360 115.3797 541.8842 115.1589 542.3950 c
114.9381 542.9058 114.8261 543.4662 114.8261 544.0694 c
114.8261 544.6726 114.9381 545.2328 115.1589 545.7438 c
115.3797 546.2546 115.6895 546.7028 116.0949 547.0818 c
116.4971 547.4611 116.9683 547.7545 117.5122 547.9654 c
118.0528 548.1729 118.6427 548.2783 119.2788 548.2783 c
119.9217 548.2783 120.5150 548.1729 121.0521 547.9654 c
121.5893 547.7545 122.0607 547.4611 122.4595 547.0818 c
122.8584 546.7028 123.1682 546.2580 123.3955 545.7504 c
123.6197 545.2396 123.7317 544.6791 123.7317 544.0694 c
123.7317 543.4662 123.6197 542.9058 123.3955 542.3885 c
123.1682 541.8709 122.8584 541.4261 122.4595 541.0502 c
122.0607 540.6746 121.5893 540.3813 121.0521 540.1735 c
120.5150 539.9660 119.9248 539.8605 119.2887 539.8605 c
h
119.2788 541.4655 m
119.6447 541.4655 119.9775 541.5282 120.2842 541.6500 c
120.5906 541.7722 120.8577 541.9500 121.0915 542.1841 c
121.3257 542.4182 121.5037 542.6918 121.6321 543.0115 c
121.7608 543.3279 121.8234 543.6805 121.8234 544.0694 c
121.8234 544.4549 121.7608 544.8078 121.6321 545.1273 c
121.5037 545.4439 121.3257 545.7175 121.0983 545.9513 c
120.8707 546.1855 120.6006 546.3635 120.2907 546.4888 c
119.9809 546.6107 119.6447 546.6733 119.2788 546.6733 c
118.9131 546.6733 118.5800 546.6107 118.2736 546.4888 c
117.9672 546.3635 117.6968 546.1855 117.4660 545.9513 c
117.2322 545.7175 117.0541 545.4439 116.9254 545.1273 c
116.7970 544.8078 116.7310 544.4549 116.7310 544.0694 c
116.7310 543.6904 116.7970 543.3378 116.9254 543.0180 c
117.0541 542.6949 117.2322 542.4182 117.4595 542.1841 c
117.6868 541.9500 117.9573 541.7722 118.2671 541.6500 c
118.5769 541.5282 118.9131 541.4655 119.2788 541.4655 c
h
125.1490 539.9989 m
125.1490 548.1366 l
128.6263 548.1366 l
129.7568 548.1366 130.6369 547.8763 131.2662 547.3522 c
131.8927 546.8281 132.2056 546.1064 132.2056 545.1834 c
132.2056 544.5802 132.0639 544.0595 131.7773 543.6213 c
131.4904 543.1827 131.0817 542.8500 130.5544 542.6158 c
130.0272 542.3820 129.4007 542.2666 128.6725 542.2666 c
126.1939 542.2666 l
127.0310 543.0906 l
127.0310 539.9989 l
h
h
130.3237 539.9989 m
128.2867 542.9520 l
130.3007 542.9520 l
132.3573 539.9989 l
h
h
127.0310 542.8828 m
126.1939 543.7661 l
128.5671 543.7661 l
129.1504 543.7661 129.5853 543.8914 129.8721 544.1451 c
130.1590 544.3957 130.3007 544.7418 130.3007 545.1834 c
130.3007 545.6350 130.1590 545.9845 129.8721 546.2317 c
129.5853 546.4789 129.1504 546.6042 128.5671 546.6042 c
126.1939 546.6042 l
127.0310 547.4974 l
h
h
133.6955 539.9989 m
133.6955 548.1366 l
135.2546 548.1366 l
140.0567 542.2765 l
139.2987 542.2765 l
139.2987 548.1366 l
141.1608 548.1366 l
141.1608 539.9989 l
139.6117 539.9989 l
134.7996 545.8592 l
135.5545 545.8592 l
135.5545 539.9989 l
h
h
142.0177 539.9989 m
145.6466 548.1366 l
147.5056 548.1366 l
151.1476 539.9989 l
149.1701 539.9989 l
146.1937 547.1841 l
146.9387 547.1841 l
143.9493 539.9989 l
h
h
143.8339 541.7425 m
144.3314 543.1728 l
148.5173 543.1728 l
149.0315 541.7425 l
h
h
153.2721 539.9989 m
153.2721 546.6042 l
150.6682 546.6042 l
150.6682 548.1366 l
157.7611 548.1366 l
157.7611 546.6042 l
155.1572 546.6042 l
155.1572 539.9989 l
h
h
158.7730 539.9989 m
158.7730 548.1366 l
160.6550 548.1366 l
160.6550 539.9989 l
h
h
166.5383 539.8605 m
165.8957 539.8605 165.2990 539.9660 164.7553 540.1735 c
164.2082 540.3813 163.7368 540.6778 163.3380 541.0568 c
162.9391 541.4360 162.6293 541.8842 162.4085 542.3950 c
162.1877 542.9058 162.0757 543.4662 162.0757 544.0694 c
162.0757 544.6726 162.1877 545.2328 162.4085 545.7438 c
162.6293 546.2546 162.9391 546.7028 163.3445 547.0818 c
163.7467 547.4611 164.2178 547.7545 164.7618 547.9654 c
165.3024 548.1729 165.8923 548.2783 166.5283 548.2783 c
167.1712 548.2783 167.7645 548.1729 168.3017 547.9654 c
168.8389 547.7545 169.3103 547.4611 169.7091 547.0818 c
170.1079 546.7028 170.4178 546.2580 170.6451 545.7504 c
170.8693 545.2396 170.9813 544.6791 170.9813 544.0694 c
170.9813 543.4662 170.8693 542.9058 170.6451 542.3885 c
170.4178 541.8709 170.1079 541.4261 169.7091 541.0502 c
169.3103 540.6746 168.8389 540.3813 168.3017 540.1735 c
167.7645 539.9660 167.1744 539.8605 166.5383 539.8605 c
h
166.5283 541.4655 m
166.8943 541.4655 167.2271 541.5282 167.5338 541.6500 c
167.8402 541.7722 168.1072 541.9500 168.3411 542.1841 c
168.5752 542.4182 168.7533 542.6918 168.8817 543.0115 c
169.0104 543.3279 169.0730 543.6805 169.0730 544.0694 c
169.0730 544.4549 169.0104 544.8078 168.8817 545.1273 c
168.7533 545.4439 168.5752 545.7175 168.3479 545.9513 c
168.1203 546.1855 167.8501 546.3635 167.5403 546.4888 c
167.2305 546.6107 166.8943 546.6733 166.5283 546.6733 c
166.1627 546.6733 165.8296 546.6107 165.5232 546.4888 c
165.2168 546.3635 164.9463 546.1855 164.7156 545.9513 c
164.4817 545.7175 164.3037 545.4439 164.1750 545.1273 c
164.0466 544.8078 163.9806 544.4549 163.9806 544.0694 c
163.9806 543.6904 164.0466 543.3378 164.1750 543.0180 c
164.3037 542.6949 164.4817 542.4182 164.7091 542.1841 c
164.9364 541.9500 165.2068 541.7722 165.5167 541.6500 c
165.8265 541.5282 166.1627 541.4655 166.5283 541.4655 c
h
172.3986 539.9989 m
172.3986 548.1366 l
173.9577 548.1366 l
178.7598 542.2765 l
178.0019 542.2765 l
178.0019 548.1366 l
179.8639 548.1366 l
179.8639 539.9989 l
178.3148 539.9989 l
173.5027 545.8592 l
174.2576 545.8592 l
174.2576 539.9989 l
h
h
184.4651 539.8605 m
183.8157 539.8605 183.1929 539.9461 182.5963 540.1208 c
181.9996 540.2954 181.5185 540.5196 181.1526 540.7997 c
181.7921 542.2204 l
182.1413 541.9732 182.5534 541.7688 183.0314 541.6106 c
183.5059 541.4491 183.9872 541.3700 184.4782 541.3700 c
184.8506 541.3700 185.1506 541.4063 185.3782 541.4820 c
185.6055 541.5545 185.7770 541.6569 185.8856 541.7887 c
185.9944 541.9205 186.0471 542.0721 186.0471 542.2433 c
186.0471 542.4610 185.9615 542.6323 185.7934 542.7609 c
185.6220 542.8894 185.3977 542.9917 185.1177 543.0739 c
184.8376 543.1564 184.5309 543.2323 184.1947 543.3080 c
183.8554 543.3806 183.5192 543.4727 183.1830 543.5816 c
182.8434 543.6904 182.5370 543.8288 182.2567 544.0003 c
181.9766 544.1683 181.7524 544.3923 181.5778 544.6726 c
181.4031 544.9527 181.3141 545.3087 181.3141 545.7438 c
181.3141 546.2084 181.4394 546.6305 181.6931 547.0160 c
181.9437 547.4015 182.3227 547.7083 182.8335 547.9356 c
183.3412 548.1629 183.9773 548.2783 184.7452 548.2783 c
185.2560 548.2783 185.7603 548.2191 186.2580 548.0972 c
186.7524 547.9753 187.1909 547.7973 187.5699 547.5566 c
186.9897 546.1262 l
186.6107 546.3437 186.2283 546.5052 185.8493 546.6107 c
185.4703 546.7127 185.0978 546.7654 184.7322 546.7654 c
184.3696 546.7654 184.0728 546.7226 183.8390 546.6402 c
183.6048 546.5546 183.4401 546.4426 183.3378 546.3074 c
183.2357 546.1722 183.1861 546.0140 183.1861 545.8360 c
183.1861 545.6285 183.2720 545.4604 183.4432 545.3317 c
183.6113 545.2033 183.8356 545.0978 184.1156 545.0219 c
184.3960 544.9462 184.7024 544.8671 185.0420 544.7911 c
185.3782 544.7120 185.7144 544.6230 186.0537 544.5210 c
186.3899 544.4186 186.6966 544.2837 186.9766 544.1156 c
187.2567 543.9441 187.4843 543.7199 187.6589 543.4398 c
187.8335 543.1598 187.9191 542.8071 187.9191 542.3820 c
187.9191 541.9236 187.7907 541.5052 187.5370 541.1262 c
187.2799 540.7469 186.8975 540.4405 186.3899 540.2098 c
185.8825 539.9759 185.2396 539.8605 184.4651 539.8605 c
f
/GS13 gs
/CS15 cs 0.5300 1.0000 0.2800 0.1100 scn
100.2983 451.7734 m
35.1814 451.7734 l
37.4335 457.2054 l
35.1814 462.6383 l
100.2983 462.6383 l
98.0464 457.4982 l
h
f
/GS13 gs
/CS15 cs 0.0000 0.0000 0.0000 0.0000 scn
41.8175 454.6687 m
40.5862 458.3537 l
41.1279 458.3537 l
42.2609 454.9538 l
41.9862 454.9538 l
43.1609 458.3537 l
43.6459 458.3537 l
44.7936 454.9538 l
44.5294 454.9538 l
45.6772 458.3537 l
46.1772 458.3537 l
44.9459 454.6687 l
44.3920 454.6687 l
43.3191 457.8225 l
43.4608 457.8225 l
42.3816 454.6687 l
h
h
49.4623 454.6687 m
49.4623 458.3537 l
49.9893 458.3537 l
49.9893 454.6687 l
h
h
46.8190 454.6687 m
46.8190 458.3537 l
47.3460 458.3537 l
47.3460 454.6687 l
h
h
47.2938 456.3119 m
47.2938 456.7703 l
49.5099 456.7703 l
49.5099 456.3119 l
h
h
51.0951 454.6687 m
51.0951 458.3537 l
51.6220 458.3537 l
51.6220 454.6687 l
h
h
53.4606 454.6687 m
53.4606 457.8970 l
52.1966 457.8970 l
52.1966 458.3537 l
55.2458 458.3537 l
55.2458 457.8970 l
53.9816 457.8970 l
53.9816 454.6687 l
h
h
55.8187 454.6687 m
55.8187 458.3537 l
58.4203 458.3537 l
58.4203 457.8970 l
56.3457 457.8970 l
56.3457 455.1267 l
58.4949 455.1267 l
58.4949 454.6687 l
h
h
56.2978 456.3164 m
56.2978 456.7640 l
58.1933 456.7640 l
58.1933 456.3164 l
h
h
62.4127 454.6270 m
62.1306 454.6270 61.8724 454.6732 61.6351 454.7673 c
61.3979 454.8597 61.1935 454.9910 61.0203 455.1613 c
60.8457 455.3314 60.7099 455.5312 60.6112 455.7597 c
60.5129 455.9882 60.4636 456.2388 60.4636 456.5120 c
60.4636 456.7850 60.5129 457.0373 60.6112 457.2658 c
60.7099 457.4940 60.8471 457.6924 61.0231 457.8627 c
61.1977 458.0328 61.4038 458.1641 61.6411 458.2582 c
61.8783 458.3506 62.1366 458.3971 62.4172 458.3971 c
62.7024 458.3971 62.9649 458.3492 63.2052 458.2522 c
63.4456 458.1553 63.6500 458.0118 63.8186 457.8225 c
63.4754 457.4911 l
63.3351 457.6388 63.1769 457.7477 63.0023 457.8208 c
62.8262 457.8925 62.6380 457.9282 62.4382 457.9282 c
62.2307 457.9282 62.0396 457.8939 61.8619 457.8239 c
61.6844 457.7536 61.5322 457.6552 61.4024 457.5283 c
61.2726 457.4015 61.1711 457.2522 61.0994 457.0775 c
61.0262 456.9029 60.9902 456.7150 60.9902 456.5120 c
60.9902 456.3074 61.0262 456.1194 61.0994 455.9462 c
61.1711 455.7716 61.2726 455.6225 61.4024 455.4955 c
61.5322 455.3685 61.6844 455.2716 61.8619 455.2016 c
62.0396 455.1313 62.2307 455.0956 62.4382 455.0956 c
62.6380 455.0956 62.8262 455.1313 63.0023 455.2030 c
63.1769 455.2747 63.3351 455.3867 63.4754 455.5372 c
63.8186 455.2061 l
63.6500 455.0165 63.4456 454.8716 63.2052 454.7747 c
62.9649 454.6760 62.7009 454.6270 62.4127 454.6270 c
h
65.9971 454.6270 m
65.7164 454.6270 65.4568 454.6746 65.2164 454.7687 c
64.9763 454.8626 64.7671 454.9955 64.5925 455.1656 c
64.4165 455.3359 64.2793 455.5358 64.1806 455.7643 c
64.0823 455.9924 64.0329 456.2419 64.0329 456.5120 c
64.0329 456.7822 64.0823 457.0313 64.1806 457.2598 c
64.2793 457.4880 64.4165 457.6864 64.5925 457.8568 c
64.7671 458.0269 64.9746 458.1598 65.2136 458.2553 c
65.4508 458.3492 65.7119 458.3971 65.9971 458.3971 c
66.2777 458.3971 66.5374 458.3506 66.7746 458.2582 c
67.0119 458.1641 67.2180 458.0328 67.3957 457.8627 c
67.5731 457.6924 67.7089 457.4940 67.8061 457.2658 c
67.9031 457.0373 67.9507 456.7850 67.9507 456.5120 c
67.9507 456.2388 67.9031 455.9882 67.8061 455.7597 c
67.7089 455.5312 67.5731 455.3314 67.3957 455.1613 c
67.2180 454.9910 67.0119 454.8597 66.7746 454.7673 c
66.5374 454.6732 66.2777 454.6270 65.9971 454.6270 c
h
65.9971 455.0956 m
66.2014 455.0956 66.3897 455.1313 66.5643 455.2016 c
66.7375 455.2716 66.8880 455.3702 67.0164 455.4986 c
67.1448 455.6254 67.2449 455.7762 67.3163 455.9477 c
67.3880 456.1194 67.4240 456.3074 67.4240 456.5120 c
67.4240 456.7150 67.3880 456.9029 67.3163 457.0747 c
67.2449 457.2462 67.1448 457.3970 67.0164 457.5254 c
66.8880 457.6538 66.7375 457.7536 66.5643 457.8239 c
66.3897 457.8939 66.2014 457.9282 65.9971 457.9282 c
65.7896 457.9282 65.5999 457.8939 65.4270 457.8239 c
65.2524 457.7536 65.1016 457.6538 64.9718 457.5254 c
64.8420 457.3970 64.7405 457.2462 64.6688 457.0747 c
64.5956 456.9029 64.5596 456.7150 64.5596 456.5120 c
64.5596 456.3074 64.5956 456.1194 64.6688 455.9477 c
64.7405 455.7762 64.8420 455.6254 64.9718 455.4986 c
65.1016 455.3702 65.2524 455.2716 65.4270 455.2016 c
65.5999 455.1313 65.7896 455.0956 65.9971 455.0956 c
h
68.7552 454.6687 m
68.7552 458.3537 l
70.1940 458.3537 l
70.6703 458.3537 71.0461 458.2403 71.3208 458.0150 c
71.5941 457.7879 71.7313 457.4730 71.7313 457.0702 c
71.7313 456.8029 71.6700 456.5747 71.5479 456.3836 c
71.4240 456.1911 71.2491 456.0449 71.0209 455.9434 c
70.7924 455.8402 70.5163 455.7895 70.1940 455.7895 c
69.0449 455.7895 l
69.2821 456.0327 l
69.2821 454.6687 l
h
h
71.2193 454.6687 m
70.2822 456.0060 l
70.8463 456.0060 l
71.7939 454.6687 l
h
h
69.2821 455.9791 m
69.0449 456.2374 l
70.1776 456.2374 l
70.5149 456.2374 70.7700 456.3105 70.9447 456.4568 c
71.1179 456.6016 71.2046 456.8060 71.2046 457.0702 c
71.2046 457.3329 71.1179 457.5359 70.9447 457.6805 c
70.7700 457.8253 70.5149 457.8970 70.1776 457.8970 c
69.0449 457.8970 l
69.2821 458.1598 l
h
h
72.5834 454.6687 m
72.5834 458.3537 l
73.0162 458.3537 l
75.4534 455.3269 l
75.2267 455.3269 l
75.2267 458.3537 l
75.7536 458.3537 l
75.7536 454.6687 l
75.3222 454.6687 l
72.8850 457.6955 l
73.1103 457.6955 l
73.1103 454.6687 l
h
h
76.3013 454.6687 m
77.9715 458.3537 l
78.4922 458.3537 l
80.1669 454.6687 l
79.6133 454.6687 l
78.1237 458.0597 l
78.3340 458.0597 l
76.8447 454.6687 l
h
h
77.0131 455.5896 m
77.1551 456.0120 l
79.2295 456.0120 l
79.3820 455.5896 l
h
h
81.2611 454.6687 m
81.2611 457.8970 l
79.9971 457.8970 l
79.9971 458.3537 l
83.0463 458.3537 l
83.0463 457.8970 l
81.7821 457.8970 l
81.7821 454.6687 l
h
h
83.6192 454.6687 m
83.6192 458.3537 l
84.1462 458.3537 l
84.1462 454.6687 l
h
h
86.9162 454.6270 m
86.6356 454.6270 86.3759 454.6746 86.1355 454.7687 c
85.8954 454.8626 85.6862 454.9955 85.5116 455.1656 c
85.3356 455.3359 85.1984 455.5358 85.0997 455.7643 c
85.0014 455.9924 84.9521 456.2419 84.9521 456.5120 c
84.9521 456.7822 85.0014 457.0313 85.0997 457.2598 c
85.1984 457.4880 85.3356 457.6864 85.5116 457.8568 c
85.6862 458.0269 85.8937 458.1598 86.1327 458.2553 c
86.3700 458.3492 86.6310 458.3971 86.9162 458.3971 c
87.1968 458.3971 87.4565 458.3506 87.6937 458.2582 c
87.9310 458.1641 88.1371 458.0328 88.3148 457.8627 c
88.4923 457.6924 88.6280 457.4940 88.7253 457.2658 c
88.8222 457.0373 88.8698 456.7850 88.8698 456.5120 c
88.8698 456.2388 88.8222 455.9882 88.7253 455.7597 c
88.6280 455.5312 88.4923 455.3314 88.3148 455.1613 c
88.1371 454.9910 87.9310 454.8597 87.6937 454.7673 c
87.4565 454.6732 87.1968 454.6270 86.9162 454.6270 c
h
86.9162 455.0956 m
87.1206 455.0956 87.3088 455.1313 87.4834 455.2016 c
87.6566 455.2716 87.8071 455.3702 87.9355 455.4986 c
88.0639 455.6254 88.1640 455.7762 88.2354 455.9477 c
88.3071 456.1194 88.3431 456.3074 88.3431 456.5120 c
88.3431 456.7150 88.3071 456.9029 88.2354 457.0747 c
88.1640 457.2462 88.0639 457.3970 87.9355 457.5254 c
87.8071 457.6538 87.6566 457.7536 87.4834 457.8239 c
87.3088 457.8939 87.1206 457.9282 86.9162 457.9282 c
86.7087 457.9282 86.5191 457.8939 86.3461 457.8239 c
86.1715 457.7536 86.0207 457.6538 85.8909 457.5254 c
85.7611 457.3970 85.6596 457.2462 85.5879 457.0747 c
85.5147 456.9029 85.4787 456.7150 85.4787 456.5120 c
85.4787 456.3074 85.5147 456.1194 85.5879 455.9477 c
85.6596 455.7762 85.7611 455.6254 85.8909 455.4986 c
86.0207 455.3702 86.1715 455.2716 86.3461 455.2016 c
86.5191 455.1313 86.7087 455.0956 86.9162 455.0956 c
h
89.6743 454.6687 m
89.6743 458.3537 l
90.1071 458.3537 l
92.5444 455.3269 l
92.3176 455.3269 l
92.3176 458.3537 l
92.8446 458.3537 l
92.8446 454.6687 l
92.4131 454.6687 l
89.9759 457.6955 l
90.2013 457.6955 l
90.2013 454.6687 l
h
f
q
34.9347 468.4130 67.3977 50.5531 re W*
n
/GS13 gs
q
34.9347 468.4130 m
34.9347 518.9661 l
102.3324 518.9661 l
102.3324 468.4130 l
h
W*
n
q
67.78005 0.00000 0.00000 50.83504 34.8341 468.1513 cm
/Im118 Do
Q
Q
Q
/GS13 gs
/CS15 cs 0.5300 1.0000 0.2800 0.1100 scn
100.7666 376.3372 m
35.3015 376.3372 l
37.5667 381.4883 l
35.3015 386.6383 l
100.7666 386.6383 l
98.5028 381.7653 l
h
f
/GS13 gs
/CS15 cs 0.5300 1.0000 0.2800 0.1100 scn
173.6133 451.7734 m
108.4963 451.7734 l
110.7482 457.2054 l
108.4963 462.6383 l
173.6133 462.6383 l
171.3614 457.4982 l
h
f
/GS13 gs
/CS15 cs 0.0000 0.0000 0.0000 0.0000 scn
115.9311 454.4654 m
115.6459 454.4654 115.3848 454.5116 115.1476 454.6057 c
114.9086 454.6981 114.7011 454.8294 114.5265 454.9997 c
114.3505 455.1698 114.2133 455.3697 114.1146 455.5981 c
114.0163 455.8266 113.9669 456.0772 113.9669 456.3505 c
113.9669 456.6234 114.0163 456.8757 114.1146 457.1042 c
114.2133 457.3324 114.3505 457.5308 114.5282 457.7012 c
114.7056 457.8712 114.9131 458.0025 115.1518 458.0966 c
115.3908 458.1890 115.6535 458.2355 115.9415 458.2355 c
116.2327 458.2355 116.4997 458.1876 116.7429 458.0938 c
116.9847 457.9982 117.1894 457.8562 117.3580 457.6669 c
117.0326 457.3400 l
116.8818 457.4877 116.7177 457.5951 116.5399 457.6637 c
116.3625 457.7323 116.1697 457.7666 115.9625 457.7666 c
115.7519 457.7666 115.5563 457.7323 115.3757 457.6623 c
115.1952 457.5920 115.0384 457.4937 114.9072 457.3667 c
114.7759 457.2400 114.6745 457.0906 114.6027 456.9160 c
114.5296 456.7414 114.4936 456.5534 114.4936 456.3505 c
114.4936 456.1503 114.5296 455.9638 114.6027 455.7892 c
114.6745 455.6146 114.7759 455.4638 114.9072 455.3371 c
115.0384 455.2087 115.1938 455.1100 115.3729 455.0400 c
115.5521 454.9697 115.7474 454.9340 115.9580 454.9340 c
116.1536 454.9340 116.3429 454.9652 116.5235 455.0264 c
116.7041 455.0876 116.8727 455.1891 117.0266 455.3340 c
117.3266 454.9340 l
117.1446 454.7803 116.9311 454.6638 116.6876 454.5848 c
116.4430 454.5057 116.1907 454.4654 115.9311 454.4654 c
h
117.3266 454.9340 m
116.8206 455.0026 l
116.8206 456.3711 l
117.3266 456.3711 l
h
h
118.3309 454.5071 m
118.3309 458.1921 l
119.7697 458.1921 l
120.2460 458.1921 120.6218 458.0787 120.8965 457.8534 c
121.1698 457.6263 121.3070 457.3114 121.3070 456.9086 c
121.3070 456.6413 121.2457 456.4131 121.1236 456.2220 c
120.9997 456.0296 120.8248 455.8833 120.5966 455.7818 c
120.3681 455.6786 120.0920 455.6279 119.7697 455.6279 c
118.6206 455.6279 l
118.8578 455.8711 l
118.8578 454.5071 l
h
h
120.7950 454.5071 m
119.8579 455.8445 l
120.4220 455.8445 l
121.3696 454.5071 l
h
h
118.8578 455.8175 m
118.6206 456.0758 l
119.7533 456.0758 l
120.0906 456.0758 120.3457 456.1489 120.5203 456.2952 c
120.6935 456.4400 120.7803 456.6444 120.7803 456.9086 c
120.7803 457.1714 120.6935 457.3743 120.5203 457.5189 c
120.3457 457.6637 120.0906 457.7355 119.7533 457.7355 c
118.6206 457.7355 l
118.8578 457.9982 l
h
h
122.1591 454.5071 m
122.1591 458.1921 l
124.7607 458.1921 l
124.7607 457.7355 l
122.6860 457.7355 l
122.6860 454.9652 l
124.8352 454.9652 l
124.8352 454.5071 l
h
h
122.6381 456.1549 m
122.6381 456.6025 l
124.5336 456.6025 l
124.5336 456.1549 l
h
h
125.6873 454.5071 m
125.6873 458.1921 l
128.2890 458.1921 l
128.2890 457.7355 l
126.2143 457.7355 l
126.2143 454.9652 l
128.3635 454.9652 l
128.3635 454.5071 l
h
h
126.1664 456.1549 m
126.1664 456.6025 l
128.0619 456.6025 l
128.0619 456.1549 l
h
h
129.2156 454.5071 m
129.2156 458.1921 l
129.6485 458.1921 l
132.0857 455.1653 l
131.8589 455.1653 l
131.8589 458.1921 l
132.3859 458.1921 l
132.3859 454.5071 l
131.9545 454.5071 l
129.5172 457.5339 l
129.7426 457.5339 l
129.7426 454.5071 l
h
h
136.5574 454.4654 m
136.2753 454.4654 136.0171 454.5116 135.7798 454.6057 c
135.5426 454.6981 135.3382 454.8294 135.1650 454.9997 c
134.9904 455.1698 134.8546 455.3697 134.7559 455.5981 c
134.6576 455.8266 134.6083 456.0772 134.6083 456.3505 c
134.6083 456.6234 134.6576 456.8757 134.7559 457.1042 c
134.8546 457.3324 134.9918 457.5308 135.1678 457.7012 c
135.3424 457.8712 135.5485 458.0025 135.7858 458.0966 c
136.0230 458.1890 136.2813 458.2355 136.5619 458.2355 c
136.8471 458.2355 137.1095 458.1876 137.3499 458.0906 c
137.5903 457.9937 137.7947 457.8503 137.9633 457.6609 c
137.6201 457.3295 l
137.4797 457.4772 137.3216 457.5861 137.1470 457.6592 c
136.9709 457.7309 136.7827 457.7666 136.5829 457.7666 c
136.3754 457.7666 136.1843 457.7323 136.0066 457.6623 c
135.8291 457.5920 135.6769 457.4937 135.5471 457.3667 c
135.4173 457.2400 135.3158 457.0906 135.2441 456.9160 c
135.1709 456.7414 135.1349 456.5534 135.1349 456.3505 c
135.1349 456.1458 135.1709 455.9579 135.2441 455.7847 c
135.3158 455.6100 135.4173 455.4609 135.5471 455.3340 c
135.6769 455.2070 135.8291 455.1100 136.0066 455.0400 c
136.1843 454.9697 136.3754 454.9340 136.5829 454.9340 c
136.7827 454.9340 136.9709 454.9697 137.1470 455.0414 c
137.3216 455.1131 137.4797 455.2251 137.6201 455.3756 c
137.9633 455.0445 l
137.7947 454.8549 137.5903 454.7100 137.3499 454.6131 c
137.1095 454.5145 136.8456 454.4654 136.5574 454.4654 c
h
140.1418 454.4654 m
139.8611 454.4654 139.6015 454.5130 139.3611 454.6071 c
139.1210 454.7010 138.9118 454.8339 138.7372 455.0040 c
138.5612 455.1744 138.4240 455.3742 138.3253 455.6027 c
138.2270 455.8309 138.1776 456.0803 138.1776 456.3505 c
138.1776 456.6206 138.2270 456.8698 138.3253 457.0982 c
138.4240 457.3264 138.5612 457.5249 138.7372 457.6952 c
138.9118 457.8653 139.1193 457.9982 139.3583 458.0938 c
139.5955 458.1876 139.8566 458.2355 140.1418 458.2355 c
140.4224 458.2355 140.6820 458.1890 140.9193 458.0966 c
141.1566 458.0025 141.3626 457.8712 141.5404 457.7012 c
141.7178 457.5308 141.8536 457.3324 141.9508 457.1042 c
142.0478 456.8757 142.0954 456.6234 142.0954 456.3505 c
142.0954 456.0772 142.0478 455.8266 141.9508 455.5981 c
141.8536 455.3697 141.7178 455.1698 141.5404 454.9997 c
141.3626 454.8294 141.1566 454.6981 140.9193 454.6057 c
140.6820 454.5116 140.4224 454.4654 140.1418 454.4654 c
h
140.1418 454.9340 m
140.3461 454.9340 140.5344 454.9697 140.7090 455.0400 c
140.8822 455.1100 141.0327 455.2087 141.1611 455.3371 c
141.2895 455.4638 141.3896 455.6146 141.4610 455.7861 c
141.5327 455.9579 141.5687 456.1458 141.5687 456.3505 c
141.5687 456.5534 141.5327 456.7414 141.4610 456.9131 c
141.3896 457.0846 141.2895 457.2354 141.1611 457.3638 c
141.0327 457.4923 140.8822 457.5920 140.7090 457.6623 c
140.5344 457.7323 140.3461 457.7666 140.1418 457.7666 c
139.9343 457.7666 139.7446 457.7323 139.5717 457.6623 c
139.3971 457.5920 139.2463 457.4923 139.1165 457.3638 c
138.9866 457.2354 138.8852 457.0846 138.8134 456.9131 c
138.7403 456.7414 138.7043 456.5534 138.7043 456.3505 c
138.7043 456.1458 138.7403 455.9579 138.8134 455.7861 c
138.8852 455.6146 138.9866 455.4638 139.1165 455.3371 c
139.2463 455.2087 139.3971 455.1100 139.5717 455.0400 c
139.7446 454.9697 139.9343 454.9340 140.1418 454.9340 c
h
142.8999 454.5071 m
142.8999 458.1921 l
144.3387 458.1921 l
144.8150 458.1921 145.1908 458.0787 145.4655 457.8534 c
145.7388 457.6263 145.8760 457.3114 145.8760 456.9086 c
145.8760 456.6413 145.8147 456.4131 145.6926 456.2220 c
145.5687 456.0296 145.3938 455.8833 145.1656 455.7818 c
144.9371 455.6786 144.6610 455.6279 144.3387 455.6279 c
143.1896 455.6279 l
143.4268 455.8711 l
143.4268 454.5071 l
h
h
145.3640 454.5071 m
144.4269 455.8445 l
144.9910 455.8445 l
145.9386 454.5071 l
h
h
143.4268 455.8175 m
143.1896 456.0758 l
144.3223 456.0758 l
144.6596 456.0758 144.9147 456.1489 145.0894 456.2952 c
145.2626 456.4400 145.3493 456.6444 145.3493 456.9086 c
145.3493 457.1714 145.2626 457.3743 145.0894 457.5189 c
144.9147 457.6637 144.6596 457.7355 144.3223 457.7355 c
143.1896 457.7355 l
143.4268 457.9982 l
h
h
146.7281 454.5071 m
146.7281 458.1921 l
147.1609 458.1921 l
149.5981 455.1653 l
149.3714 455.1653 l
149.3714 458.1921 l
149.8983 458.1921 l
149.8983 454.5071 l
149.4669 454.5071 l
147.0297 457.5339 l
147.2550 457.5339 l
147.2550 454.5071 l
h
h
150.4460 454.5071 m
152.1162 458.1921 l
152.6369 458.1921 l
154.3116 454.5071 l
153.7580 454.5071 l
152.2684 457.8982 l
152.4787 457.8982 l
150.9894 454.5071 l
h
h
151.1578 455.4281 m
151.2998 455.8504 l
153.3742 455.8504 l
153.5267 455.4281 l
h
h
155.4063 454.5071 m
155.4063 457.7355 l
154.1424 457.7355 l
154.1424 458.1921 l
157.1916 458.1921 l
157.1916 457.7355 l
155.9273 457.7355 l
155.9273 454.5071 l
h
h
157.7645 454.5071 m
157.7645 458.1921 l
158.2914 458.1921 l
158.2914 454.5071 l
h
h
161.0614 454.4654 m
160.7808 454.4654 160.5212 454.5130 160.2808 454.6071 c
160.0407 454.7010 159.8315 454.8339 159.6569 455.0040 c
159.4809 455.1744 159.3437 455.3742 159.2450 455.6027 c
159.1466 455.8309 159.0973 456.0803 159.0973 456.3505 c
159.0973 456.6206 159.1466 456.8698 159.2450 457.0982 c
159.3437 457.3264 159.4809 457.5249 159.6569 457.6952 c
159.8315 457.8653 160.0390 457.9982 160.2780 458.0938 c
160.5152 458.1876 160.7763 458.2355 161.0614 458.2355 c
161.3421 458.2355 161.6017 458.1890 161.8390 458.0966 c
162.0763 458.0025 162.2823 457.8712 162.4601 457.7012 c
162.6375 457.5308 162.7733 457.3324 162.8705 457.1042 c
162.9675 456.8757 163.0151 456.6234 163.0151 456.3505 c
163.0151 456.0772 162.9675 455.8266 162.8705 455.5981 c
162.7733 455.3697 162.6375 455.1698 162.4601 454.9997 c
162.2823 454.8294 162.0763 454.6981 161.8390 454.6057 c
161.6017 454.5116 161.3421 454.4654 161.0614 454.4654 c
h
161.0614 454.9340 m
161.2658 454.9340 161.4540 454.9697 161.6287 455.0400 c
161.8019 455.1100 161.9524 455.2087 162.0808 455.3371 c
162.2092 455.4638 162.3093 455.6146 162.3807 455.7861 c
162.4524 455.9579 162.4884 456.1458 162.4884 456.3505 c
162.4884 456.5534 162.4524 456.7414 162.3807 456.9131 c
162.3093 457.0846 162.2092 457.2354 162.0808 457.3638 c
161.9524 457.4923 161.8019 457.5920 161.6287 457.6623 c
161.4540 457.7323 161.2658 457.7666 161.0614 457.7666 c
160.8540 457.7666 160.6643 457.7323 160.4914 457.6623 c
160.3168 457.5920 160.1660 457.4923 160.0362 457.3638 c
159.9063 457.2354 159.8049 457.0846 159.7331 456.9131 c
159.6600 456.7414 159.6240 456.5534 159.6240 456.3505 c
159.6240 456.1458 159.6600 455.9579 159.7331 455.7861 c
159.8049 455.6146 159.9063 455.4638 160.0362 455.3371 c
160.1660 455.2087 160.3168 455.1100 160.4914 455.0400 c
160.6643 454.9697 160.8540 454.9340 161.0614 454.9340 c
h
163.8196 454.5071 m
163.8196 458.1921 l
164.2524 458.1921 l
166.6896 455.1653 l
166.4629 455.1653 l
166.4629 458.1921 l
166.9898 458.1921 l
166.9898 454.5071 l
166.5584 454.5071 l
164.1212 457.5339 l
164.3465 457.5339 l
164.3465 454.5071 l
h
f
q
109.0182 468.4099 67.4025 50.5446 re W*
n
/GS13 gs
q
109.0182 468.4099 m
109.0182 518.9545 l
176.4207 518.9545 l
176.4207 468.4099 l
h
W*
n
q
67.67234 0.00000 0.00000 51.02170 108.9410 468.2447 cm
/Im119 Do
Q
Q
Q
/GS13 gs
/CS15 cs 0.5300 1.0000 0.2800 0.1100 scn
174.3508 376.3372 m
108.8858 376.3372 l
111.1510 381.4883 l
108.8858 386.6383 l
174.3508 386.6383 l
172.0868 381.7653 l
h
f
/GS13 gs
/CS15 cs 0.5300 1.0000 0.2800 0.1100 scn
248.0593 451.7734 m
182.9424 451.7734 l
185.1942 457.2054 l
182.9424 462.6383 l
248.0593 462.6383 l
245.8071 457.4982 l
h
f
/GS13 gs
/CS15 cs 0.0000 0.0000 0.0000 0.0000 scn
192.8721 454.5071 m
192.8721 458.1921 l
194.4258 458.1921 l
194.8184 458.1921 195.1662 458.1145 195.4661 457.9608 c
195.7663 457.8072 195.9990 457.5906 196.1663 457.3145 c
196.3332 457.0370 196.4169 456.7161 196.4169 456.3505 c
196.4169 455.9848 196.3332 455.6639 196.1663 455.3861 c
195.9990 455.1086 195.7663 454.8920 195.4661 454.7384 c
195.1662 454.5848 194.8184 454.5071 194.4258 454.5071 c
h
h
193.3991 454.9652 m
194.3946 454.9652 l
194.7005 454.9652 194.9647 455.0236 195.1872 455.1398 c
195.4094 455.2549 195.5826 455.4176 195.7065 455.6265 c
195.8289 455.8354 195.8902 456.0772 195.8902 456.3505 c
195.8902 456.6266 195.8289 456.8698 195.7065 457.0773 c
195.5826 457.2848 195.4094 457.4458 195.1872 457.5623 c
194.9647 457.6771 194.7005 457.7355 194.3946 457.7355 c
193.3991 457.7355 l
h
h
198.8855 454.4654 m
198.6049 454.4654 198.3453 454.5130 198.1049 454.6071 c
197.8648 454.7010 197.6556 454.8339 197.4810 455.0040 c
197.3049 455.1744 197.1677 455.3742 197.0691 455.6027 c
196.9707 455.8309 196.9214 456.0803 196.9214 456.3505 c
196.9214 456.6206 196.9707 456.8698 197.0691 457.0982 c
197.1677 457.3264 197.3049 457.5249 197.4810 457.6952 c
197.6556 457.8653 197.8631 457.9982 198.1020 458.0938 c
198.3393 458.1876 198.6004 458.2355 198.8855 458.2355 c
199.1662 458.2355 199.4258 458.1890 199.6631 458.0966 c
199.9003 458.0025 200.1064 457.8712 200.2842 457.7012 c
200.4616 457.5308 200.5974 457.3324 200.6946 457.1042 c
200.7916 456.8757 200.8392 456.6234 200.8392 456.3505 c
200.8392 456.0772 200.7916 455.8266 200.6946 455.5981 c
200.5974 455.3697 200.4616 455.1698 200.2842 454.9997 c
200.1064 454.8294 199.9003 454.6981 199.6631 454.6057 c
199.4258 454.5116 199.1662 454.4654 198.8855 454.4654 c
h
198.8855 454.9340 m
199.0899 454.9340 199.2781 454.9697 199.4528 455.0400 c
199.6260 455.1100 199.7765 455.2087 199.9049 455.3371 c
200.0333 455.4638 200.1334 455.6146 200.2048 455.7861 c
200.2765 455.9579 200.3125 456.1458 200.3125 456.3505 c
200.3125 456.5534 200.2765 456.7414 200.2048 456.9131 c
200.1334 457.0846 200.0333 457.2354 199.9049 457.3638 c
199.7765 457.4923 199.6260 457.5920 199.4528 457.6623 c
199.2781 457.7323 199.0899 457.7666 198.8855 457.7666 c
198.6780 457.7666 198.4884 457.7323 198.3155 457.6623 c
198.1409 457.5920 197.9901 457.4923 197.8603 457.3638 c
197.7304 457.2354 197.6289 457.0846 197.5572 456.9131 c
197.4841 456.7414 197.4481 456.5534 197.4481 456.3505 c
197.4481 456.1458 197.4841 455.9579 197.5572 455.7861 c
197.6289 455.6146 197.7304 455.4638 197.8603 455.3371 c
197.9901 455.2087 198.1409 455.1100 198.3155 455.0400 c
198.4884 454.9697 198.6780 454.9340 198.8855 454.9340 c
h
203.1707 454.4654 m
202.6871 454.4654 202.3064 454.6040 202.0289 454.8818 c
201.7511 455.1579 201.6125 455.5638 201.6125 456.0968 c
201.6125 458.1921 l
202.1391 458.1921 l
202.1391 456.1191 l
202.1391 455.7087 202.2301 455.4085 202.4110 455.2191 c
202.5916 455.0295 202.8467 454.9340 203.1766 454.9340 c
203.5094 454.9340 203.7677 455.0295 203.9482 455.2191 c
204.1288 455.4085 204.2198 455.7087 204.2198 456.1191 c
204.2198 458.1921 l
204.7303 458.1921 l
204.7303 456.0968 l
204.7303 455.5638 204.5928 455.1579 204.3167 454.8818 c
204.0406 454.6040 203.6585 454.4654 203.1707 454.4654 c
h
205.8077 454.5071 m
205.8077 458.1921 l
207.4615 458.1921 l
207.8870 458.1921 208.2138 458.1071 208.4420 457.9370 c
208.6705 457.7666 208.7838 457.5339 208.7838 457.2400 c
208.7838 457.0398 208.7391 456.8712 208.6495 456.7354 c
208.5599 456.5982 208.4391 456.4922 208.2883 456.4191 c
208.1375 456.3459 207.9734 456.3085 207.7988 456.3085 c
207.8929 456.4653 l
208.1032 456.4653 208.2898 456.4278 208.4525 456.3547 c
208.6138 456.2816 208.7422 456.1727 208.8360 456.0310 c
208.9301 455.8893 208.9780 455.7129 208.9780 455.5026 c
208.9780 455.1863 208.8601 454.9414 208.6228 454.7682 c
208.3853 454.5935 208.0346 454.5071 207.5675 454.5071 c
h
h
206.3347 454.9340 m
207.5465 454.9340 l
207.8376 454.9340 208.0599 454.9833 208.2152 455.0817 c
208.3689 455.1786 208.4465 455.3340 208.4465 455.5443 c
208.4465 455.7577 208.3689 455.9145 208.2152 456.0131 c
208.0599 456.1115 207.8376 456.1608 207.5465 456.1608 c
206.2868 456.1608 l
206.2868 456.5863 l
207.4139 456.5863 l
207.6809 456.5863 207.8884 456.6353 208.0361 456.7340 c
208.1840 456.8323 208.2572 456.9803 208.2572 457.1773 c
208.2572 457.3726 208.1840 457.5206 208.0361 457.6190 c
207.8884 457.7176 207.6809 457.7666 207.4139 457.7666 c
206.3347 457.7666 l
h
h
209.7944 454.5071 m
209.7944 458.1921 l
210.3214 458.1921 l
210.3214 454.9652 l
212.3169 454.9652 l
212.3169 454.5071 l
h
h
212.9227 454.5071 m
212.9227 458.1921 l
215.5243 458.1921 l
215.5243 457.7355 l
213.4497 457.7355 l
213.4497 454.9652 l
215.5989 454.9652 l
215.5989 454.5071 l
h
h
213.4018 456.1549 m
213.4018 456.6025 l
215.2973 456.6025 l
215.2973 456.1549 l
h
h
219.5167 454.4654 m
219.2346 454.4654 218.9764 454.5116 218.7391 454.6057 c
218.5019 454.6981 218.2975 454.8294 218.1243 454.9997 c
217.9497 455.1698 217.8139 455.3697 217.7152 455.5981 c
217.6169 455.8266 217.5676 456.0772 217.5676 456.3505 c
217.5676 456.6234 217.6169 456.8757 217.7152 457.1042 c
217.8139 457.3324 217.9511 457.5308 218.1271 457.7012 c
218.3017 457.8712 218.5078 458.0025 218.7451 458.0966 c
218.9823 458.1890 219.2406 458.2355 219.5212 458.2355 c
219.8064 458.2355 220.0689 458.1876 220.3092 458.0906 c
220.5496 457.9937 220.7540 457.8503 220.9226 457.6609 c
220.5794 457.3295 l
220.4391 457.4772 220.2809 457.5861 220.1063 457.6592 c
219.9302 457.7309 219.7420 457.7666 219.5422 457.7666 c
219.3347 457.7666 219.1436 457.7323 218.9659 457.6623 c
218.7884 457.5920 218.6362 457.4937 218.5064 457.3667 c
218.3766 457.2400 218.2751 457.0906 218.2034 456.9160 c
218.1302 456.7414 218.0942 456.5534 218.0942 456.3505 c
218.0942 456.1458 218.1302 455.9579 218.2034 455.7847 c
218.2751 455.6100 218.3766 455.4609 218.5064 455.3340 c
218.6362 455.2070 218.7884 455.1100 218.9659 455.0400 c
219.1436 454.9697 219.3347 454.9340 219.5422 454.9340 c
219.7420 454.9340 219.9302 454.9697 220.1063 455.0414 c
220.2809 455.1131 220.4391 455.2251 220.5794 455.3756 c
220.9226 455.0445 l
220.7540 454.8549 220.5496 454.7100 220.3092 454.6131 c
220.0689 454.5145 219.8049 454.4654 219.5167 454.4654 c
h
223.1011 454.4654 m
222.8204 454.4654 222.5608 454.5130 222.3204 454.6071 c
222.0803 454.7010 221.8711 454.8339 221.6965 455.0040 c
221.5205 455.1744 221.3833 455.3742 221.2846 455.6027 c
221.1863 455.8309 221.1369 456.0803 221.1369 456.3505 c
221.1369 456.6206 221.1863 456.8698 221.2846 457.0982 c
221.3833 457.3264 221.5205 457.5249 221.6965 457.6952 c
221.8711 457.8653 222.0786 457.9982 222.3176 458.0938 c
222.5548 458.1876 222.8159 458.2355 223.1011 458.2355 c
223.3817 458.2355 223.6414 458.1890 223.8786 458.0966 c
224.1159 458.0025 224.3220 457.8712 224.4997 457.7012 c
224.6771 457.5308 224.8129 457.3324 224.9101 457.1042 c
225.0071 456.8757 225.0547 456.6234 225.0547 456.3505 c
225.0547 456.0772 225.0071 455.8266 224.9101 455.5981 c
224.8129 455.3697 224.6771 455.1698 224.4997 454.9997 c
224.3220 454.8294 224.1159 454.6981 223.8786 454.6057 c
223.6414 454.5116 223.3817 454.4654 223.1011 454.4654 c
h
223.1011 454.9340 m
223.3054 454.9340 223.4937 454.9697 223.6683 455.0400 c
223.8415 455.1100 223.9920 455.2087 224.1204 455.3371 c
224.2488 455.4638 224.3489 455.6146 224.4203 455.7861 c
224.4920 455.9579 224.5280 456.1458 224.5280 456.3505 c
224.5280 456.5534 224.4920 456.7414 224.4203 456.9131 c
224.3489 457.0846 224.2488 457.2354 224.1204 457.3638 c
223.9920 457.4923 223.8415 457.5920 223.6683 457.6623 c
223.4937 457.7323 223.3054 457.7666 223.1011 457.7666 c
222.8936 457.7666 222.7039 457.7323 222.5310 457.6623 c
222.3564 457.5920 222.2056 457.4923 222.0758 457.3638 c
221.9460 457.2354 221.8445 457.0846 221.7728 456.9131 c
221.6996 456.7414 221.6636 456.5534 221.6636 456.3505 c
221.6636 456.1458 221.6996 455.9579 221.7728 455.7861 c
221.8445 455.6146 221.9460 455.4638 222.0758 455.3371 c
222.2056 455.2087 222.3564 455.1100 222.5310 455.0400 c
222.7039 454.9697 222.8936 454.9340 223.1011 454.9340 c
h
225.8592 454.5071 m
225.8592 458.1921 l
226.3861 458.1921 l
226.3861 454.9652 l
228.3817 454.9652 l
228.3817 454.5071 l
h
h
230.5834 454.4654 m
230.3028 454.4654 230.0431 454.5130 229.8027 454.6071 c
229.5626 454.7010 229.3534 454.8339 229.1788 455.0040 c
229.0028 455.1744 228.8656 455.3742 228.7670 455.6027 c
228.6686 455.8309 228.6193 456.0803 228.6193 456.3505 c
228.6193 456.6206 228.6686 456.8698 228.7670 457.0982 c
228.8656 457.3264 229.0028 457.5249 229.1788 457.6952 c
229.3534 457.8653 229.5609 457.9982 229.7999 458.0938 c
230.0372 458.1876 230.2982 458.2355 230.5834 458.2355 c
230.8640 458.2355 231.1237 458.1890 231.3609 458.0966 c
231.5982 458.0025 231.8043 457.8712 231.9820 457.7012 c
232.1595 457.5308 232.2952 457.3324 232.3925 457.1042 c
232.4894 456.8757 232.5370 456.6234 232.5370 456.3505 c
232.5370 456.0772 232.4894 455.8266 232.3925 455.5981 c
232.2952 455.3697 232.1595 455.1698 231.9820 454.9997 c
231.8043 454.8294 231.5982 454.6981 231.3609 454.6057 c
231.1237 454.5116 230.8640 454.4654 230.5834 454.4654 c
h
230.5834 454.9340 m
230.7878 454.9340 230.9760 454.9697 231.1506 455.0400 c
231.3238 455.1100 231.4743 455.2087 231.6027 455.3371 c
231.7311 455.4638 231.8312 455.6146 231.9026 455.7861 c
231.9744 455.9579 232.0104 456.1458 232.0104 456.3505 c
232.0104 456.5534 231.9744 456.7414 231.9026 456.9131 c
231.8312 457.0846 231.7311 457.2354 231.6027 457.3638 c
231.4743 457.4923 231.3238 457.5920 231.1506 457.6623 c
230.9760 457.7323 230.7878 457.7666 230.5834 457.7666 c
230.3759 457.7666 230.1863 457.7323 230.0134 457.6623 c
229.8387 457.5920 229.6879 457.4923 229.5581 457.3638 c
229.4283 457.2354 229.3268 457.0846 229.2551 456.9131 c
229.1820 456.7414 229.1460 456.5534 229.1460 456.3505 c
229.1460 456.1458 229.1820 455.9579 229.2551 455.7861 c
229.3268 455.6146 229.4283 455.4638 229.5581 455.3371 c
229.6879 455.2087 229.8387 455.1100 230.0134 455.0400 c
230.1863 454.9697 230.3759 454.9340 230.5834 454.9340 c
h
233.3415 454.5071 m
233.3415 458.1921 l
234.7804 458.1921 l
235.2566 458.1921 235.6325 458.0787 235.9071 457.8534 c
236.1804 457.6263 236.3176 457.3114 236.3176 456.9086 c
236.3176 456.6413 236.2564 456.4131 236.1342 456.2220 c
236.0103 456.0296 235.8354 455.8833 235.6072 455.7818 c
235.3788 455.6786 235.1027 455.6279 234.7804 455.6279 c
233.6312 455.6279 l
233.8685 455.8711 l
233.8685 454.5071 l
h
h
235.8057 454.5071 m
234.8685 455.8445 l
235.4326 455.8445 l
236.3803 454.5071 l
h
h
233.8685 455.8175 m
233.6312 456.0758 l
234.7639 456.0758 l
235.1013 456.0758 235.3564 456.1489 235.5310 456.2952 c
235.7042 456.4400 235.7909 456.6444 235.7909 456.9086 c
235.7909 457.1714 235.7042 457.3743 235.5310 457.5189 c
235.3564 457.6637 235.1013 457.7355 234.7639 457.7355 c
233.6312 457.7355 l
233.8685 457.9982 l
h
f
q
180.9658 469.0701 65.6323 49.2282 re W*
n
/GS13 gs
q
180.9658 469.0701 m
180.9658 518.2982 l
246.5980 518.2982 l
246.5980 469.0701 l
h
W*
n
q
66.03531 0.00000 0.00000 49.77454 180.7418 468.8548 cm
/Im120 Do
Q
Q
Q
/GS13 gs
/CS15 cs 0.5300 1.0000 0.2800 0.1100 scn
248.0593 376.3372 m
180.0592 376.3372 l
182.4111 381.4883 l
180.0592 386.6383 l
248.0593 386.6383 l
245.7074 381.7653 l
h
f
/GS13 gs
/CS15 cs 0.0000 0.0000 0.0000 0.0000 scn
51.4123 379.0857 m
51.4123 383.2163 l
53.1539 383.2163 l
53.5938 383.2163 53.9836 383.1293 54.3197 382.9569 c
54.6562 382.7846 54.9170 382.5422 55.1044 382.2327 c
55.2917 381.9214 55.3856 381.5617 55.3856 381.1518 c
55.3856 380.7420 55.2917 380.3822 55.1044 380.0710 c
54.9170 379.7600 54.6562 379.5174 54.3197 379.3450 c
53.9836 379.1727 53.5938 379.0857 53.1539 379.0857 c
h
h
52.0027 379.5993 m
53.1187 379.5993 l
53.4617 379.5993 53.7576 379.6645 54.0071 379.7949 c
54.2563 379.9239 54.4504 380.1061 54.5893 380.3406 c
54.7265 380.5747 54.7951 380.8457 54.7951 381.1518 c
54.7951 381.4614 54.7265 381.7341 54.5893 381.9665 c
54.4504 382.1992 54.2563 382.3798 54.0071 382.5102 c
53.7576 382.6392 53.4617 382.7044 53.1187 382.7044 c
52.0027 382.7044 l
h
h
55.6024 379.0857 m
57.4747 383.2163 l
58.0586 383.2163 l
59.9357 379.0857 l
59.3150 379.0857 l
57.6454 382.8866 l
57.8812 382.8866 l
56.2116 379.0857 l
h
h
56.4007 380.1180 m
56.5594 380.5914 l
58.8849 380.5914 l
59.0556 380.1180 l
h
h
60.5480 379.0857 m
60.5480 383.2163 l
62.1607 383.2163 l
62.6944 383.2163 63.1159 383.0890 63.4238 382.8365 c
63.7299 382.5822 63.8838 382.2293 63.8838 381.7774 c
63.8838 381.4781 63.8152 381.2221 63.6780 381.0078 c
63.5394 380.7921 63.3436 380.6283 63.0876 380.5143 c
62.8316 380.3990 62.5221 380.3420 62.1607 380.3420 c
60.8726 380.3420 l
61.1385 380.6147 l
61.1385 379.0857 l
h
h
63.3101 379.0857 m
62.2593 380.5846 l
62.8917 380.5846 l
63.9541 379.0857 l
h
h
61.1385 380.5546 m
60.8726 380.8440 l
62.1422 380.8440 l
62.5204 380.8440 62.8064 380.9259 63.0023 381.0900 c
63.1964 381.2522 63.2934 381.4815 63.2934 381.7774 c
63.2934 382.0720 63.1964 382.2996 63.0023 382.4617 c
62.8064 382.6242 62.5204 382.7044 62.1422 382.7044 c
60.8726 382.7044 l
61.1385 382.9989 l
h
h
65.3596 380.0829 m
65.3295 380.8037 l
67.6735 383.2163 l
68.3459 383.2163 l
66.5340 381.3041 l
66.2029 380.9392 l
h
h
64.8394 379.0857 m
64.8394 383.2163 l
65.4299 383.2163 l
65.4299 379.0857 l
h
h
67.7670 379.0857 m
66.0739 381.0566 l
66.4688 381.4931 l
68.4581 379.0857 l
h
h
70.6697 379.0857 m
70.6697 383.2163 l
72.2823 383.2163 l
72.6437 383.2163 72.9533 383.1593 73.2093 383.0457 c
73.4652 382.9320 73.6611 382.7662 73.7997 382.5505 c
73.9369 382.3347 74.0055 382.0771 74.0055 381.7774 c
74.0055 381.4781 73.9369 381.2221 73.7997 381.0078 c
73.6611 380.7921 73.4652 380.6266 73.2093 380.5112 c
72.9533 380.3956 72.6437 380.3372 72.2823 380.3372 c
70.9943 380.3372 l
71.2602 380.6147 l
71.2602 379.0857 l
h
h
71.2602 380.5546 m
70.9943 380.8508 l
72.2639 380.8508 l
72.6420 380.8508 72.9281 380.9310 73.1239 381.0932 c
73.3181 381.2539 73.4151 381.4815 73.4151 381.7774 c
73.4151 382.0720 73.3181 382.2996 73.1239 382.4617 c
72.9281 382.6242 72.6420 382.7044 72.2639 382.7044 c
70.9943 382.7044 l
71.2602 382.9989 l
h
h
74.8718 379.0857 m
74.8718 383.2163 l
75.4622 383.2163 l
75.4622 379.0857 l
h
h
76.7021 379.0857 m
76.7021 383.2163 l
77.1871 383.2163 l
79.9191 379.8235 l
79.6649 379.8235 l
79.6649 383.2163 l
80.2556 383.2163 l
80.2556 379.0857 l
79.7720 379.0857 l
77.0400 382.4785 l
77.2926 382.4785 l
77.2926 379.0857 l
h
h
82.0154 380.0829 m
81.9853 380.8037 l
84.3293 383.2163 l
85.0017 383.2163 l
83.1898 381.3041 l
82.8587 380.9392 l
h
h
81.4952 379.0857 m
81.4952 383.2163 l
82.0857 383.2163 l
82.0857 379.0857 l
h
h
84.4228 379.0857 m
82.7297 381.0566 l
83.1246 381.4931 l
85.1139 379.0857 l
h
f
q
34.5940 393.0024 66.8597 50.5553 re W*
n
/GS13 gs
q
34.5940 393.0024 m
34.5940 443.5577 l
101.4537 443.5577 l
101.4537 393.0024 l
h
W*
n
q
67.14807 0.00000 0.00000 50.93878 34.5941 392.9598 cm
/Im121 Do
Q
Q
Q
/GS13 gs
/CS15 cs 0.0000 0.0000 0.0000 0.0000 scn
116.3509 379.0857 m
116.3509 383.2163 l
117.9635 383.2163 l
118.4973 383.2163 118.9188 383.0890 119.2266 382.8365 c
119.5328 382.5822 119.6867 382.2293 119.6867 381.7774 c
119.6867 381.4781 119.6181 381.2221 119.4809 381.0078 c
119.3423 380.7921 119.1464 380.6283 118.8904 380.5143 c
118.6345 380.3990 118.3249 380.3420 117.9635 380.3420 c
116.6754 380.3420 l
116.9413 380.6147 l
116.9413 379.0857 l
h
h
119.1129 379.0857 m
118.0621 380.5846 l
118.6946 380.5846 l
119.7570 379.0857 l
h
h
116.9413 380.5546 m
116.6754 380.8440 l
117.9451 380.8440 l
118.3232 380.8440 118.6092 380.9259 118.8051 381.0900 c
118.9993 381.2522 119.0962 381.4815 119.0962 381.7774 c
119.0962 382.0720 118.9993 382.2996 118.8051 382.4617 c
118.6092 382.6242 118.3232 382.7044 117.9451 382.7044 c
116.6754 382.7044 l
116.9413 382.9989 l
h
h
120.6422 379.0857 m
120.6422 383.2163 l
123.5582 383.2163 l
123.5582 382.7044 l
121.2327 382.7044 l
121.2327 379.5993 l
123.6419 379.5993 l
123.6419 379.0857 l
h
h
121.1791 380.9327 m
121.1791 381.4345 l
123.3040 381.4345 l
123.3040 380.9327 l
h
h
124.5971 379.0857 m
124.5971 383.2163 l
126.3387 383.2163 l
126.7787 383.2163 127.1684 383.1293 127.5046 382.9569 c
127.8411 382.7846 128.1019 382.5422 128.2893 382.2327 c
128.4766 381.9214 128.5705 381.5617 128.5705 381.1518 c
128.5705 380.7420 128.4766 380.3822 128.2893 380.0710 c
128.1019 379.7600 127.8411 379.5174 127.5046 379.3450 c
127.1684 379.1727 126.7787 379.0857 126.3387 379.0857 c
h
h
125.1876 379.5993 m
126.3036 379.5993 l
126.6466 379.5993 126.9425 379.6645 127.1920 379.7949 c
127.4411 379.9239 127.6353 380.1061 127.7742 380.3406 c
127.9114 380.5747 127.9800 380.8457 127.9800 381.1518 c
127.9800 381.4614 127.9114 381.7341 127.7742 381.9665 c
127.6353 382.1992 127.4411 382.3798 127.1920 382.5102 c
126.9425 382.6392 126.6466 382.7044 126.3036 382.7044 c
125.1876 382.7044 l
h
h
132.9083 379.0389 m
132.5923 379.0389 132.3028 379.0908 132.0369 379.1962 c
131.7708 379.2997 131.5417 379.4471 131.3476 379.6379 c
131.1517 379.8283 130.9995 380.0526 130.8892 380.3085 c
130.7786 380.5645 130.7234 380.8457 130.7234 381.1518 c
130.7234 381.4580 130.7786 381.7406 130.8892 381.9966 c
130.9995 382.2525 131.1534 382.4751 131.3510 382.6658 c
131.5466 382.8566 131.7776 383.0037 132.0435 383.1092 c
132.3096 383.2129 132.5991 383.2648 132.9134 383.2648 c
133.2329 383.2648 133.5274 383.2112 133.7967 383.1026 c
134.0663 382.9938 134.2953 382.8331 134.4844 382.6208 c
134.0997 382.2494 l
133.9424 382.4150 133.7649 382.5371 133.5694 382.6191 c
133.3718 382.6993 133.1612 382.7395 132.9369 382.7395 c
132.7042 382.7395 132.4902 382.7010 132.2912 382.6225 c
132.0919 382.5437 131.9213 382.4334 131.7759 382.2911 c
131.6302 382.1491 131.5165 381.9815 131.4363 381.7860 c
131.3541 381.5901 131.3141 381.3795 131.3141 381.1518 c
131.3141 380.9225 131.3541 380.7119 131.4363 380.5177 c
131.5165 380.3221 131.6302 380.1546 131.7759 380.0126 c
131.9213 379.8703 132.0919 379.7614 132.2912 379.6829 c
132.4902 379.6044 132.7042 379.5642 132.9369 379.5642 c
133.1612 379.5642 133.3718 379.6044 133.5694 379.6846 c
133.7649 379.7649 133.9424 379.8904 134.0997 380.0594 c
134.4844 379.6880 l
134.2953 379.4754 134.0663 379.3133 133.7967 379.2044 c
133.5274 379.0942 133.2315 379.0389 132.9083 379.0389 c
h
136.9261 379.0389 m
136.6118 379.0389 136.3207 379.0925 136.0514 379.1976 c
135.7821 379.3031 135.5477 379.4522 135.3521 379.6427 c
135.1545 379.8334 135.0006 380.0577 134.8903 380.3136 c
134.7797 380.5696 134.7245 380.8491 134.7245 381.1518 c
134.7245 381.4546 134.7797 381.7341 134.8903 381.9900 c
135.0006 382.2460 135.1545 382.4685 135.3521 382.6593 c
135.5477 382.8501 135.7804 382.9989 136.0480 383.1060 c
136.3139 383.2112 136.6067 383.2648 136.9261 383.2648 c
137.2408 383.2648 137.5319 383.2129 137.7978 383.1092 c
138.0640 383.0037 138.2947 382.8566 138.4940 382.6658 c
138.6930 382.4751 138.8452 382.2525 138.9540 381.9966 c
139.0626 381.7406 139.1162 381.4580 139.1162 381.1518 c
139.1162 380.8457 139.0626 380.5645 138.9540 380.3085 c
138.8452 380.0526 138.6930 379.8283 138.4940 379.6379 c
138.2947 379.4471 138.0640 379.2997 137.7978 379.1962 c
137.5319 379.0908 137.2408 379.0389 136.9261 379.0389 c
h
136.9261 379.5642 m
137.1555 379.5642 137.3664 379.6044 137.5620 379.6829 c
137.7561 379.7614 137.9251 379.8720 138.0691 380.0160 c
138.2128 380.1580 138.3250 380.3270 138.4053 380.5194 c
138.4855 380.7119 138.5257 380.9225 138.5257 381.1518 c
138.5257 381.3795 138.4855 381.5901 138.4053 381.7826 c
138.3250 381.9750 138.2128 382.1440 138.0691 382.2877 c
137.9251 382.4317 137.7561 382.5437 137.5620 382.6225 c
137.3664 382.7010 137.1555 382.7395 136.9261 382.7395 c
136.6937 382.7395 136.4814 382.7010 136.2872 382.6225 c
136.0913 382.5437 135.9224 382.4317 135.7770 382.2877 c
135.6313 382.1440 135.5176 381.9750 135.4374 381.7826 c
135.3552 381.5901 135.3152 381.3795 135.3152 381.1518 c
135.3152 380.9225 135.3552 380.7119 135.4374 380.5194 c
135.5176 380.3270 135.6313 380.1580 135.7770 380.0160 c
135.9224 379.8720 136.0913 379.7614 136.2872 379.6829 c
136.4814 379.6044 136.6937 379.5642 136.9261 379.5642 c
h
140.0182 379.0857 m
140.0182 383.2163 l
141.6308 383.2163 l
142.1646 383.2163 142.5861 383.0890 142.8939 382.8365 c
143.2001 382.5822 143.3540 382.2293 143.3540 381.7774 c
143.3540 381.4781 143.2854 381.2221 143.1482 381.0078 c
143.0096 380.7921 142.8137 380.6283 142.5577 380.5143 c
142.3018 380.3990 141.9922 380.3420 141.6308 380.3420 c
140.3427 380.3420 l
140.6086 380.6147 l
140.6086 379.0857 l
h
h
142.7803 379.0857 m
141.7294 380.5846 l
142.3619 380.5846 l
143.4243 379.0857 l
h
h
140.6086 380.5546 m
140.3427 380.8440 l
141.6124 380.8440 l
141.9905 380.8440 142.2765 380.9259 142.4724 381.0900 c
142.6666 381.2522 142.7635 381.4815 142.7635 381.7774 c
142.7635 382.0720 142.6666 382.2996 142.4724 382.4617 c
142.2765 382.6242 141.9905 382.7044 141.6124 382.7044 c
140.3427 382.7044 l
140.6086 382.9989 l
h
h
144.3095 379.0857 m
144.3095 383.2163 l
144.7946 383.2163 l
147.5266 379.8235 l
147.2723 379.8235 l
147.2723 383.2163 l
147.8631 383.2163 l
147.8631 379.0857 l
147.3795 379.0857 l
144.6474 382.4785 l
144.9000 382.4785 l
144.9000 379.0857 l
h
h
148.4768 379.0857 m
150.3490 383.2163 l
150.9330 383.2163 l
152.8101 379.0857 l
152.1893 379.0857 l
150.5197 382.8866 l
150.7555 382.8866 l
149.0859 379.0857 l
h
h
149.2750 380.1180 m
149.4337 380.5914 l
151.7593 380.5914 l
151.9299 380.1180 l
h
h
154.0372 379.0857 m
154.0372 382.7044 l
152.6202 382.7044 l
152.6202 383.2163 l
156.0379 383.2163 l
156.0379 382.7044 l
154.6209 382.7044 l
154.6209 379.0857 l
h
h
156.6805 379.0857 m
156.6805 383.2163 l
157.2710 383.2163 l
157.2710 379.0857 l
h
h
160.3760 379.0389 m
160.0617 379.0389 159.7706 379.0925 159.5013 379.1976 c
159.2320 379.3031 158.9975 379.4522 158.8020 379.6427 c
158.6044 379.8334 158.4505 380.0577 158.3402 380.3136 c
158.2296 380.5696 158.1744 380.8491 158.1744 381.1518 c
158.1744 381.4546 158.2296 381.7341 158.3402 381.9900 c
158.4505 382.2460 158.6044 382.4685 158.8020 382.6593 c
158.9975 382.8501 159.2303 382.9989 159.4979 383.1060 c
159.7637 383.2112 160.0566 383.2648 160.3760 383.2648 c
160.6907 383.2648 160.9818 383.2129 161.2477 383.1092 c
161.5139 383.0037 161.7446 382.8566 161.9439 382.6658 c
162.1429 382.4751 162.2951 382.2525 162.4039 381.9966 c
162.5125 381.7406 162.5661 381.4580 162.5661 381.1518 c
162.5661 380.8457 162.5125 380.5645 162.4039 380.3085 c
162.2951 380.0526 162.1429 379.8283 161.9439 379.6379 c
161.7446 379.4471 161.5139 379.2997 161.2477 379.1962 c
160.9818 379.0908 160.6907 379.0389 160.3760 379.0389 c
h
160.3760 379.5642 m
160.6054 379.5642 160.8163 379.6044 161.0118 379.6829 c
161.2060 379.7614 161.3750 379.8720 161.5190 380.0160 c
161.6627 380.1580 161.7749 380.3270 161.8551 380.5194 c
161.9354 380.7119 161.9756 380.9225 161.9756 381.1518 c
161.9756 381.3795 161.9354 381.5901 161.8551 381.7826 c
161.7749 381.9750 161.6627 382.1440 161.5190 382.2877 c
161.3750 382.4317 161.2060 382.5437 161.0118 382.6225 c
160.8163 382.7010 160.6054 382.7395 160.3760 382.7395 c
160.1436 382.7395 159.9313 382.7010 159.7371 382.6225 c
159.5412 382.5437 159.3723 382.4317 159.2269 382.2877 c
159.0812 382.1440 158.9675 381.9750 158.8873 381.7826 c
158.8051 381.5901 158.7651 381.3795 158.7651 381.1518 c
158.7651 380.9225 158.8051 380.7119 158.8873 380.5194 c
158.9675 380.3270 159.0812 380.1580 159.2269 380.0160 c
159.3723 379.8720 159.5412 379.7614 159.7371 379.6829 c
159.9313 379.6044 160.1436 379.5642 160.3760 379.5642 c
h
163.4681 379.0857 m
163.4681 383.2163 l
163.9531 383.2163 l
166.6851 379.8235 l
166.4308 379.8235 l
166.4308 383.2163 l
167.0216 383.2163 l
167.0216 379.0857 l
166.5380 379.0857 l
163.8060 382.4785 l
164.0585 382.4785 l
164.0585 379.0857 l
h
f
q
107.5941 393.0049 66.8100 50.5539 re W*
n
/GS13 gs
q
107.5941 393.0049 m
107.5941 443.5588 l
174.4041 443.5588 l
174.4041 393.0049 l
h
W*
n
q
67.01899 0.00000 0.00000 50.80074 107.5941 392.8720 cm
/Im122 Do
Q
Q
Q
/GS13 gs
/CS15 cs 0.0000 0.0000 0.0000 0.0000 scn
187.1575 379.2087 m
187.1575 382.8937 l
188.5963 382.8937 l
188.9186 382.8937 189.1947 382.8430 189.4232 382.7415 c
189.6514 382.6400 189.8263 382.4923 189.9502 382.2996 c
190.0723 382.1071 190.1336 381.8772 190.1336 381.6102 c
190.1336 381.3429 190.0723 381.1147 189.9502 380.9237 c
189.8263 380.7312 189.6514 380.5832 189.4232 380.4803 c
189.1947 380.3774 188.9186 380.3250 188.5963 380.3250 c
187.4472 380.3250 l
187.6844 380.5727 l
187.6844 379.2087 l
h
h
187.6844 380.5191 m
187.4472 380.7833 l
188.5799 380.7833 l
188.9172 380.7833 189.1723 380.8551 189.3470 380.9996 c
189.5202 381.1431 189.6069 381.3460 189.6069 381.6102 c
189.6069 381.8730 189.5202 382.0759 189.3470 382.2205 c
189.1723 382.3654 188.9172 382.4371 188.5799 382.4371 c
187.4472 382.4371 l
187.6844 382.6998 l
h
h
192.4438 379.1670 m
191.9602 379.1670 191.5795 379.3056 191.3020 379.5834 c
191.0242 379.8595 190.8856 380.2654 190.8856 380.7984 c
190.8856 382.8937 l
191.4123 382.8937 l
191.4123 380.8208 l
191.4123 380.4103 191.5033 380.1101 191.6841 379.9208 c
191.8647 379.7311 192.1198 379.6356 192.4498 379.6356 c
192.7826 379.6356 193.0408 379.7311 193.2214 379.9208 c
193.4019 380.1101 193.4929 380.4103 193.4929 380.8208 c
193.4929 382.8937 l
194.0034 382.8937 l
194.0034 380.7984 l
194.0034 380.2654 193.8660 379.8595 193.5899 379.5834 c
193.3138 379.3056 192.9317 379.1670 192.4438 379.1670 c
h
195.0809 379.2087 m
195.0809 382.8937 l
196.5197 382.8937 l
196.9960 382.8937 197.3718 382.7803 197.6465 382.5550 c
197.9198 382.3279 198.0570 382.0130 198.0570 381.6102 c
198.0570 381.3429 197.9957 381.1147 197.8736 380.9237 c
197.7497 380.7312 197.5748 380.5849 197.3466 380.4834 c
197.1181 380.3803 196.8420 380.3295 196.5197 380.3295 c
195.3706 380.3295 l
195.6078 380.5727 l
195.6078 379.2087 l
h
h
197.5450 379.2087 m
196.6079 380.5461 l
197.1720 380.5461 l
198.1196 379.2087 l
h
h
195.6078 380.5191 m
195.3706 380.7774 l
196.5033 380.7774 l
196.8406 380.7774 197.0957 380.8505 197.2704 380.9968 c
197.4436 381.1416 197.5303 381.3460 197.5303 381.6102 c
197.5303 381.8730 197.4436 382.0759 197.2704 382.2205 c
197.0957 382.3654 196.8406 382.4371 196.5033 382.4371 c
195.3706 382.4371 l
195.6078 382.6998 l
h
h
198.9091 379.2087 m
198.9091 382.8937 l
200.3479 382.8937 l
200.6702 382.8937 200.9463 382.8430 201.1748 382.7415 c
201.4030 382.6400 201.5779 382.4923 201.7018 382.2996 c
201.8239 382.1071 201.8852 381.8772 201.8852 381.6102 c
201.8852 381.3429 201.8239 381.1147 201.7018 380.9237 c
201.5779 380.7312 201.4030 380.5832 201.1748 380.4803 c
200.9463 380.3774 200.6702 380.3250 200.3479 380.3250 c
199.1988 380.3250 l
199.4360 380.5727 l
199.4360 379.2087 l
h
h
199.4360 380.5191 m
199.1988 380.7833 l
200.3315 380.7833 l
200.6688 380.7833 200.9239 380.8551 201.0986 380.9996 c
201.2717 381.1431 201.3585 381.3460 201.3585 381.6102 c
201.3585 381.8730 201.2717 382.0759 201.0986 382.2205 c
200.9239 382.3654 200.6688 382.4371 200.3315 382.4371 c
199.1988 382.4371 l
199.4360 382.6998 l
h
h
202.6585 379.2087 m
202.6585 382.8937 l
203.1854 382.8937 l
203.1854 379.6668 l
205.1810 379.6668 l
205.1810 379.2087 l
h
h
205.7868 379.2087 m
205.7868 382.8937 l
208.3884 382.8937 l
208.3884 382.4371 l
206.3137 382.4371 l
206.3137 379.6668 l
208.4630 379.6668 l
208.4630 379.2087 l
h
h
206.2658 380.8565 m
206.2658 381.3041 l
208.1614 381.3041 l
208.1614 380.8565 l
h
h
212.3807 379.1670 m
212.0987 379.1670 211.8404 379.2132 211.6032 379.3073 c
211.3659 379.3997 211.1615 379.5310 210.9883 379.7014 c
210.8137 379.8714 210.6780 380.0713 210.5793 380.2997 c
210.4809 380.5282 210.4316 380.7788 210.4316 381.0521 c
210.4316 381.3250 210.4809 381.5773 210.5793 381.8058 c
210.6780 382.0340 210.8151 382.2324 210.9912 382.4028 c
211.1658 382.5729 211.3719 382.7041 211.6091 382.7982 c
211.8464 382.8906 212.1046 382.9371 212.3853 382.9371 c
212.6704 382.9371 212.9329 382.8892 213.1733 382.7923 c
213.4137 382.6953 213.6180 382.5519 213.7867 382.3625 c
213.4434 382.0311 l
213.3031 382.1788 213.1449 382.2877 212.9703 382.3608 c
212.7943 382.4325 212.6061 382.4683 212.4062 382.4683 c
212.1987 382.4683 212.0077 382.4340 211.8300 382.3639 c
211.6525 382.2936 211.5003 382.1953 211.3705 382.0683 c
211.2406 381.9416 211.1391 381.7922 211.0674 381.6176 c
210.9943 381.4430 210.9583 381.2550 210.9583 381.0521 c
210.9583 380.8474 210.9943 380.6595 211.0674 380.4863 c
211.1391 380.3117 211.2406 380.1626 211.3705 380.0356 c
211.5003 379.9086 211.6525 379.8116 211.8300 379.7416 c
212.0077 379.6713 212.1987 379.6356 212.4062 379.6356 c
212.6061 379.6356 212.7943 379.6713 212.9703 379.7430 c
213.1449 379.8147 213.3031 379.9267 213.4434 380.0772 c
213.7867 379.7461 l
213.6180 379.5565 213.4137 379.4117 213.1733 379.3147 c
212.9329 379.2161 212.6690 379.1670 212.3807 379.1670 c
h
215.9651 379.1670 m
215.6845 379.1670 215.4249 379.2146 215.1845 379.3088 c
214.9444 379.4026 214.7352 379.5355 214.5606 379.7056 c
214.3845 379.8760 214.2473 380.0758 214.1487 380.3043 c
214.0503 380.5325 214.0010 380.7819 214.0010 381.0521 c
214.0010 381.3222 214.0503 381.5714 214.1487 381.7998 c
214.2473 382.0280 214.3845 382.2265 214.5606 382.3968 c
214.7352 382.5669 214.9427 382.6998 215.1816 382.7954 c
215.4189 382.8892 215.6800 382.9371 215.9651 382.9371 c
216.2458 382.9371 216.5054 382.8906 216.7427 382.7982 c
216.9799 382.7041 217.1860 382.5729 217.3637 382.4028 c
217.5412 382.2324 217.6770 382.0340 217.7742 381.8058 c
217.8711 381.5773 217.9188 381.3250 217.9188 381.0521 c
217.9188 380.7788 217.8711 380.5282 217.7742 380.2997 c
217.6770 380.0713 217.5412 379.8714 217.3637 379.7014 c
217.1860 379.5310 216.9799 379.3997 216.7427 379.3073 c
216.5054 379.2132 216.2458 379.1670 215.9651 379.1670 c
h
215.9651 379.6356 m
216.1695 379.6356 216.3577 379.6713 216.5323 379.7416 c
216.7055 379.8116 216.8561 379.9103 216.9845 380.0387 c
217.1129 380.1654 217.2129 380.3162 217.2844 380.4877 c
217.3561 380.6595 217.3921 380.8474 217.3921 381.0521 c
217.3921 381.2550 217.3561 381.4430 217.2844 381.6147 c
217.2129 381.7862 217.1129 381.9370 216.9845 382.0654 c
216.8561 382.1939 216.7055 382.2936 216.5323 382.3639 c
216.3577 382.4340 216.1695 382.4683 215.9651 382.4683 c
215.7576 382.4683 215.5680 382.4340 215.3951 382.3639 c
215.2205 382.2936 215.0697 382.1939 214.9398 382.0654 c
214.8100 381.9370 214.7085 381.7862 214.6368 381.6147 c
214.5637 381.4430 214.5277 381.2550 214.5277 381.0521 c
214.5277 380.8474 214.5637 380.6595 214.6368 380.4877 c
214.7085 380.3162 214.8100 380.1654 214.9398 380.0387 c
215.0697 379.9103 215.2205 379.8116 215.3951 379.7416 c
215.5680 379.6713 215.7576 379.6356 215.9651 379.6356 c
h
218.7232 379.2087 m
218.7232 382.8937 l
220.1621 382.8937 l
220.6383 382.8937 221.0142 382.7803 221.2889 382.5550 c
221.5621 382.3279 221.6993 382.0130 221.6993 381.6102 c
221.6993 381.3429 221.6381 381.1147 221.5159 380.9237 c
221.3921 380.7312 221.2172 380.5849 220.9890 380.4834 c
220.7605 380.3803 220.4844 380.3295 220.1621 380.3295 c
219.0129 380.3295 l
219.2502 380.5727 l
219.2502 379.2087 l
h
h
221.1874 379.2087 m
220.2503 380.5461 l
220.8144 380.5461 l
221.7620 379.2087 l
h
h
219.2502 380.5191 m
219.0129 380.7774 l
220.1457 380.7774 l
220.4830 380.7774 220.7381 380.8505 220.9127 380.9968 c
221.0859 381.1416 221.1727 381.3460 221.1727 381.6102 c
221.1727 381.8730 221.0859 382.0759 220.9127 382.2205 c
220.7381 382.3654 220.4830 382.4371 220.1457 382.4371 c
219.0129 382.4371 l
219.2502 382.6998 l
h
h
222.5514 379.2087 m
222.5514 382.8937 l
222.9843 382.8937 l
225.4215 379.8669 l
225.1947 379.8669 l
225.1947 382.8937 l
225.7217 382.8937 l
225.7217 379.2087 l
225.2903 379.2087 l
222.8530 382.2355 l
223.0784 382.2355 l
223.0784 379.2087 l
h
h
226.2694 379.2087 m
227.9395 382.8937 l
228.4603 382.8937 l
230.1350 379.2087 l
229.5814 379.2087 l
228.0917 382.5998 l
228.3021 382.5998 l
226.8128 379.2087 l
h
h
226.9811 380.1297 m
227.1231 380.5520 l
229.1975 380.5520 l
229.3500 380.1297 l
h
h
231.2297 379.2087 m
231.2297 382.4371 l
229.9657 382.4371 l
229.9657 382.8937 l
233.0150 382.8937 l
233.0150 382.4371 l
231.7507 382.4371 l
231.7507 379.2087 l
h
h
233.5878 379.2087 m
233.5878 382.8937 l
234.1148 382.8937 l
234.1148 379.2087 l
h
h
236.8848 379.1670 m
236.6042 379.1670 236.3445 379.2146 236.1042 379.3088 c
235.8641 379.4026 235.6549 379.5355 235.4803 379.7056 c
235.3042 379.8760 235.1670 380.0758 235.0684 380.3043 c
234.9700 380.5325 234.9207 380.7819 234.9207 381.0521 c
234.9207 381.3222 234.9700 381.5714 235.0684 381.7998 c
235.1670 382.0280 235.3042 382.2265 235.4803 382.3968 c
235.6549 382.5669 235.8624 382.6998 236.1013 382.7954 c
236.3386 382.8892 236.5997 382.9371 236.8848 382.9371 c
237.1654 382.9371 237.4251 382.8906 237.6624 382.7982 c
237.8996 382.7041 238.1057 382.5729 238.2834 382.4028 c
238.4609 382.2324 238.5967 382.0340 238.6939 381.8058 c
238.7908 381.5773 238.8385 381.3250 238.8385 381.0521 c
238.8385 380.7788 238.7908 380.5282 238.6939 380.2997 c
238.5967 380.0713 238.4609 379.8714 238.2834 379.7014 c
238.1057 379.5310 237.8996 379.3997 237.6624 379.3073 c
237.4251 379.2132 237.1654 379.1670 236.8848 379.1670 c
h
236.8848 379.6356 m
237.0892 379.6356 237.2774 379.6713 237.4520 379.7416 c
237.6252 379.8116 237.7757 379.9103 237.9042 380.0387 c
238.0326 380.1654 238.1326 380.3162 238.2041 380.4877 c
238.2758 380.6595 238.3118 380.8474 238.3118 381.0521 c
238.3118 381.2550 238.2758 381.4430 238.2041 381.6147 c
238.1326 381.7862 238.0326 381.9370 237.9042 382.0654 c
237.7757 382.1939 237.6252 382.2936 237.4520 382.3639 c
237.2774 382.4340 237.0892 382.4683 236.8848 382.4683 c
236.6773 382.4683 236.4877 382.4340 236.3148 382.3639 c
236.1402 382.2936 235.9894 382.1939 235.8595 382.0654 c
235.7297 381.9370 235.6282 381.7862 235.5565 381.6147 c
235.4834 381.4430 235.4474 381.2550 235.4474 381.0521 c
235.4474 380.8474 235.4834 380.6595 235.5565 380.4877 c
235.6282 380.3162 235.7297 380.1654 235.8595 380.0387 c
235.9894 379.9103 236.1402 379.8116 236.3148 379.7416 c
236.4877 379.6713 236.6773 379.6356 236.8848 379.6356 c
h
239.6429 379.2087 m
239.6429 382.8937 l
240.0758 382.8937 l
242.5130 379.8669 l
242.2862 379.8669 l
242.2862 382.8937 l
242.8132 382.8937 l
242.8132 379.2087 l
242.3818 379.2087 l
239.9445 382.2355 l
240.1699 382.2355 l
240.1699 379.2087 l
h
f
q
180.0950 392.9973 65.5860 50.5548 re W*
n
/GS13 gs
q
180.0950 392.9973 m
180.0950 443.5520 l
245.6810 443.5520 l
245.6810 392.9973 l
h
W*
n
q
65.70708 0.00000 0.00000 50.89729 179.9941 392.6748 cm
/Im123 Do
Q
Q
Q
/GS13 gs
/CS15 cs 0.5300 1.0000 0.2800 0.1100 scn
100.7666 300.0492 m
35.3015 300.0492 l
37.5667 305.3443 l
35.3015 310.6383 l
100.7666 310.6383 l
98.5028 305.6292 l
h
f
/GS13 gs
/CS15 cs 0.5300 1.0000 0.2800 0.1100 scn
176.0593 300.0492 m
107.0592 300.0492 l
109.4462 305.3443 l
107.0592 310.6383 l
176.0593 310.6383 l
173.6722 305.6292 l
h
f
/GS13 gs
/CS15 cs 0.5300 1.0000 0.2800 0.1100 scn
248.0593 300.0492 m
182.5943 300.0492 l
184.8591 305.3443 l
182.5943 310.6383 l
248.0593 310.6383 l
245.7952 305.6292 l
h
f
/GS13 gs
/CS15 cs 0.0000 0.0000 0.0000 0.0000 scn
43.2133 302.9409 m
42.9486 302.9409 42.7037 302.9859 42.4769 303.0746 c
42.2501 303.1634 42.0531 303.2887 41.8884 303.4491 c
41.7223 303.6095 41.5928 303.7983 41.4998 304.0138 c
41.4068 304.2289 41.3603 304.4642 41.3603 304.7190 c
41.3603 304.9739 41.4068 305.2089 41.4998 305.4243 c
41.5928 305.6397 41.7223 305.8271 41.8884 305.9875 c
42.0531 306.1480 42.2487 306.2733 42.4740 306.3634 c
42.6980 306.4521 42.9443 306.4972 43.2133 306.4972 c
43.4778 306.4972 43.7227 306.4535 43.9466 306.3662 c
44.1706 306.2775 44.3648 306.1536 44.5323 305.9932 c
44.6998 305.8328 44.8279 305.6454 44.9195 305.4300 c
45.0111 305.2145 45.0561 304.9767 45.0561 304.7190 c
45.0561 304.4614 45.0111 304.2249 44.9195 304.0095 c
44.8279 303.7941 44.6998 303.6053 44.5323 303.4449 c
44.3648 303.2844 44.1706 303.1605 43.9466 303.0732 c
43.7227 302.9845 43.4778 302.9409 43.2133 302.9409 c
h
43.2133 303.3828 m
43.4061 303.3828 43.5835 303.4168 43.7482 303.4828 c
43.9115 303.5492 44.0538 303.6419 44.1748 303.7629 c
44.2959 303.8828 44.3903 304.0248 44.4577 304.1867 c
44.5255 304.3488 44.5592 304.5260 44.5592 304.7190 c
44.5592 304.9104 44.5255 305.0878 44.4577 305.2497 c
44.3903 305.4115 44.2959 305.5538 44.1748 305.6749 c
44.0538 305.7959 43.9115 305.8903 43.7482 305.9566 c
43.5835 306.0227 43.4061 306.0550 43.2133 306.0550 c
43.0174 306.0550 42.8386 306.0227 42.6753 305.9566 c
42.5106 305.8903 42.3686 305.7959 42.2459 305.6749 c
42.1234 305.5538 42.0279 305.4115 41.9601 305.2497 c
41.8912 305.0878 41.8575 304.9104 41.8575 304.7190 c
41.8575 304.5260 41.8912 304.3488 41.9601 304.1867 c
42.0279 304.0248 42.1234 303.8828 42.2459 303.7629 c
42.3686 303.6419 42.5106 303.5492 42.6753 303.4828 c
42.8386 303.4168 43.0174 303.3828 43.2133 303.3828 c
h
45.8150 302.9803 m
45.8150 306.4564 l
47.1722 306.4564 l
47.6212 306.4564 47.9761 306.3492 48.2349 306.1366 c
48.4926 305.9226 48.6221 305.6255 48.6221 305.2454 c
48.6221 304.9934 48.5646 304.7780 48.4489 304.5980 c
48.3321 304.4163 48.1674 304.2782 47.9520 304.1827 c
47.7366 304.0855 47.4761 304.0376 47.1722 304.0376 c
46.0879 304.0376 l
46.3119 304.2672 l
46.3119 302.9803 l
h
h
48.1394 302.9803 m
47.2552 304.2417 l
47.7873 304.2417 l
48.6814 302.9803 l
h
h
46.3119 304.2164 m
46.0879 304.4599 l
47.1566 304.4599 l
47.4746 304.4599 47.7156 304.5288 47.8803 304.6669 c
48.0436 304.8035 48.1252 304.9963 48.1252 305.2454 c
48.1252 305.4934 48.0436 305.6848 47.8803 305.8214 c
47.7156 305.9580 47.4746 306.0255 47.1566 306.0255 c
46.0879 306.0255 l
46.3119 306.2733 l
h
h
48.8996 302.9803 m
50.4751 306.4564 l
50.9664 306.4564 l
52.5461 302.9803 l
52.0237 302.9803 l
50.6186 306.1789 l
50.8173 306.1789 l
49.4121 302.9803 l
h
h
49.5711 303.8488 m
49.7049 304.2473 l
51.6620 304.2473 l
51.8054 303.8488 l
h
h
53.0614 302.9803 m
53.0614 306.4564 l
53.4696 306.4564 l
55.7688 303.6010 l
55.5548 303.6010 l
55.5548 306.4564 l
56.0517 306.4564 l
56.0517 302.9803 l
55.6449 302.9803 l
53.3458 305.8353 l
53.5584 305.8353 l
53.5584 302.9803 l
h
h
58.6650 302.9409 m
58.3960 302.9409 58.1496 302.9845 57.9257 303.0732 c
57.7003 303.1605 57.5048 303.2844 57.3401 303.4449 c
57.1740 303.6053 57.0444 303.7941 56.9514 304.0095 c
56.8585 304.2249 56.8120 304.4614 56.8120 304.7190 c
56.8120 304.9767 56.8585 305.2145 56.9514 305.4300 c
57.0444 305.6454 57.1740 305.8328 57.3415 305.9932 c
57.5090 306.1536 57.7046 306.2775 57.9300 306.3662 c
58.1553 306.4535 58.4031 306.4972 58.6746 306.4972 c
58.9493 306.4972 59.2013 306.4521 59.4306 306.3634 c
59.6588 306.2733 59.8516 306.1395 60.0109 305.9609 c
59.7039 305.6525 l
59.5616 305.7917 59.4068 305.8931 59.2393 305.9580 c
59.0717 306.0227 58.8900 306.0550 58.6945 306.0550 c
58.4960 306.0550 58.3115 306.0227 58.1411 305.9566 c
57.9708 305.8903 57.8228 305.7973 57.6989 305.6777 c
57.5751 305.5581 57.4795 305.4172 57.4118 305.2525 c
57.3429 305.0878 57.3092 304.9104 57.3092 304.7190 c
57.3092 304.5302 57.3429 304.3542 57.4118 304.1895 c
57.4795 304.0248 57.5751 303.8828 57.6989 303.7629 c
57.8228 303.6419 57.9694 303.5492 58.1383 303.4828 c
58.3072 303.4168 58.4918 303.3828 58.6902 303.3828 c
58.8747 303.3828 59.0533 303.4125 59.2237 303.4701 c
59.3940 303.5279 59.5534 303.6237 59.6982 303.7603 c
59.9811 303.3828 l
59.8093 303.2379 59.6081 303.1282 59.3787 303.0534 c
59.1477 302.9788 58.9099 302.9409 58.6650 302.9409 c
h
59.9811 303.3828 m
59.5040 303.4477 l
59.5040 304.7386 l
59.9811 304.7386 l
h
h
60.9287 302.9803 m
60.9287 306.4564 l
63.3827 306.4564 l
63.3827 306.0255 l
61.4256 306.0255 l
61.4256 303.4125 l
63.4530 303.4125 l
63.4530 302.9803 l
h
h
61.3806 304.5345 m
61.3806 304.9569 l
63.1687 304.9569 l
63.1687 304.5345 l
h
h
67.1485 302.9409 m
66.8823 302.9409 66.6388 302.9845 66.4149 303.0732 c
66.1912 303.1605 65.9982 303.2844 65.8349 303.4449 c
65.6702 303.6053 65.5421 303.7941 65.4491 304.0095 c
65.3562 304.2249 65.3097 304.4614 65.3097 304.7190 c
65.3097 304.9767 65.3562 305.2145 65.4491 305.4300 c
65.5421 305.6454 65.6717 305.8328 65.8378 305.9932 c
66.0025 306.1536 66.1966 306.2775 66.4206 306.3662 c
66.6445 306.4535 66.8880 306.4972 67.1528 306.4972 c
67.4215 306.4972 67.6695 306.4521 67.8960 306.3606 c
68.1228 306.2690 68.3155 306.1338 68.4748 305.9552 c
68.1508 305.6426 l
68.0185 305.7820 67.8694 305.8846 67.7047 305.9538 c
67.5386 306.0213 67.3611 306.0550 67.1723 306.0550 c
66.9767 306.0550 66.7964 306.0227 66.6289 305.9566 c
66.4614 305.8903 66.3180 305.7973 66.1952 305.6777 c
66.0728 305.5581 65.9772 305.4172 65.9095 305.2525 c
65.8406 305.0878 65.8069 304.9104 65.8069 304.7190 c
65.8069 304.5260 65.8406 304.3488 65.9095 304.1853 c
65.9772 304.0206 66.0728 303.8800 66.1952 303.7603 c
66.3180 303.6404 66.4614 303.5492 66.6289 303.4828 c
66.7964 303.4168 66.9767 303.3828 67.1723 303.3828 c
67.3611 303.3828 67.5386 303.4168 67.7047 303.4843 c
67.8694 303.5517 68.0185 303.6574 68.1508 303.7997 c
68.4748 303.4871 l
68.3155 303.3082 68.1228 303.1716 67.8960 303.0803 c
67.6695 302.9873 67.4201 302.9409 67.1485 302.9409 c
h
70.5297 302.9409 m
70.2649 302.9409 70.0200 302.9859 69.7932 303.0746 c
69.5665 303.1634 69.3694 303.2887 69.2048 303.4491 c
69.0386 303.6095 68.9091 303.7983 68.8161 304.0138 c
68.7231 304.2289 68.6767 304.4642 68.6767 304.7190 c
68.6767 304.9739 68.7231 305.2089 68.8161 305.4243 c
68.9091 305.6397 69.0386 305.8271 69.2048 305.9875 c
69.3694 306.1480 69.5650 306.2733 69.7904 306.3634 c
70.0143 306.4521 70.2607 306.4972 70.5297 306.4972 c
70.7941 306.4972 71.0391 306.4535 71.2630 306.3662 c
71.4869 306.2775 71.6811 306.1536 71.8486 305.9932 c
72.0162 305.8328 72.1443 305.6454 72.2358 305.4300 c
72.3274 305.2145 72.3725 304.9767 72.3725 304.7190 c
72.3725 304.4614 72.3274 304.2249 72.2358 304.0095 c
72.1443 303.7941 72.0162 303.6053 71.8486 303.4449 c
71.6811 303.2844 71.4869 303.1605 71.2630 303.0732 c
71.0391 302.9845 70.7941 302.9409 70.5297 302.9409 c
h
70.5297 303.3828 m
70.7224 303.3828 70.8999 303.4168 71.0646 303.4828 c
71.2278 303.5492 71.3701 303.6419 71.4912 303.7629 c
71.6122 303.8828 71.7066 304.0248 71.7741 304.1867 c
71.8418 304.3488 71.8756 304.5260 71.8756 304.7190 c
71.8756 304.9104 71.8418 305.0878 71.7741 305.2497 c
71.7066 305.4115 71.6122 305.5538 71.4912 305.6749 c
71.3701 305.7959 71.2278 305.8903 71.0646 305.9566 c
70.8999 306.0227 70.7224 306.0550 70.5297 306.0550 c
70.3338 306.0550 70.1549 306.0227 69.9917 305.9566 c
69.8270 305.8903 69.6849 305.7959 69.5622 305.6749 c
69.4397 305.5538 69.3442 305.4115 69.2765 305.2497 c
69.2076 305.0878 69.1739 304.9104 69.1739 304.7190 c
69.1739 304.5260 69.2076 304.3488 69.2765 304.1867 c
69.3442 304.0248 69.4397 303.8828 69.5622 303.7629 c
69.6849 303.6419 69.8270 303.5492 69.9917 303.4828 c
70.1549 303.4168 70.3338 303.3828 70.5297 303.3828 c
h
73.1313 302.9803 m
73.1313 306.4564 l
74.4885 306.4564 l
74.9375 306.4564 75.2924 306.3492 75.5512 306.1366 c
75.8089 305.9226 75.9385 305.6255 75.9385 305.2454 c
75.9385 304.9934 75.8809 304.7780 75.7653 304.5980 c
75.6485 304.4163 75.4838 304.2782 75.2683 304.1827 c
75.0529 304.0855 74.7924 304.0376 74.4885 304.0376 c
73.4043 304.0376 l
73.6282 304.2672 l
73.6282 302.9803 l
h
h
75.4557 302.9803 m
74.5716 304.2417 l
75.1037 304.2417 l
75.9977 302.9803 l
h
h
73.6282 304.2164 m
73.4043 304.4599 l
74.4729 304.4599 l
74.7910 304.4599 75.0319 304.5288 75.1966 304.6669 c
75.3599 304.8035 75.4415 304.9963 75.4415 305.2454 c
75.4415 305.4934 75.3599 305.6848 75.1966 305.8214 c
75.0319 305.9580 74.7910 306.0255 74.4729 306.0255 c
73.4043 306.0255 l
73.6282 306.2733 l
h
h
76.7426 302.9803 m
76.7426 306.4564 l
77.1508 306.4564 l
79.4500 303.6010 l
79.2360 303.6010 l
79.2360 306.4564 l
79.7329 306.4564 l
79.7329 302.9803 l
79.3261 302.9803 l
77.0270 305.8353 l
77.2396 305.8353 l
77.2396 302.9803 l
h
h
80.2497 302.9803 m
81.8252 306.4564 l
82.3164 306.4564 l
83.8962 302.9803 l
83.3737 302.9803 l
81.9686 306.1789 l
82.1673 306.1789 l
80.7622 302.9803 l
h
h
80.9212 303.8488 m
81.0550 304.2473 l
83.0120 304.2473 l
83.1555 303.8488 l
h
h
84.9288 302.9803 m
84.9288 306.0255 l
83.7366 306.0255 l
83.7366 306.4564 l
86.6129 306.4564 l
86.6129 306.0255 l
85.4203 306.0255 l
85.4203 302.9803 l
h
h
87.1534 302.9803 m
87.1534 306.4564 l
87.6504 306.4564 l
87.6504 302.9803 l
h
h
90.2636 302.9409 m
89.9989 302.9409 89.7540 302.9859 89.5272 303.0746 c
89.3004 303.1634 89.1034 303.2887 88.9387 303.4491 c
88.7726 303.6095 88.6431 303.7983 88.5501 304.0138 c
88.4571 304.2289 88.4106 304.4642 88.4106 304.7190 c
88.4106 304.9739 88.4571 305.2089 88.5501 305.4243 c
88.6431 305.6397 88.7726 305.8271 88.9387 305.9875 c
89.1034 306.1480 89.2990 306.2733 89.5243 306.3634 c
89.7483 306.4521 89.9946 306.4972 90.2636 306.4972 c
90.5281 306.4972 90.7730 306.4535 90.9969 306.3662 c
91.2209 306.2775 91.4151 306.1536 91.5826 305.9932 c
91.7501 305.8328 91.8782 305.6454 91.9698 305.4300 c
92.0614 305.2145 92.1064 304.9767 92.1064 304.7190 c
92.1064 304.4614 92.0614 304.2249 91.9698 304.0095 c
91.8782 303.7941 91.7501 303.6053 91.5826 303.4449 c
91.4151 303.2844 91.2209 303.1605 90.9969 303.0732 c
90.7730 302.9845 90.5281 302.9409 90.2636 302.9409 c
h
90.2636 303.3828 m
90.4564 303.3828 90.6338 303.4168 90.7985 303.4828 c
90.9618 303.5492 91.1041 303.6419 91.2251 303.7629 c
91.3462 303.8828 91.4406 304.0248 91.5080 304.1867 c
91.5758 304.3488 91.6095 304.5260 91.6095 304.7190 c
91.6095 304.9104 91.5758 305.0878 91.5080 305.2497 c
91.4406 305.4115 91.3462 305.5538 91.2251 305.6749 c
91.1041 305.7959 90.9618 305.8903 90.7985 305.9566 c
90.6338 306.0227 90.4564 306.0550 90.2636 306.0550 c
90.0677 306.0550 89.8889 306.0227 89.7256 305.9566 c
89.5609 305.8903 89.4189 305.7959 89.2962 305.6749 c
89.1737 305.5538 89.0782 305.4115 89.0104 305.2497 c
88.9415 305.0878 88.9078 304.9104 88.9078 304.7190 c
88.9078 304.5260 88.9415 304.3488 89.0104 304.1867 c
89.0782 304.0248 89.1737 303.8828 89.2962 303.7629 c
89.4189 303.6419 89.5609 303.5492 89.7256 303.4828 c
89.8889 303.4168 90.0677 303.3828 90.2636 303.3828 c
h
92.8653 302.9803 m
92.8653 306.4564 l
93.2734 306.4564 l
95.5726 303.6010 l
95.3586 303.6010 l
95.3586 306.4564 l
95.8555 306.4564 l
95.8555 302.9803 l
95.4488 302.9803 l
93.1496 305.8353 l
93.3622 305.8353 l
93.3622 302.9803 l
h
f
q
35.5941 316.7101 62.2199 50.5553 re W*
n
/GS13 gs
q
35.5941 316.7101 m
35.5941 367.2655 l
97.8140 367.2655 l
97.8140 316.7101 l
h
W*
n
q
62.22002 0.00000 0.00000 50.98331 35.5941 316.6209 cm
/Im124 Do
Q
Q
Q
/GS13 gs
/CS15 cs 0.0000 0.0000 0.0000 0.0000 scn
113.6679 302.7512 m
113.3535 302.7512 113.0522 302.7997 112.7662 302.8966 c
112.4785 302.9922 112.2525 303.1174 112.0870 303.2697 c
112.3044 303.7297 l
112.4617 303.5925 112.6624 303.4789 112.9068 303.3884 c
113.1508 303.2983 113.4054 303.2529 113.6679 303.2529 c
113.9071 303.2529 114.1030 303.2799 114.2518 303.3351 c
114.4006 303.3901 114.5112 303.4655 114.5832 303.5625 c
114.6532 303.6580 114.6883 303.7683 114.6883 303.8905 c
114.6883 304.0328 114.6433 304.1464 114.5511 304.2334 c
114.4593 304.3188 114.3388 304.3891 114.1917 304.4426 c
114.0426 304.4945 113.8805 304.5413 113.7047 304.5815 c
113.5273 304.6198 113.3484 304.6669 113.1693 304.7202 c
112.9904 304.7720 112.8263 304.8406 112.6791 304.9228 c
112.5320 305.0048 112.4133 305.1167 112.3228 305.2573 c
112.2324 305.3962 112.1873 305.5768 112.1873 305.7959 c
112.1873 306.0085 112.2443 306.2058 112.3563 306.3849 c
112.4683 306.5638 112.6406 306.7061 112.8750 306.8150 c
113.1092 306.9235 113.4068 306.9771 113.7682 306.9771 c
114.0075 306.9771 114.2467 306.9454 114.4826 306.8836 c
114.7187 306.8198 114.9245 306.7296 115.0965 306.6109 c
114.9009 306.1389 l
114.7252 306.2577 114.5378 306.3430 114.3422 306.3966 c
114.1447 306.4484 113.9539 306.4754 113.7682 306.4754 c
113.5358 306.4754 113.3450 306.4450 113.1962 306.3866 c
113.0474 306.3280 112.9368 306.2494 112.8682 306.1508 c
112.7996 306.0519 112.7645 305.9416 112.7645 305.8194 c
112.7645 305.6740 112.8112 305.5584 112.9034 305.4713 c
112.9955 305.3843 113.1160 305.3160 113.2648 305.2655 c
113.4119 305.2137 113.5743 305.1686 113.7515 305.1269 c
113.9272 305.0850 114.1064 305.0399 114.2853 304.9880 c
114.4644 304.9362 114.6266 304.8693 114.7754 304.7871 c
114.9228 304.7051 115.0415 304.5949 115.1317 304.4577 c
115.2221 304.3188 115.2672 304.1413 115.2672 303.9256 c
115.2672 303.7164 115.2105 303.5239 115.0965 303.3451 c
114.9829 303.1659 114.8071 303.0222 114.5696 302.9134 c
114.3303 302.8048 114.0310 302.7512 113.6679 302.7512 c
h
116.1289 302.7980 m
116.1289 306.9286 l
117.7415 306.9286 l
118.1030 306.9286 118.4125 306.8717 118.6685 306.7580 c
118.9244 306.6443 119.1203 306.4785 119.2589 306.2628 c
119.3961 306.0471 119.4647 305.7894 119.4647 305.4898 c
119.4647 305.1904 119.3961 304.9345 119.2589 304.7202 c
119.1203 304.5044 118.9244 304.3389 118.6685 304.2235 c
118.4125 304.1079 118.1030 304.0495 117.7415 304.0495 c
116.4535 304.0495 l
116.7194 304.3270 l
116.7194 302.7980 l
h
h
116.7194 304.2669 m
116.4535 304.5631 l
117.7231 304.5631 l
118.1013 304.5631 118.3873 304.6433 118.5831 304.8055 c
118.7773 304.9662 118.8743 305.1938 118.8743 305.4898 c
118.8743 305.7843 118.7773 306.0119 118.5831 306.1740 c
118.3873 306.3365 118.1013 306.4167 117.7231 306.4167 c
116.4535 306.4167 l
116.7194 306.7112 l
h
h
120.3310 302.7980 m
120.3310 306.9286 l
121.9436 306.9286 l
122.4774 306.9286 122.8989 306.8014 123.2067 306.5488 c
123.5129 306.2945 123.6668 305.9416 123.6668 305.4898 c
123.6668 305.1904 123.5982 304.9345 123.4610 304.7202 c
123.3224 304.5044 123.1265 304.3406 122.8706 304.2266 c
122.6146 304.1113 122.3050 304.0543 121.9436 304.0543 c
120.6556 304.0543 l
120.9214 304.3270 l
120.9214 302.7980 l
h
h
123.0931 302.7980 m
122.0423 304.2969 l
122.6747 304.2969 l
123.7371 302.7980 l
h
h
120.9214 304.2669 m
120.6556 304.5563 l
121.9252 304.5563 l
122.3033 304.5563 122.5894 304.6382 122.7852 304.8024 c
122.9794 304.9645 123.0763 305.1938 123.0763 305.4898 c
123.0763 305.7843 122.9794 306.0119 122.7852 306.1740 c
122.5894 306.3365 122.3033 306.4167 121.9252 306.4167 c
120.6556 306.4167 l
120.9214 306.7112 l
h
h
123.9965 302.7980 m
125.8688 306.9286 l
126.4527 306.9286 l
128.3298 302.7980 l
127.7090 302.7980 l
126.0394 306.5990 l
126.2752 306.5990 l
124.6056 302.7980 l
h
h
124.7947 303.8304 m
124.9534 304.3037 l
127.2790 304.3037 l
127.4496 303.8304 l
h
h
129.6456 302.7980 m
129.6456 304.3789 l
129.7811 304.0143 l
128.0044 306.9286 l
128.6351 306.9286 l
130.1292 304.4676 l
129.7862 304.4676 l
131.2852 306.9286 l
131.8708 306.9286 l
130.0992 304.0143 l
130.2296 304.3789 l
130.2296 302.7980 l
h
h
135.9009 302.7512 m
135.5848 302.7512 135.2954 302.8031 135.0295 302.9085 c
134.7633 303.0120 134.5343 303.1594 134.3401 303.3502 c
134.1442 303.5407 133.9920 303.7649 133.8817 304.0209 c
133.7712 304.2768 133.7159 304.5580 133.7159 304.8642 c
133.7159 305.1703 133.7712 305.4529 133.8817 305.7089 c
133.9920 305.9649 134.1459 306.1874 134.3435 306.3781 c
134.5391 306.5689 134.7701 306.7160 135.0360 306.8215 c
135.3022 306.9252 135.5916 306.9771 135.9060 306.9771 c
136.2254 306.9771 136.5199 306.9235 136.7892 306.8150 c
137.0588 306.7061 137.2878 306.5454 137.4769 306.3331 c
137.0923 305.9617 l
136.9349 306.1273 136.7575 306.2494 136.5619 306.3314 c
136.3643 306.4116 136.1537 306.4518 135.9295 306.4518 c
135.6968 306.4518 135.4827 306.4133 135.2837 306.3348 c
135.0845 306.2560 134.9138 306.1457 134.7684 306.0034 c
134.6227 305.8614 134.5090 305.6939 134.4288 305.4983 c
134.3466 305.3024 134.3066 305.0918 134.3066 304.8642 c
134.3066 304.6348 134.3466 304.4242 134.4288 304.2300 c
134.5090 304.0345 134.6227 303.8669 134.7684 303.7249 c
134.9138 303.5826 135.0845 303.4738 135.2837 303.3952 c
135.4827 303.3167 135.6968 303.2765 135.9295 303.2765 c
136.1537 303.2765 136.3643 303.3167 136.5619 303.3969 c
136.7575 303.4772 136.9349 303.6027 137.0923 303.7717 c
137.4769 303.4003 l
137.2878 303.1877 137.0588 303.0256 136.7892 302.9168 c
136.5199 302.8065 136.2240 302.7512 135.9009 302.7512 c
h
139.9187 302.7512 m
139.6043 302.7512 139.3132 302.8048 139.0439 302.9100 c
138.7746 303.0154 138.5402 303.1645 138.3446 303.3550 c
138.1470 303.5458 137.9931 303.7700 137.8828 304.0260 c
137.7723 304.2819 137.7170 304.5614 137.7170 304.8642 c
137.7170 305.1669 137.7723 305.4464 137.8828 305.7024 c
137.9931 305.9583 138.1470 306.1809 138.3446 306.3716 c
138.5402 306.5624 138.7729 306.7112 139.0405 306.8184 c
139.3064 306.9235 139.5992 306.9771 139.9187 306.9771 c
140.2333 306.9771 140.5244 306.9252 140.7903 306.8215 c
141.0565 306.7160 141.2872 306.5689 141.4865 306.3781 c
141.6855 306.1874 141.8377 305.9649 141.9466 305.7089 c
142.0551 305.4529 142.1087 305.1703 142.1087 304.8642 c
142.1087 304.5580 142.0551 304.2768 141.9466 304.0209 c
141.8377 303.7649 141.6855 303.5407 141.4865 303.3502 c
141.2872 303.1594 141.0565 303.0120 140.7903 302.9085 c
140.5244 302.8031 140.2333 302.7512 139.9187 302.7512 c
h
139.9187 303.2765 m
140.1480 303.2765 140.3589 303.3167 140.5545 303.3952 c
140.7487 303.4738 140.9176 303.5843 141.0616 303.7283 c
141.2053 303.8703 141.3176 304.0393 141.3978 304.2317 c
141.4780 304.4242 141.5183 304.6348 141.5183 304.8642 c
141.5183 305.0918 141.4780 305.3024 141.3978 305.4949 c
141.3176 305.6873 141.2053 305.8563 141.0616 306.0000 c
140.9176 306.1440 140.7487 306.2560 140.5545 306.3348 c
140.3589 306.4133 140.1480 306.4518 139.9187 306.4518 c
139.6862 306.4518 139.4739 306.4133 139.2797 306.3348 c
139.0839 306.2560 138.9149 306.1440 138.7695 306.0000 c
138.6238 305.8563 138.5101 305.6873 138.4299 305.4949 c
138.3477 305.3024 138.3077 305.0918 138.3077 304.8642 c
138.3077 304.6348 138.3477 304.4242 138.4299 304.2317 c
138.5101 304.0393 138.6238 303.8703 138.7695 303.7283 c
138.9149 303.5843 139.0839 303.4738 139.2797 303.3952 c
139.4739 303.3167 139.6862 303.2765 139.9187 303.2765 c
h
143.0107 302.7980 m
143.0107 306.9286 l
144.6233 306.9286 l
145.1571 306.9286 145.5786 306.8014 145.8865 306.5488 c
146.1926 306.2945 146.3465 305.9416 146.3465 305.4898 c
146.3465 305.1904 146.2779 304.9345 146.1407 304.7202 c
146.0021 304.5044 145.8062 304.3406 145.5503 304.2266 c
145.2943 304.1113 144.9848 304.0543 144.6233 304.0543 c
143.3353 304.0543 l
143.6012 304.3270 l
143.6012 302.7980 l
h
h
145.7728 302.7980 m
144.7220 304.2969 l
145.3544 304.2969 l
146.4168 302.7980 l
h
h
143.6012 304.2669 m
143.3353 304.5563 l
144.6049 304.5563 l
144.9831 304.5563 145.2691 304.6382 145.4649 304.8024 c
145.6591 304.9645 145.7561 305.1938 145.7561 305.4898 c
145.7561 305.7843 145.6591 306.0119 145.4649 306.1740 c
145.2691 306.3365 144.9831 306.4167 144.6049 306.4167 c
143.3353 306.4167 l
143.6012 306.7112 l
h
h
147.3021 302.7980 m
147.3021 306.9286 l
147.7871 306.9286 l
150.5191 303.5358 l
150.2649 303.5358 l
150.2649 306.9286 l
150.8556 306.9286 l
150.8556 302.7980 l
150.3720 302.7980 l
147.6400 306.1908 l
147.8925 306.1908 l
147.8925 302.7980 l
h
h
151.4693 302.7980 m
153.3416 306.9286 l
153.9255 306.9286 l
155.8026 302.7980 l
155.1818 302.7980 l
153.5122 306.5990 l
153.7481 306.5990 l
152.0785 302.7980 l
h
h
152.2675 303.8304 m
152.4263 304.3037 l
154.7518 304.3037 l
154.9225 303.8304 l
h
h
157.0297 302.7980 m
157.0297 306.4167 l
155.6127 306.4167 l
155.6127 306.9286 l
159.0304 306.9286 l
159.0304 306.4167 l
157.6134 306.4167 l
157.6134 302.7980 l
h
h
159.6730 302.7980 m
159.6730 306.9286 l
160.2635 306.9286 l
160.2635 302.7980 l
h
h
163.3686 302.7512 m
163.0542 302.7512 162.7631 302.8048 162.4938 302.9100 c
162.2245 303.0154 161.9901 303.1645 161.7945 303.3550 c
161.5969 303.5458 161.4430 303.7700 161.3327 304.0260 c
161.2222 304.2819 161.1669 304.5614 161.1669 304.8642 c
161.1669 305.1669 161.2222 305.4464 161.3327 305.7024 c
161.4430 305.9583 161.5969 306.1809 161.7945 306.3716 c
161.9901 306.5624 162.2228 306.7112 162.4904 306.8184 c
162.7563 306.9235 163.0491 306.9771 163.3686 306.9771 c
163.6832 306.9771 163.9743 306.9252 164.2402 306.8215 c
164.5064 306.7160 164.7371 306.5689 164.9364 306.3781 c
165.1354 306.1874 165.2876 305.9649 165.3965 305.7089 c
165.5050 305.4529 165.5586 305.1703 165.5586 304.8642 c
165.5586 304.5580 165.5050 304.2768 165.3965 304.0209 c
165.2876 303.7649 165.1354 303.5407 164.9364 303.3502 c
164.7371 303.1594 164.5064 303.0120 164.2402 302.9085 c
163.9743 302.8031 163.6832 302.7512 163.3686 302.7512 c
h
163.3686 303.2765 m
163.5979 303.2765 163.8088 303.3167 164.0044 303.3952 c
164.1986 303.4738 164.3675 303.5843 164.5115 303.7283 c
164.6552 303.8703 164.7675 304.0393 164.8477 304.2317 c
164.9279 304.4242 164.9682 304.6348 164.9682 304.8642 c
164.9682 305.0918 164.9279 305.3024 164.8477 305.4949 c
164.7675 305.6873 164.6552 305.8563 164.5115 306.0000 c
164.3675 306.1440 164.1986 306.2560 164.0044 306.3348 c
163.8088 306.4133 163.5979 306.4518 163.3686 306.4518 c
163.1361 306.4518 162.9238 306.4133 162.7296 306.3348 c
162.5338 306.2560 162.3648 306.1440 162.2194 306.0000 c
162.0737 305.8563 161.9600 305.6873 161.8798 305.4949 c
161.7976 305.3024 161.7576 305.0918 161.7576 304.8642 c
161.7576 304.6348 161.7976 304.4242 161.8798 304.2317 c
161.9600 304.0393 162.0737 303.8703 162.2194 303.7283 c
162.3648 303.5843 162.5338 303.4738 162.7296 303.3952 c
162.9238 303.3167 163.1361 303.2765 163.3686 303.2765 c
h
166.4606 302.7980 m
166.4606 306.9286 l
166.9456 306.9286 l
169.6776 303.5358 l
169.4234 303.5358 l
169.4234 306.9286 l
170.0141 306.9286 l
170.0141 302.7980 l
169.5305 302.7980 l
166.7985 306.1908 l
167.0511 306.1908 l
167.0511 302.7980 l
h
f
q
107.0206 316.7158 67.3903 50.5429 re W*
n
/GS13 gs
q
107.0206 316.7158 m
107.0206 367.2587 l
174.4109 367.2587 l
174.4109 316.7158 l
h
W*
n
q
67.75790 0.00000 0.00000 50.84906 106.6836 316.6010 cm
/Im125 Do
Q
Q
Q
/GS13 gs
/CS15 cs 0.0000 0.0000 0.0000 0.0000 scn
197.6031 302.7980 m
197.6031 306.9286 l
198.1936 306.9286 l
198.1936 303.3116 l
200.4304 303.3116 l
200.4304 302.7980 l
h
h
201.1099 302.7980 m
201.1099 306.9286 l
201.7003 306.9286 l
201.7003 302.7980 l
h
h
204.8054 302.7512 m
204.4860 302.7512 204.1931 302.8031 203.9272 302.9085 c
203.6597 303.0120 203.4269 303.1594 203.2313 303.3502 c
203.0338 303.5407 202.8798 303.7649 202.7696 304.0209 c
202.6590 304.2768 202.6037 304.5580 202.6037 304.8642 c
202.6037 305.1703 202.6590 305.4529 202.7696 305.7089 c
202.8798 305.9649 203.0338 306.1874 203.2330 306.3781 c
203.4320 306.5689 203.6645 306.7160 203.9323 306.8215 c
204.1999 306.9252 204.4945 306.9771 204.8173 306.9771 c
205.1436 306.9771 205.4429 306.9235 205.7156 306.8184 c
205.9866 306.7112 206.2159 306.5522 206.4050 306.3399 c
206.0402 305.9734 l
205.8712 306.1389 205.6873 306.2594 205.4880 306.3365 c
205.2890 306.4133 205.0733 306.4518 204.8406 306.4518 c
204.6047 306.4518 204.3856 306.4133 204.1832 306.3348 c
203.9808 306.2560 203.8051 306.1457 203.6580 306.0034 c
203.5106 305.8614 203.3969 305.6939 203.3167 305.4983 c
203.2345 305.3024 203.1945 305.0918 203.1945 304.8642 c
203.1945 304.6399 203.2345 304.4307 203.3167 304.2351 c
203.3969 304.0393 203.5106 303.8703 203.6580 303.7283 c
203.8051 303.5843 203.9791 303.4738 204.1798 303.3952 c
204.3805 303.3167 204.5999 303.2765 204.8357 303.2765 c
205.0549 303.2765 205.2672 303.3116 205.4699 303.3802 c
205.6723 303.4488 205.8613 303.5625 206.0337 303.7249 c
206.3699 303.2765 l
206.1658 303.1041 205.9265 302.9737 205.6538 302.8850 c
205.3794 302.7963 205.0965 302.7512 204.8054 302.7512 c
h
206.3699 303.2765 m
205.8026 303.3533 l
205.8026 304.8877 l
206.3699 304.8877 l
h
h
210.4586 302.7980 m
210.4586 306.9286 l
211.0493 306.9286 l
211.0493 302.7980 l
h
h
207.4958 302.7980 m
207.4958 306.9286 l
208.0862 306.9286 l
208.0862 302.7980 l
h
h
208.0278 304.6399 m
208.0278 305.1536 l
210.5121 305.1536 l
210.5121 304.6399 l
h
h
213.1104 302.7980 m
213.1104 306.4167 l
211.6933 306.4167 l
211.6933 306.9286 l
215.1111 306.9286 l
215.1111 306.4167 l
213.6940 306.4167 l
213.6940 302.7980 l
h
h
217.3414 302.7980 m
217.3414 306.9286 l
218.9540 306.9286 l
219.3154 306.9286 219.6249 306.8717 219.8809 306.7580 c
220.1369 306.6443 220.3328 306.4785 220.4714 306.2628 c
220.6086 306.0471 220.6772 305.7894 220.6772 305.4898 c
220.6772 305.1904 220.6086 304.9345 220.4714 304.7202 c
220.3328 304.5044 220.1369 304.3389 219.8809 304.2235 c
219.6249 304.1079 219.3154 304.0495 218.9540 304.0495 c
217.6659 304.0495 l
217.9318 304.3270 l
217.9318 302.7980 l
h
h
217.9318 304.2669 m
217.6659 304.5631 l
218.9356 304.5631 l
219.3137 304.5631 219.5997 304.6433 219.7956 304.8055 c
219.9898 304.9662 220.0867 305.1938 220.0867 305.4898 c
220.0867 305.7843 219.9898 306.0119 219.7956 306.1740 c
219.5997 306.3365 219.3137 306.4167 218.9356 306.4167 c
217.6659 306.4167 l
217.9318 306.7112 l
h
h
221.5434 302.7980 m
221.5434 306.9286 l
222.1339 306.9286 l
222.1339 302.7980 l
h
h
223.3738 302.7980 m
223.3738 306.9286 l
223.8588 306.9286 l
226.5908 303.5358 l
226.3365 303.5358 l
226.3365 306.9286 l
226.9273 306.9286 l
226.9273 302.7980 l
226.4437 302.7980 l
223.7117 306.1908 l
223.9642 306.1908 l
223.9642 302.7980 l
h
h
228.6870 303.7952 m
228.6570 304.5161 l
231.0009 306.9286 l
231.6733 306.9286 l
229.8614 305.0164 l
229.5303 304.6516 l
h
h
228.1669 302.7980 m
228.1669 306.9286 l
228.7573 306.9286 l
228.7573 302.7980 l
h
h
231.0945 302.7980 m
229.4014 304.7689 l
229.7962 305.2054 l
231.7856 302.7980 l
h
f
q
181.5942 316.7175 65.8984 50.5457 re W*
n
/GS13 gs
q
181.5942 316.7175 m
181.5942 367.2632 l
247.4926 367.2632 l
247.4926 316.7175 l
h
W*
n
q
65.93651 0.00000 0.00000 50.79802 181.5941 316.4863 cm
/Im126 Do
Q
Q
Q
/GS13 gs
/CS15 cs 0.5300 1.0000 0.2800 0.1100 scn
102.3114 207.1157 m
37.1985 207.1157 l
39.4506 211.8339 l
37.1985 216.5528 l
102.3114 216.5528 l
100.0596 212.0879 l
h
f
/GS13 gs
/CS15 cs 0.0000 0.0000 0.0000 0.0000 scn
41.9924 209.8488 m
41.9924 213.9574 l
43.5966 213.9574 l
43.9560 213.9574 44.2638 213.9007 44.5184 213.7876 c
44.7729 213.6745 44.9677 213.5095 45.1057 213.2949 c
45.2421 213.0803 45.3104 212.8241 45.3104 212.5261 c
45.3104 212.2282 45.2421 211.9737 45.1057 211.7608 c
44.9677 211.5462 44.7729 211.3812 44.5184 211.2664 c
44.2638 211.1516 43.9560 211.0935 43.5966 211.0935 c
42.3153 211.0935 l
42.5798 211.3696 l
42.5798 209.8488 l
h
h
42.5798 211.3098 m
42.3153 211.6043 l
43.5781 211.6043 l
43.9543 211.6043 44.2389 211.6843 44.4336 211.8455 c
44.6267 212.0054 44.7231 212.2316 44.7231 212.5261 c
44.7231 212.8190 44.6267 213.0454 44.4336 213.2067 c
44.2389 213.3680 43.9543 213.4480 43.5781 213.4480 c
42.3153 213.4480 l
42.5798 213.7408 l
h
h
47.8857 209.8023 m
47.3465 209.8023 46.9222 209.9571 46.6126 210.2664 c
46.3034 210.5742 46.1486 211.0269 46.1486 211.6210 c
46.1486 213.9574 l
46.7359 213.9574 l
46.7359 211.6460 l
46.7359 211.1885 46.8374 210.8540 47.0387 210.6425 c
47.2402 210.4313 47.5245 210.3248 47.8925 210.3248 c
48.2635 210.3248 48.5512 210.4313 48.7528 210.6425 c
48.9540 210.8540 49.0555 211.1885 49.0555 211.6460 c
49.0555 213.9574 l
49.6247 213.9574 l
49.6247 211.6210 l
49.6247 211.0269 49.4714 210.5742 49.1638 210.2664 c
48.8560 209.9571 48.4299 209.8023 47.8857 209.8023 c
h
50.8260 209.8488 m
50.8260 213.9574 l
52.4302 213.9574 l
52.9608 213.9574 53.3803 213.8306 53.6865 213.5795 c
53.9909 213.3266 54.1440 212.9754 54.1440 212.5261 c
54.1440 212.2282 54.0757 211.9737 53.9393 211.7608 c
53.8013 211.5462 53.6066 211.3829 53.3520 211.2698 c
53.0974 211.1550 52.7896 211.0986 52.4302 211.0986 c
51.1489 211.0986 l
51.4134 211.3696 l
51.4134 209.8488 l
h
h
53.5734 209.8488 m
52.5283 211.3398 l
53.1573 211.3398 l
54.2140 209.8488 l
h
h
51.4134 211.3098 m
51.1489 211.5978 l
52.4117 211.5978 l
52.7879 211.5978 53.0725 211.6791 53.2672 211.8421 c
53.4603 212.0037 53.5567 212.2316 53.5567 212.5261 c
53.5567 212.8190 53.4603 213.0454 53.2672 213.2067 c
53.0725 213.3680 52.7879 213.4480 52.4117 213.4480 c
51.1489 213.4480 l
51.4134 213.7408 l
h
h
55.0942 209.8488 m
55.0942 213.9574 l
56.6983 213.9574 l
57.0577 213.9574 57.3656 213.9007 57.6201 213.7876 c
57.8747 213.6745 58.0694 213.5095 58.2075 213.2949 c
58.3438 213.0803 58.4121 212.8241 58.4121 212.5261 c
58.4121 212.2282 58.3438 211.9737 58.2075 211.7608 c
58.0694 211.5462 57.8747 211.3812 57.6201 211.2664 c
57.3656 211.1516 57.0577 211.0935 56.6983 211.0935 c
55.4170 211.0935 l
55.6815 211.3696 l
55.6815 209.8488 l
h
h
55.6815 211.3098 m
55.4170 211.6043 l
56.6799 211.6043 l
57.0560 211.6043 57.3406 211.6843 57.5354 211.8455 c
57.7284 212.0054 57.8248 212.2316 57.8248 212.5261 c
57.8248 212.8190 57.7284 213.0454 57.5354 213.2067 c
57.3406 213.3680 57.0560 213.4480 56.6799 213.4480 c
55.4170 213.4480 l
55.6815 213.7408 l
h
h
59.2736 209.8488 m
59.2736 213.9574 l
59.8609 213.9574 l
59.8609 210.3596 l
62.0858 210.3596 l
62.0858 209.8488 l
h
h
62.7613 209.8488 m
62.7613 213.9574 l
65.6617 213.9574 l
65.6617 213.4480 l
63.3487 213.4480 l
63.3487 210.3596 l
65.7448 210.3596 l
65.7448 209.8488 l
h
h
63.2954 211.6860 m
63.2954 212.1851 l
65.4086 212.1851 l
65.4086 211.6860 l
h
h
70.1294 209.8023 m
69.8168 209.8023 69.5271 209.8553 69.2592 209.9602 c
68.9913 210.0651 68.7583 210.2134 68.5636 210.4030 c
68.3674 210.5926 68.2143 210.8157 68.1043 211.0703 c
67.9946 211.3248 67.9397 211.6026 67.9397 211.9039 c
67.9397 212.2050 67.9946 212.4831 68.1043 212.7376 c
68.2143 212.9922 68.3674 213.2135 68.5636 213.4032 c
68.7583 213.5928 68.9896 213.7408 69.2558 213.8474 c
69.5205 213.9523 69.8117 214.0055 70.1294 214.0055 c
70.4424 214.0055 70.7318 213.9540 70.9965 213.8508 c
71.2610 213.7459 71.4906 213.5993 71.6888 213.4097 c
71.8866 213.2201 72.0380 212.9987 72.1463 212.7441 c
72.2543 212.4896 72.3076 212.2084 72.3076 211.9039 c
72.3076 211.5992 72.2543 211.3197 72.1463 211.0652 c
72.0380 210.8106 71.8866 210.5875 71.6888 210.3979 c
71.4906 210.2083 71.2610 210.0617 70.9965 209.9585 c
70.7318 209.8539 70.4424 209.8023 70.1294 209.8023 c
h
70.1294 210.3248 m
70.3573 210.3248 70.5671 210.3647 70.7618 210.4430 c
70.9549 210.5212 71.1230 210.6309 71.2661 210.7740 c
71.4090 210.9155 71.5207 211.0836 71.6006 211.2749 c
71.6803 211.4663 71.7202 211.6757 71.7202 211.9039 c
71.7202 212.1301 71.6803 212.3399 71.6006 212.5312 c
71.5207 212.7226 71.4090 212.8907 71.2661 213.0338 c
71.1230 213.1767 70.9549 213.2884 70.7618 213.3666 c
70.5671 213.4449 70.3573 213.4831 70.1294 213.4831 c
69.8981 213.4831 69.6869 213.4449 69.4939 213.3666 c
69.2991 213.2884 69.1311 213.1767 68.9862 213.0338 c
68.8416 212.8907 68.7285 212.7226 68.6486 212.5312 c
68.5670 212.3399 68.5270 212.1301 68.5270 211.9039 c
68.5270 211.6757 68.5670 211.4663 68.6486 211.2749 c
68.7285 211.0836 68.8416 210.9155 68.9862 210.7740 c
69.1311 210.6309 69.2991 210.5212 69.4939 210.4430 c
69.6869 210.3647 69.8981 210.3248 70.1294 210.3248 c
h
73.2044 209.8488 m
73.2044 213.9574 l
74.8086 213.9574 l
75.3392 213.9574 75.7587 213.8306 76.0649 213.5795 c
76.3693 213.3266 76.5224 212.9754 76.5224 212.5261 c
76.5224 212.2282 76.4541 211.9737 76.3177 211.7608 c
76.1797 211.5462 75.9849 211.3829 75.7304 211.2698 c
75.4758 211.1550 75.1680 211.0986 74.8086 211.0986 c
73.5273 211.0986 l
73.7918 211.3696 l
73.7918 209.8488 l
h
h
75.9518 209.8488 m
74.9066 211.3398 l
75.5357 211.3398 l
76.5924 209.8488 l
h
h
73.7918 211.3098 m
73.5273 211.5978 l
74.7901 211.5978 l
75.1663 211.5978 75.4509 211.6791 75.6456 211.8421 c
75.8387 212.0037 75.9351 212.2316 75.9351 212.5261 c
75.9351 212.8190 75.8387 213.0454 75.6456 213.2067 c
75.4509 213.3680 75.1663 213.4480 74.7901 213.4480 c
73.5273 213.4480 l
73.7918 213.7408 l
h
h
79.3114 209.8023 m
78.9968 209.8023 78.7090 209.8539 78.4443 209.9585 c
78.1798 210.0617 77.9519 210.2083 77.7589 210.3979 c
77.5641 210.5875 77.4128 210.8106 77.3028 211.0652 c
77.1931 211.3197 77.1381 211.5992 77.1381 211.9039 c
77.1381 212.2084 77.1931 212.4896 77.3028 212.7441 c
77.4128 212.9987 77.5658 213.2201 77.7620 213.4097 c
77.9567 213.5993 78.1863 213.7459 78.4511 213.8508 c
78.7156 213.9540 79.0036 214.0055 79.3162 214.0055 c
79.6340 214.0055 79.9271 213.9523 80.1950 213.8440 c
80.4628 213.7360 80.6907 213.5761 80.8787 213.3649 c
80.4960 212.9956 l
80.3395 213.1603 80.1632 213.2816 79.9685 213.3632 c
79.7723 213.4431 79.5626 213.4831 79.3395 213.4831 c
79.1082 213.4831 78.8953 213.4449 78.6971 213.3666 c
78.4993 213.2884 78.3295 213.1784 78.1846 213.0369 c
78.0401 212.8955 77.9270 212.7291 77.8470 212.5346 c
77.7654 212.3399 77.7254 212.1301 77.7254 211.9039 c
77.7254 211.6757 77.7654 211.4663 77.8470 211.2732 c
77.9270 211.0785 78.0401 210.9121 78.1846 210.7706 c
78.3295 210.6292 78.4993 210.5212 78.6971 210.4430 c
78.8953 210.3647 79.1082 210.3248 79.3395 210.3248 c
79.5626 210.3248 79.7723 210.3647 79.9685 210.4447 c
80.1632 210.5243 80.3395 210.6493 80.4960 210.8171 c
80.8787 210.4478 l
80.6907 210.2366 80.4628 210.0750 80.1950 209.9670 c
79.9271 209.8570 79.6323 209.8023 79.3114 209.8023 c
h
84.6045 209.8488 m
84.6045 213.9574 l
85.1919 213.9574 l
85.1919 209.8488 l
h
h
81.6576 209.8488 m
81.6576 213.9574 l
82.2450 213.9574 l
82.2450 209.8488 l
h
h
82.1869 211.6809 m
82.1869 212.1917 l
84.6578 212.1917 l
84.6578 211.6809 l
h
h
86.4249 209.8488 m
86.4249 213.9574 l
87.0123 213.9574 l
87.0123 209.8488 l
h
h
88.2454 209.8488 m
88.2454 213.9574 l
89.9776 213.9574 l
90.4153 213.9574 90.8028 213.8706 91.1373 213.6994 c
91.4717 213.5279 91.7314 213.2867 91.9179 212.9788 c
92.1042 212.6693 92.1974 212.3116 92.1974 211.9039 c
92.1974 211.4960 92.1042 211.1383 91.9179 210.8290 c
91.7314 210.5195 91.4717 210.2783 91.1373 210.1068 c
90.8028 209.9353 90.4153 209.8488 89.9776 209.8488 c
h
h
88.8327 210.3596 m
89.9427 210.3596 l
90.2837 210.3596 90.5783 210.4245 90.8263 210.5544 c
91.0740 210.6825 91.2671 210.8639 91.4051 211.0969 c
91.5418 211.3296 91.6101 211.5992 91.6101 211.9039 c
91.6101 212.2118 91.5418 212.4831 91.4051 212.7141 c
91.2671 212.9454 91.0740 213.1251 90.8263 213.2549 c
90.5783 213.3831 90.2837 213.4480 89.9427 213.4480 c
88.8327 213.4480 l
h
h
94.2925 209.8023 m
93.9796 209.8023 93.6799 209.8505 93.3953 209.9469 c
93.1093 210.0419 92.8845 210.1666 92.7198 210.3180 c
92.9361 210.7757 l
93.0926 210.6391 93.2924 210.5260 93.5354 210.4362 c
93.7783 210.3463 94.0311 210.3015 94.2925 210.3015 c
94.5303 210.3015 94.7251 210.3282 94.8730 210.3829 c
95.0213 210.4379 95.1310 210.5127 95.2027 210.6094 c
95.2724 210.7040 95.3073 210.8140 95.3073 210.9353 c
95.3073 211.0768 95.2625 211.1899 95.1710 211.2766 c
95.0794 211.3614 94.9595 211.4314 94.8132 211.4844 c
94.6650 211.5360 94.5037 211.5828 94.3291 211.6227 c
94.1525 211.6610 93.9745 211.7075 93.7964 211.7608 c
93.6184 211.8124 93.4554 211.8807 93.3089 211.9620 c
93.1626 212.0437 93.0444 212.1551 92.9546 212.2948 c
92.8647 212.4329 92.8196 212.6126 92.8196 212.8306 c
92.8196 213.0420 92.8763 213.2385 92.9877 213.4165 c
93.0994 213.5945 93.2706 213.7360 93.5036 213.8440 c
93.7366 213.9523 94.0329 214.0055 94.3923 214.0055 c
94.6301 214.0055 94.8682 213.9738 95.1026 213.9123 c
95.3374 213.8491 95.5420 213.7592 95.7135 213.6410 c
95.5188 213.1719 l
95.3439 213.2901 95.1576 213.3748 94.9629 213.4281 c
94.7667 213.4797 94.5768 213.5064 94.3923 213.5064 c
94.1610 213.5064 93.9713 213.4763 93.8231 213.4182 c
93.6751 213.3598 93.5651 213.2816 93.4971 213.1835 c
93.4288 213.0854 93.3939 212.9754 93.3939 212.8541 c
93.3939 212.7093 93.4404 212.5945 93.5320 212.5080 c
93.6235 212.4213 93.7431 212.3532 93.8914 212.3033 c
94.0377 212.2517 94.1992 212.2067 94.3756 212.1650 c
94.5502 212.1236 94.7285 212.0786 94.9065 212.0270 c
95.0845 211.9754 95.2458 211.9088 95.3940 211.8274 c
95.5403 211.7458 95.6585 211.6361 95.7484 211.4994 c
95.8382 211.3614 95.8830 211.1851 95.8830 210.9705 c
95.8830 210.7624 95.8266 210.5711 95.7135 210.3931 c
95.6001 210.2148 95.4255 210.0719 95.1894 209.9636 c
94.9513 209.8553 94.6534 209.8023 94.2925 209.8023 c
f
q
35.9855 223.2343 65.8593 49.4062 re W*
n
/GS13 gs
q
35.9855 223.2343 m
35.9855 272.6405 l
101.8449 272.6405 l
101.8449 223.2343 l
h
W*
n
q
66.29963 0.00000 0.00000 49.72723 35.7539 223.1850 cm
/Im127 Do
Q
Q
Q
/GS13 gs
/CS15 cs 0.5300 1.0000 0.2800 0.1100 scn
172.0604 207.1157 m
106.9475 207.1157 l
109.1993 211.8339 l
106.9475 216.5528 l
172.0604 216.5528 l
169.8083 212.0879 l
h
f
/GS13 gs
/CS15 cs 0.0000 0.0000 0.0000 0.0000 scn
115.8066 209.8488 m
114.4338 213.9574 l
115.0379 213.9574 l
116.3010 210.1666 l
115.9948 210.1666 l
117.3042 213.9574 l
117.8450 213.9574 l
119.1246 210.1666 l
118.8300 210.1666 l
120.1099 213.9574 l
120.6672 213.9574 l
119.2944 209.8488 l
118.6770 209.8488 l
117.4808 213.3649 l
117.6386 213.3649 l
116.4356 209.8488 l
h
h
124.3295 209.8488 m
124.3295 213.9574 l
124.9169 213.9574 l
124.9169 209.8488 l
h
h
121.3826 209.8488 m
121.3826 213.9574 l
121.9700 213.9574 l
121.9700 209.8488 l
h
h
121.9119 211.6809 m
121.9119 212.1917 l
124.3828 212.1917 l
124.3828 211.6809 l
h
h
126.1500 209.8488 m
126.1500 213.9574 l
126.7373 213.9574 l
126.7373 209.8488 l
h
h
128.7873 209.8488 m
128.7873 213.4480 l
127.3779 213.4480 l
127.3779 213.9574 l
130.7775 213.9574 l
130.7775 213.4480 l
129.3681 213.4480 l
129.3681 209.8488 l
h
h
131.4164 209.8488 m
131.4164 213.9574 l
134.3169 213.9574 l
134.3169 213.4480 l
132.0038 213.4480 l
132.0038 210.3596 l
134.3999 210.3596 l
134.3999 209.8488 l
h
h
131.9505 211.6860 m
131.9505 212.1851 l
134.0637 212.1851 l
134.0637 211.6860 l
h
h
138.7845 209.8023 m
138.4719 209.8023 138.1822 209.8553 137.9143 209.9602 c
137.6464 210.0651 137.4134 210.2134 137.2187 210.4030 c
137.0225 210.5926 136.8694 210.8157 136.7595 211.0703 c
136.6498 211.3248 136.5948 211.6026 136.5948 211.9039 c
136.5948 212.2050 136.6498 212.4831 136.7595 212.7376 c
136.8694 212.9922 137.0225 213.2135 137.2187 213.4032 c
137.4134 213.5928 137.6447 213.7408 137.9109 213.8474 c
138.1757 213.9523 138.4668 214.0055 138.7845 214.0055 c
139.0975 214.0055 139.3869 213.9540 139.6517 213.8508 c
139.9161 213.7459 140.1457 213.5993 140.3439 213.4097 c
140.5417 213.2201 140.6931 212.9987 140.8014 212.7441 c
140.9094 212.4896 140.9627 212.2084 140.9627 211.9039 c
140.9627 211.5992 140.9094 211.3197 140.8014 211.0652 c
140.6931 210.8106 140.5417 210.5875 140.3439 210.3979 c
140.1457 210.2083 139.9161 210.0617 139.6517 209.9585 c
139.3869 209.8539 139.0975 209.8023 138.7845 209.8023 c
h
138.7845 210.3248 m
139.0124 210.3248 139.2222 210.3647 139.4169 210.4430 c
139.6100 210.5212 139.7781 210.6309 139.9212 210.7740 c
140.0641 210.9155 140.1758 211.0836 140.2557 211.2749 c
140.3354 211.4663 140.3753 211.6757 140.3753 211.9039 c
140.3753 212.1301 140.3354 212.3399 140.2557 212.5312 c
140.1758 212.7226 140.0641 212.8907 139.9212 213.0338 c
139.7781 213.1767 139.6100 213.2884 139.4169 213.3666 c
139.2222 213.4449 139.0124 213.4831 138.7845 213.4831 c
138.5532 213.4831 138.3420 213.4449 138.1490 213.3666 c
137.9543 213.2884 137.7862 213.1767 137.6413 213.0338 c
137.4968 212.8907 137.3837 212.7226 137.3037 212.5312 c
137.2221 212.3399 137.1821 212.1301 137.1821 211.9039 c
137.1821 211.6757 137.2221 211.4663 137.3037 211.2749 c
137.3837 211.0836 137.4968 210.9155 137.6413 210.7740 c
137.7862 210.6309 137.9543 210.5212 138.1490 210.4430 c
138.3420 210.3647 138.5532 210.3248 138.7845 210.3248 c
h
141.8596 209.8488 m
141.8596 213.9574 l
143.4637 213.9574 l
143.9943 213.9574 144.4139 213.8306 144.7200 213.5795 c
145.0244 213.3266 145.1775 212.9754 145.1775 212.5261 c
145.1775 212.2282 145.1092 211.9737 144.9729 211.7608 c
144.8348 211.5462 144.6401 211.3829 144.3855 211.2698 c
144.1310 211.1550 143.8231 211.0986 143.4637 211.0986 c
142.1824 211.0986 l
142.4469 211.3696 l
142.4469 209.8488 l
h
h
144.6069 209.8488 m
143.5618 211.3398 l
144.1908 211.3398 l
145.2475 209.8488 l
h
h
142.4469 211.3098 m
142.1824 211.5978 l
143.4453 211.5978 l
143.8214 211.5978 144.1060 211.6791 144.3008 211.8421 c
144.4938 212.0037 144.5902 212.2316 144.5902 212.5261 c
144.5902 212.8190 144.4938 213.0454 144.3008 213.2067 c
144.1060 213.3680 143.8214 213.4480 143.4453 213.4480 c
142.1824 213.4480 l
142.4469 213.7408 l
h
h
147.9665 209.8023 m
147.6519 209.8023 147.3642 209.8539 147.0994 209.9585 c
146.8349 210.0617 146.6070 210.2083 146.4140 210.3979 c
146.2192 210.5875 146.0679 210.8106 145.9579 211.0652 c
145.8482 211.3197 145.7932 211.5992 145.7932 211.9039 c
145.7932 212.2084 145.8482 212.4896 145.9579 212.7441 c
146.0679 212.9987 146.2209 213.2201 146.4171 213.4097 c
146.6118 213.5993 146.8414 213.7459 147.1062 213.8508 c
147.3707 213.9540 147.6587 214.0055 147.9713 214.0055 c
148.2891 214.0055 148.5822 213.9523 148.8501 213.8440 c
149.1180 213.7360 149.3459 213.5761 149.5338 213.3649 c
149.1511 212.9956 l
148.9946 213.1603 148.8183 213.2816 148.6236 213.3632 c
148.4274 213.4431 148.2177 213.4831 147.9946 213.4831 c
147.7633 213.4831 147.5504 213.4449 147.3523 213.3666 c
147.1544 213.2884 146.9846 213.1784 146.8397 213.0369 c
146.6952 212.8955 146.5821 212.7291 146.5021 212.5346 c
146.4205 212.3399 146.3805 212.1301 146.3805 211.9039 c
146.3805 211.6757 146.4205 211.4663 146.5021 211.2732 c
146.5821 211.0785 146.6952 210.9121 146.8397 210.7706 c
146.9846 210.6292 147.1544 210.5212 147.3523 210.4430 c
147.5504 210.3647 147.7633 210.3248 147.9946 210.3248 c
148.2177 210.3248 148.4274 210.3647 148.6236 210.4447 c
148.8183 210.5243 148.9946 210.6493 149.1511 210.8171 c
149.5338 210.4478 l
149.3459 210.2366 149.1180 210.0750 148.8501 209.9670 c
148.5822 209.8570 148.2874 209.8023 147.9665 209.8023 c
h
153.2597 209.8488 m
153.2597 213.9574 l
153.8470 213.9574 l
153.8470 209.8488 l
h
h
150.3128 209.8488 m
150.3128 213.9574 l
150.9001 213.9574 l
150.9001 209.8488 l
h
h
150.8420 211.6809 m
150.8420 212.1917 l
153.3129 212.1917 l
153.3129 211.6809 l
h
h
155.0801 209.8488 m
155.0801 213.9574 l
155.6674 213.9574 l
155.6674 209.8488 l
h
h
156.9005 209.8488 m
156.9005 213.9574 l
158.6327 213.9574 l
159.0704 213.9574 159.4579 213.8706 159.7924 213.6994 c
160.1269 213.5279 160.3865 213.2867 160.5730 212.9788 c
160.7593 212.6693 160.8525 212.3116 160.8525 211.9039 c
160.8525 211.4960 160.7593 211.1383 160.5730 210.8290 c
160.3865 210.5195 160.1269 210.2783 159.7924 210.1068 c
159.4579 209.9353 159.0704 209.8488 158.6327 209.8488 c
h
h
157.4878 210.3596 m
158.5979 210.3596 l
158.9389 210.3596 159.2334 210.4245 159.4814 210.5544 c
159.7292 210.6825 159.9222 210.8639 160.0603 211.0969 c
160.1969 211.3296 160.2652 211.5992 160.2652 211.9039 c
160.2652 212.2118 160.1969 212.4831 160.0603 212.7141 c
159.9222 212.9454 159.7292 213.1251 159.4814 213.2549 c
159.2334 213.3831 158.9389 213.4480 158.5979 213.4480 c
157.4878 213.4480 l
h
h
162.9476 209.8023 m
162.6347 209.8023 162.3351 209.8505 162.0505 209.9469 c
161.7644 210.0419 161.5397 210.1666 161.3750 210.3180 c
161.5912 210.7757 l
161.7477 210.6391 161.9476 210.5260 162.1905 210.4362 c
162.4334 210.3463 162.6863 210.3015 162.9476 210.3015 c
163.1854 210.3015 163.3802 210.3282 163.5282 210.3829 c
163.6764 210.4379 163.7861 210.5127 163.8578 210.6094 c
163.9276 210.7040 163.9624 210.8140 163.9624 210.9353 c
163.9624 211.0768 163.9176 211.1899 163.8261 211.2766 c
163.7345 211.3614 163.6146 211.4314 163.4683 211.4844 c
163.3201 211.5360 163.1588 211.5828 162.9842 211.6227 c
162.8076 211.6610 162.6296 211.7075 162.4516 211.7608 c
162.2735 211.8124 162.1106 211.8807 161.9640 211.9620 c
161.8177 212.0437 161.6995 212.1551 161.6097 212.2948 c
161.5198 212.4329 161.4747 212.6126 161.4747 212.8306 c
161.4747 213.0420 161.5314 213.2385 161.6428 213.4165 c
161.7545 213.5945 161.9257 213.7360 162.1587 213.8440 c
162.3917 213.9523 162.6880 214.0055 163.0474 214.0055 c
163.2852 214.0055 163.5233 213.9738 163.7578 213.9123 c
163.9925 213.8491 164.1971 213.7592 164.3686 213.6410 c
164.1739 213.1719 l
163.9990 213.2901 163.8128 213.3748 163.6180 213.4281 c
163.4219 213.4797 163.2319 213.5064 163.0474 213.5064 c
162.8161 213.5064 162.6265 213.4763 162.4782 213.4182 c
162.3302 213.3598 162.2203 213.2816 162.1522 213.1835 c
162.0839 213.0854 162.0490 212.9754 162.0490 212.8541 c
162.0490 212.7093 162.0955 212.5945 162.1871 212.5080 c
162.2786 212.4213 162.3983 212.3532 162.5465 212.3033 c
162.6928 212.2517 162.8544 212.2067 163.0307 212.1650 c
163.2053 212.1236 163.3836 212.0786 163.5616 212.0270 c
163.7396 211.9754 163.9009 211.9088 164.0492 211.8274 c
164.1954 211.7458 164.3136 211.6361 164.4035 211.4994 c
164.4934 211.3614 164.5381 211.1851 164.5381 210.9705 c
164.5381 210.7624 164.4817 210.5711 164.3686 210.3931 c
164.2552 210.2148 164.0806 210.0719 163.8445 209.9636 c
163.6064 209.8553 163.3085 209.8023 162.9476 209.8023 c
f
q
107.3631 223.2397 64.7694 49.3988 re W*
n
/GS13 gs
q
107.3631 223.2397 m
107.3631 272.6385 l
172.1324 272.6385 l
172.1324 223.2397 l
h
W*
n
q
64.78772 0.00000 0.00000 49.85083 107.3631 223.0420 cm
/Im128 Do
Q
Q
Q
q
179.1765 223.2247 65.0126 49.4011 re W*
n
/GS13 gs
q
179.1765 223.2247 m
179.1765 272.6257 l
244.1891 272.6257 l
244.1891 223.2247 l
h
W*
n
q
65.05976 0.00000 0.00000 49.87208 179.1530 222.8951 cm
/Im129 Do
Q
Q
Q
/GS13 gs
/CS15 cs 0.5300 1.0000 0.2800 0.1100 scn
244.8094 207.1157 m
179.6964 207.1157 l
181.9483 211.8339 l
179.6964 216.5528 l
244.8094 216.5528 l
242.5575 212.0879 l
h
f
/GS13 gs
/CS15 cs 0.0000 0.0000 0.0000 0.0000 scn
188.6051 209.8488 m
188.6051 213.9574 l
190.4488 213.9574 l
190.9230 213.9574 191.2876 213.8624 191.5421 213.6728 c
191.7967 213.4831 191.9231 213.2235 191.9231 212.8955 c
191.9231 212.6727 191.8732 212.4845 191.7734 212.3331 c
191.6736 212.1800 191.5387 212.0618 191.3706 211.9805 c
191.2025 211.8988 191.0197 211.8572 190.8249 211.8572 c
190.9298 212.0321 l
191.1643 212.0321 191.3723 211.9904 191.5537 211.9088 c
191.7334 211.8274 191.8766 211.7058 191.9815 211.5476 c
192.0861 211.3897 192.1394 211.1933 192.1394 210.9586 c
192.1394 210.6060 192.0081 210.3330 191.7434 210.1399 c
191.4789 209.9452 191.0877 209.8488 190.5670 209.8488 c
h
h
189.1925 210.3248 m
190.5437 210.3248 l
190.8680 210.3248 191.1161 210.3797 191.2893 210.4894 c
191.4605 210.5977 191.5469 210.7706 191.5469 211.0054 c
191.5469 211.2432 191.4605 211.4181 191.2893 211.5278 c
191.1161 211.6375 190.8680 211.6925 190.5437 211.6925 c
189.1392 211.6925 l
189.1392 212.1667 l
190.3955 212.1667 l
190.6934 212.1667 190.9247 212.2217 191.0894 212.3314 c
191.2541 212.4414 191.3357 212.6061 191.3357 212.8258 c
191.3357 213.0437 191.2541 213.2084 191.0894 213.3181 c
190.9247 213.4281 190.6934 213.4831 190.3955 213.4831 c
189.1925 213.4831 l
h
h
193.0496 209.8488 m
193.0496 213.9574 l
193.6369 213.9574 l
193.6369 210.3596 l
195.8618 210.3596 l
195.8618 209.8488 l
h
h
198.1689 209.8023 m
197.6298 209.8023 197.2054 209.9571 196.8959 210.2664 c
196.5866 210.5742 196.4319 211.0269 196.4319 211.6210 c
196.4319 213.9574 l
197.0192 213.9574 l
197.0192 211.6460 l
197.0192 211.1885 197.1207 210.8540 197.3220 210.6425 c
197.5235 210.4313 197.8078 210.3248 198.1757 210.3248 c
198.5468 210.3248 198.8345 210.4313 199.0361 210.6425 c
199.2373 210.8540 199.3388 211.1885 199.3388 211.6460 c
199.3388 213.9574 l
199.9080 213.9574 l
199.9080 211.6210 l
199.9080 211.0269 199.7546 210.5742 199.4471 210.2664 c
199.1392 209.9571 198.7132 209.8023 198.1689 209.8023 c
h
201.1093 209.8488 m
201.1093 213.9574 l
204.0097 213.9574 l
204.0097 213.4480 l
201.6967 213.4480 l
201.6967 210.3596 l
204.0928 210.3596 l
204.0928 209.8488 l
h
h
201.6434 211.6860 m
201.6434 212.1851 l
203.7566 212.1851 l
203.7566 211.6860 l
h
h
208.4774 209.8023 m
208.1648 209.8023 207.8751 209.8553 207.6072 209.9602 c
207.3393 210.0651 207.1063 210.2134 206.9116 210.4030 c
206.7154 210.5926 206.5623 210.8157 206.4523 211.0703 c
206.3426 211.3248 206.2877 211.6026 206.2877 211.9039 c
206.2877 212.2050 206.3426 212.4831 206.4523 212.7376 c
206.5623 212.9922 206.7154 213.2135 206.9116 213.4032 c
207.1063 213.5928 207.3376 213.7408 207.6038 213.8474 c
207.8685 213.9523 208.1597 214.0055 208.4774 214.0055 c
208.7904 214.0055 209.0798 213.9540 209.3445 213.8508 c
209.6090 213.7459 209.8386 213.5993 210.0368 213.4097 c
210.2346 213.2201 210.3860 212.9987 210.4943 212.7441 c
210.6023 212.4896 210.6556 212.2084 210.6556 211.9039 c
210.6556 211.5992 210.6023 211.3197 210.4943 211.0652 c
210.3860 210.8106 210.2346 210.5875 210.0368 210.3979 c
209.8386 210.2083 209.6090 210.0617 209.3445 209.9585 c
209.0798 209.8539 208.7904 209.8023 208.4774 209.8023 c
h
208.4774 210.3248 m
208.7053 210.3248 208.9151 210.3647 209.1098 210.4430 c
209.3029 210.5212 209.4710 210.6309 209.6141 210.7740 c
209.7570 210.9155 209.8687 211.0836 209.9486 211.2749 c
210.0283 211.4663 210.0682 211.6757 210.0682 211.9039 c
210.0682 212.1301 210.0283 212.3399 209.9486 212.5312 c
209.8687 212.7226 209.7570 212.8907 209.6141 213.0338 c
209.4710 213.1767 209.3029 213.2884 209.1098 213.3666 c
208.9151 213.4449 208.7053 213.4831 208.4774 213.4831 c
208.2461 213.4831 208.0349 213.4449 207.8419 213.3666 c
207.6471 213.2884 207.4791 213.1767 207.3342 213.0338 c
207.1896 212.8907 207.0765 212.7226 206.9966 212.5312 c
206.9150 212.3399 206.8750 212.1301 206.8750 211.9039 c
206.8750 211.6757 206.9150 211.4663 206.9966 211.2749 c
207.0765 211.0836 207.1896 210.9155 207.3342 210.7740 c
207.4791 210.6309 207.6471 210.5212 207.8419 210.4430 c
208.0349 210.3647 208.2461 210.3248 208.4774 210.3248 c
h
211.5524 209.8488 m
211.5524 213.9574 l
213.1566 213.9574 l
213.6872 213.9574 214.1067 213.8306 214.4129 213.5795 c
214.7173 213.3266 214.8704 212.9754 214.8704 212.5261 c
214.8704 212.2282 214.8021 211.9737 214.6657 211.7608 c
214.5277 211.5462 214.3329 211.3829 214.0784 211.2698 c
213.8238 211.1550 213.5160 211.0986 213.1566 211.0986 c
211.8753 211.0986 l
212.1398 211.3696 l
212.1398 209.8488 l
h
h
214.2998 209.8488 m
213.2546 211.3398 l
213.8837 211.3398 l
214.9404 209.8488 l
h
h
212.1398 211.3098 m
211.8753 211.5978 l
213.1381 211.5978 l
213.5143 211.5978 213.7989 211.6791 213.9936 211.8421 c
214.1867 212.0037 214.2831 212.2316 214.2831 212.5261 c
214.2831 212.8190 214.1867 213.0454 213.9936 213.2067 c
213.7989 213.3680 213.5143 213.4480 213.1381 213.4480 c
211.8753 213.4480 l
212.1398 213.7408 l
h
h
217.6594 209.8023 m
217.3448 209.8023 217.0570 209.8539 216.7923 209.9585 c
216.5278 210.0617 216.2999 210.2083 216.1069 210.3979 c
215.9121 210.5875 215.7608 210.8106 215.6508 211.0652 c
215.5411 211.3197 215.4861 211.5992 215.4861 211.9039 c
215.4861 212.2084 215.5411 212.4896 215.6508 212.7441 c
215.7608 212.9987 215.9138 213.2201 216.1100 213.4097 c
216.3047 213.5993 216.5343 213.7459 216.7991 213.8508 c
217.0636 213.9540 217.3516 214.0055 217.6642 214.0055 c
217.9820 214.0055 218.2751 213.9523 218.5430 213.8440 c
218.8108 213.7360 219.0387 213.5761 219.2267 213.3649 c
218.8440 212.9956 l
218.6875 213.1603 218.5112 213.2816 218.3165 213.3632 c
218.1203 213.4431 217.9106 213.4831 217.6875 213.4831 c
217.4562 213.4831 217.2433 213.4449 217.0451 213.3666 c
216.8473 213.2884 216.6775 213.1784 216.5326 213.0369 c
216.3881 212.8955 216.2750 212.7291 216.1950 212.5346 c
216.1134 212.3399 216.0734 212.1301 216.0734 211.9039 c
216.0734 211.6757 216.1134 211.4663 216.1950 211.2732 c
216.2750 211.0785 216.3881 210.9121 216.5326 210.7706 c
216.6775 210.6292 216.8473 210.5212 217.0451 210.4430 c
217.2433 210.3647 217.4562 210.3248 217.6875 210.3248 c
217.9106 210.3248 218.1203 210.3647 218.3165 210.4447 c
218.5112 210.5243 218.6875 210.6493 218.8440 210.8171 c
219.2267 210.4478 l
219.0387 210.2366 218.8108 210.0750 218.5430 209.9670 c
218.2751 209.8570 217.9803 209.8023 217.6594 209.8023 c
h
222.9525 209.8488 m
222.9525 213.9574 l
223.5399 213.9574 l
223.5399 209.8488 l
h
h
220.0056 209.8488 m
220.0056 213.9574 l
220.5930 213.9574 l
220.5930 209.8488 l
h
h
220.5349 211.6809 m
220.5349 212.1917 l
223.0058 212.1917 l
223.0058 211.6809 l
h
h
224.7729 209.8488 m
224.7729 213.9574 l
225.3603 213.9574 l
225.3603 209.8488 l
h
h
226.5934 209.8488 m
226.5934 213.9574 l
228.3256 213.9574 l
228.7633 213.9574 229.1508 213.8706 229.4853 213.6994 c
229.8197 213.5279 230.0794 213.2867 230.2659 212.9788 c
230.4522 212.6693 230.5454 212.3116 230.5454 211.9039 c
230.5454 211.4960 230.4522 211.1383 230.2659 210.8290 c
230.0794 210.5195 229.8197 210.2783 229.4853 210.1068 c
229.1508 209.9353 228.7633 209.8488 228.3256 209.8488 c
h
h
227.1807 210.3596 m
228.2907 210.3596 l
228.6317 210.3596 228.9263 210.4245 229.1743 210.5544 c
229.4220 210.6825 229.6151 210.8639 229.7531 211.0969 c
229.8898 211.3296 229.9581 211.5992 229.9581 211.9039 c
229.9581 212.2118 229.8898 212.4831 229.7531 212.7141 c
229.6151 212.9454 229.4220 213.1251 229.1743 213.2549 c
228.9263 213.3831 228.6317 213.4480 228.2907 213.4480 c
227.1807 213.4480 l
h
h
232.6405 209.8023 m
232.3276 209.8023 232.0279 209.8505 231.7433 209.9469 c
231.4573 210.0419 231.2325 210.1666 231.0678 210.3180 c
231.2841 210.7757 l
231.4406 210.6391 231.6404 210.5260 231.8834 210.4362 c
232.1263 210.3463 232.3791 210.3015 232.6405 210.3015 c
232.8783 210.3015 233.0731 210.3282 233.2210 210.3829 c
233.3693 210.4379 233.4790 210.5127 233.5507 210.6094 c
233.6204 210.7040 233.6553 210.8140 233.6553 210.9353 c
233.6553 211.0768 233.6105 211.1899 233.5190 211.2766 c
233.4274 211.3614 233.3075 211.4314 233.1612 211.4844 c
233.0130 211.5360 232.8517 211.5828 232.6771 211.6227 c
232.5005 211.6610 232.3225 211.7075 232.1444 211.7608 c
231.9664 211.8124 231.8034 211.8807 231.6569 211.9620 c
231.5106 212.0437 231.3924 212.1551 231.3026 212.2948 c
231.2127 212.4329 231.1676 212.6126 231.1676 212.8306 c
231.1676 213.0420 231.2243 213.2385 231.3357 213.4165 c
231.4474 213.5945 231.6186 213.7360 231.8516 213.8440 c
232.0846 213.9523 232.3809 214.0055 232.7403 214.0055 c
232.9781 214.0055 233.2162 213.9738 233.4506 213.9123 c
233.6854 213.8491 233.8900 213.7592 234.0615 213.6410 c
233.8668 213.1719 l
233.6919 213.2901 233.5056 213.3748 233.3109 213.4281 c
233.1147 213.4797 232.9248 213.5064 232.7403 213.5064 c
232.5090 213.5064 232.3193 213.4763 232.1711 213.4182 c
232.0231 213.3598 231.9131 213.2816 231.8451 213.1835 c
231.7768 213.0854 231.7419 212.9754 231.7419 212.8541 c
231.7419 212.7093 231.7884 212.5945 231.8800 212.5080 c
231.9715 212.4213 232.0911 212.3532 232.2394 212.3033 c
232.3857 212.2517 232.5472 212.2067 232.7236 212.1650 c
232.8982 212.1236 233.0765 212.0786 233.2545 212.0270 c
233.4325 211.9754 233.5938 211.9088 233.7420 211.8274 c
233.8883 211.7458 234.0065 211.6361 234.0964 211.4994 c
234.1862 211.3614 234.2310 211.1851 234.2310 210.9705 c
234.2310 210.7624 234.1746 210.5711 234.0615 210.3931 c
233.9481 210.2148 233.7735 210.0719 233.5374 209.9636 c
233.2993 209.8553 233.0014 209.8023 232.6405 209.8023 c
f
/GS13 gs
/CS15 cs 0.5300 1.0000 0.2800 0.1100 scn
102.2151 34.3321 m
37.0590 34.3321 l
39.3131 40.4853 l
37.0590 46.6381 l
102.2151 46.6381 l
99.9609 40.8172 l
h
f
/GS13 gs
/CS15 cs 0.0000 0.0000 0.0000 0.0000 scn
50.9014 38.0670 m
49.5278 42.1781 l
50.1321 42.1781 l
51.3961 38.3851 l
51.0897 38.3851 l
52.4001 42.1781 l
52.9413 42.1781 l
54.2217 38.3851 l
53.9269 38.3851 l
55.2073 42.1781 l
55.7651 42.1781 l
54.3915 38.0670 l
53.7738 38.0670 l
52.5764 41.5854 l
52.7346 41.5854 l
51.5307 38.0670 l
h
h
59.4300 38.0670 m
59.4300 42.1781 l
60.0180 42.1781 l
60.0180 38.0670 l
h
h
56.4812 38.0670 m
56.4812 42.1781 l
57.0691 42.1781 l
57.0691 38.0670 l
h
h
57.0107 39.9002 m
57.0107 40.4116 l
59.4833 40.4116 l
59.4833 39.9002 l
h
h
61.2516 38.0670 m
61.2516 42.1781 l
61.8395 42.1781 l
61.8395 38.0670 l
h
h
63.8909 38.0670 m
63.8909 41.6687 l
62.4804 41.6687 l
62.4804 42.1781 l
65.8823 42.1781 l
65.8823 41.6687 l
64.4720 41.6687 l
64.4720 38.0670 l
h
h
66.5215 38.0670 m
66.5215 42.1781 l
69.4239 42.1781 l
69.4239 41.6687 l
67.1094 41.6687 l
67.1094 38.5781 l
69.5072 38.5781 l
69.5072 38.0670 l
h
h
67.0561 39.9053 m
67.0561 40.4048 l
69.1707 40.4048 l
69.1707 39.9053 l
h
h
72.0380 38.0670 m
72.0380 42.1781 l
72.6259 42.1781 l
72.6259 38.5781 l
74.8522 38.5781 l
74.8522 38.0670 l
h
h
75.5280 38.0670 m
75.5280 42.1781 l
76.1159 42.1781 l
76.1159 38.0670 l
h
h
77.3495 38.0670 m
77.3495 42.1781 l
77.9374 42.1781 l
77.9374 38.5781 l
80.1638 38.5781 l
80.1638 38.0670 l
h
h
81.4048 38.0670 m
81.4048 39.6405 l
81.5397 39.2774 l
79.7715 42.1781 l
80.3991 42.1781 l
81.8861 39.7287 l
81.5448 39.7287 l
83.0367 42.1781 l
83.6195 42.1781 l
81.8561 39.2774 l
81.9859 39.6405 l
81.9859 38.0670 l
h
f
q
34.5620 51.0829 67.3994 50.5477 re W*
n
/GS13 gs
q
34.5620 51.0829 m
34.5620 101.6306 l
101.9614 101.6306 l
101.9614 51.0829 l
h
W*
n
q
67.56094 0.00000 0.00000 50.63875 34.4813 51.0373 cm
/Im130 Do
Q
Q
Q
/GS13 gs
/CS15 cs 0.5300 1.0000 0.2800 0.1100 scn
175.0119 34.3321 m
109.8558 34.3321 l
112.1097 40.4853 l
109.8558 46.6381 l
175.0119 46.6381 l
172.7578 40.8172 l
h
f
/GS13 gs
/CS15 cs 0.0000 0.0000 0.0000 0.0000 scn
124.8007 38.0670 m
124.8007 39.6405 l
124.9364 39.2774 l
123.1594 42.1781 l
123.7901 42.1781 l
125.2845 39.7287 l
124.9415 39.7287 l
126.4405 42.1781 l
127.0261 42.1781 l
125.2542 39.2774 l
125.3846 39.6405 l
125.3846 38.0670 l
h
h
127.5316 38.0670 m
127.5316 42.1781 l
130.4481 42.1781 l
130.4481 41.6687 l
128.1223 41.6687 l
128.1223 38.5781 l
130.5320 38.5781 l
130.5320 38.0670 l
h
h
128.0687 39.9053 m
128.0687 40.4048 l
130.1939 40.4048 l
130.1939 39.9053 l
h
h
131.4870 38.0670 m
131.4870 42.1781 l
132.0778 42.1781 l
132.0778 38.5781 l
134.3149 38.5781 l
134.3149 38.0670 l
h
h
134.9940 38.0670 m
134.9940 42.1781 l
135.5848 42.1781 l
135.5848 38.5781 l
137.8222 38.5781 l
137.8222 38.0670 l
h
h
140.2903 38.0205 m
139.9757 38.0205 139.6848 38.0735 139.4152 38.1787 c
139.1457 38.2836 138.9115 38.4316 138.7159 38.6215 c
138.5181 38.8114 138.3644 39.0345 138.2539 39.2893 c
138.1436 39.5439 138.0883 39.8220 138.0883 40.1236 c
138.0883 40.4249 138.1436 40.7030 138.2539 40.9575 c
138.3644 41.2123 138.5181 41.4337 138.7159 41.6237 c
138.9115 41.8136 139.1440 41.9618 139.4118 42.0681 c
139.6777 42.1733 139.9706 42.2266 140.2903 42.2266 c
140.6047 42.2266 140.8958 42.1747 141.1620 42.0715 c
141.4278 41.9666 141.6589 41.8201 141.8581 41.6305 c
142.0571 41.4405 142.2096 41.2191 142.3182 40.9643 c
142.4271 40.7095 142.4803 40.4280 142.4803 40.1236 c
142.4803 39.8188 142.4271 39.5391 142.3182 39.2842 c
142.2096 39.0294 142.0571 38.8063 141.8581 38.6164 c
141.6589 38.4267 141.4278 38.2802 141.1620 38.1770 c
140.8958 38.0721 140.6047 38.0205 140.2903 38.0205 c
h
140.2903 38.5432 m
140.5196 38.5432 140.7302 38.5832 140.9261 38.6614 c
141.1203 38.7397 141.2892 38.8497 141.4329 38.9928 c
141.5769 39.1343 141.6892 39.3026 141.7694 39.4940 c
141.8499 39.6856 141.8899 39.8954 141.8899 40.1236 c
141.8899 40.3498 141.8499 40.5598 141.7694 40.7511 c
141.6892 40.9428 141.5769 41.1109 141.4329 41.2540 c
141.2892 41.3972 141.1203 41.5089 140.9261 41.5871 c
140.7302 41.6653 140.5196 41.7036 140.2903 41.7036 c
140.0579 41.7036 139.8453 41.6653 139.6511 41.5871 c
139.4555 41.5089 139.2866 41.3972 139.1409 41.2540 c
138.9951 41.1109 138.8815 40.9428 138.8010 40.7511 c
138.7191 40.5598 138.6788 40.3498 138.6788 40.1236 c
138.6788 39.8954 138.7191 39.6856 138.8010 39.4940 c
138.8815 39.3026 138.9951 39.1343 139.1409 38.9928 c
139.2866 38.8497 139.4555 38.7397 139.6511 38.6614 c
139.8453 38.5832 140.0579 38.5432 140.2903 38.5432 c
h
144.2030 38.0670 m
142.8225 42.1781 l
143.4300 42.1781 l
144.7002 38.3851 l
144.3920 38.3851 l
145.7090 42.1781 l
146.2527 42.1781 l
147.5393 38.3851 l
147.2431 38.3851 l
148.5298 42.1781 l
149.0905 42.1781 l
147.7100 38.0670 l
147.0895 38.0670 l
145.8862 41.5854 l
146.0452 41.5854 l
144.8354 38.0670 l
h
h
151.4866 38.0670 m
151.4866 42.1781 l
152.0773 42.1781 l
152.0773 38.5781 l
154.3144 38.5781 l
154.3144 38.0670 l
h
h
154.9936 38.0670 m
154.9936 42.1781 l
155.5843 42.1781 l
155.5843 38.0670 l
h
h
156.8239 38.0670 m
156.8239 42.1781 l
157.4150 42.1781 l
157.4150 38.5781 l
159.6521 38.5781 l
159.6521 38.0670 l
h
h
160.8990 38.0670 m
160.8990 39.6405 l
161.0348 39.2774 l
159.2578 42.1781 l
159.8885 42.1781 l
161.3829 39.7287 l
161.0399 39.7287 l
162.5391 42.1781 l
163.1248 42.1781 l
161.3526 39.2774 l
161.4830 39.6405 l
161.4830 38.0670 l
h
f
q
107.0759 51.0919 67.3954 50.5310 re W*
n
/GS13 gs
q
107.0759 51.0919 m
107.0759 101.6229 l
174.4713 101.6229 l
174.4713 51.0919 l
h
W*
n
q
67.86947 0.00000 0.00000 50.95513 106.9511 50.8268 cm
/Im131 Do
Q
Q
Q
q
179.0725 50.3249 69.3967 52.0702 re W*
n
/GS13 gs
q
179.0725 50.3249 m
179.0725 102.3951 l
248.4692 102.3951 l
248.4692 50.3249 l
h
W*
n
q
70.01519 0.00000 0.00000 52.59325 178.7632 50.0446 cm
/Im132 Do
Q
Q
Q
/GS13 gs
/CS15 cs 0.5300 1.0000 0.2800 0.1100 scn
247.8087 34.3321 m
182.6527 34.3321 l
184.9065 40.4853 l
182.6527 46.6381 l
247.8087 46.6381 l
245.5546 40.8172 l
h
f
/GS13 gs
/CS15 cs 0.0000 0.0000 0.0000 0.0000 scn
200.6099 38.0670 m
200.6099 42.1781 l
202.2151 42.1781 l
202.5748 42.1781 202.8830 42.1214 203.1375 42.0083 c
203.3923 41.8952 203.5871 41.7302 203.7254 41.5154 c
203.8620 41.3008 203.9301 41.0443 203.9301 40.7460 c
203.9301 40.4481 203.8620 40.1933 203.7254 39.9801 c
203.5871 39.7655 203.3923 39.6006 203.1375 39.4858 c
202.8830 39.3707 202.5748 39.3126 202.2151 39.3126 c
200.9330 39.3126 l
201.1978 39.5889 l
201.1978 38.0670 l
h
h
201.1978 39.5289 m
200.9330 39.8237 l
202.1967 39.8237 l
202.5731 39.8237 202.8577 39.9036 203.0528 40.0652 c
203.2458 40.2250 203.3425 40.4515 203.3425 40.7460 c
203.3425 41.0391 203.2458 41.2656 203.0528 41.4272 c
202.8577 41.5888 202.5731 41.6687 202.1967 41.6687 c
200.9330 41.6687 l
201.1978 41.9618 l
h
h
204.7921 38.0670 m
204.7921 42.1781 l
205.3800 42.1781 l
205.3800 38.0670 l
h
h
206.6136 38.0670 m
206.6136 42.1781 l
207.0967 42.1781 l
209.8157 38.8012 l
209.5625 38.8012 l
209.5625 42.1781 l
210.1504 42.1781 l
210.1504 38.0670 l
209.6691 38.0670 l
206.9501 41.4439 l
207.2015 41.4439 l
207.2015 38.0670 l
h
h
211.9020 39.0594 m
211.8722 39.7772 l
214.2048 42.1781 l
214.8744 42.1781 l
213.0710 40.2749 l
212.7413 39.9121 l
h
h
211.3841 38.0670 m
211.3841 42.1781 l
211.9720 42.1781 l
211.9720 38.0670 l
h
h
214.2981 38.0670 m
212.6132 40.0286 l
213.0060 40.4631 l
214.9858 38.0670 l
h
h
217.1871 38.0670 m
217.1871 42.1781 l
217.7751 42.1781 l
217.7751 38.5781 l
220.0014 38.5781 l
220.0014 38.0670 l
h
h
220.6772 38.0670 m
220.6772 42.1781 l
221.2651 42.1781 l
221.2651 38.0670 l
h
h
222.4987 38.0670 m
222.4987 42.1781 l
223.0866 42.1781 l
223.0866 38.5781 l
225.3129 38.5781 l
225.3129 38.0670 l
h
h
226.5540 38.0670 m
226.5540 39.6405 l
226.6889 39.2774 l
224.9206 42.1781 l
225.5482 42.1781 l
227.0353 39.7287 l
226.6940 39.7287 l
228.1859 42.1781 l
228.7687 42.1781 l
227.0052 39.2774 l
227.1351 39.6405 l
227.1351 38.0670 l
h
f
/GS13 gs
/CS15 cs 0.5300 1.0000 0.2800 0.1100 scn
102.3888 135.5114 m
37.1988 135.5114 l
39.4537 140.5752 l
37.1988 145.6384 l
102.3888 145.6384 l
100.1339 140.8473 l
h
f
/GS13 gs
/CS15 cs 0.0000 0.0000 0.0000 0.0000 scn
46.9610 138.2488 m
46.9610 142.3621 l
48.5668 142.3621 l
49.0983 142.3621 49.5181 142.2354 49.8246 141.9840 c
50.1296 141.7306 50.2829 141.3791 50.2829 140.9292 c
50.2829 140.6310 50.2146 140.3762 50.0780 140.1630 c
49.9397 139.9482 49.7446 139.7849 49.4898 139.6715 c
49.2350 139.5567 48.9268 139.5000 48.5668 139.5000 c
47.2842 139.5000 l
47.5489 139.7716 l
47.5489 138.2488 l
h
h
49.7115 138.2488 m
48.6652 139.7415 l
49.2951 139.7415 l
50.3529 138.2488 l
h
h
47.5489 139.7115 m
47.2842 139.9997 l
48.5487 139.9997 l
48.9251 139.9997 49.2100 140.0814 49.4048 140.2447 c
49.5981 140.4062 49.6947 140.6344 49.6947 140.9292 c
49.6947 141.2226 49.5981 141.4491 49.4048 141.6107 c
49.2100 141.7723 48.9251 141.8522 48.5487 141.8522 c
47.2842 141.8522 l
47.5489 142.1456 l
h
h
51.2342 138.2488 m
51.2342 142.3621 l
54.1380 142.3621 l
54.1380 141.8522 l
51.8221 141.8522 l
51.8221 138.7602 l
54.2211 138.7602 l
54.2211 138.2488 l
h
h
51.7689 140.0879 m
51.7689 140.5879 l
53.8846 140.5879 l
53.8846 140.0879 l
h
h
55.1727 138.2488 m
55.1727 142.3621 l
56.9069 142.3621 l
57.3449 142.3621 57.7332 142.2754 58.0680 142.1039 c
58.4028 141.9321 58.6627 141.6906 58.8495 141.3825 c
59.0360 141.0727 59.1293 140.7144 59.1293 140.3062 c
59.1293 139.8980 59.0360 139.5400 58.8495 139.2301 c
58.6627 138.9203 58.4028 138.6785 58.0680 138.5070 c
57.7332 138.3355 57.3449 138.2488 56.9069 138.2488 c
h
h
55.7606 138.7602 m
56.8718 138.7602 l
57.2134 138.7602 57.5082 138.8254 57.7565 138.9552 c
58.0048 139.0833 58.1981 139.2650 58.3362 139.4983 c
58.4728 139.7316 58.5411 140.0014 58.5411 140.3062 c
58.5411 140.6146 58.4728 140.8861 58.3362 141.1177 c
58.1981 141.3490 58.0048 141.5290 57.7565 141.6591 c
57.5082 141.7873 57.2134 141.8522 56.8718 141.8522 c
55.7606 141.8522 l
h
h
63.4657 138.2020 m
63.1525 138.2020 62.8625 138.2556 62.5944 138.3605 c
62.3262 138.4654 62.0929 138.6136 61.8979 138.8035 c
61.7014 138.9934 61.5481 139.2168 61.4381 139.4717 c
61.3281 139.7265 61.2731 140.0049 61.2731 140.3062 c
61.2731 140.6078 61.3281 140.8861 61.4381 141.1410 c
61.5481 141.3958 61.7014 141.6175 61.8979 141.8074 c
62.0929 141.9973 62.3245 142.1456 62.5910 142.2522 c
62.8560 142.3570 63.1474 142.4103 63.4657 142.4103 c
63.7790 142.4103 64.0687 142.3587 64.3337 142.2556 c
64.5985 142.1504 64.8283 142.0038 65.0268 141.8139 c
65.2249 141.6240 65.3766 141.4026 65.4849 141.1475 c
65.5931 140.8927 65.6464 140.6112 65.6464 140.3062 c
65.6464 140.0014 65.5931 139.7214 65.4849 139.4666 c
65.3766 139.2117 65.2249 138.9883 65.0268 138.7984 c
64.8283 138.6085 64.5985 138.4620 64.3337 138.3588 c
64.0687 138.2539 63.7790 138.2020 63.4657 138.2020 c
h
63.4657 138.7253 m
63.6939 138.7253 63.9037 138.7653 64.0987 138.8435 c
64.2920 138.9217 64.4601 139.0317 64.6036 139.1751 c
64.7467 139.3166 64.8584 139.4850 64.9383 139.6766 c
65.0183 139.8682 65.0582 140.0780 65.0582 140.3062 c
65.0582 140.5329 65.0183 140.7427 64.9383 140.9343 c
64.8584 141.1260 64.7467 141.2943 64.6036 141.4375 c
64.4601 141.5806 64.2920 141.6923 64.0987 141.7706 c
63.9037 141.8491 63.6939 141.8873 63.4657 141.8873 c
63.2341 141.8873 63.0224 141.8491 62.8294 141.7706 c
62.6343 141.6923 62.4660 141.5806 62.3211 141.4375 c
62.1763 141.2943 62.0629 141.1260 61.9829 140.9343 c
61.9013 140.7427 61.8613 140.5329 61.8613 140.3062 c
61.8613 140.0780 61.9013 139.8682 61.9829 139.6766 c
62.0629 139.4850 62.1763 139.3166 62.3211 139.1751 c
62.4660 139.0317 62.6343 138.9217 62.8294 138.8435 c
63.0224 138.7653 63.2341 138.7253 63.4657 138.7253 c
h
66.5444 138.2488 m
66.5444 142.3621 l
68.1503 142.3621 l
68.6818 142.3621 69.1016 142.2354 69.4080 141.9840 c
69.7130 141.7306 69.8664 141.3791 69.8664 140.9292 c
69.8664 140.6310 69.7980 140.3762 69.6614 140.1630 c
69.5231 139.9482 69.3281 139.7849 69.0732 139.6715 c
68.8184 139.5567 68.5103 139.5000 68.1503 139.5000 c
66.8676 139.5000 l
67.1323 139.7716 l
67.1323 138.2488 l
h
h
69.2949 138.2488 m
68.2486 139.7415 l
68.8785 139.7415 l
69.9364 138.2488 l
h
h
67.1323 139.7115 m
66.8676 139.9997 l
68.1321 139.9997 l
68.5086 139.9997 68.7934 140.0814 68.9882 140.2447 c
69.1815 140.4062 69.2782 140.6344 69.2782 140.9292 c
69.2782 141.2226 69.1815 141.4491 68.9882 141.6107 c
68.7934 141.7723 68.5086 141.8522 68.1321 141.8522 c
66.8676 141.8522 l
67.1323 142.1456 l
h
h
72.6585 138.2020 m
72.3436 138.2020 72.0553 138.2539 71.7905 138.3588 c
71.5255 138.4620 71.2973 138.6085 71.1040 138.7984 c
70.9092 138.9883 70.7576 139.2117 70.6476 139.4666 c
70.5376 139.7214 70.4826 140.0014 70.4826 140.3062 c
70.4826 140.6112 70.5376 140.8927 70.6476 141.1475 c
70.7576 141.4026 70.9109 141.6240 71.1074 141.8139 c
71.3024 142.0038 71.5323 142.1504 71.7970 142.2556 c
72.0621 142.3587 72.3504 142.4103 72.6636 142.4103 c
72.9816 142.4103 73.2747 142.3570 73.5432 142.2488 c
73.8113 142.1405 74.0395 141.9806 74.2277 141.7691 c
73.8445 141.3992 l
73.6880 141.5642 73.5114 141.6858 73.3164 141.7674 c
73.1200 141.8474 72.9099 141.8873 72.6868 141.8873 c
72.4552 141.8873 72.2421 141.8491 72.0437 141.7706 c
71.8455 141.6923 71.6754 141.5823 71.5306 141.4409 c
71.3857 141.2991 71.2723 141.1325 71.1924 140.9377 c
71.1108 140.7427 71.0708 140.5329 71.0708 140.3062 c
71.0708 140.0780 71.1108 139.8682 71.1924 139.6749 c
71.2723 139.4799 71.3857 139.3135 71.5306 139.1717 c
71.6754 139.0300 71.8455 138.9217 72.0437 138.8435 c
72.2421 138.7653 72.4552 138.7253 72.6868 138.7253 c
72.9099 138.7253 73.1200 138.7653 73.3164 138.8452 c
73.5114 138.9251 73.6880 139.0501 73.8445 139.2185 c
74.2277 138.8486 l
74.0395 138.6369 73.8113 138.4753 73.5432 138.3670 c
73.2747 138.2570 72.9799 138.2020 72.6585 138.2020 c
h
77.9579 138.2488 m
77.9579 142.3621 l
78.5460 142.3621 l
78.5460 138.2488 l
h
h
75.0076 138.2488 m
75.0076 142.3621 l
75.5955 142.3621 l
75.5955 138.2488 l
h
h
75.5374 140.0831 m
75.5374 140.5945 l
78.0111 140.5945 l
78.0111 140.0831 l
h
h
79.7805 138.2488 m
79.7805 142.3621 l
80.3684 142.3621 l
80.3684 138.2488 l
h
h
81.6032 138.2488 m
81.6032 142.3621 l
83.3374 142.3621 l
83.7754 142.3621 84.1637 142.2754 84.4985 142.1039 c
84.8333 141.9321 85.0932 141.6906 85.2800 141.3825 c
85.4666 141.0727 85.5598 140.7144 85.5598 140.3062 c
85.5598 139.8980 85.4666 139.5400 85.2800 139.2301 c
85.0932 138.9203 84.8333 138.6785 84.4985 138.5070 c
84.1637 138.3355 83.7754 138.2488 83.3374 138.2488 c
h
h
82.1911 138.7602 m
83.3023 138.7602 l
83.6439 138.7602 83.9387 138.8254 84.1870 138.9552 c
84.4353 139.0833 84.6286 139.2650 84.7667 139.4983 c
84.9033 139.7316 84.9716 140.0014 84.9716 140.3062 c
84.9716 140.6146 84.9033 140.8861 84.7667 141.1177 c
84.6286 141.3490 84.4353 141.5290 84.1870 141.6591 c
83.9387 141.7873 83.6439 141.8522 83.3023 141.8522 c
82.1911 141.8522 l
h
h
87.6572 138.2020 m
87.3439 138.2020 87.0440 138.2505 86.7591 138.3471 c
86.4726 138.4421 86.2478 138.5671 86.0828 138.7185 c
86.2994 139.1769 l
86.4561 139.0402 86.6560 138.9268 86.8992 138.8370 c
87.1424 138.7468 87.3955 138.7020 87.6572 138.7020 c
87.8956 138.7020 88.0903 138.7287 88.2386 138.7837 c
88.3868 138.8387 88.4968 138.9135 88.5685 139.0102 c
88.6385 139.1051 88.6734 139.2151 88.6734 139.3367 c
88.6734 139.4782 88.6286 139.5916 88.5368 139.6783 c
88.4452 139.7631 88.3253 139.8331 88.1787 139.8864 c
88.0305 139.9380 87.8689 139.9847 87.6937 140.0247 c
87.5171 140.0630 87.3391 140.1097 87.1608 140.1630 c
86.9825 140.2146 86.8192 140.2829 86.6727 140.3646 c
86.5261 140.4462 86.4077 140.5579 86.3178 140.6976 c
86.2279 140.8360 86.1829 141.0160 86.1829 141.2342 c
86.1829 141.4457 86.2396 141.6424 86.3510 141.8207 c
86.4626 141.9990 86.6344 142.1405 86.8674 142.2488 c
87.1007 142.3570 87.3972 142.4103 87.7572 142.4103 c
87.9953 142.4103 88.2337 142.3789 88.4684 142.3171 c
88.7034 142.2539 88.9084 142.1637 89.0799 142.0455 c
88.8851 141.5758 l
88.7102 141.6940 88.5234 141.7791 88.3287 141.8323 c
88.1320 141.8839 87.9420 141.9106 87.7572 141.9106 c
87.5256 141.9106 87.3357 141.8805 87.1875 141.8224 c
87.0392 141.7640 86.9292 141.6858 86.8609 141.5874 c
86.7926 141.4891 86.7574 141.3791 86.7574 141.2575 c
86.7574 141.1126 86.8042 140.9975 86.8958 140.9111 c
86.9876 140.8243 87.1075 140.7560 87.2558 140.7061 c
87.4023 140.6546 87.5639 140.6095 87.7405 140.5678 c
87.9154 140.5261 88.0937 140.4811 88.2720 140.4295 c
88.4503 140.3779 88.6119 140.3113 88.7601 140.2296 c
88.9067 140.1480 89.0249 140.0380 89.1150 139.9014 c
89.2049 139.7631 89.2500 139.5865 89.2500 139.3716 c
89.2500 139.1635 89.1933 138.9719 89.0799 138.7936 c
88.9668 138.6153 88.7919 138.4722 88.5552 138.3639 c
88.3171 138.2556 88.0189 138.2020 87.6572 138.2020 c
f
q
36.4748 151.8775 65.3715 49.4127 re W*
n
/GS13 gs
q
36.4748 151.8775 m
36.4748 201.2902 l
101.8463 201.2902 l
101.8463 151.8775 l
h
W*
n
q
65.62405 0.00000 0.00000 49.79175 36.4748 151.5616 cm
/Im133 Do
Q
Q
Q
/GS13 gs
/CS15 cs 0.5300 1.0000 0.2800 0.1100 scn
172.2240 135.5114 m
107.0340 135.5114 l
109.2889 140.5752 l
107.0340 145.6384 l
172.2240 145.6384 l
169.9690 140.8473 l
h
f
/GS13 gs
/CS15 cs 0.0000 0.0000 0.0000 0.0000 scn
116.8146 138.2020 m
116.4963 138.2020 116.2049 138.2539 115.9398 138.3588 c
115.6734 138.4620 115.4418 138.6085 115.2468 138.7984 c
115.0503 138.9883 114.8970 139.2117 114.7870 139.4666 c
114.6770 139.7214 114.6220 140.0014 114.6220 140.3062 c
114.6220 140.6112 114.6770 140.8927 114.7870 141.1475 c
114.8970 141.4026 115.0503 141.6240 115.2485 141.8139 c
115.4466 142.0038 115.6782 142.1504 115.9449 142.2556 c
116.2114 142.3587 116.5045 142.4103 116.8262 142.4103 c
117.1511 142.4103 117.4493 142.3570 117.7209 142.2522 c
117.9907 142.1456 118.2189 141.9871 118.4071 141.7757 c
118.0440 141.4108 l
117.8756 141.5758 117.6925 141.6957 117.4944 141.7723 c
117.2959 141.8491 117.0811 141.8873 116.8495 141.8873 c
116.6145 141.8873 116.3962 141.8491 116.1947 141.7706 c
115.9931 141.6923 115.8182 141.5823 115.6717 141.4409 c
115.5251 141.2991 115.4117 141.1325 115.3318 140.9377 c
115.2502 140.7427 115.2102 140.5329 115.2102 140.3062 c
115.2102 140.0831 115.2502 139.8747 115.3318 139.6800 c
115.4117 139.4850 115.5251 139.3166 115.6717 139.1751 c
115.8182 139.0317 115.9914 138.9217 116.1916 138.8435 c
116.3914 138.7653 116.6097 138.7253 116.8444 138.7253 c
117.0626 138.7253 117.2744 138.7602 117.4759 138.8285 c
117.6775 138.8968 117.8657 139.0102 118.0375 139.1717 c
118.3723 138.7253 l
118.1690 138.5538 117.9306 138.4237 117.6591 138.3355 c
117.3861 138.2471 117.1043 138.2020 116.8146 138.2020 c
h
118.3723 138.7253 m
117.8073 138.8018 l
117.8073 140.3297 l
118.3723 140.3297 l
h
h
119.4936 138.2488 m
119.4936 142.3621 l
121.0995 142.3621 l
121.6310 142.3621 122.0508 142.2354 122.3572 141.9840 c
122.6622 141.7306 122.8156 141.3791 122.8156 140.9292 c
122.8156 140.6310 122.7472 140.3762 122.6106 140.1630 c
122.4723 139.9482 122.2773 139.7849 122.0224 139.6715 c
121.7676 139.5567 121.4595 139.5000 121.0995 139.5000 c
119.8168 139.5000 l
120.0815 139.7716 l
120.0815 138.2488 l
h
h
122.2441 138.2488 m
121.1978 139.7415 l
121.8277 139.7415 l
122.8856 138.2488 l
h
h
120.0815 139.7115 m
119.8168 139.9997 l
121.0813 139.9997 l
121.4578 139.9997 121.7426 140.0814 121.9374 140.2447 c
122.1307 140.4062 122.2274 140.6344 122.2274 140.9292 c
122.2274 141.2226 122.1307 141.4491 121.9374 141.6107 c
121.7426 141.7723 121.4578 141.8522 121.0813 141.8522 c
119.8168 141.8522 l
120.0815 142.1456 l
h
h
123.7669 138.2488 m
123.7669 142.3621 l
126.6707 142.3621 l
126.6707 141.8522 l
124.3548 141.8522 l
124.3548 138.7602 l
126.7537 138.7602 l
126.7537 138.2488 l
h
h
124.3015 140.0879 m
124.3015 140.5879 l
126.4173 140.5879 l
126.4173 140.0879 l
h
h
127.7053 138.2488 m
127.7053 142.3621 l
130.6091 142.3621 l
130.6091 141.8522 l
128.2932 141.8522 l
128.2932 138.7602 l
130.6922 138.7602 l
130.6922 138.2488 l
h
h
128.2399 140.0879 m
128.2399 140.5879 l
130.3557 140.5879 l
130.3557 140.0879 l
h
h
131.6438 138.2488 m
131.6438 142.3621 l
132.1268 142.3621 l
134.8472 138.9835 l
134.5941 138.9835 l
134.5941 142.3621 l
135.1823 142.3621 l
135.1823 138.2488 l
134.7007 138.2488 l
131.9803 141.6274 l
132.2317 141.6274 l
132.2317 138.2488 l
h
h
139.8552 138.2020 m
139.5420 138.2020 139.2520 138.2556 138.9838 138.3605 c
138.7157 138.4654 138.4824 138.6136 138.2873 138.8035 c
138.0909 138.9934 137.9375 139.2168 137.8276 139.4717 c
137.7176 139.7265 137.6626 140.0049 137.6626 140.3062 c
137.6626 140.6078 137.7176 140.8861 137.8276 141.1410 c
137.9375 141.3958 138.0909 141.6175 138.2873 141.8074 c
138.4824 141.9973 138.7140 142.1456 138.9804 142.2522 c
139.2454 142.3570 139.5369 142.4103 139.8552 142.4103 c
140.1684 142.4103 140.4581 142.3587 140.7231 142.2556 c
140.9879 142.1504 141.2178 142.0038 141.4162 141.8139 c
141.6144 141.6240 141.7660 141.4026 141.8743 141.1475 c
141.9826 140.8927 142.0359 140.6112 142.0359 140.3062 c
142.0359 140.0014 141.9826 139.7214 141.8743 139.4666 c
141.7660 139.2117 141.6144 138.9883 141.4162 138.7984 c
141.2178 138.6085 140.9879 138.4620 140.7231 138.3588 c
140.4581 138.2539 140.1684 138.2020 139.8552 138.2020 c
h
139.8552 138.7253 m
140.0834 138.7253 140.2931 138.7653 140.4882 138.8435 c
140.6815 138.9217 140.8496 139.0317 140.9930 139.1751 c
141.1362 139.3166 141.2478 139.4850 141.3278 139.6766 c
141.4077 139.8682 141.4477 140.0780 141.4477 140.3062 c
141.4477 140.5329 141.4077 140.7427 141.3278 140.9343 c
141.2478 141.1260 141.1362 141.2943 140.9930 141.4375 c
140.8496 141.5806 140.6815 141.6923 140.4882 141.7706 c
140.2931 141.8491 140.0834 141.8873 139.8552 141.8873 c
139.6236 141.8873 139.4118 141.8491 139.2188 141.7706 c
139.0238 141.6923 138.8554 141.5806 138.7106 141.4375 c
138.5657 141.2943 138.4523 141.1260 138.3724 140.9343 c
138.2907 140.7427 138.2508 140.5329 138.2508 140.3062 c
138.2508 140.0780 138.2907 139.8682 138.3724 139.6766 c
138.4523 139.4850 138.5657 139.3166 138.7106 139.1751 c
138.8554 139.0317 139.0238 138.9217 139.2188 138.8435 c
139.4118 138.7653 139.6236 138.7253 139.8552 138.7253 c
h
142.9339 138.2488 m
142.9339 142.3621 l
144.5397 142.3621 l
145.0712 142.3621 145.4910 142.2354 145.7974 141.9840 c
146.1025 141.7306 146.2558 141.3791 146.2558 140.9292 c
146.2558 140.6310 146.1875 140.3762 146.0509 140.1630 c
145.9125 139.9482 145.7175 139.7849 145.4627 139.6715 c
145.2078 139.5567 144.8997 139.5000 144.5397 139.5000 c
143.2570 139.5000 l
143.5218 139.7716 l
143.5218 138.2488 l
h
h
145.6843 138.2488 m
144.6381 139.7415 l
145.2679 139.7415 l
146.3258 138.2488 l
h
h
143.5218 139.7115 m
143.2570 139.9997 l
144.5216 139.9997 l
144.8980 139.9997 145.1829 140.0814 145.3776 140.2447 c
145.5710 140.4062 145.6676 140.6344 145.6676 140.9292 c
145.6676 141.2226 145.5710 141.4491 145.3776 141.6107 c
145.1829 141.7723 144.8980 141.8522 144.5216 141.8522 c
143.2570 141.8522 l
143.5218 142.1456 l
h
h
149.0479 138.2020 m
148.7330 138.2020 148.4447 138.2539 148.1800 138.3588 c
147.9149 138.4620 147.6867 138.6085 147.4934 138.7984 c
147.2987 138.9883 147.1470 139.2117 147.0370 139.4666 c
146.9271 139.7214 146.8721 140.0014 146.8721 140.3062 c
146.8721 140.6112 146.9271 140.8927 147.0370 141.1475 c
147.1470 141.4026 147.3004 141.6240 147.4968 141.8139 c
147.6918 142.0038 147.9217 142.1504 148.1865 142.2556 c
148.4515 142.3587 148.7398 142.4103 149.0530 142.4103 c
149.3711 142.4103 149.6642 142.3570 149.9326 142.2488 c
150.2008 142.1405 150.4290 141.9806 150.6172 141.7691 c
150.2340 141.3992 l
150.0775 141.5642 149.9009 141.6858 149.7059 141.7674 c
149.5094 141.8474 149.2994 141.8873 149.0763 141.8873 c
148.8447 141.8873 148.6315 141.8491 148.4331 141.7706 c
148.2350 141.6923 148.0649 141.5823 147.9200 141.4409 c
147.7752 141.2991 147.6618 141.1325 147.5819 140.9377 c
147.5002 140.7427 147.4603 140.5329 147.4603 140.3062 c
147.4603 140.0780 147.5002 139.8682 147.5819 139.6749 c
147.6618 139.4799 147.7752 139.3135 147.9200 139.1717 c
148.0649 139.0300 148.2350 138.9217 148.4331 138.8435 c
148.6315 138.7653 148.8447 138.7253 149.0763 138.7253 c
149.2994 138.7253 149.5094 138.7653 149.7059 138.8452 c
149.9009 138.9251 150.0775 139.0501 150.2340 139.2185 c
150.6172 138.8486 l
150.4290 138.6369 150.2008 138.4753 149.9326 138.3670 c
149.6642 138.2570 149.3694 138.2020 149.0479 138.2020 c
h
154.3473 138.2488 m
154.3473 142.3621 l
154.9355 142.3621 l
154.9355 138.2488 l
h
h
151.3970 138.2488 m
151.3970 142.3621 l
151.9849 142.3621 l
151.9849 138.2488 l
h
h
151.9268 140.0831 m
151.9268 140.5945 l
154.4006 140.5945 l
154.4006 140.0831 l
h
h
156.1700 138.2488 m
156.1700 142.3621 l
156.7579 142.3621 l
156.7579 138.2488 l
h
h
157.9927 138.2488 m
157.9927 142.3621 l
159.7269 142.3621 l
160.1649 142.3621 160.5532 142.2754 160.8880 142.1039 c
161.2227 141.9321 161.4827 141.6906 161.6695 141.3825 c
161.8560 141.0727 161.9493 140.7144 161.9493 140.3062 c
161.9493 139.8980 161.8560 139.5400 161.6695 139.2301 c
161.4827 138.9203 161.2227 138.6785 160.8880 138.5070 c
160.5532 138.3355 160.1649 138.2488 159.7269 138.2488 c
h
h
158.5806 138.7602 m
159.6917 138.7602 l
160.0333 138.7602 160.3281 138.8254 160.5764 138.9552 c
160.8248 139.0833 161.0181 139.2650 161.1561 139.4983 c
161.2928 139.7316 161.3611 140.0014 161.3611 140.3062 c
161.3611 140.6146 161.2928 140.8861 161.1561 141.1177 c
161.0181 141.3490 160.8248 141.5290 160.5764 141.6591 c
160.3281 141.7873 160.0333 141.8522 159.6917 141.8522 c
158.5806 141.8522 l
h
h
164.0466 138.2020 m
163.7334 138.2020 163.4335 138.2505 163.1486 138.3471 c
162.8620 138.4421 162.6372 138.5671 162.4723 138.7185 c
162.6888 139.1769 l
162.8456 139.0402 163.0454 138.9268 163.2886 138.8370 c
163.5318 138.7468 163.7850 138.7020 164.0466 138.7020 c
164.2850 138.7020 164.4797 138.7287 164.6280 138.7837 c
164.7763 138.8387 164.8862 138.9135 164.9580 139.0102 c
165.0280 139.1051 165.0628 139.2151 165.0628 139.3367 c
165.0628 139.4782 165.0180 139.5916 164.9262 139.6783 c
164.8346 139.7631 164.7147 139.8331 164.5682 139.8864 c
164.4199 139.9380 164.2584 139.9847 164.0832 140.0247 c
163.9066 140.0630 163.7286 140.1097 163.5503 140.1630 c
163.3720 140.2146 163.2087 140.2829 163.0621 140.3646 c
162.9156 140.4462 162.7971 140.5579 162.7072 140.6976 c
162.6174 140.8360 162.5723 141.0160 162.5723 141.2342 c
162.5723 141.4457 162.6290 141.6424 162.7404 141.8207 c
162.8521 141.9990 163.0239 142.1405 163.2569 142.2488 c
163.4902 142.3570 163.7867 142.4103 164.1467 142.4103 c
164.3848 142.4103 164.6232 142.3789 164.8579 142.3171 c
165.0929 142.2539 165.2978 142.1637 165.4693 142.0455 c
165.2746 141.5758 l
165.0997 141.6940 164.9129 141.7791 164.7181 141.8323 c
164.5214 141.8839 164.3315 141.9106 164.1467 141.9106 c
163.9151 141.9106 163.7252 141.8805 163.5769 141.8224 c
163.4287 141.7640 163.3187 141.6858 163.2504 141.5874 c
163.1820 141.4891 163.1469 141.3791 163.1469 141.2575 c
163.1469 141.1126 163.1937 140.9975 163.2852 140.9111 c
163.3771 140.8243 163.4970 140.7560 163.6452 140.7061 c
163.7918 140.6546 163.9534 140.6095 164.1300 140.5678 c
164.3049 140.5261 164.4831 140.4811 164.6614 140.4295 c
164.8397 140.3779 165.0013 140.3113 165.1496 140.2296 c
165.2961 140.1480 165.4143 140.0380 165.5045 139.9014 c
165.5943 139.7631 165.6394 139.5865 165.6394 139.3716 c
165.6394 139.1635 165.5827 138.9719 165.4693 138.7936 c
165.3562 138.6153 165.1813 138.4722 164.9446 138.3639 c
164.7065 138.2556 164.4083 138.2020 164.0466 138.2020 c
f
q
109.3178 151.8812 63.4144 49.4110 re W*
n
/GS13 gs
q
109.3178 151.8812 m
109.3178 201.2922 l
172.7323 201.2922 l
172.7323 151.8812 l
h
W*
n
q
63.50650 0.00000 0.00000 49.71924 109.3177 151.6345 cm
/Im134 Do
Q
Q
Q
/GS13 gs
/CS15 cs 0.5300 1.0000 0.2800 0.1100 scn
245.0594 135.5114 m
179.8693 135.5114 l
182.1243 140.5752 l
179.8693 145.6384 l
245.0594 145.6384 l
242.8044 140.8473 l
h
f
/GS13 gs
/CS15 cs 0.0000 0.0000 0.0000 0.0000 scn
185.7654 138.2488 m
185.7654 139.8231 l
185.9003 139.4600 l
184.1312 142.3621 l
184.7591 142.3621 l
186.2470 139.9113 l
185.9054 139.9113 l
187.3981 142.3621 l
187.9812 142.3621 l
186.2169 139.4600 l
186.3468 139.8231 l
186.3468 138.2488 l
h
h
188.4847 138.2488 m
188.4847 142.3621 l
191.3885 142.3621 l
191.3885 141.8522 l
189.0726 141.8522 l
189.0726 138.7602 l
191.4715 138.7602 l
191.4715 138.2488 l
h
h
189.0193 140.0879 m
189.0193 140.5879 l
191.1351 140.5879 l
191.1351 140.0879 l
h
h
192.4231 138.2488 m
192.4231 142.3621 l
193.0110 142.3621 l
193.0110 138.7602 l
195.2385 138.7602 l
195.2385 138.2488 l
h
h
195.9151 138.2488 m
195.9151 142.3621 l
196.5030 142.3621 l
196.5030 138.7602 l
198.7305 138.7602 l
198.7305 138.2488 l
h
h
201.1881 138.2020 m
200.8749 138.2020 200.5849 138.2556 200.3168 138.3605 c
200.0486 138.4654 199.8153 138.6136 199.6203 138.8035 c
199.4238 138.9934 199.2705 139.2168 199.1605 139.4717 c
199.0505 139.7265 198.9955 140.0049 198.9955 140.3062 c
198.9955 140.6078 199.0505 140.8861 199.1605 141.1410 c
199.2705 141.3958 199.4238 141.6175 199.6203 141.8074 c
199.8153 141.9973 200.0469 142.1456 200.3134 142.2522 c
200.5784 142.3570 200.8698 142.4103 201.1881 142.4103 c
201.5014 142.4103 201.7911 142.3587 202.0561 142.2556 c
202.3209 142.1504 202.5507 142.0038 202.7492 141.8139 c
202.9473 141.6240 203.0990 141.4026 203.2072 141.1475 c
203.3155 140.8927 203.3688 140.6112 203.3688 140.3062 c
203.3688 140.0014 203.3155 139.7214 203.2072 139.4666 c
203.0990 139.2117 202.9473 138.9883 202.7492 138.7984 c
202.5507 138.6085 202.3209 138.4620 202.0561 138.3588 c
201.7911 138.2539 201.5014 138.2020 201.1881 138.2020 c
h
201.1881 138.7253 m
201.4163 138.7253 201.6261 138.7653 201.8211 138.8435 c
202.0144 138.9217 202.1825 139.0317 202.3260 139.1751 c
202.4691 139.3166 202.5808 139.4850 202.6607 139.6766 c
202.7407 139.8682 202.7806 140.0780 202.7806 140.3062 c
202.7806 140.5329 202.7407 140.7427 202.6607 140.9343 c
202.5808 141.1260 202.4691 141.2943 202.3260 141.4375 c
202.1825 141.5806 202.0144 141.6923 201.8211 141.7706 c
201.6261 141.8491 201.4163 141.8873 201.1881 141.8873 c
200.9565 141.8873 200.7448 141.8491 200.5517 141.7706 c
200.3567 141.6923 200.1883 141.5806 200.0435 141.4375 c
199.8986 141.2943 199.7853 141.1260 199.7053 140.9343 c
199.6237 140.7427 199.5837 140.5329 199.5837 140.3062 c
199.5837 140.0780 199.6237 139.8682 199.7053 139.6766 c
199.7853 139.4850 199.8986 139.3166 200.0435 139.1751 c
200.1883 139.0317 200.3567 138.9217 200.5517 138.8435 c
200.7448 138.7653 200.9565 138.7253 201.1881 138.7253 c
h
205.0838 138.2488 m
203.7093 142.3621 l
204.3142 142.3621 l
205.5784 138.5671 l
205.2720 138.5671 l
206.5830 142.3621 l
207.1244 142.3621 l
208.4057 138.5671 l
208.1109 138.5671 l
209.3919 142.3621 l
209.9500 142.3621 l
208.5755 138.2488 l
207.9575 138.2488 l
206.7596 141.7691 l
206.9181 141.7691 l
205.7134 138.2488 l
h
h
214.1932 138.2020 m
213.8800 138.2020 213.5900 138.2556 213.3218 138.3605 c
213.0537 138.4654 212.8204 138.6136 212.6254 138.8035 c
212.4289 138.9934 212.2756 139.2168 212.1656 139.4717 c
212.0556 139.7265 212.0006 140.0049 212.0006 140.3062 c
212.0006 140.6078 212.0556 140.8861 212.1656 141.1410 c
212.2756 141.3958 212.4289 141.6175 212.6254 141.8074 c
212.8204 141.9973 213.0520 142.1456 213.3184 142.2522 c
213.5835 142.3570 213.8749 142.4103 214.1932 142.4103 c
214.5064 142.4103 214.7961 142.3587 215.0612 142.2556 c
215.3259 142.1504 215.5558 142.0038 215.7542 141.8139 c
215.9524 141.6240 216.1040 141.4026 216.2123 141.1475 c
216.3206 140.8927 216.3739 140.6112 216.3739 140.3062 c
216.3739 140.0014 216.3206 139.7214 216.2123 139.4666 c
216.1040 139.2117 215.9524 138.9883 215.7542 138.7984 c
215.5558 138.6085 215.3259 138.4620 215.0612 138.3588 c
214.7961 138.2539 214.5064 138.2020 214.1932 138.2020 c
h
214.1932 138.7253 m
214.4214 138.7253 214.6311 138.7653 214.8262 138.8435 c
215.0195 138.9217 215.1876 139.0317 215.3310 139.1751 c
215.4742 139.3166 215.5859 139.4850 215.6658 139.6766 c
215.7457 139.8682 215.7857 140.0780 215.7857 140.3062 c
215.7857 140.5329 215.7457 140.7427 215.6658 140.9343 c
215.5859 141.1260 215.4742 141.2943 215.3310 141.4375 c
215.1876 141.5806 215.0195 141.6923 214.8262 141.7706 c
214.6311 141.8491 214.4214 141.8873 214.1932 141.8873 c
213.9616 141.8873 213.7499 141.8491 213.5568 141.7706 c
213.3618 141.6923 213.1934 141.5806 213.0486 141.4375 c
212.9037 141.2943 212.7903 141.1260 212.7104 140.9343 c
212.6288 140.7427 212.5888 140.5329 212.5888 140.3062 c
212.5888 140.0780 212.6288 139.8682 212.7104 139.6766 c
212.7903 139.4850 212.9037 139.3166 213.0486 139.1751 c
213.1934 139.0317 213.3618 138.9217 213.5568 138.8435 c
213.7499 138.7653 213.9616 138.7253 214.1932 138.7253 c
h
217.2719 138.2488 m
217.2719 142.3621 l
218.8777 142.3621 l
219.4092 142.3621 219.8290 142.2354 220.1355 141.9840 c
220.4405 141.7306 220.5938 141.3791 220.5938 140.9292 c
220.5938 140.6310 220.5255 140.3762 220.3889 140.1630 c
220.2506 139.9482 220.0555 139.7849 219.8007 139.6715 c
219.5459 139.5567 219.2377 139.5000 218.8777 139.5000 c
217.5951 139.5000 l
217.8598 139.7716 l
217.8598 138.2488 l
h
h
220.0224 138.2488 m
218.9761 139.7415 l
219.6060 139.7415 l
220.6638 138.2488 l
h
h
217.8598 139.7115 m
217.5951 139.9997 l
218.8596 139.9997 l
219.2360 139.9997 219.5209 140.0814 219.7157 140.2447 c
219.9090 140.4062 220.0056 140.6344 220.0056 140.9292 c
220.0056 141.2226 219.9090 141.4491 219.7157 141.6107 c
219.5209 141.7723 219.2360 141.8522 218.8596 141.8522 c
217.5951 141.8522 l
217.8598 142.1456 l
h
h
223.3860 138.2020 m
223.0710 138.2020 222.7827 138.2539 222.5180 138.3588 c
222.2529 138.4620 222.0248 138.6085 221.8314 138.7984 c
221.6367 138.9883 221.4850 139.2117 221.3751 139.4666 c
221.2651 139.7214 221.2101 140.0014 221.2101 140.3062 c
221.2101 140.6112 221.2651 140.8927 221.3751 141.1475 c
221.4850 141.4026 221.6384 141.6240 221.8348 141.8139 c
222.0299 142.0038 222.2597 142.1504 222.5245 142.2556 c
222.7895 142.3587 223.0778 142.4103 223.3911 142.4103 c
223.7091 142.4103 224.0022 142.3570 224.2706 142.2488 c
224.5388 142.1405 224.7670 141.9806 224.9552 141.7691 c
224.5720 141.3992 l
224.4155 141.5642 224.2389 141.6858 224.0439 141.7674 c
223.8474 141.8474 223.6374 141.8873 223.4143 141.8873 c
223.1827 141.8873 222.9695 141.8491 222.7711 141.7706 c
222.5730 141.6923 222.4029 141.5823 222.2580 141.4409 c
222.1132 141.2991 221.9998 141.1325 221.9199 140.9377 c
221.8382 140.7427 221.7983 140.5329 221.7983 140.3062 c
221.7983 140.0780 221.8382 139.8682 221.9199 139.6749 c
221.9998 139.4799 222.1132 139.3135 222.2580 139.1717 c
222.4029 139.0300 222.5730 138.9217 222.7711 138.8435 c
222.9695 138.7653 223.1827 138.7253 223.4143 138.7253 c
223.6374 138.7253 223.8474 138.7653 224.0439 138.8452 c
224.2389 138.9251 224.4155 139.0501 224.5720 139.2185 c
224.9552 138.8486 l
224.7670 138.6369 224.5388 138.4753 224.2706 138.3670 c
224.0022 138.2570 223.7074 138.2020 223.3860 138.2020 c
h
228.6853 138.2488 m
228.6853 142.3621 l
229.2735 142.3621 l
229.2735 138.2488 l
h
h
225.7350 138.2488 m
225.7350 142.3621 l
226.3229 142.3621 l
226.3229 138.2488 l
h
h
226.2648 140.0831 m
226.2648 140.5945 l
228.7386 140.5945 l
228.7386 140.0831 l
h
h
230.5080 138.2488 m
230.5080 142.3621 l
231.0959 142.3621 l
231.0959 138.2488 l
h
h
232.3307 138.2488 m
232.3307 142.3621 l
234.0649 142.3621 l
234.5029 142.3621 234.8912 142.2754 235.2260 142.1039 c
235.5608 141.9321 235.8207 141.6906 236.0075 141.3825 c
236.1940 141.0727 236.2873 140.7144 236.2873 140.3062 c
236.2873 139.8980 236.1940 139.5400 236.0075 139.2301 c
235.8207 138.9203 235.5608 138.6785 235.2260 138.5070 c
234.8912 138.3355 234.5029 138.2488 234.0649 138.2488 c
h
h
232.9186 138.7602 m
234.0298 138.7602 l
234.3713 138.7602 234.6661 138.8254 234.9145 138.9552 c
235.1628 139.0833 235.3561 139.2650 235.4941 139.4983 c
235.6308 139.7316 235.6991 140.0014 235.6991 140.3062 c
235.6991 140.6146 235.6308 140.8861 235.4941 141.1177 c
235.3561 141.3490 235.1628 141.5290 234.9145 141.6591 c
234.6661 141.7873 234.3713 141.8522 234.0298 141.8522 c
232.9186 141.8522 l
h
h
238.3846 138.2020 m
238.0714 138.2020 237.7715 138.2505 237.4866 138.3471 c
237.2000 138.4421 236.9752 138.5671 236.8103 138.7185 c
237.0268 139.1769 l
237.1836 139.0402 237.3834 138.9268 237.6266 138.8370 c
237.8699 138.7468 238.1230 138.7020 238.3846 138.7020 c
238.6230 138.7020 238.8178 138.7287 238.9660 138.7837 c
239.1143 138.8387 239.2243 138.9135 239.2960 139.0102 c
239.3660 139.1051 239.4009 139.2151 239.4009 139.3367 c
239.4009 139.4782 239.3561 139.5916 239.2642 139.6783 c
239.1727 139.7631 239.0528 139.8331 238.9062 139.8864 c
238.7580 139.9380 238.5964 139.9847 238.4212 140.0247 c
238.2446 140.0630 238.0666 140.1097 237.8883 140.1630 c
237.7100 140.2146 237.5467 140.2829 237.4002 140.3646 c
237.2536 140.4462 237.1351 140.5579 237.0453 140.6976 c
236.9554 140.8360 236.9103 141.0160 236.9103 141.2342 c
236.9103 141.4457 236.9670 141.6424 237.0784 141.8207 c
237.1901 141.9990 237.3619 142.1405 237.5949 142.2488 c
237.8282 142.3570 238.1247 142.4103 238.4847 142.4103 c
238.7228 142.4103 238.9612 142.3789 239.1959 142.3171 c
239.4309 142.2539 239.6358 142.1637 239.8073 142.0455 c
239.6126 141.5758 l
239.4377 141.6940 239.2509 141.7791 239.0562 141.8323 c
238.8594 141.8839 238.6695 141.9106 238.4847 141.9106 c
238.2531 141.9106 238.0632 141.8805 237.9149 141.8224 c
237.7667 141.7640 237.6567 141.6858 237.5884 141.5874 c
237.5201 141.4891 237.4849 141.3791 237.4849 141.2575 c
237.4849 141.1126 237.5317 140.9975 237.6232 140.9111 c
237.7151 140.8243 237.8350 140.7560 237.9832 140.7061 c
238.1298 140.6546 238.2914 140.6095 238.4680 140.5678 c
238.6429 140.5261 238.8212 140.4811 238.9995 140.4295 c
239.1778 140.3779 239.3393 140.3113 239.4876 140.2296 c
239.6341 140.1480 239.7523 140.0380 239.8425 139.9014 c
239.9323 139.7631 239.9774 139.5865 239.9774 139.3716 c
239.9774 139.1635 239.9207 138.9719 239.8073 138.7936 c
239.6942 138.6153 239.5193 138.4722 239.2826 138.3639 c
239.0445 138.2556 238.7463 138.2020 238.3846 138.2020 c
f
q
177.7402 151.8795 65.8604 49.4050 re W*
n
/GS13 gs
q
177.7402 151.8795 m
177.7402 201.2845 l
243.6007 201.2845 l
243.6007 151.8795 l
h
W*
n
q
66.26290 0.00000 0.00000 49.68786 177.5614 151.7157 cm
/Im135 Do
Q
Q
Q
/GS13 gs
/CS15 cs 0.0000 0.1700 0.0000 0.0000 scn
199.1548 595.1177 m
281.5940 595.1177 l
281.5940 571.7667 l
281.5940 571.7667 228.4129 563.8788 199.1548 595.1177 c
f
/GS13 gs
/CS15 cs 0.0000 0.1700 0.0000 0.0000 scn
59.5942 594.9607 m
37.9159 574.1206 0.5941 575.1048 -1.4060 575.1777 c
-1.4060 594.9607 l
h
f
/GS13 gs
/CS15 cs 0.5300 1.0000 0.2800 0.1100 scn
199.4131 109.4726 m
70.5342 109.4726 l
74.9920 118.7955 l
70.5342 128.1175 l
199.4131 128.1175 l
194.9550 119.2975 l
h
f
/GS13 gs
/CS15 cs 0.0000 0.0000 0.0000 0.0000 scn
94.7648 114.4602 m
94.1221 114.4602 93.5254 114.5656 92.9818 114.7731 c
92.4347 114.9809 91.9633 115.2774 91.5644 115.6564 c
91.1656 116.0357 90.8558 116.4838 90.6350 116.9946 c
90.4141 117.5054 90.3022 118.0658 90.3022 118.6690 c
90.3022 119.2723 90.4141 119.8324 90.6350 120.3435 c
90.8558 120.8543 91.1656 121.3024 91.5710 121.6814 c
91.9732 122.0607 92.4443 122.3541 92.9883 122.5650 c
93.5289 122.7725 94.1187 122.8779 94.7548 122.8779 c
95.3977 122.8779 95.9910 122.7725 96.5282 122.5650 c
97.0654 122.3541 97.5368 122.0607 97.9356 121.6814 c
98.3344 121.3024 98.6443 120.8577 98.8716 120.3500 c
99.0958 119.8392 99.2078 119.2788 99.2078 118.6690 c
99.2078 118.0658 99.0958 117.5054 98.8716 116.9881 c
98.6443 116.4705 98.3344 116.0257 97.9356 115.6499 c
97.5368 115.2743 97.0654 114.9809 96.5282 114.7731 c
95.9910 114.5656 95.4009 114.4602 94.7648 114.4602 c
h
94.7548 116.0651 m
95.1208 116.0651 95.4536 116.1278 95.7603 116.2497 c
96.0667 116.3718 96.3337 116.5496 96.5676 116.7837 c
96.8017 117.0179 96.9797 117.2914 97.1082 117.6111 c
97.2369 117.9275 97.2995 118.2801 97.2995 118.6690 c
97.2995 119.0546 97.2369 119.4075 97.1082 119.7269 c
96.9797 120.0436 96.8017 120.3171 96.5744 120.5510 c
96.3468 120.7851 96.0766 120.9631 95.7668 121.0884 c
95.4570 121.2103 95.1208 121.2729 94.7548 121.2729 c
94.3892 121.2729 94.0561 121.2103 93.7497 121.0884 c
93.4432 120.9631 93.1728 120.7851 92.9421 120.5510 c
92.7082 120.3171 92.5302 120.0436 92.4015 119.7269 c
92.2731 119.4075 92.2071 119.0546 92.2071 118.6690 c
92.2071 118.2900 92.2731 117.9374 92.4015 117.6177 c
92.5302 117.2945 92.7082 117.0179 92.9356 116.7837 c
93.1629 116.5496 93.4333 116.3718 93.7431 116.2497 c
94.0530 116.1278 94.3892 116.0651 94.7548 116.0651 c
h
100.6251 114.5985 m
100.6251 122.7362 l
104.1024 122.7362 l
105.2328 122.7362 106.1130 122.4760 106.7423 121.9518 c
107.3687 121.4277 107.6817 120.7060 107.6817 119.7831 c
107.6817 119.1798 107.5399 118.6591 107.2534 118.2209 c
106.9665 117.7824 106.5577 117.4496 106.0305 117.2154 c
105.5032 116.9816 104.8768 116.8662 104.1486 116.8662 c
101.6700 116.8662 l
102.5070 117.6902 l
102.5070 114.5985 l
h
h
105.7997 114.5985 m
103.7628 117.5516 l
105.7768 117.5516 l
107.8333 114.5985 l
h
h
102.5070 117.4825 m
101.6700 118.3657 l
104.0431 118.3657 l
104.6265 118.3657 105.0613 118.4910 105.3482 118.7447 c
105.6351 118.9953 105.7768 119.3414 105.7768 119.7831 c
105.7768 120.2346 105.6351 120.5841 105.3482 120.8313 c
105.0613 121.0785 104.6265 121.2038 104.0431 121.2038 c
101.6700 121.2038 l
102.5070 122.0970 l
h
h
109.1716 114.5985 m
109.1716 122.7362 l
111.0535 122.7362 l
111.0535 114.5985 l
h
h
112.9850 114.5985 m
112.9850 122.7362 l
119.1353 122.7362 l
119.1353 121.2267 l
114.8570 121.2267 l
114.8570 116.1113 l
119.2870 116.1113 l
119.2870 114.5985 l
h
h
114.7153 117.9933 m
114.7153 119.4602 l
118.6342 119.4602 l
118.6342 117.9933 l
h
h
120.7865 114.5985 m
120.7865 122.7362 l
122.3456 122.7362 l
127.1477 116.8761 l
126.3898 116.8761 l
126.3898 122.7362 l
128.2518 122.7362 l
128.2518 114.5985 l
126.7027 114.5985 l
121.8906 120.4588 l
122.6455 120.4588 l
122.6455 114.5985 l
h
h
131.8643 114.5985 m
131.8643 121.2038 l
129.2604 121.2038 l
129.2604 122.7362 l
136.3533 122.7362 l
136.3533 121.2038 l
133.7494 121.2038 l
133.7494 114.5985 l
h
h
135.8870 114.5985 m
139.5159 122.7362 l
141.3748 122.7362 l
145.0168 114.5985 l
143.0393 114.5985 l
140.0630 121.7837 l
140.8079 121.7837 l
137.8185 114.5985 l
h
h
137.7031 116.3421 m
138.2006 117.7724 l
142.3865 117.7724 l
142.9007 116.3421 l
h
h
145.8641 114.5985 m
145.8641 122.7362 l
147.7460 122.7362 l
147.7460 116.1343 l
151.8299 116.1343 l
151.8299 114.5985 l
h
h
156.1771 114.5985 m
156.1771 122.7362 l
158.0590 122.7362 l
158.0590 116.1343 l
162.1429 116.1343 l
162.1429 114.5985 l
h
h
163.2008 114.5985 m
163.2008 122.7362 l
165.0827 122.7362 l
165.0827 114.5985 l
h
h
167.0142 114.5985 m
167.0142 122.7362 l
168.8961 122.7362 l
168.8961 116.1343 l
172.9800 116.1343 l
172.9800 114.5985 l
h
h
175.2245 114.5985 m
175.2245 117.9241 l
175.6531 116.7837 l
172.0735 122.7362 l
174.0711 122.7362 l
176.8164 118.1682 l
175.6661 118.1682 l
178.4217 122.7362 l
180.2707 122.7362 l
176.6880 116.7837 l
177.1064 117.9241 l
177.1064 114.5985 l
h
f
/GS13 gs
/CS15 cs 0.5300 1.0000 0.2800 0.1100 scn
189.7815 278.6383 m
82.7855 278.6383 l
86.4856 286.3783 l
82.7855 294.1174 l
189.7815 294.1174 l
186.0806 286.7953 l
h
f
/GS13 gs
/CS15 cs 0.0000 0.0000 0.0000 0.0000 scn
116.7012 283.6089 m
116.1675 283.6089 115.6723 283.6962 115.2207 283.8688 c
114.7666 284.0411 114.3751 284.2875 114.0440 284.6021 c
113.7129 284.9168 113.4558 285.2889 113.2724 285.7130 c
113.0890 286.1371 112.9961 286.6022 112.9961 287.1031 c
112.9961 287.6037 113.0890 288.0689 113.2724 288.4932 c
113.4558 288.9173 113.7129 289.2895 114.0497 289.6041 c
114.3833 289.9188 114.7748 290.1623 115.2261 290.3374 c
115.6751 290.5098 116.1649 290.5974 116.6930 290.5974 c
117.2265 290.5974 117.7191 290.5098 118.1650 290.3374 c
118.6112 290.1623 119.0024 289.9188 119.3335 289.6041 c
119.6646 289.2895 119.9217 288.9198 120.1105 288.4986 c
120.2967 288.0746 120.3897 287.6094 120.3897 287.1031 c
120.3897 286.6022 120.2967 286.1371 120.1105 285.7076 c
119.9217 285.2779 119.6646 284.9085 119.3335 284.5964 c
119.0024 284.2846 118.6112 284.0411 118.1650 283.8688 c
117.7191 283.6962 117.2293 283.6089 116.7012 283.6089 c
h
116.6930 284.9414 m
116.9966 284.9414 117.2730 284.9933 117.5275 285.0945 c
117.7821 285.1957 118.0035 285.3437 118.1979 285.5378 c
118.3921 285.7320 118.5401 285.9593 118.6466 286.2247 c
118.7532 286.4874 118.8054 286.7803 118.8054 287.1031 c
118.8054 287.4231 118.7532 287.7160 118.6466 287.9813 c
118.5401 288.2441 118.3921 288.4711 118.2033 288.6656 c
118.0145 288.8597 117.7903 289.0074 117.5329 289.1115 c
117.2758 289.2127 116.9966 289.2648 116.6930 289.2648 c
116.3891 289.2648 116.1128 289.2127 115.8582 289.1115 c
115.6039 289.0074 115.3794 288.8597 115.1878 288.6656 c
114.9936 288.4711 114.8460 288.2441 114.7391 287.9813 c
114.6325 287.7160 114.5778 287.4231 114.5778 287.1031 c
114.5778 286.7885 114.6325 286.4957 114.7391 286.2300 c
114.8460 285.9619 114.9936 285.7320 115.1824 285.5378 c
115.3712 285.3437 115.5957 285.1957 115.8528 285.0945 c
116.1099 284.9933 116.3891 284.9414 116.6930 284.9414 c
h
121.5663 283.7237 m
121.5663 290.4797 l
124.4534 290.4797 l
125.3920 290.4797 126.1225 290.2635 126.6452 289.8283 c
127.1650 289.3932 127.4250 288.7940 127.4250 288.0278 c
127.4250 287.5272 127.3073 287.0949 127.0692 286.7309 c
126.8311 286.3670 126.4918 286.0906 126.0541 285.8964 c
125.6162 285.7020 125.0963 285.6061 124.4917 285.6061 c
122.4337 285.6061 l
123.1288 286.2904 l
123.1288 283.7237 l
h
h
125.8625 283.7237 m
124.1714 286.1753 l
125.8432 286.1753 l
127.5508 283.7237 l
h
h
123.1288 286.1181 m
122.4337 286.8514 l
124.4041 286.8514 l
124.8883 286.8514 125.2497 286.9551 125.4875 287.1660 c
125.7256 287.3738 125.8432 287.6613 125.8432 288.0278 c
125.8432 288.4028 125.7256 288.6928 125.4875 288.8980 c
125.2497 289.1032 124.8883 289.2073 124.4041 289.2073 c
122.4337 289.2073 l
123.1288 289.9488 l
h
h
131.8961 283.6089 m
131.3736 283.6089 130.8892 283.6936 130.4433 283.8660 c
129.9971 284.0355 129.6085 284.2792 129.2803 284.5939 c
128.9520 284.9085 128.6974 285.2779 128.5140 285.7020 c
128.3306 286.1263 128.2377 286.5940 128.2377 287.1031 c
128.2377 287.6094 128.3306 288.0771 128.5140 288.5012 c
128.6974 288.9255 128.9546 289.2977 129.2856 289.6123 c
129.6167 289.9270 130.0025 290.1705 130.4487 290.3428 c
130.8920 290.5126 131.3762 290.5974 131.9043 290.5974 c
132.4899 290.5974 133.0209 290.4962 133.4942 290.2935 c
133.9676 290.0911 134.3645 289.7929 134.6845 289.3989 c
133.6802 288.4740 l
133.4477 288.7367 133.1904 288.9337 132.9086 289.0678 c
132.6268 289.1991 132.3176 289.2648 131.9811 289.2648 c
131.6665 289.2648 131.3790 289.2127 131.1137 289.1115 c
130.8481 289.0074 130.6210 288.8597 130.4294 288.6656 c
130.2352 288.4711 130.0876 288.2441 129.9807 287.9813 c
129.8741 287.7160 129.8194 287.4231 129.8194 287.1031 c
129.8194 286.7803 129.8741 286.4874 129.9807 286.2247 c
130.0876 285.9593 130.2352 285.7320 130.4294 285.5378 c
130.6210 285.3437 130.8481 285.1957 131.1137 285.0945 c
131.3790 284.9933 131.6665 284.9414 131.9811 284.9414 c
132.3176 284.9414 132.6268 285.0069 132.9086 285.1384 c
133.1904 285.2697 133.4477 285.4695 133.6802 285.7402 c
134.6845 284.8156 l
134.3645 284.4215 133.9676 284.1231 133.4942 283.9178 c
133.0209 283.7126 132.4874 283.6089 131.8961 283.6089 c
h
140.2829 283.7237 m
140.2829 290.4797 l
141.8482 290.4797 l
141.8482 283.7237 l
h
h
135.6503 283.7237 m
135.6503 290.4797 l
137.2127 290.4797 l
137.2127 283.7237 l
h
h
137.0979 286.4928 m
137.0979 287.8172 l
140.3980 287.8172 l
140.3980 286.4928 l
h
h
143.4489 283.7237 m
143.4489 290.4797 l
145.0114 290.4797 l
145.0114 283.7237 l
h
h
146.6150 283.7237 m
146.6150 290.4797 l
149.6852 290.4797 l
150.4185 290.4797 151.0642 290.3400 151.6252 290.0611 c
152.1862 289.7819 152.6241 289.3907 152.9388 288.8898 c
153.2534 288.3864 153.4093 287.7900 153.4093 287.1031 c
153.4093 286.4217 153.2534 285.8278 152.9388 285.3215 c
152.6241 284.8156 152.1862 284.4241 151.6252 284.1452 c
151.0642 283.8631 150.4185 283.7237 149.6852 283.7237 c
h
h
148.1774 285.0069 m
149.6058 285.0069 l
150.0574 285.0069 150.4488 285.0919 150.7799 285.2643 c
151.1110 285.4338 151.3709 285.6773 151.5540 285.9922 c
151.7374 286.3069 151.8279 286.6788 151.8279 287.1031 c
151.8279 287.5326 151.7374 287.9048 151.5540 288.2169 c
151.3709 288.5287 151.1110 288.7696 150.7799 288.9420 c
150.4488 289.1115 150.0574 289.1962 149.6058 289.1962 c
148.1774 289.1962 l
h
h
156.8078 283.6089 m
156.2686 283.6089 155.7516 283.6800 155.2564 283.8249 c
154.7612 283.9700 154.3615 284.1559 154.0579 284.3887 c
154.5885 285.5679 l
154.8788 285.3626 155.2207 285.1931 155.6175 285.0616 c
156.0115 284.9275 156.4109 284.8620 156.8188 284.8620 c
157.1281 284.8620 157.3770 284.8921 157.5658 284.9550 c
157.7546 285.0151 157.8969 285.1002 157.9873 285.2096 c
158.0774 285.3190 158.1214 285.4449 158.1214 285.5871 c
158.1214 285.7677 158.0502 285.9100 157.9105 286.0166 c
157.7682 286.1235 157.5822 286.2082 157.3495 286.2765 c
157.1170 286.3451 156.8625 286.4081 156.5836 286.4710 c
156.3015 286.5311 156.0226 286.6076 155.7434 286.6980 c
155.4616 286.7885 155.2071 286.9033 154.9743 287.0456 c
154.7419 287.1850 154.5559 287.3713 154.4108 287.6037 c
154.2657 287.8364 154.1920 288.1318 154.1920 288.4932 c
154.1920 288.8790 154.2957 289.2291 154.5066 289.5494 c
154.7144 289.8694 155.0293 290.1240 155.4534 290.3128 c
155.8746 290.5016 156.4027 290.5974 157.0405 290.5974 c
157.4646 290.5974 157.8832 290.5481 158.2963 290.4469 c
158.7067 290.3457 159.0707 290.1977 159.3853 289.9981 c
158.9037 288.8104 l
158.5891 288.9910 158.2719 289.1251 157.9569 289.2127 c
157.6423 289.2977 157.3333 289.3414 157.0294 289.3414 c
156.7284 289.3414 156.4821 289.3059 156.2879 289.2373 c
156.0937 289.1662 155.9568 289.0732 155.8721 288.9609 c
155.7870 288.8487 155.7462 288.7174 155.7462 288.5698 c
155.7462 288.3974 155.8174 288.2577 155.9597 288.1511 c
156.0991 288.0442 156.2851 287.9569 156.5178 287.8937 c
156.7502 287.8308 157.0048 287.7653 157.2866 287.7024 c
157.5658 287.6366 157.8450 287.5626 158.1267 287.4779 c
158.4060 287.3931 158.6602 287.2809 158.8929 287.1414 c
159.1254 286.9991 159.3142 286.8129 159.4593 286.5804 c
159.6044 286.3477 159.6756 286.0551 159.6756 285.7020 c
159.6756 285.3215 159.5687 284.9743 159.3581 284.6594 c
159.1447 284.3447 158.8272 284.0905 158.4060 283.8988 c
157.9844 283.7044 157.4510 283.6089 156.8078 283.6089 c
f
Q
EMC

