1.00000 0.00000 0.00000 1.00000 0.0000 0.0000 cm
/GS11 gs
/OC /Pr70 BDC
q
/GS13 gs
/CS15 cs 0.0000 0.0700 0.0000 0.0000 scn
282.0359 -0.0397 m
-1.3340 -0.0397 l
-1.3340 595.3153 l
282.0359 595.3153 l
h
f
/GS13 gs
/CS15 cs 0.0000 0.1700 0.0000 0.0000 scn
199.1551 595.1177 m
281.5943 595.1177 l
281.5943 571.7667 l
281.5943 571.7667 228.4132 563.8788 199.1551 595.1177 c
f
/GS13 gs
/CS15 cs 0.0000 0.1700 0.0000 0.0000 scn
59.5945 594.9607 m
37.9165 574.1206 0.5944 575.1048 -1.4057 575.1777 c
-1.4057 594.9607 l
h
f
/GS13 gs
/CS15 cs 0.5300 1.0000 0.2800 0.1100 scn
205.9625 533.8726 m
77.0837 533.8726 l
81.5417 543.1958 l
77.0837 552.5178 l
205.9625 552.5178 l
201.5045 543.6978 l
h
f
/GS13 gs
/CS15 cs 0.0000 0.0000 0.0000 0.0000 scn
121.9893 539.9989 m
121.9893 548.1366 l
125.4665 548.1366 l
126.5970 548.1366 127.4771 547.8763 128.1064 547.3522 c
128.7329 546.8281 129.0458 546.1064 129.0458 545.1834 c
129.0458 544.5802 128.9041 544.0595 128.6175 543.6213 c
128.3306 543.1827 127.9219 542.8500 127.3946 542.6158 c
126.8674 542.3820 126.2409 542.2666 125.5127 542.2666 c
123.0341 542.2666 l
123.8712 543.0906 l
123.8712 539.9989 l
h
h
127.1639 539.9989 m
125.1269 542.9520 l
127.1409 542.9520 l
129.1975 539.9989 l
h
h
123.8712 542.8828 m
123.0341 543.7661 l
125.4073 543.7661 l
125.9906 543.7661 126.4255 543.8914 126.7123 544.1451 c
126.9992 544.3957 127.1409 544.7418 127.1409 545.1834 c
127.1409 545.6350 126.9992 545.9845 126.7123 546.2317 c
126.4255 546.4789 125.9906 546.6042 125.4073 546.6042 c
123.0341 546.6042 l
123.8712 547.4974 l
h
h
134.4875 539.8605 m
133.8449 539.8605 133.2482 539.9660 132.7045 540.1735 c
132.1574 540.3813 131.6860 540.6778 131.2872 541.0568 c
130.8883 541.4360 130.5785 541.8842 130.3577 542.3950 c
130.1369 542.9058 130.0249 543.4662 130.0249 544.0694 c
130.0249 544.6726 130.1369 545.2328 130.3577 545.7438 c
130.5785 546.2546 130.8883 546.7028 131.2937 547.0818 c
131.6959 547.4611 132.1671 547.7545 132.7110 547.9654 c
133.2516 548.1729 133.8415 548.2783 134.4776 548.2783 c
135.1205 548.2783 135.7138 548.1729 136.2509 547.9654 c
136.7881 547.7545 137.2595 547.4611 137.6583 547.0818 c
138.0572 546.7028 138.3670 546.2580 138.5943 545.7504 c
138.8186 545.2396 138.9305 544.6791 138.9305 544.0694 c
138.9305 543.4662 138.8186 542.9058 138.5943 542.3885 c
138.3670 541.8709 138.0572 541.4261 137.6583 541.0502 c
137.2595 540.6746 136.7881 540.3813 136.2509 540.1735 c
135.7138 539.9660 135.1236 539.8605 134.4875 539.8605 c
h
134.4776 541.4655 m
134.8435 541.4655 135.1763 541.5282 135.4830 541.6500 c
135.7894 541.7722 136.0565 541.9500 136.2903 542.1841 c
136.5245 542.4182 136.7025 542.6918 136.8309 543.0115 c
136.9596 543.3279 137.0222 543.6805 137.0222 544.0694 c
137.0222 544.4549 136.9596 544.8078 136.8309 545.1273 c
136.7025 545.4439 136.5245 545.7175 136.2971 545.9513 c
136.0695 546.1855 135.7994 546.3635 135.4895 546.4888 c
135.1797 546.6107 134.8435 546.6733 134.4776 546.6733 c
134.1119 546.6733 133.7788 546.6107 133.4724 546.4888 c
133.1660 546.3635 132.8956 546.1855 132.6648 545.9513 c
132.4310 545.7175 132.2529 545.4439 132.1243 545.1273 c
131.9958 544.8078 131.9298 544.4549 131.9298 544.0694 c
131.9298 543.6904 131.9958 543.3378 132.1243 543.0180 c
132.2529 542.6949 132.4310 542.4182 132.6583 542.1841 c
132.8856 541.9500 133.1561 541.7722 133.4659 541.6500 c
133.7757 541.5282 134.1119 541.4655 134.4776 541.4655 c
h
143.0209 539.8605 m
142.3715 539.8605 141.7487 539.9461 141.1520 540.1208 c
140.5553 540.2954 140.0743 540.5196 139.7083 540.7997 c
140.3478 542.2204 l
140.6971 541.9732 141.1092 541.7688 141.5871 541.6106 c
142.0617 541.4491 142.5430 541.3700 143.0340 541.3700 c
143.4064 541.3700 143.7063 541.4063 143.9340 541.4820 c
144.1613 541.5545 144.3328 541.6569 144.4414 541.7887 c
144.5502 541.9205 144.6029 542.0721 144.6029 542.2433 c
144.6029 542.4610 144.5173 542.6323 144.3492 542.7609 c
144.1777 542.8894 143.9535 542.9917 143.6734 543.0739 c
143.3934 543.1564 143.0867 543.2323 142.7505 543.3080 c
142.4112 543.3806 142.0750 543.4727 141.7388 543.5816 c
141.3992 543.6904 141.0928 543.8288 140.8124 544.0003 c
140.5324 544.1683 140.3082 544.3923 140.1335 544.6726 c
139.9589 544.9527 139.8699 545.3087 139.8699 545.7438 c
139.8699 546.2084 139.9952 546.6305 140.2489 547.0160 c
140.4995 547.4015 140.8785 547.7083 141.3893 547.9356 c
141.8970 548.1629 142.5331 548.2783 143.3010 548.2783 c
143.8118 548.2783 144.3161 548.2191 144.8138 548.0972 c
145.3082 547.9753 145.7467 547.7973 146.1257 547.5566 c
145.5454 546.1262 l
145.1665 546.3437 144.7841 546.5052 144.4051 546.6107 c
144.0261 546.7127 143.6536 546.7654 143.2879 546.7654 c
142.9254 546.7654 142.6286 546.7226 142.3947 546.6402 c
142.1606 546.5546 141.9959 546.4426 141.8936 546.3074 c
141.7915 546.1722 141.7419 546.0140 141.7419 545.8360 c
141.7419 545.6285 141.8278 545.4604 141.9990 545.3317 c
142.1671 545.2033 142.3913 545.0978 142.6714 545.0219 c
142.9517 544.9462 143.2582 544.8671 143.5978 544.7911 c
143.9340 544.7120 144.2701 544.6230 144.6094 544.5210 c
144.9456 544.4186 145.2523 544.2837 145.5324 544.1156 c
145.8125 543.9441 146.0401 543.7199 146.2147 543.4398 c
146.3893 543.1598 146.4749 542.8071 146.4749 542.3820 c
146.4749 541.9236 146.3465 541.5052 146.0928 541.1262 c
145.8357 540.7469 145.4533 540.4405 144.9456 540.2098 c
144.4382 539.9759 143.7953 539.8605 143.0209 539.8605 c
h
147.7672 539.9989 m
147.7672 548.1366 l
153.9176 548.1366 l
153.9176 546.6271 l
149.6392 546.6271 l
149.6392 541.5117 l
154.0692 541.5117 l
154.0692 539.9989 l
h
h
149.4975 543.3936 m
149.4975 544.8606 l
153.4164 544.8606 l
153.4164 543.3936 l
h
h
158.2418 539.8605 m
157.5924 539.8605 156.9696 539.9461 156.3729 540.1208 c
155.7763 540.2954 155.2952 540.5196 154.9293 540.7997 c
155.5688 542.2204 l
155.9180 541.9732 156.3301 541.7688 156.8081 541.6106 c
157.2826 541.4491 157.7639 541.3700 158.2549 541.3700 c
158.6273 541.3700 158.9272 541.4063 159.1549 541.4820 c
159.3822 541.5545 159.5537 541.6569 159.6623 541.7887 c
159.7711 541.9205 159.8238 542.0721 159.8238 542.2433 c
159.8238 542.4610 159.7382 542.6323 159.5701 542.7609 c
159.3986 542.8894 159.1744 542.9917 158.8944 543.0739 c
158.6143 543.1564 158.3076 543.2323 157.9714 543.3080 c
157.6321 543.3806 157.2959 543.4727 156.9597 543.5816 c
156.6201 543.6904 156.3137 543.8288 156.0334 544.0003 c
155.7533 544.1683 155.5291 544.3923 155.3545 544.6726 c
155.1798 544.9527 155.0908 545.3087 155.0908 545.7438 c
155.0908 546.2084 155.2161 546.6305 155.4698 547.0160 c
155.7204 547.4015 156.0994 547.7083 156.6102 547.9356 c
157.1179 548.1629 157.7540 548.2783 158.5219 548.2783 c
159.0327 548.2783 159.5370 548.2191 160.0347 548.0972 c
160.5291 547.9753 160.9676 547.7973 161.3466 547.5566 c
160.7664 546.1262 l
160.3874 546.3437 160.0050 546.5052 159.6260 546.6107 c
159.2470 546.7127 158.8745 546.7654 158.5089 546.7654 c
158.1463 546.7654 157.8495 546.7226 157.6157 546.6402 c
157.3815 546.5546 157.2168 546.4426 157.1145 546.3074 c
157.0124 546.1722 156.9628 546.0140 156.9628 545.8360 c
156.9628 545.6285 157.0487 545.4604 157.2199 545.3317 c
157.3880 545.2033 157.6123 545.0978 157.8923 545.0219 c
158.1727 544.9462 158.4791 544.8671 158.8187 544.7911 c
159.1549 544.7120 159.4911 544.6230 159.8304 544.5210 c
160.1666 544.4186 160.4733 544.2837 160.7533 544.1156 c
161.0334 543.9441 161.2610 543.7199 161.4356 543.4398 c
161.6102 543.1598 161.6958 542.8071 161.6958 542.3820 c
161.6958 541.9236 161.5674 541.5052 161.3137 541.1262 c
161.0566 540.7469 160.6742 540.4405 160.1666 540.2098 c
159.6591 539.9759 159.0163 539.8605 158.2418 539.8605 c
f
/GS13 gs
/CS15 cs 0.5300 1.0000 0.2800 0.1100 scn
100.4003 448.7202 m
34.5484 448.7202 l
36.8254 454.1791 l
34.5484 459.6381 l
100.4003 459.6381 l
98.1224 454.4731 l
h
f
/GS13 gs
/CS15 cs 0.0000 0.0000 0.0000 0.0000 scn
51.8709 451.6481 m
51.8709 455.2880 l
50.4454 455.2880 l
50.4454 455.8031 l
53.8835 455.8031 l
53.8835 455.2880 l
52.4582 455.2880 l
52.4582 451.6481 l
h
h
53.6924 451.6481 m
55.5758 455.8031 l
56.1628 455.8031 l
58.0513 451.6481 l
57.4268 451.6481 l
55.7473 455.4714 l
55.9845 455.4714 l
54.3050 451.6481 l
h
h
54.4952 452.6864 m
54.6551 453.1626 l
56.9942 453.1626 l
57.1660 452.6864 l
h
h
59.2914 451.6010 m
59.0457 451.6010 58.8166 451.6532 58.6029 451.7558 c
58.3892 451.8584 58.2143 452.0066 58.0796 452.2000 c
58.4246 452.6039 l
58.5391 452.4457 58.6687 452.3247 58.8132 452.2388 c
58.9581 452.1529 59.1180 452.1110 59.2914 452.1110 c
59.7660 452.1110 60.0032 452.3919 60.0032 452.9540 c
60.0032 455.2880 l
58.5020 455.2880 l
58.5020 455.8031 l
60.5923 455.8031 l
60.5923 452.9843 l
60.5923 452.5214 60.4828 452.1747 60.2623 451.9460 c
60.0418 451.7152 59.7186 451.6010 59.2914 451.6010 c
h
61.8024 451.6481 m
61.8024 455.8031 l
62.2902 455.8031 l
64.1531 452.6629 l
63.8923 452.6629 l
65.7334 455.8031 l
66.2199 455.8031 l
66.2264 451.6481 l
65.6561 451.6481 l
65.6493 454.9079 l
65.7873 454.9079 l
64.1483 452.1529 l
63.8756 452.1529 l
62.2247 454.9079 l
62.3727 454.9079 l
62.3727 451.6481 l
h
h
66.8424 451.6481 m
68.7257 455.8031 l
69.3128 455.8031 l
71.2012 451.6481 l
70.5767 451.6481 l
68.8972 455.4714 l
69.1345 455.4714 l
67.4549 451.6481 l
h
h
67.6451 452.6864 m
67.8050 453.1626 l
70.1442 453.1626 l
70.3159 452.6864 l
h
h
74.7975 451.6481 m
74.7975 455.8031 l
75.3914 455.8031 l
75.3914 451.6481 l
h
h
71.8172 451.6481 m
71.8172 455.8031 l
72.4110 455.8031 l
72.4110 451.6481 l
h
h
72.3523 453.5008 m
72.3523 454.0175 l
74.8514 454.0175 l
74.8514 453.5008 l
h
h
76.0090 451.6481 m
77.8924 455.8031 l
78.4794 455.8031 l
80.3679 451.6481 l
79.7434 451.6481 l
78.0639 455.4714 l
78.3011 455.4714 l
76.6216 451.6481 l
h
h
76.8118 452.6864 m
76.9717 453.1626 l
79.3108 453.1626 l
79.4826 452.6864 l
h
h
80.9838 451.6481 m
80.9838 455.8031 l
81.5777 455.8031 l
81.5777 452.1648 l
83.8278 452.1648 l
83.8278 451.6481 l
h
f
q
34.9464 465.6419 67.3835 54.3186 re W*
n
/GS13 gs
q
34.9464 465.6419 m
34.9464 519.9605 l
102.3299 519.9605 l
102.3299 465.6419 l
h
W*
n
q
67.87784 0.00000 0.00000 54.76275 34.6374 465.3577 cm
/Im71 Do
Q
Q
Q
/GS13 gs
/CS15 cs 0.5300 1.0000 0.2800 0.1100 scn
100.3995 377.3092 m
34.5475 377.3092 l
36.8254 382.4742 l
34.5475 387.6381 l
100.3995 387.6381 l
98.1215 382.7520 l
h
f
/GS13 gs
/CS15 cs 0.5300 1.0000 0.2800 0.1100 scn
173.5282 448.7202 m
107.6763 448.7202 l
109.9531 454.1791 l
107.6763 459.6381 l
173.5282 459.6381 l
171.2503 454.4731 l
h
f
/GS13 gs
/CS15 cs 0.0000 0.0000 0.0000 0.0000 scn
120.5076 451.4842 m
120.5076 453.0745 l
120.6439 452.7077 l
118.8567 455.6392 l
119.4911 455.6392 l
120.9940 453.1637 l
120.6490 453.1637 l
122.1568 455.6392 l
122.7458 455.6392 l
120.9637 452.7077 l
121.0949 453.0745 l
121.0949 451.4842 l
h
h
123.2544 451.4842 m
123.2544 455.6392 l
126.1874 455.6392 l
126.1874 455.1242 l
123.8482 455.1242 l
123.8482 452.0010 l
126.2716 452.0010 l
126.2716 451.4842 l
h
h
123.7944 453.3420 m
123.7944 453.8469 l
125.9317 453.8469 l
125.9317 453.3420 l
h
h
127.2328 451.4842 m
127.2328 455.6392 l
127.8266 455.6392 l
127.8266 452.0010 l
130.0768 452.0010 l
130.0768 451.4842 l
h
h
130.7602 451.4842 m
130.7602 455.6392 l
131.3541 455.6392 l
131.3541 452.0010 l
133.6042 452.0010 l
133.6042 451.4842 l
h
h
136.0868 451.4372 m
135.7705 451.4372 135.4776 451.4910 135.2066 451.5970 c
134.9357 451.7031 134.7001 451.8527 134.5034 452.0446 c
134.3047 452.2365 134.1499 452.4619 134.0388 452.7196 c
133.9277 452.9769 133.8721 453.2579 133.8721 453.5626 c
133.8721 453.8673 133.9277 454.1482 134.0388 454.4056 c
134.1499 454.6633 134.3047 454.8869 134.5034 455.0788 c
134.7001 455.2707 134.9340 455.4204 135.2032 455.5281 c
135.4708 455.6341 135.7654 455.6880 136.0868 455.6880 c
136.4031 455.6880 136.6960 455.6358 136.9636 455.5315 c
137.2311 455.4255 137.4633 455.2775 137.6637 455.0856 c
137.8638 454.8937 138.0172 454.6698 138.1266 454.4124 c
138.2357 454.1550 138.2896 453.8704 138.2896 453.5626 c
138.2896 453.2547 138.2357 452.9718 138.1266 452.7145 c
138.0172 452.4568 137.8638 452.2314 137.6637 452.0395 c
137.4633 451.8476 137.2311 451.6997 136.9636 451.5953 c
136.6960 451.4893 136.4031 451.4372 136.0868 451.4372 c
h
136.0868 451.9655 m
136.3173 451.9655 136.5296 452.0058 136.7263 452.0849 c
136.9216 452.1640 137.0914 452.2751 137.2363 452.4199 c
137.3811 452.5628 137.4936 452.7329 137.5744 452.9265 c
137.6552 453.1201 137.6957 453.3321 137.6957 453.5626 c
137.6957 453.7913 137.6552 454.0034 137.5744 454.1970 c
137.4936 454.3906 137.3811 454.5604 137.2363 454.7052 c
137.0914 454.8501 136.9216 454.9626 136.7263 455.0417 c
136.5296 455.1208 136.3173 455.1596 136.0868 455.1596 c
135.8529 455.1596 135.6392 455.1208 135.4439 455.0417 c
135.2472 454.9626 135.0771 454.8501 134.9308 454.7052 c
134.7843 454.5604 134.6698 454.3906 134.5890 454.1970 c
134.5065 454.0034 134.4662 453.7913 134.4662 453.5626 c
134.4662 453.3321 134.5065 453.1201 134.5890 452.9265 c
134.6698 452.7329 134.7843 452.5628 134.9308 452.4199 c
135.0771 452.2751 135.2472 452.1640 135.4439 452.0849 c
135.6392 452.0058 135.8529 451.9655 136.0868 451.9655 c
h
140.0221 451.4842 m
138.6337 455.6392 l
139.2446 455.6392 l
140.5219 451.8057 l
140.2123 451.8057 l
141.5367 455.6392 l
142.0835 455.6392 l
143.3778 451.8057 l
143.0799 451.8057 l
144.3739 455.6392 l
144.9377 455.6392 l
143.5493 451.4842 l
142.9251 451.4842 l
141.7150 455.0400 l
141.8749 455.0400 l
140.6582 451.4842 l
h
h
147.3477 451.4842 m
147.3477 455.6392 l
148.9700 455.6392 l
149.5069 455.6392 149.9309 455.5114 150.2405 455.2571 c
150.5483 455.0014 150.7034 454.6463 150.7034 454.1919 c
150.7034 453.8908 150.6342 453.6332 150.4962 453.4177 c
150.3567 453.2009 150.1597 453.0359 149.9023 452.9214 c
149.6446 452.8052 149.3334 452.7482 148.9700 452.7482 c
147.6740 452.7482 l
147.9416 453.0223 l
147.9416 451.4842 l
h
h
150.1260 451.4842 m
149.0692 452.9920 l
149.7053 452.9920 l
150.7740 451.4842 l
h
h
147.9416 452.9619 m
147.6740 453.2530 l
148.9513 453.2530 l
149.3317 453.2530 149.6194 453.3352 149.8164 453.5002 c
150.0117 453.6635 150.1092 453.8940 150.1092 454.1919 c
150.1092 454.4881 150.0117 454.7171 149.8164 454.8801 c
149.6194 455.0434 149.3317 455.1242 148.9513 455.1242 c
147.6740 455.1242 l
147.9416 455.4204 l
h
h
153.5406 451.4372 m
153.2242 451.4372 152.9314 451.4910 152.6604 451.5970 c
152.3894 451.7031 152.1539 451.8527 151.9571 452.0446 c
151.7584 452.2365 151.6037 452.4619 151.4925 452.7196 c
151.3814 452.9769 151.3259 453.2579 151.3259 453.5626 c
151.3259 453.8673 151.3814 454.1482 151.4925 454.4056 c
151.6037 454.6633 151.7584 454.8869 151.9571 455.0788 c
152.1539 455.2707 152.3877 455.4204 152.6570 455.5281 c
152.9246 455.6341 153.2191 455.6880 153.5406 455.6880 c
153.8569 455.6880 154.1497 455.6358 154.4173 455.5315 c
154.6849 455.4255 154.9171 455.2775 155.1175 455.0856 c
155.3176 454.8937 155.4710 454.6698 155.5804 454.4124 c
155.6895 454.1550 155.7434 453.8704 155.7434 453.5626 c
155.7434 453.2547 155.6895 452.9718 155.5804 452.7145 c
155.4710 452.4568 155.3176 452.2314 155.1175 452.0395 c
154.9171 451.8476 154.6849 451.6997 154.4173 451.5953 c
154.1497 451.4893 153.8569 451.4372 153.5406 451.4372 c
h
153.5406 451.9655 m
153.7710 451.9655 153.9833 452.0058 154.1801 452.0849 c
154.3754 452.1640 154.5452 452.2751 154.6900 452.4199 c
154.8349 452.5628 154.9474 452.7329 155.0282 452.9265 c
155.1090 453.1201 155.1495 453.3321 155.1495 453.5626 c
155.1495 453.7913 155.1090 454.0034 155.0282 454.1970 c
154.9474 454.3906 154.8349 454.5604 154.6900 454.7052 c
154.5452 454.8501 154.3754 454.9626 154.1801 455.0417 c
153.9833 455.1208 153.7710 455.1596 153.5406 455.1596 c
153.3067 455.1596 153.0930 455.1208 152.8977 455.0417 c
152.7009 454.9626 152.5309 454.8501 152.3846 454.7052 c
152.2380 454.5604 152.1235 454.3906 152.0427 454.1970 c
151.9603 454.0034 151.9200 453.7913 151.9200 453.5626 c
151.9200 453.3321 151.9603 453.1201 152.0427 452.9265 c
152.1235 452.7329 152.2380 452.5628 152.3846 452.4199 c
152.5309 452.2751 152.7009 452.1640 152.8977 452.0849 c
153.0930 452.0058 153.3067 451.9655 153.5406 451.9655 c
h
157.8623 451.4372 m
157.5459 451.4372 157.2429 451.4859 156.9552 451.5834 c
156.6658 451.6795 156.4387 451.8057 156.2720 451.9587 c
156.4909 452.4216 l
156.6490 452.2836 156.8509 452.1691 157.0966 452.0784 c
157.3424 451.9874 157.5981 451.9420 157.8623 451.9420 c
158.1029 451.9420 158.2999 451.9689 158.4496 452.0245 c
158.5993 452.0801 158.7104 452.1557 158.7830 452.2533 c
158.8535 452.3494 158.8890 452.4602 158.8890 452.5832 c
158.8890 452.7261 158.8433 452.8406 158.7509 452.9282 c
158.6582 453.0141 158.5372 453.0847 158.3889 453.1385 c
158.2393 453.1907 158.0760 453.2377 157.8994 453.2783 c
157.7208 453.3168 157.5408 453.3639 157.3608 453.4177 c
157.1808 453.4699 157.0158 453.5391 156.8676 453.6215 c
156.7196 453.7040 156.6003 453.8166 156.5093 453.9580 c
156.4183 454.0978 156.3729 454.2795 156.3729 454.5000 c
156.3729 454.7137 156.4302 454.9122 156.5430 455.0922 c
156.6556 455.2724 156.8290 455.4153 157.0646 455.5247 c
157.3002 455.6341 157.5998 455.6880 157.9632 455.6880 c
158.2038 455.6880 158.4445 455.6560 158.6818 455.5939 c
158.9190 455.5298 159.1262 455.4388 159.2994 455.3195 c
159.1027 454.8450 l
158.9258 454.9643 158.7373 455.0502 158.5406 455.1041 c
158.3419 455.1562 158.1500 455.1831 157.9632 455.1831 c
157.7293 455.1831 157.5374 455.1528 157.3877 455.0939 c
157.2381 455.0352 157.1270 454.9561 157.0578 454.8566 c
156.9889 454.7574 156.9535 454.6463 156.9535 454.5235 c
156.9535 454.3770 157.0005 454.2610 157.0932 454.1734 c
157.1859 454.0859 157.3070 454.0170 157.4566 453.9665 c
157.6049 453.9144 157.7682 453.8687 157.9465 453.8268 c
158.1231 453.7848 158.3033 453.7392 158.4833 453.6870 c
158.6633 453.6349 158.8266 453.5677 158.9763 453.4852 c
159.1245 453.4027 159.2439 453.2916 159.3349 453.1535 c
159.4256 453.0141 159.4712 452.8355 159.4712 452.6184 c
159.4712 452.4080 159.4140 452.2147 159.2994 452.0344 c
159.1849 451.8544 159.0083 451.7099 158.7694 451.6004 c
158.5287 451.4910 158.2274 451.4372 157.8623 451.4372 c
h
160.3380 451.4842 m
160.3380 455.6392 l
163.2711 455.6392 l
163.2711 455.1242 l
160.9319 455.1242 l
160.9319 452.0010 l
163.3552 452.0010 l
163.3552 451.4842 l
h
h
160.8780 453.3420 m
160.8780 453.8469 l
163.0154 453.8469 l
163.0154 453.3420 l
h
f
q
107.0031 465.6427 67.4062 54.3161 re W*
n
/GS13 gs
q
107.0031 465.6427 m
107.0031 519.9588 l
174.4092 519.9588 l
174.4092 465.6427 l
h
W*
n
q
67.78238 0.00000 0.00000 54.66967 106.7444 465.4575 cm
/Im72 Do
Q
Q
Q
/GS13 gs
/CS15 cs 0.5300 1.0000 0.2800 0.1100 scn
174.4186 377.3092 m
108.5666 377.3092 l
110.8446 382.4742 l
108.5666 387.6381 l
174.4186 387.6381 l
172.1407 382.7520 l
h
f
/GS13 gs
/CS15 cs 0.5300 1.0000 0.2800 0.1100 scn
247.5479 448.7202 m
181.6960 448.7202 l
183.9730 454.1791 l
181.6960 459.6381 l
247.5479 459.6381 l
245.2700 454.4731 l
h
f
/GS13 gs
/CS15 cs 0.0000 0.0000 0.0000 0.0000 scn
192.1011 451.4842 m
192.1011 455.6392 l
193.7234 455.6392 l
194.2603 455.6392 194.6843 455.5114 194.9939 455.2571 c
195.3017 455.0014 195.4568 454.6463 195.4568 454.1919 c
195.4568 453.8908 195.3876 453.6332 195.2495 453.4177 c
195.1101 453.2009 194.9131 453.0359 194.6557 452.9214 c
194.3980 452.8052 194.0868 452.7482 193.7234 452.7482 c
192.4274 452.7482 l
192.6950 453.0223 l
192.6950 451.4842 l
h
h
194.8793 451.4842 m
193.8226 452.9920 l
194.4587 452.9920 l
195.5273 451.4842 l
h
h
192.6950 452.9619 m
192.4274 453.2530 l
193.7047 453.2530 l
194.0851 453.2530 194.3728 453.3352 194.5698 453.5002 c
194.7651 453.6635 194.8626 453.8940 194.8626 454.1919 c
194.8626 454.4881 194.7651 454.7171 194.5698 454.8801 c
194.3728 455.0434 194.0851 455.1242 193.7047 455.1242 c
192.4274 455.1242 l
192.6950 455.4204 l
h
h
196.4177 451.4842 m
196.4177 455.6392 l
199.3507 455.6392 l
199.3507 455.1242 l
197.0116 455.1242 l
197.0116 452.0010 l
199.4349 452.0010 l
199.4349 451.4842 l
h
h
196.9577 453.3420 m
196.9577 453.8469 l
199.0950 453.8469 l
199.0950 453.3420 l
h
h
201.5368 451.4842 m
199.7073 455.6392 l
200.3485 455.6392 l
202.0297 451.8057 l
201.6612 451.8057 l
203.3541 455.6392 l
203.9465 455.6392 l
202.1238 451.4842 l
h
h
204.4752 451.4842 m
204.4752 455.6392 l
205.0690 455.6392 l
205.0690 451.4842 l
h
h
207.4272 451.4842 m
205.5977 455.6392 l
206.2389 455.6392 l
207.9201 451.8057 l
207.5516 451.8057 l
209.2445 455.6392 l
209.8369 455.6392 l
208.0142 451.4842 l
h
h
209.6053 451.4842 m
211.4887 455.6392 l
212.0757 455.6392 l
213.9642 451.4842 l
213.3397 451.4842 l
211.6602 455.3076 l
211.8974 455.3076 l
210.2179 451.4842 l
h
h
210.4081 452.5226 m
210.5680 452.9988 l
212.9071 452.9988 l
213.0789 452.5226 l
h
h
214.5801 451.4842 m
214.5801 455.6392 l
215.1740 455.6392 l
215.1740 452.0010 l
217.4241 452.0010 l
217.4241 451.4842 l
h
h
219.7046 451.4842 m
219.7046 455.6392 l
221.3269 455.6392 l
221.8637 455.6392 222.2878 455.5114 222.5974 455.2571 c
222.9052 455.0014 223.0603 454.6463 223.0603 454.1919 c
223.0603 453.8908 222.9911 453.6332 222.8530 453.4177 c
222.7136 453.2009 222.5166 453.0359 222.2592 452.9214 c
222.0015 452.8052 221.6903 452.7482 221.3269 452.7482 c
220.0309 452.7482 l
220.2985 453.0223 l
220.2985 451.4842 l
h
h
222.4828 451.4842 m
221.4261 452.9920 l
222.0622 452.9920 l
223.1308 451.4842 l
h
h
220.2985 452.9619 m
220.0309 453.2530 l
221.3082 453.2530 l
221.6886 453.2530 221.9763 453.3352 222.1733 453.5002 c
222.3686 453.6635 222.4661 453.8940 222.4661 454.1919 c
222.4661 454.4881 222.3686 454.7171 222.1733 454.8801 c
221.9763 455.0434 221.6886 455.1242 221.3082 455.1242 c
220.0309 455.1242 l
220.2985 455.4204 l
h
h
225.8974 451.4372 m
225.5811 451.4372 225.2883 451.4910 225.0173 451.5970 c
224.7463 451.7031 224.5107 451.8527 224.3140 452.0446 c
224.1153 452.2365 223.9605 452.4619 223.8494 452.7196 c
223.7383 452.9769 223.6827 453.2579 223.6827 453.5626 c
223.6827 453.8673 223.7383 454.1482 223.8494 454.4056 c
223.9605 454.6633 224.1153 454.8869 224.3140 455.0788 c
224.5107 455.2707 224.7446 455.4204 225.0139 455.5281 c
225.2815 455.6341 225.5760 455.6880 225.8974 455.6880 c
226.2138 455.6880 226.5066 455.6358 226.7742 455.5315 c
227.0418 455.4255 227.2740 455.2775 227.4744 455.0856 c
227.6745 454.8937 227.8278 454.6698 227.9373 454.4124 c
228.0464 454.1550 228.1003 453.8704 228.1003 453.5626 c
228.1003 453.2547 228.0464 452.9718 227.9373 452.7145 c
227.8278 452.4568 227.6745 452.2314 227.4744 452.0395 c
227.2740 451.8476 227.0418 451.6997 226.7742 451.5953 c
226.5066 451.4893 226.2138 451.4372 225.8974 451.4372 c
h
225.8974 451.9655 m
226.1279 451.9655 226.3402 452.0058 226.5369 452.0849 c
226.7323 452.1640 226.9020 452.2751 227.0469 452.4199 c
227.1917 452.5628 227.3043 452.7329 227.3851 452.9265 c
227.4659 453.1201 227.5064 453.3321 227.5064 453.5626 c
227.5064 453.7913 227.4659 454.0034 227.3851 454.1970 c
227.3043 454.3906 227.1917 454.5604 227.0469 454.7052 c
226.9020 454.8501 226.7323 454.9626 226.5369 455.0417 c
226.3402 455.1208 226.1279 455.1596 225.8974 455.1596 c
225.6636 455.1596 225.4499 455.1208 225.2546 455.0417 c
225.0578 454.9626 224.8877 454.8501 224.7415 454.7052 c
224.5949 454.5604 224.4804 454.3906 224.3996 454.1970 c
224.3171 454.0034 224.2769 453.7913 224.2769 453.5626 c
224.2769 453.3321 224.3171 453.1201 224.3996 452.9265 c
224.4804 452.7329 224.5949 452.5628 224.7415 452.4199 c
224.8877 452.2751 225.0578 452.1640 225.2546 452.0849 c
225.4499 452.0058 225.6636 451.9655 225.8974 451.9655 c
h
230.2191 451.4372 m
229.9028 451.4372 229.5998 451.4859 229.3121 451.5834 c
229.0226 451.6795 228.7956 451.8057 228.6289 451.9587 c
228.8477 452.4216 l
229.0059 452.2836 229.2077 452.1691 229.4535 452.0784 c
229.6993 451.9874 229.9550 451.9420 230.2191 451.9420 c
230.4598 451.9420 230.6568 451.9689 230.8065 452.0245 c
230.9562 452.0801 231.0673 452.1557 231.1398 452.2533 c
231.2104 452.3494 231.2459 452.4602 231.2459 452.5832 c
231.2459 452.7261 231.2002 452.8406 231.1078 452.9282 c
231.0151 453.0141 230.8941 453.0847 230.7458 453.1385 c
230.5962 453.1907 230.4329 453.2377 230.2563 453.2783 c
230.0777 453.3168 229.8977 453.3639 229.7177 453.4177 c
229.5377 453.4699 229.3727 453.5391 229.2245 453.6215 c
229.0765 453.7040 228.9572 453.8166 228.8662 453.9580 c
228.7752 454.0978 228.7298 454.2795 228.7298 454.5000 c
228.7298 454.7137 228.7871 454.9122 228.8999 455.0922 c
229.0124 455.2724 229.1859 455.4153 229.4215 455.5247 c
229.6570 455.6341 229.9567 455.6880 230.3201 455.6880 c
230.5607 455.6880 230.8014 455.6560 231.0386 455.5939 c
231.2759 455.5298 231.4831 455.4388 231.6563 455.3195 c
231.4596 454.8450 l
231.2827 454.9643 231.0942 455.0502 230.8975 455.1041 c
230.6988 455.1562 230.5069 455.1831 230.3201 455.1831 c
230.0862 455.1831 229.8943 455.1528 229.7446 455.0939 c
229.5950 455.0352 229.4838 454.9561 229.4147 454.8566 c
229.3458 454.7574 229.3104 454.6463 229.3104 454.5235 c
229.3104 454.3770 229.3574 454.2610 229.4501 454.1734 c
229.5428 454.0859 229.6638 454.0170 229.8135 453.9665 c
229.9618 453.9144 230.1250 453.8687 230.3033 453.8268 c
230.4799 453.7848 230.6602 453.7392 230.8402 453.6870 c
231.0202 453.6349 231.1835 453.5677 231.3332 453.4852 c
231.4814 453.4027 231.6008 453.2916 231.6917 453.1535 c
231.7825 453.0141 231.8281 452.8355 231.8281 452.6184 c
231.8281 452.4080 231.7708 452.2147 231.6563 452.0344 c
231.5418 451.8544 231.3652 451.7099 231.1262 451.6004 c
230.8856 451.4910 230.5843 451.4372 230.2191 451.4372 c
h
232.6949 451.4842 m
232.6949 455.6392 l
235.6279 455.6392 l
235.6279 455.1242 l
233.2888 455.1242 l
233.2888 452.0010 l
235.7121 452.0010 l
235.7121 451.4842 l
h
h
233.2349 453.3420 m
233.2349 453.8469 l
235.3723 453.8469 l
235.3723 453.3420 l
h
f
q
179.9719 465.6413 67.4090 54.3214 re W*
n
/GS13 gs
q
179.9719 465.6413 m
179.9719 519.9627 l
247.3809 519.9627 l
247.3809 465.6413 l
h
W*
n
q
67.82493 0.00000 0.00000 54.77977 179.7161 465.4581 cm
/Im73 Do
Q
Q
Q
/GS13 gs
/CS15 cs 0.5300 1.0000 0.2800 0.1100 scn
247.5479 377.3092 m
181.6960 377.3092 l
183.9739 382.4742 l
181.6960 387.6381 l
247.5479 387.6381 l
245.2700 382.7520 l
h
f
/GS13 gs
/CS15 cs 0.0000 0.0000 0.0000 0.0000 scn
44.7077 380.0265 m
44.4620 380.0265 44.2329 380.0786 44.0192 380.1813 c
43.8055 380.2839 43.6306 380.4321 43.4959 380.6254 c
43.8409 381.0294 l
43.9554 380.8712 44.0850 380.7502 44.2295 380.6643 c
44.3744 380.5784 44.5343 380.5364 44.7077 380.5364 c
45.1823 380.5364 45.4195 380.8174 45.4195 381.3795 c
45.4195 383.7135 l
43.9183 383.7135 l
43.9183 384.2286 l
46.0086 384.2286 l
46.0086 381.4098 l
46.0086 380.9469 45.8991 380.6002 45.6786 380.3715 c
45.4581 380.1407 45.1349 380.0265 44.7077 380.0265 c
h
48.9402 380.0265 m
48.3948 380.0265 47.9659 380.1830 47.6527 380.4959 c
47.3397 380.8071 47.1832 381.2649 47.1832 381.8659 c
47.1832 384.2286 l
47.7774 384.2286 l
47.7774 381.8911 l
47.7774 381.4282 47.8800 381.0900 48.0835 380.8763 c
48.2871 380.6626 48.5751 380.5549 48.9470 380.5549 c
49.3223 380.5549 49.6134 380.6626 49.8169 380.8763 c
50.0204 381.0900 50.1233 381.4282 50.1233 381.8911 c
50.1233 384.2286 l
50.6988 384.2286 l
50.6988 381.8659 l
50.6988 381.2649 50.5440 380.8071 50.2325 380.4959 c
49.9212 380.1830 49.4904 380.0265 48.9402 380.0265 c
h
51.9140 380.0735 m
51.9140 384.2286 l
52.4018 384.2286 l
54.2648 381.0883 l
54.0040 381.0883 l
55.8451 384.2286 l
56.3315 384.2286 l
56.3380 380.0735 l
55.7677 380.0735 l
55.7609 383.3334 l
55.8989 383.3334 l
54.2599 380.5784 l
53.9872 380.5784 l
52.3363 383.3334 l
52.4843 383.3334 l
52.4843 380.0735 l
h
h
57.5836 380.0735 m
57.5836 384.2286 l
60.5166 384.2286 l
60.5166 383.7135 l
58.1774 383.7135 l
58.1774 380.5903 l
60.6008 380.5903 l
60.6008 380.0735 l
h
h
58.1236 381.9314 m
58.1236 382.4362 l
60.2609 382.4362 l
60.2609 381.9314 l
h
h
61.5620 380.0735 m
61.5620 384.2286 l
62.1558 384.2286 l
62.1558 380.5903 l
64.4060 380.5903 l
64.4060 380.0735 l
h
h
65.0894 380.0735 m
65.0894 384.2286 l
65.6833 384.2286 l
65.6833 380.0735 l
h
h
66.3009 380.0735 m
68.1843 384.2286 l
68.7713 384.2286 l
70.6598 380.0735 l
70.0353 380.0735 l
68.3558 383.8969 l
68.5930 383.8969 l
66.9135 380.0735 l
h
h
67.1037 381.1119 m
67.2636 381.5881 l
69.6027 381.5881 l
69.7745 381.1119 l
h
h
74.4698 380.0735 m
74.4698 384.2286 l
76.0921 384.2286 l
76.6290 384.2286 77.0530 384.1007 77.3626 383.8465 c
77.6704 383.5908 77.8255 383.2356 77.8255 382.7812 c
77.8255 382.4802 77.7563 382.2225 77.6183 382.0071 c
77.4788 381.7902 77.2818 381.6252 77.0244 381.5107 c
76.7667 381.3945 76.4555 381.3375 76.0921 381.3375 c
74.7961 381.3375 l
75.0637 381.6116 l
75.0637 380.0735 l
h
h
77.2481 380.0735 m
76.1913 381.5813 l
76.8274 381.5813 l
77.8961 380.0735 l
h
h
75.0637 381.5512 m
74.7961 381.8424 l
76.0734 381.8424 l
76.4538 381.8424 76.7415 381.9246 76.9385 382.0895 c
77.1338 382.2528 77.2313 382.4833 77.2313 382.7812 c
77.2313 383.0774 77.1338 383.3065 76.9385 383.4694 c
76.7415 383.6327 76.4538 383.7135 76.0734 383.7135 c
74.7961 383.7135 l
75.0637 384.0097 l
h
h
80.6627 380.0265 m
80.3463 380.0265 80.0535 380.0803 79.7825 380.1864 c
79.5115 380.2924 79.2760 380.4420 79.0792 380.6340 c
78.8805 380.8259 78.7258 381.0512 78.6146 381.3089 c
78.5035 381.5663 78.4480 381.8472 78.4480 382.1519 c
78.4480 382.4566 78.5035 382.7375 78.6146 382.9949 c
78.7258 383.2526 78.8805 383.4763 79.0792 383.6682 c
79.2760 383.8601 79.5098 384.0097 79.7791 384.1174 c
80.0467 384.2235 80.3412 384.2773 80.6627 384.2773 c
80.9790 384.2773 81.2718 384.2252 81.5394 384.1209 c
81.8070 384.0148 82.0392 383.8669 82.2396 383.6750 c
82.4397 383.4831 82.5931 383.2591 82.7025 383.0017 c
82.8116 382.7443 82.8655 382.4597 82.8655 382.1519 c
82.8655 381.8441 82.8116 381.5612 82.7025 381.3038 c
82.5931 381.0461 82.4397 380.8208 82.2396 380.6289 c
82.0392 380.4369 81.8070 380.2890 81.5394 380.1847 c
81.2718 380.0786 80.9790 380.0265 80.6627 380.0265 c
h
80.6627 380.5549 m
80.8931 380.5549 81.1054 380.5951 81.3022 380.6742 c
81.4975 380.7533 81.6673 380.8644 81.8121 381.0093 c
81.9570 381.1521 82.0695 381.3222 82.1503 381.5158 c
82.2311 381.7094 82.2716 381.9214 82.2716 382.1519 c
82.2716 382.3807 82.2311 382.5927 82.1503 382.7863 c
82.0695 382.9799 81.9570 383.1497 81.8121 383.2946 c
81.6673 383.4394 81.4975 383.5519 81.3022 383.6310 c
81.1054 383.7101 80.8931 383.7489 80.6627 383.7489 c
80.4288 383.7489 80.2151 383.7101 80.0198 383.6310 c
79.8231 383.5519 79.6530 383.4394 79.5067 383.2946 c
79.3602 383.1497 79.2456 382.9799 79.1649 382.7863 c
79.0824 382.5927 79.0421 382.3807 79.0421 382.1519 c
79.0421 381.9214 79.0824 381.7094 79.1649 381.5158 c
79.2456 381.3222 79.3602 381.1521 79.5067 381.0093 c
79.6530 380.8644 79.8231 380.7533 80.0198 380.6742 c
80.2151 380.5951 80.4288 380.5549 80.6627 380.5549 c
h
84.9844 380.0265 m
84.6680 380.0265 84.3650 380.0752 84.0773 380.1728 c
83.7879 380.2689 83.5608 380.3950 83.3941 380.5481 c
83.6130 381.0110 l
83.7711 380.8729 83.9730 380.7584 84.2187 380.6677 c
84.4645 380.5767 84.7202 380.5313 84.9844 380.5313 c
85.2250 380.5313 85.4220 380.5583 85.5717 380.6138 c
85.7214 380.6694 85.8325 380.7451 85.9051 380.8426 c
85.9757 380.9387 86.0111 381.0495 86.0111 381.1725 c
86.0111 381.3154 85.9654 381.4299 85.8730 381.5175 c
85.7803 381.6034 85.6593 381.6740 85.5111 381.7278 c
85.3614 381.7800 85.1981 381.8271 85.0215 381.8676 c
84.8429 381.9061 84.6629 381.9532 84.4829 382.0071 c
84.3029 382.0592 84.1380 382.1284 83.9897 382.2109 c
83.8417 382.2934 83.7224 382.4059 83.6314 382.5473 c
83.5404 382.6871 83.4951 382.8688 83.4951 383.0893 c
83.4951 383.3031 83.5523 383.5015 83.6651 383.6815 c
83.7777 383.8618 83.9511 384.0046 84.1867 384.1140 c
84.4223 384.2235 84.7219 384.2773 85.0853 384.2773 c
85.3260 384.2773 85.5666 384.2453 85.8039 384.1832 c
86.0411 384.1191 86.2483 384.0282 86.4215 383.9088 c
86.2248 383.4343 l
86.0479 383.5536 85.8594 383.6395 85.6627 383.6934 c
85.4640 383.7455 85.2721 383.7725 85.0853 383.7725 c
84.8514 383.7725 84.6595 383.7421 84.5099 383.6832 c
84.3602 383.6245 84.2491 383.5454 84.1799 383.4459 c
84.1110 383.3467 84.0756 383.2356 84.0756 383.1129 c
84.0756 382.9663 84.1226 382.8504 84.2153 382.7628 c
84.3080 382.6752 84.4291 382.6063 84.5787 382.5558 c
84.7270 382.5037 84.8903 382.4580 85.0686 382.4161 c
85.2452 382.3741 85.4254 382.3285 85.6054 382.2763 c
85.7854 382.2242 85.9487 382.1570 86.0984 382.0745 c
86.2466 381.9920 86.3660 381.8809 86.4570 381.7429 c
86.5477 381.6034 86.5933 381.4248 86.5933 381.2077 c
86.5933 380.9974 86.5361 380.8040 86.4215 380.6237 c
86.3070 380.4437 86.1304 380.2992 85.8915 380.1898 c
85.6508 380.0803 85.3495 380.0265 84.9844 380.0265 c
h
87.4602 380.0735 m
87.4602 384.2286 l
90.3932 384.2286 l
90.3932 383.7135 l
88.0540 383.7135 l
88.0540 380.5903 l
90.4774 380.5903 l
90.4774 380.0735 l
h
h
88.0002 381.9314 m
88.0002 382.4362 l
90.1375 382.4362 l
90.1375 381.9314 l
h
f
q
34.0503 394.0101 67.4002 50.5423 re W*
n
/GS13 gs
q
34.0503 394.0101 m
34.0503 444.5524 l
101.4506 444.5524 l
101.4506 394.0101 l
h
W*
n
q
67.81941 0.00000 0.00000 50.61607 33.8408 393.9610 cm
/Im74 Do
Q
Q
Q
/GS13 gs
/CS15 cs 0.0000 0.0000 0.0000 0.0000 scn
115.2371 380.0735 m
115.2371 384.2286 l
115.7250 384.2286 l
118.4732 380.8157 l
118.2175 380.8157 l
118.2175 384.2286 l
118.8113 384.2286 l
118.8113 380.0735 l
118.3252 380.0735 l
115.5770 383.4865 l
115.8310 383.4865 l
115.8310 380.0735 l
h
h
121.9348 380.0265 m
121.6185 380.0265 121.3257 380.0803 121.0547 380.1864 c
120.7837 380.2924 120.5481 380.4420 120.3514 380.6340 c
120.1527 380.8259 119.9979 381.0512 119.8868 381.3089 c
119.7757 381.5663 119.7201 381.8472 119.7201 382.1519 c
119.7201 382.4566 119.7757 382.7375 119.8868 382.9949 c
119.9979 383.2526 120.1527 383.4763 120.3514 383.6682 c
120.5481 383.8601 120.7820 384.0097 121.0513 384.1174 c
121.3189 384.2235 121.6134 384.2773 121.9348 384.2773 c
122.2512 384.2773 122.5440 384.2252 122.8116 384.1209 c
123.0792 384.0148 123.3113 383.8669 123.5117 383.6750 c
123.7119 383.4831 123.8652 383.2591 123.9746 383.0017 c
124.0838 382.7443 124.1376 382.4597 124.1376 382.1519 c
124.1376 381.8441 124.0838 381.5612 123.9746 381.3038 c
123.8652 381.0461 123.7119 380.8208 123.5117 380.6289 c
123.3113 380.4369 123.0792 380.2890 122.8116 380.1847 c
122.5440 380.0786 122.2512 380.0265 121.9348 380.0265 c
h
121.9348 380.5549 m
122.1653 380.5549 122.3776 380.5951 122.5743 380.6742 c
122.7696 380.7533 122.9394 380.8644 123.0843 381.0093 c
123.2291 381.1521 123.3417 381.3222 123.4225 381.5158 c
123.5032 381.7094 123.5438 381.9214 123.5438 382.1519 c
123.5438 382.3807 123.5032 382.5927 123.4225 382.7863 c
123.3417 382.9799 123.2291 383.1497 123.0843 383.2946 c
122.9394 383.4394 122.7696 383.5519 122.5743 383.6310 c
122.3776 383.7101 122.1653 383.7489 121.9348 383.7489 c
121.7010 383.7489 121.4872 383.7101 121.2919 383.6310 c
121.0952 383.5519 120.9251 383.4394 120.7789 383.2946 c
120.6323 383.1497 120.5178 382.9799 120.4370 382.7863 c
120.3545 382.5927 120.3143 382.3807 120.3143 382.1519 c
120.3143 381.9214 120.3545 381.7094 120.4370 381.5158 c
120.5178 381.3222 120.6323 381.1521 120.7789 381.0093 c
120.9251 380.8644 121.0952 380.7533 121.2919 380.6742 c
121.4872 380.5951 121.7010 380.5549 121.9348 380.5549 c
h
125.0450 380.0735 m
125.0450 384.2286 l
126.9096 384.2286 l
127.3893 384.2286 127.7578 384.1328 128.0151 383.9409 c
128.2725 383.7489 128.4007 383.4865 128.4007 383.1548 c
128.4007 382.9294 128.3499 382.7392 128.2490 382.5862 c
128.1481 382.4311 128.0117 382.3118 127.8420 382.2293 c
127.6719 382.1468 127.4868 382.1049 127.2898 382.1049 c
127.3958 382.2814 l
127.6330 382.2814 127.8437 382.2395 128.0271 382.1570 c
128.2088 382.0745 128.3533 381.9515 128.4593 381.7916 c
128.5654 381.6317 128.6192 381.4333 128.6192 381.1961 c
128.6192 380.8392 128.4863 380.5634 128.2187 380.3681 c
127.9511 380.1711 127.5557 380.0735 127.0290 380.0735 c
h
h
125.6389 380.5549 m
127.0054 380.5549 l
127.3337 380.5549 127.5843 380.6104 127.7595 380.7215 c
127.9327 380.8310 128.0203 381.0059 128.0203 381.2431 c
128.0203 381.4838 127.9327 381.6604 127.7595 381.7715 c
127.5843 381.8826 127.3337 381.9382 127.0054 381.9382 c
125.5850 381.9382 l
125.5850 382.4178 l
126.8558 382.4178 l
127.1568 382.4178 127.3910 382.4734 127.5574 382.5845 c
127.7240 382.6956 127.8065 382.8620 127.8065 383.0842 c
127.8065 383.3048 127.7240 383.4711 127.5574 383.5823 c
127.3910 383.6934 127.1568 383.7489 126.8558 383.7489 c
125.6389 383.7489 l
h
h
129.5399 380.0735 m
129.5399 384.2286 l
130.1338 384.2286 l
130.1338 380.5903 l
132.3839 380.5903 l
132.3839 380.0735 l
h
h
133.0673 380.0735 m
133.0673 384.2286 l
136.0003 384.2286 l
136.0003 383.7135 l
133.6612 383.7135 l
133.6612 380.5903 l
136.0845 380.5903 l
136.0845 380.0735 l
h
h
133.6073 381.9314 m
133.6073 382.4362 l
135.7447 382.4362 l
135.7447 381.9314 l
h
h
138.2573 380.0265 m
137.9409 380.0265 137.6379 380.0752 137.3502 380.1728 c
137.0608 380.2689 136.8337 380.3950 136.6671 380.5481 c
136.8859 381.0110 l
137.0441 380.8729 137.2459 380.7584 137.4917 380.6677 c
137.7374 380.5767 137.9931 380.5313 138.2573 380.5313 c
138.4980 380.5313 138.6950 380.5583 138.8446 380.6138 c
138.9943 380.6694 139.1054 380.7451 139.1780 380.8426 c
139.2486 380.9387 139.2840 381.0495 139.2840 381.1725 c
139.2840 381.3154 139.2384 381.4299 139.1460 381.5175 c
139.0533 381.6034 138.9322 381.6740 138.7840 381.7278 c
138.6343 381.7800 138.4710 381.8271 138.2944 381.8676 c
138.1158 381.9061 137.9358 381.9532 137.7558 382.0071 c
137.5758 382.0592 137.4109 382.1284 137.2626 382.2109 c
137.1146 382.2934 136.9953 382.4059 136.9043 382.5473 c
136.8133 382.6871 136.7680 382.8688 136.7680 383.0893 c
136.7680 383.3031 136.8252 383.5015 136.9380 383.6815 c
137.0506 383.8618 137.2241 384.0046 137.4596 384.1140 c
137.6952 384.2235 137.9948 384.2773 138.3582 384.2773 c
138.5989 384.2773 138.8395 384.2453 139.0768 384.1832 c
139.3140 384.1191 139.5213 384.0282 139.6945 383.9088 c
139.4977 383.4343 l
139.3209 383.5536 139.1323 383.6395 138.9356 383.6934 c
138.7369 383.7455 138.5450 383.7725 138.3582 383.7725 c
138.1243 383.7725 137.9324 383.7421 137.7828 383.6832 c
137.6331 383.6245 137.5220 383.5454 137.4528 383.4459 c
137.3839 383.3467 137.3485 383.2356 137.3485 383.1129 c
137.3485 382.9663 137.3956 382.8504 137.4883 382.7628 c
137.5809 382.6752 137.7020 382.6063 137.8517 382.5558 c
137.9999 382.5037 138.1632 382.4580 138.3415 382.4161 c
138.5181 382.3741 138.6984 382.3285 138.8784 382.2763 c
139.0584 382.2242 139.2216 382.1570 139.3713 382.0745 c
139.5196 381.9920 139.6389 381.8809 139.7299 381.7429 c
139.8206 381.6034 139.8662 381.4248 139.8662 381.2077 c
139.8662 380.9974 139.8090 380.8040 139.6945 380.6237 c
139.5799 380.4437 139.4033 380.2992 139.1644 380.1898 c
138.9237 380.0803 138.6224 380.0265 138.2573 380.0265 c
h
141.9446 380.0265 m
141.6283 380.0265 141.3252 380.0752 141.0375 380.1728 c
140.7481 380.2689 140.5210 380.3950 140.3544 380.5481 c
140.5732 381.0110 l
140.7314 380.8729 140.9332 380.7584 141.1790 380.6677 c
141.4247 380.5767 141.6804 380.5313 141.9446 380.5313 c
142.1853 380.5313 142.3823 380.5583 142.5319 380.6138 c
142.6816 380.6694 142.7927 380.7451 142.8653 380.8426 c
142.9359 380.9387 142.9713 381.0495 142.9713 381.1725 c
142.9713 381.3154 142.9257 381.4299 142.8333 381.5175 c
142.7406 381.6034 142.6195 381.6740 142.4713 381.7278 c
142.3216 381.7800 142.1583 381.8271 141.9817 381.8676 c
141.8031 381.9061 141.6231 381.9532 141.4431 382.0071 c
141.2631 382.0592 141.0982 382.1284 140.9499 382.2109 c
140.8020 382.2934 140.6826 382.4059 140.5916 382.5473 c
140.5006 382.6871 140.4553 382.8688 140.4553 383.0893 c
140.4553 383.3031 140.5125 383.5015 140.6254 383.6815 c
140.7379 383.8618 140.9114 384.0046 141.1469 384.1140 c
141.3825 384.2235 141.6821 384.2773 142.0455 384.2773 c
142.2862 384.2773 142.5268 384.2453 142.7641 384.1832 c
143.0014 384.1191 143.2086 384.0282 143.3818 383.9088 c
143.1850 383.4343 l
143.0082 383.5536 142.8197 383.6395 142.6229 383.6934 c
142.4242 383.7455 142.2323 383.7725 142.0455 383.7725 c
141.8117 383.7725 141.6197 383.7421 141.4701 383.6832 c
141.3204 383.6245 141.2093 383.5454 141.1401 383.4459 c
141.0712 383.3467 141.0358 383.2356 141.0358 383.1129 c
141.0358 382.9663 141.0829 382.8504 141.1756 382.7628 c
141.2683 382.6752 141.3893 382.6063 141.5390 382.5558 c
141.6872 382.5037 141.8505 382.4580 142.0288 382.4161 c
142.2054 382.3741 142.3857 382.3285 142.5657 382.2763 c
142.7457 382.2242 142.9089 382.1570 143.0586 382.0745 c
143.2069 381.9920 143.3262 381.8809 143.4172 381.7429 c
143.5079 381.6034 143.5535 381.4248 143.5535 381.2077 c
143.5535 380.9974 143.4963 380.8040 143.3818 380.6237 c
143.2672 380.4437 143.0906 380.2992 142.8517 380.1898 c
142.6110 380.0803 142.3097 380.0265 141.9446 380.0265 c
h
144.4204 380.0735 m
144.4204 384.2286 l
147.3534 384.2286 l
147.3534 383.7135 l
145.0142 383.7135 l
145.0142 380.5903 l
147.4376 380.5903 l
147.4376 380.0735 l
h
h
144.9604 381.9314 m
144.9604 382.4362 l
147.0977 382.4362 l
147.0977 381.9314 l
h
h
149.9958 380.0735 m
149.9958 384.2286 l
151.6181 384.2286 l
152.1550 384.2286 152.5791 384.1007 152.8886 383.8465 c
153.1964 383.5908 153.3515 383.2356 153.3515 382.7812 c
153.3515 382.4802 153.2823 382.2225 153.1443 382.0071 c
153.0048 381.7902 152.8078 381.6252 152.5504 381.5107 c
152.2928 381.3945 151.9815 381.3375 151.6181 381.3375 c
150.3221 381.3375 l
150.5897 381.6116 l
150.5897 380.0735 l
h
h
152.7741 380.0735 m
151.7173 381.5813 l
152.3534 381.5813 l
153.4221 380.0735 l
h
h
150.5897 381.5512 m
150.3221 381.8424 l
151.5994 381.8424 l
151.9798 381.8424 152.2675 381.9246 152.4645 382.0895 c
152.6598 382.2528 152.7574 382.4833 152.7574 382.7812 c
152.7574 383.0774 152.6598 383.3065 152.4645 383.4694 c
152.2675 383.6327 151.9798 383.7135 151.5994 383.7135 c
150.3221 383.7135 l
150.5897 384.0097 l
h
h
156.1887 380.0265 m
155.8723 380.0265 155.5795 380.0803 155.3085 380.1864 c
155.0375 380.2924 154.8020 380.4420 154.6053 380.6340 c
154.4066 380.8259 154.2518 381.0512 154.1407 381.3089 c
154.0295 381.5663 153.9740 381.8472 153.9740 382.1519 c
153.9740 382.4566 154.0295 382.7375 154.1407 382.9949 c
154.2518 383.2526 154.4066 383.4763 154.6053 383.6682 c
154.8020 383.8601 155.0358 384.0097 155.3051 384.1174 c
155.5727 384.2235 155.8672 384.2773 156.1887 384.2773 c
156.5050 384.2773 156.7979 384.2252 157.0654 384.1209 c
157.3330 384.0148 157.5652 383.8669 157.7656 383.6750 c
157.9657 383.4831 158.1191 383.2591 158.2285 383.0017 c
158.3376 382.7443 158.3915 382.4597 158.3915 382.1519 c
158.3915 381.8441 158.3376 381.5612 158.2285 381.3038 c
158.1191 381.0461 157.9657 380.8208 157.7656 380.6289 c
157.5652 380.4369 157.3330 380.2890 157.0654 380.1847 c
156.7979 380.0786 156.5050 380.0265 156.1887 380.0265 c
h
156.1887 380.5549 m
156.4191 380.5549 156.6315 380.5951 156.8282 380.6742 c
157.0235 380.7533 157.1933 380.8644 157.3381 381.0093 c
157.4830 381.1521 157.5955 381.3222 157.6763 381.5158 c
157.7571 381.7094 157.7976 381.9214 157.7976 382.1519 c
157.7976 382.3807 157.7571 382.5927 157.6763 382.7863 c
157.5955 382.9799 157.4830 383.1497 157.3381 383.2946 c
157.1933 383.4394 157.0235 383.5519 156.8282 383.6310 c
156.6315 383.7101 156.4191 383.7489 156.1887 383.7489 c
155.9548 383.7489 155.7411 383.7101 155.5458 383.6310 c
155.3491 383.5519 155.1790 383.4394 155.0327 383.2946 c
154.8862 383.1497 154.7717 382.9799 154.6909 382.7863 c
154.6084 382.5927 154.5681 382.3807 154.5681 382.1519 c
154.5681 381.9214 154.6084 381.7094 154.6909 381.5158 c
154.7717 381.3222 154.8862 381.1521 155.0327 381.0093 c
155.1790 380.8644 155.3491 380.7533 155.5458 380.6742 c
155.7411 380.5951 155.9548 380.5549 156.1887 380.5549 c
h
160.5104 380.0265 m
160.1940 380.0265 159.8910 380.0752 159.6033 380.1728 c
159.3139 380.2689 159.0868 380.3950 158.9202 380.5481 c
159.1390 381.0110 l
159.2972 380.8729 159.4990 380.7584 159.7448 380.6677 c
159.9905 380.5767 160.2462 380.5313 160.5104 380.5313 c
160.7511 380.5313 160.9481 380.5583 161.0977 380.6138 c
161.2474 380.6694 161.3585 380.7451 161.4311 380.8426 c
161.5017 380.9387 161.5371 381.0495 161.5371 381.1725 c
161.5371 381.3154 161.4915 381.4299 161.3991 381.5175 c
161.3064 381.6034 161.1853 381.6740 161.0371 381.7278 c
160.8874 381.7800 160.7241 381.8271 160.5475 381.8676 c
160.3689 381.9061 160.1889 381.9532 160.0089 382.0071 c
159.8289 382.0592 159.6640 382.1284 159.5157 382.2109 c
159.3677 382.2934 159.2484 382.4059 159.1574 382.5473 c
159.0664 382.6871 159.0211 382.8688 159.0211 383.0893 c
159.0211 383.3031 159.0783 383.5015 159.1911 383.6815 c
159.3037 383.8618 159.4772 384.0046 159.7127 384.1140 c
159.9483 384.2235 160.2479 384.2773 160.6113 384.2773 c
160.8520 384.2773 161.0926 384.2453 161.3299 384.1832 c
161.5671 384.1191 161.7744 384.0282 161.9476 383.9088 c
161.7508 383.4343 l
161.5740 383.5536 161.3854 383.6395 161.1887 383.6934 c
160.9900 383.7455 160.7981 383.7725 160.6113 383.7725 c
160.3774 383.7725 160.1855 383.7421 160.0359 383.6832 c
159.8862 383.6245 159.7751 383.5454 159.7059 383.4459 c
159.6370 383.3467 159.6016 383.2356 159.6016 383.1129 c
159.6016 382.9663 159.6487 382.8504 159.7414 382.7628 c
159.8340 382.6752 159.9551 382.6063 160.1048 382.5558 c
160.2530 382.5037 160.4163 382.4580 160.5946 382.4161 c
160.7712 382.3741 160.9515 382.3285 161.1315 382.2763 c
161.3115 382.2242 161.4747 382.1570 161.6244 382.0745 c
161.7727 381.9920 161.8920 381.8809 161.9830 381.7429 c
162.0737 381.6034 162.1193 381.4248 162.1193 381.2077 c
162.1193 380.9974 162.0621 380.8040 161.9476 380.6237 c
161.8330 380.4437 161.6564 380.2992 161.4175 380.1898 c
161.1768 380.0803 160.8755 380.0265 160.5104 380.0265 c
h
162.9862 380.0735 m
162.9862 384.2286 l
165.9192 384.2286 l
165.9192 383.7135 l
163.5800 383.7135 l
163.5800 380.5903 l
166.0034 380.5903 l
166.0034 380.0735 l
h
h
163.5262 381.9314 m
163.5262 382.4362 l
165.6635 382.4362 l
165.6635 381.9314 l
h
f
q
107.0101 394.0155 67.3946 50.5480 re W*
n
/GS13 gs
q
107.0101 394.0155 m
107.0101 444.5634 l
174.4047 444.5634 l
174.4047 394.0155 l
h
W*
n
q
67.79066 0.00000 0.00000 50.87981 106.6766 393.9250 cm
/Im75 Do
Q
Q
Q
/GS13 gs
/CS15 cs 0.0000 0.0000 0.0000 0.0000 scn
194.3306 380.0735 m
194.3306 384.2286 l
195.9528 384.2286 l
196.3162 384.2286 196.6275 384.1713 196.8851 384.0568 c
197.1425 383.9426 197.3395 383.7759 197.4790 383.5587 c
197.6170 383.3416 197.6862 383.0825 197.6862 382.7812 c
197.6862 382.4802 197.6170 382.2225 197.4790 382.0071 c
197.3395 381.7902 197.1425 381.6235 196.8851 381.5073 c
196.6275 381.3914 196.3162 381.3324 195.9528 381.3324 c
194.6568 381.3324 l
194.9244 381.6116 l
194.9244 380.0735 l
h
h
194.9244 381.5512 m
194.6568 381.8489 l
195.9341 381.8489 l
196.3145 381.8489 196.6022 381.9297 196.7992 382.0929 c
196.9946 382.2545 197.0921 382.4833 197.0921 382.7812 c
197.0921 383.0774 196.9946 383.3065 196.7992 383.4694 c
196.6022 383.6327 196.3145 383.7135 195.9341 383.7135 c
194.6568 383.7135 l
194.9244 384.0097 l
h
h
198.5576 380.0735 m
198.5576 384.2286 l
201.4906 384.2286 l
201.4906 383.7135 l
199.1514 383.7135 l
199.1514 380.5903 l
201.5748 380.5903 l
201.5748 380.0735 l
h
h
199.0976 381.9314 m
199.0976 382.4362 l
201.2349 382.4362 l
201.2349 381.9314 l
h
h
201.9064 380.0735 m
203.7898 384.2286 l
204.3768 384.2286 l
206.2653 380.0735 l
205.6408 380.0735 l
203.9613 383.8969 l
204.1985 383.8969 l
202.5190 380.0735 l
h
h
202.7092 381.1119 m
202.8691 381.5881 l
205.2082 381.5881 l
205.3800 381.1119 l
h
h
208.6815 380.0265 m
208.3635 380.0265 208.0723 380.0786 207.8048 380.1847 c
207.5372 380.2890 207.3064 380.4369 207.1114 380.6289 c
206.9144 380.8208 206.7613 381.0461 206.6502 381.3038 c
206.5391 381.5612 206.4835 381.8441 206.4835 382.1519 c
206.4835 382.4597 206.5391 382.7443 206.6502 383.0017 c
206.7613 383.2591 206.9161 383.4831 207.1148 383.6750 c
207.3115 383.8669 207.5440 384.0148 207.8113 384.1209 c
208.0789 384.2252 208.3700 384.2773 208.6866 384.2773 c
209.0081 384.2773 209.3040 384.2235 209.5750 384.1140 c
209.8460 384.0046 210.0764 383.8431 210.2666 383.6293 c
209.8797 383.2557 l
209.7215 383.4224 209.5430 383.5454 209.3462 383.6279 c
209.1475 383.7084 208.9355 383.7489 208.7101 383.7489 c
208.4760 383.7489 208.2609 383.7101 208.0604 383.6310 c
207.8603 383.5519 207.6885 383.4411 207.5423 383.2980 c
207.3957 383.1548 207.2812 382.9867 207.2004 382.7897 c
207.1179 382.5927 207.0777 382.3807 207.0777 382.1519 c
207.0777 381.9214 207.1179 381.7094 207.2004 381.5141 c
207.2812 381.3171 207.3957 381.1490 207.5423 381.0059 c
207.6885 380.8627 207.8603 380.7533 208.0604 380.6742 c
208.2609 380.5951 208.4760 380.5549 208.7101 380.5549 c
208.9355 380.5549 209.1475 380.5951 209.3462 380.6759 c
209.5430 380.7567 209.7215 380.8831 209.8797 381.0529 c
210.2666 380.6793 l
210.0764 380.4656 209.8460 380.3023 209.5750 380.1932 c
209.3040 380.0820 209.0064 380.0265 208.6815 380.0265 c
h
214.0347 380.0735 m
214.0347 384.2286 l
214.6286 384.2286 l
214.6286 380.0735 l
h
h
211.0544 380.0735 m
211.0544 384.2286 l
211.6483 384.2286 l
211.6483 380.0735 l
h
h
211.5896 381.9263 m
211.5896 382.4430 l
214.0886 382.4430 l
214.0886 381.9263 l
h
h
217.4729 380.0735 m
217.4729 384.2286 l
219.0951 384.2286 l
219.6320 384.2286 220.0561 384.1007 220.3656 383.8465 c
220.6735 383.5908 220.8285 383.2356 220.8285 382.7812 c
220.8285 382.4802 220.7594 382.2225 220.6213 382.0071 c
220.4819 381.7902 220.2849 381.6252 220.0275 381.5107 c
219.7698 381.3945 219.4586 381.3375 219.0951 381.3375 c
217.7991 381.3375 l
218.0667 381.6116 l
218.0667 380.0735 l
h
h
220.2511 380.0735 m
219.1944 381.5813 l
219.8305 381.5813 l
220.8991 380.0735 l
h
h
218.0667 381.5512 m
217.7991 381.8424 l
219.0764 381.8424 l
219.4569 381.8424 219.7446 381.9246 219.9416 382.0895 c
220.1369 382.2528 220.2344 382.4833 220.2344 382.7812 c
220.2344 383.0774 220.1369 383.3065 219.9416 383.4694 c
219.7446 383.6327 219.4569 383.7135 219.0764 383.7135 c
217.7991 383.7135 l
218.0667 384.0097 l
h
h
223.6657 380.0265 m
223.3494 380.0265 223.0566 380.0803 222.7856 380.1864 c
222.5146 380.2924 222.2790 380.4420 222.0823 380.6340 c
221.8836 380.8259 221.7288 381.0512 221.6177 381.3089 c
221.5066 381.5663 221.4510 381.8472 221.4510 382.1519 c
221.4510 382.4566 221.5066 382.7375 221.6177 382.9949 c
221.7288 383.2526 221.8836 383.4763 222.0823 383.6682 c
222.2790 383.8601 222.5129 384.0097 222.7822 384.1174 c
223.0498 384.2235 223.3443 384.2773 223.6657 384.2773 c
223.9821 384.2773 224.2749 384.2252 224.5425 384.1209 c
224.8101 384.0148 225.0422 383.8669 225.2426 383.6750 c
225.4428 383.4831 225.5961 383.2591 225.7055 383.0017 c
225.8147 382.7443 225.8685 382.4597 225.8685 382.1519 c
225.8685 381.8441 225.8147 381.5612 225.7055 381.3038 c
225.5961 381.0461 225.4428 380.8208 225.2426 380.6289 c
225.0422 380.4369 224.8101 380.2890 224.5425 380.1847 c
224.2749 380.0786 223.9821 380.0265 223.6657 380.0265 c
h
223.6657 380.5549 m
223.8962 380.5549 224.1085 380.5951 224.3052 380.6742 c
224.5005 380.7533 224.6703 380.8644 224.8152 381.0093 c
224.9600 381.1521 225.0726 381.3222 225.1534 381.5158 c
225.2341 381.7094 225.2747 381.9214 225.2747 382.1519 c
225.2747 382.3807 225.2341 382.5927 225.1534 382.7863 c
225.0726 382.9799 224.9600 383.1497 224.8152 383.2946 c
224.6703 383.4394 224.5005 383.5519 224.3052 383.6310 c
224.1085 383.7101 223.8962 383.7489 223.6657 383.7489 c
223.4319 383.7489 223.2181 383.7101 223.0228 383.6310 c
222.8261 383.5519 222.6560 383.4394 222.5098 383.2946 c
222.3632 383.1497 222.2487 382.9799 222.1679 382.7863 c
222.0854 382.5927 222.0452 382.3807 222.0452 382.1519 c
222.0452 381.9214 222.0854 381.7094 222.1679 381.5158 c
222.2487 381.3222 222.3632 381.1521 222.5098 381.0093 c
222.6560 380.8644 222.8261 380.7533 223.0228 380.6742 c
223.2181 380.5951 223.4319 380.5549 223.6657 380.5549 c
h
227.9874 380.0265 m
227.6711 380.0265 227.3681 380.0752 227.0803 380.1728 c
226.7909 380.2689 226.5639 380.3950 226.3972 380.5481 c
226.6160 381.0110 l
226.7742 380.8729 226.9760 380.7584 227.2218 380.6677 c
227.4676 380.5767 227.7232 380.5313 227.9874 380.5313 c
228.2281 380.5313 228.4251 380.5583 228.5748 380.6138 c
228.7244 380.6694 228.8356 380.7451 228.9081 380.8426 c
228.9787 380.9387 229.0141 381.0495 229.0141 381.1725 c
229.0141 381.3154 228.9685 381.4299 228.8761 381.5175 c
228.7834 381.6034 228.6624 381.6740 228.5141 381.7278 c
228.3644 381.7800 228.2012 381.8271 228.0246 381.8676 c
227.8460 381.9061 227.6660 381.9532 227.4860 382.0071 c
227.3060 382.0592 227.1410 382.1284 226.9928 382.2109 c
226.8448 382.2934 226.7254 382.4059 226.6345 382.5473 c
226.5435 382.6871 226.4981 382.8688 226.4981 383.0893 c
226.4981 383.3031 226.5554 383.5015 226.6682 383.6815 c
226.7807 383.8618 226.9542 384.0046 227.1898 384.1140 c
227.4253 384.2235 227.7249 384.2773 228.0883 384.2773 c
228.3290 384.2773 228.5697 384.2453 228.8069 384.1832 c
229.0442 384.1191 229.2514 384.0282 229.4246 383.9088 c
229.2279 383.4343 l
229.0510 383.5536 228.8625 383.6395 228.6658 383.6934 c
228.4671 383.7455 228.2751 383.7725 228.0883 383.7725 c
227.8545 383.7725 227.6626 383.7421 227.5129 383.6832 c
227.3632 383.6245 227.2521 383.5454 227.1830 383.4459 c
227.1141 383.3467 227.0786 383.2356 227.0786 383.1129 c
227.0786 382.9663 227.1257 382.8504 227.2184 382.7628 c
227.3111 382.6752 227.4321 382.6063 227.5818 382.5558 c
227.7300 382.5037 227.8933 382.4580 228.0716 382.4161 c
228.2482 382.3741 228.4285 382.3285 228.6085 382.2763 c
228.7885 382.2242 228.9518 382.1570 229.1014 382.0745 c
229.2497 381.9920 229.3690 381.8809 229.4600 381.7429 c
229.5507 381.6034 229.5964 381.4248 229.5964 381.2077 c
229.5964 380.9974 229.5391 380.8040 229.4246 380.6237 c
229.3101 380.4437 229.1335 380.2992 228.8945 380.1898 c
228.6539 380.0803 228.3525 380.0265 227.9874 380.0265 c
h
230.4632 380.0735 m
230.4632 384.2286 l
233.3962 384.2286 l
233.3962 383.7135 l
231.0571 383.7135 l
231.0571 380.5903 l
233.4804 380.5903 l
233.4804 380.0735 l
h
h
231.0032 381.9314 m
231.0032 382.4362 l
233.1405 382.4362 l
233.1405 381.9314 l
h
f
q
179.0858 393.9936 67.4218 50.5661 re W*
n
/GS13 gs
q
179.0858 393.9936 m
179.0858 444.5597 l
246.5076 444.5597 l
246.5076 393.9936 l
h
W*
n
q
67.79762 0.00000 0.00000 51.20238 178.8835 393.6466 cm
/Im76 Do
Q
Q
Q
/GS13 gs
/CS15 cs 0.5300 1.0000 0.2800 0.1100 scn
100.3995 301.0212 m
34.5475 301.0212 l
36.8254 306.3302 l
34.5475 311.6384 l
100.3995 311.6384 l
98.1215 306.6154 l
h
f
/GS13 gs
/CS15 cs 0.5300 1.0000 0.2800 0.1100 scn
174.4186 301.0212 m
108.5666 301.0212 l
110.8446 306.3302 l
108.5666 311.6384 l
174.4186 311.6384 l
172.1407 306.6154 l
h
f
/GS13 gs
/CS15 cs 0.5300 1.0000 0.2800 0.1100 scn
247.5479 301.0212 m
181.6960 301.0212 l
183.9739 306.3302 l
181.6960 311.6384 l
247.5479 311.6384 l
245.2700 306.6154 l
h
f
/GS13 gs
/CS15 cs 0.0000 0.0000 0.0000 0.0000 scn
40.0156 303.8494 m
39.7284 303.8494 39.4532 303.8936 39.1918 303.9823 c
38.9290 304.0693 38.7227 304.1841 38.5713 304.3233 c
38.7700 304.7434 l
38.9137 304.6181 39.0971 304.5144 39.3202 304.4316 c
39.5433 304.3491 39.7757 304.3080 40.0156 304.3080 c
40.2344 304.3080 40.4130 304.3324 40.5490 304.3828 c
40.6851 304.4333 40.7860 304.5019 40.8518 304.5906 c
40.9161 304.6779 40.9482 304.7786 40.9482 304.8902 c
40.9482 305.0201 40.9068 305.1241 40.8229 305.2037 c
40.7387 305.2817 40.6287 305.3458 40.4940 305.3948 c
40.3580 305.4421 40.2097 305.4849 40.0493 305.5215 c
39.8874 305.5567 39.7239 305.5995 39.5603 305.6485 c
39.3968 305.6958 39.2468 305.7585 39.1124 305.8333 c
38.9778 305.9082 38.8692 306.0108 38.7867 306.1392 c
38.7043 306.2659 38.6629 306.4309 38.6629 306.6313 c
38.6629 306.8254 38.7150 307.0057 38.8174 307.1693 c
38.9197 307.3329 39.0773 307.4627 39.2913 307.5622 c
39.5053 307.6614 39.7772 307.7104 40.1074 307.7104 c
40.3260 307.7104 40.5445 307.6812 40.7599 307.6248 c
40.9757 307.5667 41.1636 307.4842 41.3209 307.3757 c
41.1423 306.9445 l
40.9816 307.0531 40.8104 307.1310 40.6318 307.1801 c
40.4512 307.2274 40.2772 307.2518 40.1074 307.2518 c
39.8951 307.2518 39.7208 307.2243 39.5847 307.1707 c
39.4486 307.1174 39.3477 307.0454 39.2851 306.9553 c
39.2224 306.8651 39.1904 306.7642 39.1904 306.6525 c
39.1904 306.5196 39.2332 306.4141 39.3171 306.3348 c
39.4013 306.2551 39.5113 306.1925 39.6473 306.1466 c
39.7817 306.0992 39.9302 306.0581 40.0921 306.0198 c
40.2525 305.9816 40.4161 305.9405 40.5797 305.8929 c
40.7432 305.8455 40.8915 305.7846 41.0275 305.7094 c
41.1622 305.6346 41.2705 305.5337 41.3532 305.4084 c
41.4357 305.2817 41.4768 305.1196 41.4768 304.9223 c
41.4768 304.7312 41.4249 304.5555 41.3209 304.3919 c
41.2172 304.2283 41.0567 304.0971 40.8396 303.9976 c
40.6210 303.8984 40.3475 303.8494 40.0156 303.8494 c
h
43.1323 303.8922 m
41.8711 307.6659 l
42.4261 307.6659 l
43.5861 304.1841 l
43.3049 304.1841 l
44.5079 307.6659 l
45.0045 307.6659 l
46.1801 304.1841 l
45.9096 304.1841 l
47.0849 307.6659 l
47.5968 307.6659 l
46.3360 303.8922 l
45.7688 303.8922 l
44.6698 307.1220 l
44.8152 307.1220 l
43.7100 303.8922 l
h
h
48.2545 303.8922 m
48.2545 307.6659 l
50.9187 307.6659 l
50.9187 307.1982 l
48.7942 307.1982 l
48.7942 304.3613 l
50.9950 304.3613 l
50.9950 303.8922 l
h
h
48.7451 305.5796 m
48.7451 306.0383 l
50.6863 306.0383 l
50.6863 305.5796 l
h
h
51.8678 303.8922 m
51.8678 307.6659 l
54.5321 307.6659 l
54.5321 307.1982 l
52.4075 307.1982 l
52.4075 304.3613 l
54.6083 304.3613 l
54.6083 303.8922 l
h
h
52.3585 305.5796 m
52.3585 306.0383 l
54.2996 306.0383 l
54.2996 305.5796 l
h
h
56.2317 303.8922 m
56.2317 307.1982 l
54.9369 307.1982 l
54.9369 307.6659 l
58.0598 307.6659 l
58.0598 307.1982 l
56.7652 307.1982 l
56.7652 303.8922 l
h
h
60.0970 303.8922 m
60.0970 307.6659 l
61.5705 307.6659 l
61.9007 307.6659 62.1833 307.6140 62.4172 307.5100 c
62.6511 307.4063 62.8299 307.2549 62.9569 307.0576 c
63.0822 306.8606 63.1449 306.6250 63.1449 306.3515 c
63.1449 306.0780 63.0822 305.8441 62.9569 305.6485 c
62.8299 305.4512 62.6511 305.2998 62.4172 305.1944 c
62.1833 305.0889 61.9007 305.0354 61.5705 305.0354 c
60.3935 305.0354 l
60.6368 305.2891 l
60.6368 303.8922 l
h
h
60.6368 305.2341 m
60.3935 305.5048 l
61.5538 305.5048 l
61.8993 305.5048 62.1607 305.5782 62.3392 305.7265 c
62.5167 305.8730 62.6054 306.0811 62.6054 306.3515 c
62.6054 306.6205 62.5167 306.8283 62.3392 306.9765 c
62.1607 307.1251 61.8993 307.1982 61.5538 307.1982 c
60.3935 307.1982 l
60.6368 307.4672 l
h
h
63.9363 303.8922 m
63.9363 307.6659 l
66.6006 307.6659 l
66.6006 307.1982 l
64.4760 307.1982 l
64.4760 304.3613 l
66.6768 304.3613 l
66.6768 303.8922 l
h
h
64.4270 305.5796 m
64.4270 306.0383 l
66.3681 306.0383 l
66.3681 305.5796 l
h
h
66.9779 303.8922 m
68.6883 307.6659 l
69.2218 307.6659 l
70.9367 303.8922 l
70.3698 303.8922 l
68.8442 307.3649 l
69.0599 307.3649 l
67.5343 303.8922 l
h
h
67.7072 304.8352 m
67.8523 305.2678 l
69.9769 305.2678 l
70.1328 304.8352 l
h
h
73.1313 303.8494 m
72.8425 303.8494 72.5783 303.8967 72.3351 303.9931 c
72.0921 304.0877 71.8826 304.2224 71.7055 304.3964 c
71.5266 304.5708 71.3874 304.7757 71.2865 305.0096 c
71.1856 305.2434 71.1351 305.5003 71.1351 305.7797 c
71.1351 306.0595 71.1856 306.3178 71.2865 306.5516 c
71.3874 306.7855 71.5280 306.9890 71.7083 307.1631 c
71.8872 307.3374 72.0981 307.4720 72.3413 307.5681 c
72.5842 307.6631 72.8487 307.7104 73.1361 307.7104 c
73.4281 307.7104 73.6971 307.6614 73.9431 307.5622 c
74.1892 307.4627 74.3987 307.3161 74.5713 307.1220 c
74.2198 306.7826 l
74.0761 306.9337 73.9140 307.0454 73.7351 307.1203 c
73.5548 307.1937 73.3623 307.2305 73.1574 307.2305 c
72.9451 307.2305 72.7492 307.1954 72.5675 307.1234 c
72.3855 307.0517 72.2296 306.9507 72.0967 306.8206 c
71.9637 306.6908 71.8597 306.5380 71.7863 306.3591 c
71.7114 306.1803 71.6749 305.9878 71.6749 305.7797 c
71.6749 305.5706 71.7114 305.3778 71.7863 305.2006 c
71.8597 305.0218 71.9637 304.8690 72.0967 304.7389 c
72.2296 304.6090 72.3855 304.5095 72.5675 304.4378 c
72.7492 304.3661 72.9451 304.3293 73.1574 304.3293 c
73.3623 304.3293 73.5548 304.3661 73.7351 304.4392 c
73.9140 304.5127 74.0761 304.6275 74.2198 304.7817 c
74.5713 304.4424 l
74.3987 304.2482 74.1892 304.0999 73.9431 304.0007 c
73.6971 303.8998 73.4264 303.8494 73.1313 303.8494 c
h
77.9936 303.8922 m
77.9936 307.6659 l
78.5330 307.6659 l
78.5330 303.8922 l
h
h
75.2865 303.8922 m
75.2865 307.6659 l
75.8262 307.6659 l
75.8262 303.8922 l
h
h
75.7726 305.5751 m
75.7726 306.0442 l
78.0423 306.0442 l
78.0423 305.5751 l
h
h
81.1162 303.8922 m
81.1162 307.6659 l
82.5897 307.6659 l
83.0772 307.6659 83.4625 307.5500 83.7437 307.3190 c
84.0234 307.0868 84.1640 306.7642 84.1640 306.3515 c
84.1640 306.0780 84.1014 305.8441 83.9761 305.6485 c
83.8491 305.4512 83.6702 305.3015 83.4364 305.1975 c
83.2025 305.0921 82.9199 305.0402 82.5897 305.0402 c
81.4127 305.0402 l
81.6559 305.2891 l
81.6559 303.8922 l
h
h
83.6399 303.8922 m
82.6798 305.2616 l
83.2578 305.2616 l
84.2284 303.8922 l
h
h
81.6559 305.2341 m
81.4127 305.4986 l
82.5729 305.4986 l
82.9185 305.4986 83.1798 305.5734 83.3584 305.7233 c
83.5359 305.8716 83.6246 306.0811 83.6246 306.3515 c
83.6246 306.6205 83.5359 306.8283 83.3584 306.9765 c
83.1798 307.1251 82.9185 307.1982 82.5729 307.1982 c
81.4127 307.1982 l
81.6559 307.4672 l
h
h
86.7410 303.8494 m
86.4539 303.8494 86.1877 303.8984 85.9416 303.9945 c
85.6956 304.0909 85.4816 304.2269 85.3027 304.4013 c
85.1224 304.5753 84.9818 304.7803 84.8809 305.0141 c
84.7800 305.2480 84.7295 305.5031 84.7295 305.7797 c
84.7295 306.0564 84.7800 306.3118 84.8809 306.5457 c
84.9818 306.7795 85.1224 306.9828 85.3027 307.1571 c
85.4816 307.3311 85.6942 307.4672 85.9388 307.5650 c
86.1817 307.6614 86.4493 307.7104 86.7410 307.7104 c
87.0284 307.7104 87.2943 307.6631 87.5375 307.5681 c
87.7805 307.4720 87.9914 307.3374 88.1734 307.1631 c
88.3553 306.9890 88.4942 306.7855 88.5937 306.5516 c
88.6929 306.3178 88.7420 306.0595 88.7420 305.7797 c
88.7420 305.5003 88.6929 305.2434 88.5937 305.0096 c
88.4942 304.7757 88.3553 304.5708 88.1734 304.3964 c
87.9914 304.2224 87.7805 304.0877 87.5375 303.9931 c
87.2943 303.8967 87.0284 303.8494 86.7410 303.8494 c
h
86.7410 304.3293 m
86.9505 304.3293 87.1432 304.3661 87.3218 304.4378 c
87.4993 304.5095 87.6538 304.6105 87.7850 304.7420 c
87.9165 304.8718 88.0189 305.0263 88.0923 305.2020 c
88.1657 305.3778 88.2023 305.5706 88.2023 305.7797 c
88.2023 305.9878 88.1657 306.1803 88.0923 306.3560 c
88.0189 306.5318 87.9165 306.6863 87.7850 306.8178 c
87.6538 306.9490 87.4993 307.0517 87.3218 307.1234 c
87.1432 307.1954 86.9505 307.2305 86.7410 307.2305 c
86.5287 307.2305 86.3345 307.1954 86.1574 307.1234 c
85.9785 307.0517 85.8240 306.9490 85.6911 306.8178 c
85.5581 306.6863 85.4541 306.5318 85.3807 306.3560 c
85.3058 306.1803 85.2693 305.9878 85.2693 305.7797 c
85.2693 305.5706 85.3058 305.3778 85.3807 305.2020 c
85.4541 305.0263 85.5581 304.8718 85.6911 304.7420 c
85.8240 304.6105 85.9785 304.5095 86.1574 304.4378 c
86.3345 304.3661 86.5287 304.3293 86.7410 304.3293 c
h
90.6661 303.8494 m
90.3790 303.8494 90.1037 303.8936 89.8424 303.9823 c
89.5796 304.0693 89.3733 304.1841 89.2219 304.3233 c
89.4206 304.7434 l
89.5643 304.6181 89.7477 304.5144 89.9708 304.4316 c
90.1939 304.3491 90.4263 304.3080 90.6661 304.3080 c
90.8850 304.3080 91.0636 304.3324 91.1996 304.3828 c
91.3357 304.4333 91.4366 304.5019 91.5024 304.5906 c
91.5667 304.6779 91.5987 304.7786 91.5987 304.8902 c
91.5987 305.0201 91.5574 305.1241 91.4734 305.2037 c
91.3893 305.2817 91.2793 305.3458 91.1446 305.3948 c
91.0086 305.4421 90.8603 305.4849 90.6999 305.5215 c
90.5380 305.5567 90.3745 305.5995 90.2109 305.6485 c
90.0473 305.6958 89.8974 305.7585 89.7630 305.8333 c
89.6284 305.9082 89.5198 306.0108 89.4373 306.1392 c
89.3548 306.2659 89.3134 306.4309 89.3134 306.6313 c
89.3134 306.8254 89.3656 307.0057 89.4679 307.1693 c
89.5703 307.3329 89.7279 307.4627 89.9419 307.5622 c
90.1559 307.6614 90.4277 307.7104 90.7580 307.7104 c
90.9765 307.7104 91.1951 307.6812 91.4105 307.6248 c
91.6262 307.5667 91.8142 307.4842 91.9715 307.3757 c
91.7929 306.9445 l
91.6322 307.0531 91.4610 307.1310 91.2824 307.1801 c
91.1018 307.2274 90.9278 307.2518 90.7580 307.2518 c
90.5457 307.2518 90.3713 307.2243 90.2353 307.1707 c
90.0992 307.1174 89.9983 307.0454 89.9357 306.9553 c
89.8730 306.8651 89.8410 306.7642 89.8410 306.6525 c
89.8410 306.5196 89.8838 306.4141 89.9677 306.3348 c
90.0519 306.2551 90.1619 306.1925 90.2979 306.1466 c
90.4323 306.0992 90.5808 306.0581 90.7427 306.0198 c
90.9031 305.9816 91.0667 305.9405 91.2302 305.8929 c
91.3938 305.8455 91.5420 305.7846 91.6781 305.7094 c
91.8128 305.6346 91.9210 305.5337 92.0038 305.4084 c
92.0863 305.2817 92.1274 305.1196 92.1274 304.9223 c
92.1274 304.7312 92.0755 304.5555 91.9715 304.3919 c
91.8677 304.2283 91.7073 304.0971 91.4902 303.9976 c
91.2716 303.8984 90.9981 303.8494 90.6661 303.8494 c
h
92.9146 303.8922 m
92.9146 307.6659 l
95.5789 307.6659 l
95.5789 307.1982 l
93.4543 307.1982 l
93.4543 304.3613 l
95.6551 304.3613 l
95.6551 303.8922 l
h
h
93.4053 305.5796 m
93.4053 306.0383 l
95.3464 306.0383 l
95.3464 305.5796 l
h
f
q
34.0432 317.7062 67.4235 50.5610 re W*
n
/GS13 gs
q
34.0432 317.7062 m
34.0432 368.2672 l
101.4667 368.2672 l
101.4667 317.7062 l
h
W*
n
q
67.70408 0.00000 0.00000 50.96939 33.7882 317.3660 cm
/Im77 Do
Q
Q
Q
/GS13 gs
/CS15 cs 0.0000 0.0000 0.0000 0.0000 scn
119.3250 303.7859 m
119.3250 307.9409 l
120.9472 307.9409 l
121.3106 307.9409 121.6219 307.8836 121.8796 307.7691 c
122.1369 307.6549 122.3340 307.4882 122.4734 307.2711 c
122.6115 307.0539 122.6806 306.7948 122.6806 306.4935 c
122.6806 306.1925 122.6115 305.9348 122.4734 305.7194 c
122.3340 305.5025 122.1369 305.3358 121.8796 305.2196 c
121.6219 305.1037 121.3106 305.0447 120.9472 305.0447 c
119.6512 305.0447 l
119.9188 305.3239 l
119.9188 303.7859 l
h
h
119.9188 305.2636 m
119.6512 305.5612 l
120.9285 305.5612 l
121.3089 305.5612 121.5967 305.6420 121.7937 305.8053 c
121.9890 305.9668 122.0865 306.1956 122.0865 306.4935 c
122.0865 306.7897 121.9890 307.0188 121.7937 307.1818 c
121.5967 307.3450 121.3089 307.4258 120.9285 307.4258 c
119.6512 307.4258 l
119.9188 307.7220 l
h
h
125.2851 303.7388 m
124.7397 303.7388 124.3108 303.8953 123.9976 304.2082 c
123.6847 304.5195 123.5282 304.9773 123.5282 305.5782 c
123.5282 307.9409 l
124.1223 307.9409 l
124.1223 305.6034 l
124.1223 305.1405 124.2249 304.8024 124.4285 304.5886 c
124.6320 304.3749 124.9200 304.2672 125.2919 304.2672 c
125.6672 304.2672 125.9583 304.3749 126.1619 304.5886 c
126.3654 304.8024 126.4683 305.1405 126.4683 305.6034 c
126.4683 307.9409 l
127.0437 307.9409 l
127.0437 305.5782 l
127.0437 304.9773 126.8889 304.5195 126.5774 304.2082 c
126.2662 303.8953 125.8353 303.7388 125.2851 303.7388 c
h
128.2589 303.7859 m
128.2589 307.9409 l
129.8812 307.9409 l
130.4181 307.9409 130.8421 307.8130 131.1517 307.5588 c
131.4595 307.3031 131.6146 306.9479 131.6146 306.4935 c
131.6146 306.1925 131.5454 305.9348 131.4074 305.7194 c
131.2679 305.5025 131.0709 305.3375 130.8135 305.2230 c
130.5558 305.1068 130.2446 305.0498 129.8812 305.0498 c
128.5852 305.0498 l
128.8528 305.3239 l
128.8528 303.7859 l
h
h
131.0372 303.7859 m
129.9804 305.2936 l
130.6165 305.2936 l
131.6852 303.7859 l
h
h
128.8528 305.2636 m
128.5852 305.5547 l
129.8625 305.5547 l
130.2429 305.5547 130.5306 305.6369 130.7276 305.8019 c
130.9229 305.9651 131.0204 306.1956 131.0204 306.4935 c
131.0204 306.7897 130.9229 307.0188 130.7276 307.1818 c
130.5306 307.3450 130.2429 307.4258 129.8625 307.4258 c
128.5852 307.4258 l
128.8528 307.7220 l
h
h
132.5755 303.7859 m
132.5755 307.9409 l
134.1978 307.9409 l
134.5612 307.9409 134.8724 307.8836 135.1301 307.7691 c
135.3875 307.6549 135.5845 307.4882 135.7240 307.2711 c
135.8620 307.0539 135.9312 306.7948 135.9312 306.4935 c
135.9312 306.1925 135.8620 305.9348 135.7240 305.7194 c
135.5845 305.5025 135.3875 305.3358 135.1301 305.2196 c
134.8724 305.1037 134.5612 305.0447 134.1978 305.0447 c
132.9018 305.0447 l
133.1694 305.3239 l
133.1694 303.7859 l
h
h
133.1694 305.2636 m
132.9018 305.5612 l
134.1791 305.5612 l
134.5595 305.5612 134.8472 305.6420 135.0442 305.8053 c
135.2395 305.9668 135.3370 306.1956 135.3370 306.4935 c
135.3370 306.7897 135.2395 307.0188 135.0442 307.1818 c
134.8472 307.3450 134.5595 307.4258 134.1791 307.4258 c
132.9018 307.4258 l
133.1694 307.7220 l
h
h
136.8026 303.7859 m
136.8026 307.9409 l
137.3964 307.9409 l
137.3964 304.3026 l
139.6466 304.3026 l
139.6466 303.7859 l
h
h
140.3300 303.7859 m
140.3300 307.9409 l
143.2630 307.9409 l
143.2630 307.4258 l
140.9238 307.4258 l
140.9238 304.3026 l
143.3472 304.3026 l
143.3472 303.7859 l
h
h
140.8700 305.6437 m
140.8700 306.1485 l
143.0073 306.1485 l
143.0073 305.6437 l
h
h
145.9054 303.7859 m
145.9054 307.9409 l
147.5277 307.9409 l
148.0646 307.9409 148.4887 307.8130 148.7982 307.5588 c
149.1060 307.3031 149.2611 306.9479 149.2611 306.4935 c
149.2611 306.1925 149.1919 305.9348 149.0539 305.7194 c
148.9144 305.5025 148.7174 305.3375 148.4600 305.2230 c
148.2024 305.1068 147.8911 305.0498 147.5277 305.0498 c
146.2317 305.0498 l
146.4993 305.3239 l
146.4993 303.7859 l
h
h
148.6837 303.7859 m
147.6269 305.2936 l
148.2630 305.2936 l
149.3317 303.7859 l
h
h
146.4993 305.2636 m
146.2317 305.5547 l
147.5090 305.5547 l
147.8894 305.5547 148.1771 305.6369 148.3741 305.8019 c
148.5694 305.9651 148.6670 306.1956 148.6670 306.4935 c
148.6670 306.7897 148.5694 307.0188 148.3741 307.1818 c
148.1771 307.3450 147.8894 307.4258 147.5090 307.4258 c
146.2317 307.4258 l
146.4993 307.7220 l
h
h
152.0983 303.7388 m
151.7820 303.7388 151.4891 303.7927 151.2181 303.8987 c
150.9471 304.0047 150.7116 304.1544 150.5149 304.3463 c
150.3162 304.5382 150.1614 304.7635 150.0503 305.0212 c
149.9391 305.2786 149.8836 305.5595 149.8836 305.8642 c
149.8836 306.1689 149.9391 306.4499 150.0503 306.7072 c
150.1614 306.9649 150.3162 307.1886 150.5149 307.3805 c
150.7116 307.5724 150.9454 307.7220 151.2147 307.8298 c
151.4823 307.9358 151.7769 307.9896 152.0983 307.9896 c
152.4146 307.9896 152.7075 307.9375 152.9751 307.8332 c
153.2426 307.7271 153.4748 307.5792 153.6752 307.3873 c
153.8753 307.1954 154.0287 306.9714 154.1381 306.7140 c
154.2472 306.4567 154.3011 306.1721 154.3011 305.8642 c
154.3011 305.5564 154.2472 305.2735 154.1381 305.0161 c
154.0287 304.7584 153.8753 304.5331 153.6752 304.3412 c
153.4748 304.1493 153.2426 304.0013 152.9751 303.8970 c
152.7075 303.7910 152.4146 303.7388 152.0983 303.7388 c
h
152.0983 304.2672 m
152.3288 304.2672 152.5411 304.3074 152.7378 304.3865 c
152.9331 304.4656 153.1029 304.5767 153.2477 304.7216 c
153.3926 304.8644 153.5051 305.0345 153.5859 305.2281 c
153.6667 305.4217 153.7072 305.6338 153.7072 305.8642 c
153.7072 306.0930 153.6667 306.3050 153.5859 306.4986 c
153.5051 306.6922 153.3926 306.8620 153.2477 307.0069 c
153.1029 307.1517 152.9331 307.2643 152.7378 307.3433 c
152.5411 307.4224 152.3288 307.4613 152.0983 307.4613 c
151.8644 307.4613 151.6507 307.4224 151.4554 307.3433 c
151.2587 307.2643 151.0886 307.1517 150.9423 307.0069 c
150.7958 306.8620 150.6813 306.6922 150.6005 306.4986 c
150.5180 306.3050 150.4777 306.0930 150.4777 305.8642 c
150.4777 305.6338 150.5180 305.4217 150.6005 305.2281 c
150.6813 305.0345 150.7958 304.8644 150.9423 304.7216 c
151.0886 304.5767 151.2587 304.4656 151.4554 304.3865 c
151.6507 304.3074 151.8644 304.2672 152.0983 304.2672 c
h
156.4200 303.7388 m
156.1037 303.7388 155.8006 303.7876 155.5129 303.8851 c
155.2235 303.9812 154.9964 304.1073 154.8298 304.2604 c
155.0486 304.7233 l
155.2068 304.5852 155.4086 304.4707 155.6544 304.3800 c
155.9001 304.2890 156.1558 304.2437 156.4200 304.2437 c
156.6607 304.2437 156.8577 304.2706 157.0073 304.3261 c
157.1570 304.3817 157.2681 304.4574 157.3407 304.5549 c
157.4113 304.6510 157.4467 304.7618 157.4467 304.8849 c
157.4467 305.0277 157.4011 305.1422 157.3087 305.2298 c
157.2160 305.3157 157.0949 305.3863 156.9467 305.4402 c
156.7970 305.4923 156.6337 305.5394 156.4571 305.5799 c
156.2786 305.6185 156.0986 305.6655 155.9186 305.7194 c
155.7386 305.7715 155.5736 305.8407 155.4253 305.9232 c
155.2774 306.0057 155.1580 306.1182 155.0670 306.2597 c
154.9760 306.3994 154.9307 306.5811 154.9307 306.8016 c
154.9307 307.0154 154.9879 307.2138 155.1008 307.3938 c
155.2133 307.5741 155.3868 307.7169 155.6223 307.8264 c
155.8579 307.9358 156.1575 307.9896 156.5209 307.9896 c
156.7616 307.9896 157.0022 307.9576 157.2395 307.8955 c
157.4768 307.8315 157.6840 307.7405 157.8572 307.6211 c
157.6604 307.1466 l
157.4836 307.2660 157.2951 307.3518 157.0983 307.4057 c
156.8996 307.4579 156.7077 307.4848 156.5209 307.4848 c
156.2871 307.4848 156.0951 307.4545 155.9455 307.3955 c
155.7958 307.3368 155.6847 307.2577 155.6155 307.1582 c
155.5466 307.0590 155.5112 306.9479 155.5112 306.8252 c
155.5112 306.6786 155.5583 306.5627 155.6510 306.4751 c
155.7437 306.3875 155.8647 306.3186 156.0144 306.2682 c
156.1626 306.2160 156.3259 306.1704 156.5042 306.1284 c
156.6808 306.0865 156.8611 306.0408 157.0411 305.9887 c
157.2211 305.9365 157.3843 305.8693 157.5340 305.7868 c
157.6823 305.7043 157.8016 305.5932 157.8926 305.4552 c
157.9833 305.3157 158.0289 305.1371 158.0289 304.9200 c
158.0289 304.7097 157.9717 304.5163 157.8572 304.3361 c
157.7426 304.1561 157.5660 304.0115 157.3271 303.9021 c
157.0864 303.7927 156.7851 303.7388 156.4200 303.7388 c
h
158.8958 303.7859 m
158.8958 307.9409 l
161.8288 307.9409 l
161.8288 307.4258 l
159.4896 307.4258 l
159.4896 304.3026 l
161.9130 304.3026 l
161.9130 303.7859 l
h
h
159.4358 305.6437 m
159.4358 306.1485 l
161.5731 306.1485 l
161.5731 305.6437 l
h
f
q
107.0073 317.7201 67.4022 50.5426 re W*
n
/GS13 gs
q
107.0073 317.7201 m
107.0073 368.2627 l
174.4095 368.2627 l
174.4095 317.7201 l
h
W*
n
q
67.98758 0.00000 0.00000 50.90254 106.6642 317.5042 cm
/Im78 Do
Q
Q
Q
/GS13 gs
/CS15 cs 0.0000 0.0000 0.0000 0.0000 scn
191.7374 303.7388 m
191.4194 303.7388 191.1283 303.7910 190.8607 303.8970 c
190.5931 304.0013 190.3623 304.1493 190.1673 304.3412 c
189.9703 304.5331 189.8172 304.7584 189.7061 305.0161 c
189.5950 305.2735 189.5394 305.5564 189.5394 305.8642 c
189.5394 306.1721 189.5950 306.4567 189.7061 306.7140 c
189.8172 306.9714 189.9720 307.1954 190.1707 307.3873 c
190.3674 307.5792 190.5999 307.7271 190.8672 307.8332 c
191.1348 307.9375 191.4259 307.9896 191.7425 307.9896 c
192.0640 307.9896 192.3599 307.9358 192.6309 307.8264 c
192.9019 307.7169 193.1323 307.5554 193.3226 307.3416 c
192.9356 306.9680 l
192.7774 307.1347 192.5989 307.2577 192.4021 307.3402 c
192.2034 307.4207 191.9914 307.4613 191.7660 307.4613 c
191.5319 307.4613 191.3168 307.4224 191.1163 307.3433 c
190.9162 307.2643 190.7444 307.1534 190.5982 307.0103 c
190.4516 306.8671 190.3371 306.6990 190.2563 306.5020 c
190.1738 306.3050 190.1336 306.0930 190.1336 305.8642 c
190.1336 305.6338 190.1738 305.4217 190.2563 305.2264 c
190.3371 305.0294 190.4516 304.8613 190.5982 304.7182 c
190.7444 304.5750 190.9162 304.4656 191.1163 304.3865 c
191.3168 304.3074 191.5319 304.2672 191.7660 304.2672 c
191.9914 304.2672 192.2034 304.3074 192.4021 304.3882 c
192.5989 304.4690 192.7774 304.5954 192.9356 304.7652 c
193.3226 304.3916 l
193.1323 304.1779 192.9019 304.0146 192.6309 303.9055 c
192.3599 303.7944 192.0623 303.7388 191.7374 303.7388 c
h
195.7788 303.7388 m
195.4624 303.7388 195.1696 303.7927 194.8986 303.8987 c
194.6276 304.0047 194.3921 304.1544 194.1953 304.3463 c
193.9966 304.5382 193.8419 304.7635 193.7307 305.0212 c
193.6196 305.2786 193.5641 305.5595 193.5641 305.8642 c
193.5641 306.1689 193.6196 306.4499 193.7307 306.7072 c
193.8419 306.9649 193.9966 307.1886 194.1953 307.3805 c
194.3921 307.5724 194.6259 307.7220 194.8952 307.8298 c
195.1628 307.9358 195.4573 307.9896 195.7788 307.9896 c
196.0951 307.9896 196.3879 307.9375 196.6555 307.8332 c
196.9231 307.7271 197.1553 307.5792 197.3557 307.3873 c
197.5558 307.1954 197.7092 306.9714 197.8186 306.7140 c
197.9277 306.4567 197.9816 306.1721 197.9816 305.8642 c
197.9816 305.5564 197.9277 305.2735 197.8186 305.0161 c
197.7092 304.7584 197.5558 304.5331 197.3557 304.3412 c
197.1553 304.1493 196.9231 304.0013 196.6555 303.8970 c
196.3879 303.7910 196.0951 303.7388 195.7788 303.7388 c
h
195.7788 304.2672 m
196.0092 304.2672 196.2215 304.3074 196.4183 304.3865 c
196.6136 304.4656 196.7834 304.5767 196.9282 304.7216 c
197.0731 304.8644 197.1856 305.0345 197.2664 305.2281 c
197.3472 305.4217 197.3877 305.6338 197.3877 305.8642 c
197.3877 306.0930 197.3472 306.3050 197.2664 306.4986 c
197.1856 306.6922 197.0731 306.8620 196.9282 307.0069 c
196.7834 307.1517 196.6136 307.2643 196.4183 307.3433 c
196.2215 307.4224 196.0092 307.4613 195.7788 307.4613 c
195.5449 307.4613 195.3312 307.4224 195.1359 307.3433 c
194.9391 307.2643 194.7691 307.1517 194.6228 307.0069 c
194.4763 306.8620 194.3617 306.6922 194.2809 306.4986 c
194.1985 306.3050 194.1582 306.0930 194.1582 305.8642 c
194.1582 305.6338 194.1985 305.4217 194.2809 305.2281 c
194.3617 305.0345 194.4763 304.8644 194.6228 304.7216 c
194.7691 304.5767 194.9391 304.4656 195.1359 304.3865 c
195.3312 304.3074 195.5449 304.2672 195.7788 304.2672 c
h
198.8889 303.7859 m
198.8889 307.9409 l
199.3768 307.9409 l
202.1250 304.5280 l
201.8693 304.5280 l
201.8693 307.9409 l
202.4631 307.9409 l
202.4631 303.7859 l
201.9770 303.7859 l
199.2288 307.1988 l
199.4828 307.1988 l
199.4828 303.7859 l
h
h
203.7104 303.7859 m
203.7104 307.9409 l
206.6434 307.9409 l
206.6434 307.4258 l
204.3043 307.4258 l
204.3043 303.7859 l
h
h
204.2456 305.4654 m
204.2456 305.9770 l
206.3877 305.9770 l
206.3877 305.4654 l
h
h
207.4799 303.7859 m
207.4799 307.9409 l
210.4129 307.9409 l
210.4129 307.4258 l
208.0738 307.4258 l
208.0738 304.3026 l
210.4971 304.3026 l
210.4971 303.7859 l
h
h
208.0199 305.6437 m
208.0199 306.1485 l
210.1572 306.1485 l
210.1572 305.6437 l
h
h
212.2846 303.7859 m
212.2846 307.4258 l
210.8591 307.4258 l
210.8591 307.9409 l
214.2972 307.9409 l
214.2972 307.4258 l
212.8720 307.4258 l
212.8720 303.7859 l
h
h
215.8291 303.7859 m
215.8291 307.4258 l
214.4035 307.4258 l
214.4035 307.9409 l
217.8417 307.9409 l
217.8417 307.4258 l
216.4164 307.4258 l
216.4164 303.7859 l
h
h
218.4880 303.7859 m
218.4880 307.9409 l
219.0818 307.9409 l
219.0818 303.7859 l
h
h
221.9261 303.7859 m
221.9261 307.9409 l
223.5484 307.9409 l
224.0853 307.9409 224.5093 307.8130 224.8189 307.5588 c
225.1267 307.3031 225.2818 306.9479 225.2818 306.4935 c
225.2818 306.1925 225.2126 305.9348 225.0746 305.7194 c
224.9351 305.5025 224.7381 305.3375 224.4807 305.2230 c
224.2230 305.1068 223.9118 305.0498 223.5484 305.0498 c
222.2524 305.0498 l
222.5200 305.3239 l
222.5200 303.7859 l
h
h
224.7043 303.7859 m
223.6476 305.2936 l
224.2837 305.2936 l
225.3523 303.7859 l
h
h
222.5200 305.2636 m
222.2524 305.5547 l
223.5297 305.5547 l
223.9101 305.5547 224.1978 305.6369 224.3948 305.8019 c
224.5901 305.9651 224.6876 306.1956 224.6876 306.4935 c
224.6876 306.7897 224.5901 307.0188 224.3948 307.1818 c
224.1978 307.3450 223.9101 307.4258 223.5297 307.4258 c
222.2524 307.4258 l
222.5200 307.7220 l
h
h
228.1190 303.7388 m
227.8026 303.7388 227.5098 303.7927 227.2388 303.8987 c
226.9678 304.0047 226.7323 304.1544 226.5355 304.3463 c
226.3368 304.5382 226.1820 304.7635 226.0709 305.0212 c
225.9598 305.2786 225.9043 305.5595 225.9043 305.8642 c
225.9043 306.1689 225.9598 306.4499 226.0709 306.7072 c
226.1820 306.9649 226.3368 307.1886 226.5355 307.3805 c
226.7323 307.5724 226.9661 307.7220 227.2354 307.8298 c
227.5030 307.9358 227.7975 307.9896 228.1190 307.9896 c
228.4353 307.9896 228.7281 307.9375 228.9957 307.8332 c
229.2633 307.7271 229.4955 307.5792 229.6959 307.3873 c
229.8960 307.1954 230.0494 306.9714 230.1588 306.7140 c
230.2679 306.4567 230.3218 306.1721 230.3218 305.8642 c
230.3218 305.5564 230.2679 305.2735 230.1588 305.0161 c
230.0494 304.7584 229.8960 304.5331 229.6959 304.3412 c
229.4955 304.1493 229.2633 304.0013 228.9957 303.8970 c
228.7281 303.7910 228.4353 303.7388 228.1190 303.7388 c
h
228.1190 304.2672 m
228.3494 304.2672 228.5617 304.3074 228.7585 304.3865 c
228.9538 304.4656 229.1236 304.5767 229.2684 304.7216 c
229.4133 304.8644 229.5258 305.0345 229.6066 305.2281 c
229.6874 305.4217 229.7279 305.6338 229.7279 305.8642 c
229.7279 306.0930 229.6874 306.3050 229.6066 306.4986 c
229.5258 306.6922 229.4133 306.8620 229.2684 307.0069 c
229.1236 307.1517 228.9538 307.2643 228.7585 307.3433 c
228.5617 307.4224 228.3494 307.4613 228.1190 307.4613 c
227.8851 307.4613 227.6714 307.4224 227.4761 307.3433 c
227.2793 307.2643 227.1093 307.1517 226.9630 307.0069 c
226.8164 306.8620 226.7019 306.6922 226.6211 306.4986 c
226.5386 306.3050 226.4984 306.0930 226.4984 305.8642 c
226.4984 305.6338 226.5386 305.4217 226.6211 305.2281 c
226.7019 305.0345 226.8164 304.8644 226.9630 304.7216 c
227.1093 304.5767 227.2793 304.4656 227.4761 304.3865 c
227.6714 304.3074 227.8851 304.2672 228.1190 304.2672 c
h
232.4407 303.7388 m
232.1243 303.7388 231.8213 303.7876 231.5336 303.8851 c
231.2442 303.9812 231.0171 304.1073 230.8504 304.2604 c
231.0693 304.7233 l
231.2274 304.5852 231.4293 304.4707 231.6750 304.3800 c
231.9208 304.2890 232.1765 304.2437 232.4407 304.2437 c
232.6813 304.2437 232.8783 304.2706 233.0280 304.3261 c
233.1777 304.3817 233.2888 304.4574 233.3614 304.5549 c
233.4319 304.6510 233.4674 304.7618 233.4674 304.8849 c
233.4674 305.0277 233.4217 305.1422 233.3293 305.2298 c
233.2366 305.3157 233.1156 305.3863 232.9673 305.4402 c
232.8177 305.4923 232.6544 305.5394 232.4778 305.5799 c
232.2992 305.6185 232.1192 305.6655 231.9392 305.7194 c
231.7592 305.7715 231.5942 305.8407 231.4460 305.9232 c
231.2980 306.0057 231.1787 306.1182 231.0877 306.2597 c
230.9967 306.3994 230.9513 306.5811 230.9513 306.8016 c
230.9513 307.0154 231.0086 307.2138 231.1214 307.3938 c
231.2340 307.5741 231.4074 307.7169 231.6430 307.8264 c
231.8786 307.9358 232.1782 307.9896 232.5416 307.9896 c
232.7822 307.9896 233.0229 307.9576 233.2602 307.8955 c
233.4974 307.8315 233.7046 307.7405 233.8778 307.6211 c
233.6811 307.1466 l
233.5042 307.2660 233.3157 307.3518 233.1190 307.4057 c
232.9203 307.4579 232.7284 307.4848 232.5416 307.4848 c
232.3077 307.4848 232.1158 307.4545 231.9661 307.3955 c
231.8165 307.3368 231.7054 307.2577 231.6362 307.1582 c
231.5673 307.0590 231.5319 306.9479 231.5319 306.8252 c
231.5319 306.6786 231.5789 306.5627 231.6716 306.4751 c
231.7643 306.3875 231.8854 306.3186 232.0350 306.2682 c
232.1833 306.2160 232.3466 306.1704 232.5249 306.1284 c
232.7014 306.0865 232.8817 306.0408 233.0617 305.9887 c
233.2417 305.9365 233.4050 305.8693 233.5547 305.7868 c
233.7029 305.7043 233.8223 305.5932 233.9133 305.4552 c
234.0040 305.3157 234.0496 305.1371 234.0496 304.9200 c
234.0496 304.7097 233.9923 304.5163 233.8778 304.3361 c
233.7633 304.1561 233.5867 304.0115 233.3477 303.9021 c
233.1071 303.7927 232.8058 303.7388 232.4407 303.7388 c
h
234.9164 303.7859 m
234.9164 307.9409 l
237.8494 307.9409 l
237.8494 307.4258 l
235.5103 307.4258 l
235.5103 304.3026 l
237.9336 304.3026 l
237.9336 303.7859 l
h
h
235.4564 305.6437 m
235.4564 306.1485 l
237.5938 306.1485 l
237.5938 305.6437 l
h
f
q
179.0980 317.7153 67.4036 50.5525 re W*
n
/GS13 gs
q
179.0980 317.7153 m
179.0980 368.2678 l
246.5016 368.2678 l
246.5016 317.7153 l
h
W*
n
q
67.63606 0.00000 0.00000 50.94785 178.9430 317.3898 cm
/Im79 Do
Q
Q
Q
/GS13 gs
/CS15 cs 0.5300 1.0000 0.2800 0.1100 scn
100.3995 224.8923 m
34.5475 224.8923 l
36.8254 230.2654 l
34.5475 235.6384 l
100.3995 235.6384 l
98.1215 230.5542 l
h
f
/GS13 gs
/CS15 cs 0.5300 1.0000 0.2800 0.1100 scn
174.4186 224.8923 m
108.5666 224.8923 l
110.8446 230.2654 l
108.5666 235.6384 l
174.4186 235.6384 l
172.1407 230.5542 l
h
f
/GS13 gs
/CS15 cs 0.5300 1.0000 0.2800 0.1100 scn
247.5479 224.8923 m
181.6960 224.8923 l
183.9739 230.2654 l
181.6960 235.6384 l
247.5479 235.6384 l
245.2700 230.5542 l
h
f
/GS13 gs
/CS15 cs 0.0000 0.0000 0.0000 0.0000 scn
41.2308 227.6575 m
41.2308 231.8125 l
42.9826 231.8125 l
43.4251 231.8125 43.8171 231.7249 44.1556 231.5517 c
44.4937 231.3782 44.7562 231.1342 44.9447 230.8229 c
45.1332 230.5100 45.2276 230.1480 45.2276 229.7358 c
45.2276 229.3234 45.1332 228.9617 44.9447 228.6488 c
44.7562 228.3358 44.4937 228.0917 44.1556 227.9183 c
43.8171 227.7451 43.4251 227.6575 42.9826 227.6575 c
h
h
41.8246 228.1742 m
42.9471 228.1742 l
43.2921 228.1742 43.5900 228.2397 43.8409 228.3710 c
44.0915 228.5005 44.2868 228.6839 44.4266 228.9197 c
44.5643 229.1553 44.6335 229.4280 44.6335 229.7358 c
44.6335 230.0471 44.5643 230.3215 44.4266 230.5553 c
44.2868 230.7892 44.0915 230.9712 43.8409 231.1024 c
43.5900 231.2320 43.2921 231.2974 42.9471 231.2974 c
41.8246 231.2974 l
h
h
45.4459 227.6575 m
47.3292 231.8125 l
47.9163 231.8125 l
49.8047 227.6575 l
49.1803 227.6575 l
47.5007 231.4809 l
47.7380 231.4809 l
46.0585 227.6575 l
h
h
46.2487 228.6958 m
46.4085 229.1720 l
48.7477 229.1720 l
48.9195 228.6958 l
h
h
50.4207 227.6575 m
50.4207 231.8125 l
52.0430 231.8125 l
52.5798 231.8125 53.0039 231.6847 53.3134 231.4304 c
53.6213 231.1747 53.7763 230.8195 53.7763 230.3651 c
53.7763 230.0641 53.7072 229.8064 53.5691 229.5910 c
53.4297 229.3741 53.2327 229.2092 52.9753 229.0946 c
52.7176 228.9784 52.4064 228.9214 52.0430 228.9214 c
50.7470 228.9214 l
51.0146 229.1956 l
51.0146 227.6575 l
h
h
53.1989 227.6575 m
52.1422 229.1652 l
52.7783 229.1652 l
53.8469 227.6575 l
h
h
51.0146 229.1352 m
50.7470 229.4263 l
52.0243 229.4263 l
52.4047 229.4263 52.6924 229.5085 52.8894 229.6735 c
53.0847 229.8368 53.1822 230.0672 53.1822 230.3651 c
53.1822 230.6614 53.0847 230.8904 52.8894 231.0534 c
52.6924 231.2167 52.4047 231.2974 52.0243 231.2974 c
50.7470 231.2974 l
51.0146 231.5937 l
h
h
55.2606 228.6604 m
55.2302 229.3858 l
57.5881 231.8125 l
58.2644 231.8125 l
56.4420 229.8889 l
56.1087 229.5221 l
h
h
54.7373 227.6575 m
54.7373 231.8125 l
55.3311 231.8125 l
55.3311 227.6575 l
h
h
57.6822 227.6575 m
55.9791 229.6400 l
56.3763 230.0791 l
58.3773 227.6575 l
h
h
60.6022 227.6575 m
60.6022 231.8125 l
62.2244 231.8125 l
62.5878 231.8125 62.8991 231.7552 63.1568 231.6407 c
63.4141 231.5265 63.6111 231.3598 63.7506 231.1427 c
63.8887 230.9255 63.9578 230.6665 63.9578 230.3651 c
63.9578 230.0641 63.8887 229.8064 63.7506 229.5910 c
63.6111 229.3741 63.4141 229.2075 63.1568 229.0912 c
62.8991 228.9753 62.5878 228.9163 62.2244 228.9163 c
60.9284 228.9163 l
61.1960 229.1956 l
61.1960 227.6575 l
h
h
61.1960 229.1352 m
60.9284 229.4328 l
62.2057 229.4328 l
62.5861 229.4328 62.8739 229.5136 63.0709 229.6769 c
63.2662 229.8385 63.3637 230.0672 63.3637 230.3651 c
63.3637 230.6614 63.2662 230.8904 63.0709 231.0534 c
62.8739 231.2167 62.5861 231.2974 62.2057 231.2974 c
60.9284 231.2974 l
61.1960 231.5937 l
h
h
64.8292 227.6575 m
64.8292 231.8125 l
65.4231 231.8125 l
65.4231 227.6575 l
h
h
66.6703 227.6575 m
66.6703 231.8125 l
67.1581 231.8125 l
69.9063 228.3996 l
69.6506 228.3996 l
69.6506 231.8125 l
70.2445 231.8125 l
70.2445 227.6575 l
69.7584 227.6575 l
67.0102 231.0704 l
67.2642 231.0704 l
67.2642 227.6575 l
h
h
72.0150 228.6604 m
71.9847 229.3858 l
74.3426 231.8125 l
75.0189 231.8125 l
73.1965 229.8889 l
72.8631 229.5221 l
h
h
71.4917 227.6575 m
71.4917 231.8125 l
72.0856 231.8125 l
72.0856 227.6575 l
h
h
74.4367 227.6575 m
72.7336 229.6400 l
73.1307 230.0791 l
75.1317 227.6575 l
h
h
77.3566 227.6575 m
77.3566 231.8125 l
78.9789 231.8125 l
79.5158 231.8125 79.9398 231.6847 80.2494 231.4304 c
80.5572 231.1747 80.7123 230.8195 80.7123 230.3651 c
80.7123 230.0641 80.6431 229.8064 80.5051 229.5910 c
80.3656 229.3741 80.1686 229.2092 79.9112 229.0946 c
79.6535 228.9784 79.3423 228.9214 78.9789 228.9214 c
77.6829 228.9214 l
77.9505 229.1956 l
77.9505 227.6575 l
h
h
80.1349 227.6575 m
79.0781 229.1652 l
79.7142 229.1652 l
80.7829 227.6575 l
h
h
77.9505 229.1352 m
77.6829 229.4263 l
78.9602 229.4263 l
79.3406 229.4263 79.6283 229.5085 79.8253 229.6735 c
80.0206 229.8368 80.1181 230.0672 80.1181 230.3651 c
80.1181 230.6614 80.0206 230.8904 79.8253 231.0534 c
79.6283 231.2167 79.3406 231.2974 78.9602 231.2974 c
77.6829 231.2974 l
77.9505 231.5937 l
h
h
83.5495 227.6104 m
83.2331 227.6104 82.9403 227.6643 82.6693 227.7703 c
82.3983 227.8763 82.1628 228.0260 81.9660 228.2179 c
81.7673 228.4098 81.6126 228.6351 81.5014 228.8928 c
81.3903 229.1502 81.3348 229.4311 81.3348 229.7358 c
81.3348 230.0406 81.3903 230.3215 81.5014 230.5789 c
81.6126 230.8365 81.7673 231.0602 81.9660 231.2521 c
82.1628 231.4440 82.3966 231.5937 82.6659 231.7014 c
82.9335 231.8074 83.2280 231.8613 83.5495 231.8613 c
83.8658 231.8613 84.1586 231.8091 84.4262 231.7048 c
84.6938 231.5988 84.9260 231.4508 85.1264 231.2589 c
85.3265 231.0670 85.4799 230.8431 85.5893 230.5857 c
85.6984 230.3283 85.7523 230.0437 85.7523 229.7358 c
85.7523 229.4280 85.6984 229.1451 85.5893 228.8877 c
85.4799 228.6300 85.3265 228.4047 85.1264 228.2128 c
84.9260 228.0209 84.6938 227.8729 84.4262 227.7686 c
84.1586 227.6626 83.8658 227.6104 83.5495 227.6104 c
h
83.5495 228.1388 m
83.7799 228.1388 83.9923 228.1791 84.1890 228.2581 c
84.3843 228.3372 84.5541 228.4483 84.6989 228.5932 c
84.8438 228.7361 84.9563 228.9061 85.0371 229.0997 c
85.1179 229.2934 85.1584 229.5054 85.1584 229.7358 c
85.1584 229.9646 85.1179 230.1766 85.0371 230.3702 c
84.9563 230.5638 84.8438 230.7336 84.6989 230.8785 c
84.5541 231.0233 84.3843 231.1359 84.1890 231.2150 c
83.9923 231.2940 83.7799 231.3329 83.5495 231.3329 c
83.3156 231.3329 83.1019 231.2940 82.9066 231.2150 c
82.7099 231.1359 82.5398 231.0233 82.3935 230.8785 c
82.2470 230.7336 82.1324 230.5638 82.0517 230.3702 c
81.9692 230.1766 81.9289 229.9646 81.9289 229.7358 c
81.9289 229.5054 81.9692 229.2934 82.0517 229.0997 c
82.1324 228.9061 82.2470 228.7361 82.3935 228.5932 c
82.5398 228.4483 82.7099 228.3372 82.9066 228.2581 c
83.1019 228.1791 83.3156 228.1388 83.5495 228.1388 c
h
87.8712 227.6104 m
87.5548 227.6104 87.2518 227.6592 86.9641 227.7567 c
86.6747 227.8528 86.4476 227.9789 86.2809 228.1320 c
86.4998 228.5949 l
86.6580 228.4569 86.8598 228.3423 87.1055 228.2516 c
87.3513 228.1606 87.6070 228.1153 87.8712 228.1153 c
88.1118 228.1153 88.3089 228.1422 88.4585 228.1978 c
88.6082 228.2533 88.7193 228.3290 88.7919 228.4265 c
88.8625 228.5226 88.8979 228.6334 88.8979 228.7565 c
88.8979 228.8993 88.8523 229.0139 88.7598 229.1014 c
88.6671 229.1873 88.5461 229.2579 88.3979 229.3118 c
88.2482 229.3639 88.0849 229.4110 87.9083 229.4515 c
87.7297 229.4901 87.5497 229.5371 87.3697 229.5910 c
87.1897 229.6431 87.0248 229.7123 86.8765 229.7948 c
86.7285 229.8773 86.6092 229.9898 86.5182 230.1313 c
86.4272 230.2710 86.3819 230.4527 86.3819 230.6733 c
86.3819 230.8870 86.4391 231.0854 86.5519 231.2654 c
86.6645 231.4457 86.8380 231.5886 87.0735 231.6980 c
87.3091 231.8074 87.6087 231.8613 87.9721 231.8613 c
88.2128 231.8613 88.4534 231.8292 88.6907 231.7671 c
88.9279 231.7031 89.1351 231.6121 89.3083 231.4928 c
89.1116 231.0182 l
88.9347 231.1376 88.7462 231.2235 88.5495 231.2773 c
88.3508 231.3295 88.1589 231.3564 87.9721 231.3564 c
87.7382 231.3564 87.5463 231.3261 87.3967 231.2671 c
87.2470 231.2084 87.1359 231.1294 87.0667 231.0299 c
86.9978 230.9306 86.9624 230.8195 86.9624 230.6968 c
86.9624 230.5502 87.0094 230.4343 87.1021 230.3467 c
87.1948 230.2591 87.3159 230.1902 87.4655 230.1398 c
87.6138 230.0876 87.7771 230.0420 87.9554 230.0000 c
88.1320 229.9581 88.3123 229.9124 88.4923 229.8603 c
88.6723 229.8081 88.8355 229.7409 88.9852 229.6585 c
89.1334 229.5760 89.2528 229.4649 89.3438 229.3268 c
89.4345 229.1873 89.4801 229.0088 89.4801 228.7916 c
89.4801 228.5813 89.4229 228.3880 89.3083 228.2077 c
89.1938 228.0277 89.0172 227.8831 88.7783 227.7737 c
88.5376 227.6643 88.2363 227.6104 87.8712 227.6104 c
h
90.3470 227.6575 m
90.3470 231.8125 l
93.2800 231.8125 l
93.2800 231.2974 l
90.9408 231.2974 l
90.9408 228.1742 l
93.3642 228.1742 l
93.3642 227.6575 l
h
h
90.8870 229.5153 m
90.8870 230.0202 l
93.0243 230.0202 l
93.0243 229.5153 l
h
f
/GS13 gs
/CS15 cs 0.0000 0.0000 0.0000 0.0000 scn
116.3730 227.6575 m
116.3730 231.8125 l
118.2376 231.8125 l
118.7172 231.8125 119.0857 231.7167 119.3431 231.5248 c
119.6005 231.3329 119.7286 231.0704 119.7286 230.7387 c
119.7286 230.5134 119.6779 230.3232 119.5770 230.1701 c
119.4761 230.0151 119.3397 229.8957 119.1699 229.8132 c
118.9998 229.7307 118.8147 229.6888 118.6177 229.6888 c
118.7237 229.8654 l
118.9610 229.8654 119.1716 229.8234 119.3550 229.7409 c
119.5367 229.6585 119.6813 229.5354 119.7873 229.3756 c
119.8933 229.2157 119.9472 229.0173 119.9472 228.7800 c
119.9472 228.4231 119.8142 228.1473 119.5466 227.9520 c
119.2791 227.7550 118.8836 227.6575 118.3569 227.6575 c
h
h
116.9668 228.1388 m
118.3334 228.1388 l
118.6617 228.1388 118.9123 228.1944 119.0874 228.3055 c
119.2606 228.4149 119.3482 228.5898 119.3482 228.8271 c
119.3482 229.0677 119.2606 229.2443 119.0874 229.3554 c
118.9123 229.4666 118.6617 229.5221 118.3334 229.5221 c
116.9130 229.5221 l
116.9130 230.0017 l
118.1837 230.0017 l
118.4848 230.0017 118.7189 230.0573 118.8853 230.1684 c
119.0520 230.2795 119.1345 230.4459 119.1345 230.6682 c
119.1345 230.8887 119.0520 231.0551 118.8853 231.1662 c
118.7189 231.2773 118.4848 231.3329 118.1837 231.3329 c
116.9668 231.3329 l
h
h
122.7441 227.6104 m
122.4278 227.6104 122.1350 227.6643 121.8640 227.7703 c
121.5930 227.8763 121.3574 228.0260 121.1607 228.2179 c
120.9620 228.4098 120.8072 228.6351 120.6961 228.8928 c
120.5850 229.1502 120.5294 229.4311 120.5294 229.7358 c
120.5294 230.0406 120.5850 230.3215 120.6961 230.5789 c
120.8072 230.8365 120.9620 231.0602 121.1607 231.2521 c
121.3574 231.4440 121.5913 231.5937 121.8606 231.7014 c
122.1282 231.8074 122.4227 231.8613 122.7441 231.8613 c
123.0605 231.8613 123.3533 231.8091 123.6209 231.7048 c
123.8885 231.5988 124.1206 231.4508 124.3210 231.2589 c
124.5212 231.0670 124.6745 230.8431 124.7839 230.5857 c
124.8931 230.3283 124.9469 230.0437 124.9469 229.7358 c
124.9469 229.4280 124.8931 229.1451 124.7839 228.8877 c
124.6745 228.6300 124.5212 228.4047 124.3210 228.2128 c
124.1206 228.0209 123.8885 227.8729 123.6209 227.7686 c
123.3533 227.6626 123.0605 227.6104 122.7441 227.6104 c
h
122.7441 228.1388 m
122.9746 228.1388 123.1869 228.1791 123.3836 228.2581 c
123.5789 228.3372 123.7487 228.4483 123.8936 228.5932 c
124.0384 228.7361 124.1510 228.9061 124.2317 229.0997 c
124.3125 229.2934 124.3531 229.5054 124.3531 229.7358 c
124.3531 229.9646 124.3125 230.1766 124.2317 230.3702 c
124.1510 230.5638 124.0384 230.7336 123.8936 230.8785 c
123.7487 231.0233 123.5789 231.1359 123.3836 231.2150 c
123.1869 231.2940 122.9746 231.3329 122.7441 231.3329 c
122.5103 231.3329 122.2965 231.2940 122.1012 231.2150 c
121.9045 231.1359 121.7344 231.0233 121.5882 230.8785 c
121.4416 230.7336 121.3271 230.5638 121.2463 230.3702 c
121.1638 230.1766 121.1236 229.9646 121.1236 229.7358 c
121.1236 229.5054 121.1638 229.2934 121.2463 229.0997 c
121.3271 228.9061 121.4416 228.7361 121.5882 228.5932 c
121.7344 228.4483 121.9045 228.3372 122.1012 228.2581 c
122.2965 228.1791 122.5103 228.1388 122.7441 228.1388 c
h
125.8543 227.6575 m
125.8543 231.8125 l
128.7873 231.8125 l
128.7873 231.2974 l
126.4482 231.2974 l
126.4482 228.1742 l
128.8715 228.1742 l
128.8715 227.6575 l
h
h
126.3943 229.5153 m
126.3943 230.0202 l
128.5316 230.0202 l
128.5316 229.5153 l
h
h
129.8327 227.6575 m
129.8327 231.8125 l
131.4550 231.8125 l
131.9919 231.8125 132.4159 231.6847 132.7255 231.4304 c
133.0333 231.1747 133.1884 230.8195 133.1884 230.3651 c
133.1884 230.0641 133.1192 229.8064 132.9812 229.5910 c
132.8417 229.3741 132.6447 229.2092 132.3873 229.0946 c
132.1296 228.9784 131.8184 228.9214 131.4550 228.9214 c
130.1590 228.9214 l
130.4266 229.1956 l
130.4266 227.6575 l
h
h
132.6110 227.6575 m
131.5542 229.1652 l
132.1903 229.1652 l
133.2590 227.6575 l
h
h
130.4266 229.1352 m
130.1590 229.4263 l
131.4363 229.4263 l
131.8167 229.4263 132.1044 229.5085 132.3014 229.6735 c
132.4967 229.8368 132.5942 230.0672 132.5942 230.3651 c
132.5942 230.6614 132.4967 230.8904 132.3014 231.0534 c
132.1044 231.2167 131.8167 231.2974 131.4363 231.2974 c
130.1590 231.2974 l
130.4266 231.5937 l
h
h
134.1493 227.6575 m
134.1493 231.8125 l
134.6372 231.8125 l
137.3854 228.3996 l
137.1297 228.3996 l
137.1297 231.8125 l
137.7235 231.8125 l
137.7235 227.6575 l
137.2374 227.6575 l
134.4892 231.0704 l
134.7432 231.0704 l
134.7432 227.6575 l
h
h
138.9708 227.6575 m
138.9708 231.8125 l
141.9038 231.8125 l
141.9038 231.2974 l
139.5646 231.2974 l
139.5646 228.1742 l
141.9880 228.1742 l
141.9880 227.6575 l
h
h
139.5108 229.5153 m
139.5108 230.0202 l
141.6481 230.0202 l
141.6481 229.5153 l
h
h
142.9492 227.6575 m
142.9492 231.8125 l
144.5715 231.8125 l
145.1083 231.8125 145.5324 231.6847 145.8420 231.4304 c
146.1498 231.1747 146.3049 230.8195 146.3049 230.3651 c
146.3049 230.0641 146.2357 229.8064 146.0976 229.5910 c
145.9582 229.3741 145.7612 229.2092 145.5038 229.0946 c
145.2461 228.9784 144.9349 228.9214 144.5715 228.9214 c
143.2755 228.9214 l
143.5431 229.1956 l
143.5431 227.6575 l
h
h
145.7274 227.6575 m
144.6707 229.1652 l
145.3068 229.1652 l
146.3754 227.6575 l
h
h
143.5431 229.1352 m
143.2755 229.4263 l
144.5528 229.4263 l
144.9332 229.4263 145.2209 229.5085 145.4179 229.6735 c
145.6132 229.8368 145.7107 230.0672 145.7107 230.3651 c
145.7107 230.6614 145.6132 230.8904 145.4179 231.0534 c
145.2209 231.2167 144.9332 231.2974 144.5528 231.2974 c
143.2755 231.2974 l
143.5431 231.5937 l
h
h
148.8628 227.6575 m
148.8628 231.8125 l
150.4851 231.8125 l
151.0220 231.8125 151.4460 231.6847 151.7556 231.4304 c
152.0634 231.1747 152.2185 230.8195 152.2185 230.3651 c
152.2185 230.0641 152.1493 229.8064 152.0113 229.5910 c
151.8718 229.3741 151.6748 229.2092 151.4174 229.0946 c
151.1597 228.9784 150.8485 228.9214 150.4851 228.9214 c
149.1891 228.9214 l
149.4567 229.1956 l
149.4567 227.6575 l
h
h
151.6411 227.6575 m
150.5843 229.1652 l
151.2204 229.1652 l
152.2891 227.6575 l
h
h
149.4567 229.1352 m
149.1891 229.4263 l
150.4664 229.4263 l
150.8468 229.4263 151.1345 229.5085 151.3315 229.6735 c
151.5268 229.8368 151.6243 230.0672 151.6243 230.3651 c
151.6243 230.6614 151.5268 230.8904 151.3315 231.0534 c
151.1345 231.2167 150.8468 231.2974 150.4664 231.2974 c
149.1891 231.2974 l
149.4567 231.5937 l
h
h
155.0557 227.6104 m
154.7393 227.6104 154.4465 227.6643 154.1755 227.7703 c
153.9045 227.8763 153.6690 228.0260 153.4723 228.2179 c
153.2735 228.4098 153.1188 228.6351 153.0077 228.8928 c
152.8965 229.1502 152.8410 229.4311 152.8410 229.7358 c
152.8410 230.0406 152.8965 230.3215 153.0077 230.5789 c
153.1188 230.8365 153.2735 231.0602 153.4723 231.2521 c
153.6690 231.4440 153.9028 231.5937 154.1721 231.7014 c
154.4397 231.8074 154.7342 231.8613 155.0557 231.8613 c
155.3720 231.8613 155.6649 231.8091 155.9324 231.7048 c
156.2000 231.5988 156.4322 231.4508 156.6326 231.2589 c
156.8327 231.0670 156.9861 230.8431 157.0955 230.5857 c
157.2046 230.3283 157.2585 230.0437 157.2585 229.7358 c
157.2585 229.4280 157.2046 229.1451 157.0955 228.8877 c
156.9861 228.6300 156.8327 228.4047 156.6326 228.2128 c
156.4322 228.0209 156.2000 227.8729 155.9324 227.7686 c
155.6649 227.6626 155.3720 227.6104 155.0557 227.6104 c
h
155.0557 228.1388 m
155.2861 228.1388 155.4985 228.1791 155.6952 228.2581 c
155.8905 228.3372 156.0603 228.4483 156.2051 228.5932 c
156.3500 228.7361 156.4625 228.9061 156.5433 229.0997 c
156.6241 229.2934 156.6646 229.5054 156.6646 229.7358 c
156.6646 229.9646 156.6241 230.1766 156.5433 230.3702 c
156.4625 230.5638 156.3500 230.7336 156.2051 230.8785 c
156.0603 231.0233 155.8905 231.1359 155.6952 231.2150 c
155.4985 231.2940 155.2861 231.3329 155.0557 231.3329 c
154.8218 231.3329 154.6081 231.2940 154.4128 231.2150 c
154.2161 231.1359 154.0460 231.0233 153.8997 230.8785 c
153.7532 230.7336 153.6386 230.5638 153.5579 230.3702 c
153.4754 230.1766 153.4351 229.9646 153.4351 229.7358 c
153.4351 229.5054 153.4754 229.2934 153.5579 229.0997 c
153.6386 228.9061 153.7532 228.7361 153.8997 228.5932 c
154.0460 228.4483 154.2161 228.3372 154.4128 228.2581 c
154.6081 228.1791 154.8218 228.1388 155.0557 228.1388 c
h
159.3774 227.6104 m
159.0610 227.6104 158.7580 227.6592 158.4703 227.7567 c
158.1809 227.8528 157.9538 227.9789 157.7871 228.1320 c
158.0060 228.5949 l
158.1642 228.4569 158.3660 228.3423 158.6117 228.2516 c
158.8575 228.1606 159.1132 228.1153 159.3774 228.1153 c
159.6180 228.1153 159.8151 228.1422 159.9647 228.1978 c
160.1144 228.2533 160.2255 228.3290 160.2981 228.4265 c
160.3687 228.5226 160.4041 228.6334 160.4041 228.7565 c
160.4041 228.8993 160.3585 229.0139 160.2660 229.1014 c
160.1734 229.1873 160.0523 229.2579 159.9041 229.3118 c
159.7544 229.3639 159.5911 229.4110 159.4145 229.4515 c
159.2359 229.4901 159.0559 229.5371 158.8759 229.5910 c
158.6959 229.6431 158.5310 229.7123 158.3827 229.7948 c
158.2347 229.8773 158.1154 229.9898 158.0244 230.1313 c
157.9334 230.2710 157.8881 230.4527 157.8881 230.6733 c
157.8881 230.8870 157.9453 231.0854 158.0581 231.2654 c
158.1707 231.4457 158.3442 231.5886 158.5797 231.6980 c
158.8153 231.8074 159.1149 231.8613 159.4783 231.8613 c
159.7190 231.8613 159.9596 231.8292 160.1969 231.7671 c
160.4341 231.7031 160.6414 231.6121 160.8146 231.4928 c
160.6178 231.0182 l
160.4409 231.1376 160.2524 231.2235 160.0557 231.2773 c
159.8570 231.3295 159.6651 231.3564 159.4783 231.3564 c
159.2444 231.3564 159.0525 231.3261 158.9029 231.2671 c
158.7532 231.2084 158.6421 231.1294 158.5729 231.0299 c
158.5040 230.9306 158.4686 230.8195 158.4686 230.6968 c
158.4686 230.5502 158.5157 230.4343 158.6083 230.3467 c
158.7010 230.2591 158.8221 230.1902 158.9717 230.1398 c
159.1200 230.0876 159.2833 230.0420 159.4616 230.0000 c
159.6382 229.9581 159.8185 229.9124 159.9985 229.8603 c
160.1785 229.8081 160.3417 229.7409 160.4914 229.6585 c
160.6397 229.5760 160.7590 229.4649 160.8500 229.3268 c
160.9407 229.1873 160.9863 229.0088 160.9863 228.7916 c
160.9863 228.5813 160.9291 228.3880 160.8146 228.2077 c
160.7000 228.0277 160.5234 227.8831 160.2845 227.7737 c
160.0438 227.6643 159.7425 227.6104 159.3774 227.6104 c
h
161.8532 227.6575 m
161.8532 231.8125 l
164.7862 231.8125 l
164.7862 231.2974 l
162.4470 231.2974 l
162.4470 228.1742 l
164.8704 228.1742 l
164.8704 227.6575 l
h
h
162.3932 229.5153 m
162.3932 230.0202 l
164.5305 230.0202 l
164.5305 229.5153 l
h
f
q
34.0611 241.5889 67.3963 50.5372 re W*
n
/GS13 gs
q
34.0611 241.5889 m
34.0611 292.1261 l
101.4574 292.1261 l
101.4574 241.5889 l
h
W*
n
q
67.59184 0.00000 0.00000 50.94813 34.0221 241.3345 cm
/Im80 Do
Q
Q
Q
q
107.0178 241.5900 67.3852 50.5497 re W*
n
/GS13 gs
q
107.0178 241.5900 m
107.0178 292.1397 l
174.4030 292.1397 l
174.4030 241.5900 l
h
W*
n
q
68.05102 0.00000 0.00000 51.00589 106.6734 241.3946 cm
/Im81 Do
Q
Q
Q
/GS13 gs
/CS15 cs 0.0000 0.0000 0.0000 0.0000 scn
197.7443 227.6575 m
197.7443 231.8125 l
199.3666 231.8125 l
199.9035 231.8125 200.3275 231.6847 200.6371 231.4304 c
200.9449 231.1747 201.1000 230.8195 201.1000 230.3651 c
201.1000 230.0641 201.0308 229.8064 200.8928 229.5910 c
200.7533 229.3741 200.5563 229.2092 200.2989 229.0946 c
200.0412 228.9784 199.7300 228.9214 199.3666 228.9214 c
198.0706 228.9214 l
198.3382 229.1956 l
198.3382 227.6575 l
h
h
200.5226 227.6575 m
199.4658 229.1652 l
200.1019 229.1652 l
201.1706 227.6575 l
h
h
198.3382 229.1352 m
198.0706 229.4263 l
199.3479 229.4263 l
199.7283 229.4263 200.0160 229.5085 200.2130 229.6735 c
200.4083 229.8368 200.5058 230.0672 200.5058 230.3651 c
200.5058 230.6614 200.4083 230.8904 200.2130 231.0534 c
200.0160 231.2167 199.7283 231.2974 199.3479 231.2974 c
198.0706 231.2974 l
198.3382 231.5937 l
h
h
203.9372 227.6104 m
203.6208 227.6104 203.3280 227.6643 203.0570 227.7703 c
202.7860 227.8763 202.5505 228.0260 202.3537 228.2179 c
202.1550 228.4098 202.0003 228.6351 201.8891 228.8928 c
201.7780 229.1502 201.7225 229.4311 201.7225 229.7358 c
201.7225 230.0406 201.7780 230.3215 201.8891 230.5789 c
202.0003 230.8365 202.1550 231.0602 202.3537 231.2521 c
202.5505 231.4440 202.7843 231.5937 203.0536 231.7014 c
203.3212 231.8074 203.6157 231.8613 203.9372 231.8613 c
204.2535 231.8613 204.5463 231.8091 204.8139 231.7048 c
205.0815 231.5988 205.3137 231.4508 205.5141 231.2589 c
205.7142 231.0670 205.8676 230.8431 205.9770 230.5857 c
206.0861 230.3283 206.1400 230.0437 206.1400 229.7358 c
206.1400 229.4280 206.0861 229.1451 205.9770 228.8877 c
205.8676 228.6300 205.7142 228.4047 205.5141 228.2128 c
205.3137 228.0209 205.0815 227.8729 204.8139 227.7686 c
204.5463 227.6626 204.2535 227.6104 203.9372 227.6104 c
h
203.9372 228.1388 m
204.1676 228.1388 204.3799 228.1791 204.5767 228.2581 c
204.7720 228.3372 204.9418 228.4483 205.0866 228.5932 c
205.2315 228.7361 205.3440 228.9061 205.4248 229.0997 c
205.5056 229.2934 205.5461 229.5054 205.5461 229.7358 c
205.5461 229.9646 205.5056 230.1766 205.4248 230.3702 c
205.3440 230.5638 205.2315 230.7336 205.0866 230.8785 c
204.9418 231.0233 204.7720 231.1359 204.5767 231.2150 c
204.3799 231.2940 204.1676 231.3329 203.9372 231.3329 c
203.7033 231.3329 203.4896 231.2940 203.2943 231.2150 c
203.0975 231.1359 202.9275 231.0233 202.7812 230.8785 c
202.6346 230.7336 202.5201 230.5638 202.4393 230.3702 c
202.3569 230.1766 202.3166 229.9646 202.3166 229.7358 c
202.3166 229.5054 202.3569 229.2934 202.4393 229.0997 c
202.5201 228.9061 202.6346 228.7361 202.7812 228.5932 c
202.9275 228.4483 203.0975 228.3372 203.2943 228.2581 c
203.4896 228.1791 203.7033 228.1388 203.9372 228.1388 c
h
208.9069 227.6104 m
208.5888 227.6104 208.2977 227.6626 208.0301 227.7686 c
207.7625 227.8729 207.5318 228.0209 207.3368 228.2128 c
207.1397 228.4047 206.9867 228.6300 206.8756 228.8877 c
206.7644 229.1451 206.7089 229.4280 206.7089 229.7358 c
206.7089 230.0437 206.7644 230.3283 206.8756 230.5857 c
206.9867 230.8431 207.1414 231.0670 207.3402 231.2589 c
207.5369 231.4508 207.7693 231.5988 208.0366 231.7048 c
208.3042 231.8091 208.5953 231.8613 208.9120 231.8613 c
209.2334 231.8613 209.5294 231.8074 209.8003 231.6980 c
210.0713 231.5886 210.3018 231.4270 210.4920 231.2133 c
210.1051 230.8397 l
209.9469 231.0063 209.7683 231.1294 209.5716 231.2118 c
209.3729 231.2923 209.1609 231.3329 208.9355 231.3329 c
208.7014 231.3329 208.4862 231.2940 208.2858 231.2150 c
208.0857 231.1359 207.9139 231.0250 207.7676 230.8819 c
207.6211 230.7387 207.5066 230.5706 207.4258 230.3736 c
207.3433 230.1766 207.3030 229.9646 207.3030 229.7358 c
207.3030 229.5054 207.3433 229.2934 207.4258 229.0980 c
207.5066 228.9010 207.6211 228.7329 207.7676 228.5898 c
207.9139 228.4466 208.0857 228.3372 208.2858 228.2581 c
208.4862 228.1791 208.7014 228.1388 208.9355 228.1388 c
209.1609 228.1388 209.3729 228.1791 209.5716 228.2598 c
209.7683 228.3406 209.9469 228.4671 210.1051 228.6369 c
210.4920 228.2632 l
210.3018 228.0495 210.0713 227.8862 209.8003 227.7771 c
209.5294 227.6660 209.2317 227.6104 208.9069 227.6104 c
h
211.8030 228.6604 m
211.7727 229.3858 l
214.1306 231.8125 l
214.8069 231.8125 l
212.9845 229.8889 l
212.6511 229.5221 l
h
h
211.2797 227.6575 m
211.2797 231.8125 l
211.8736 231.8125 l
211.8736 227.6575 l
h
h
214.2247 227.6575 m
212.5216 229.6400 l
212.9187 230.0791 l
214.9197 227.6575 l
h
h
216.6701 227.6104 m
216.3538 227.6104 216.0507 227.6592 215.7630 227.7567 c
215.4736 227.8528 215.2466 227.9789 215.0799 228.1320 c
215.2987 228.5949 l
215.4569 228.4569 215.6587 228.3423 215.9045 228.2516 c
216.1502 228.1606 216.4059 228.1153 216.6701 228.1153 c
216.9108 228.1153 217.1078 228.1422 217.2574 228.1978 c
217.4071 228.2533 217.5182 228.3290 217.5908 228.4265 c
217.6614 228.5226 217.6968 228.6334 217.6968 228.7565 c
217.6968 228.8993 217.6512 229.0139 217.5588 229.1014 c
217.4661 229.1873 217.3450 229.2579 217.1968 229.3118 c
217.0471 229.3639 216.8838 229.4110 216.7072 229.4515 c
216.5287 229.4901 216.3487 229.5371 216.1687 229.5910 c
215.9887 229.6431 215.8237 229.7123 215.6754 229.7948 c
215.5275 229.8773 215.4081 229.9898 215.3171 230.1313 c
215.2261 230.2710 215.1808 230.4527 215.1808 230.6733 c
215.1808 230.8870 215.2380 231.0854 215.3509 231.2654 c
215.4634 231.4457 215.6369 231.5886 215.8724 231.6980 c
216.1080 231.8074 216.4076 231.8613 216.7710 231.8613 c
217.0117 231.8613 217.2523 231.8292 217.4896 231.7671 c
217.7269 231.7031 217.9341 231.6121 218.1073 231.4928 c
217.9106 231.0182 l
217.7337 231.1376 217.5452 231.2235 217.3484 231.2773 c
217.1497 231.3295 216.9578 231.3564 216.7710 231.3564 c
216.5372 231.3564 216.3453 231.3261 216.1956 231.2671 c
216.0459 231.2084 215.9348 231.1294 215.8656 231.0299 c
215.7968 230.9306 215.7613 230.8195 215.7613 230.6968 c
215.7613 230.5502 215.8084 230.4343 215.9011 230.3467 c
215.9938 230.2591 216.1148 230.1902 216.2645 230.1398 c
216.4127 230.0876 216.5760 230.0420 216.7543 230.0000 c
216.9309 229.9581 217.1112 229.9124 217.2912 229.8603 c
217.4712 229.8081 217.6345 229.7409 217.7841 229.6585 c
217.9324 229.5760 218.0517 229.4649 218.1427 229.3268 c
218.2334 229.1873 218.2791 229.0088 218.2791 228.7916 c
218.2791 228.5813 218.2218 228.3880 218.1073 228.2077 c
217.9928 228.0277 217.8162 227.8831 217.5772 227.7737 c
217.3365 227.6643 217.0352 227.6104 216.6701 227.6104 c
h
219.9129 227.6575 m
219.9129 231.2974 l
218.4874 231.2974 l
218.4874 231.8125 l
221.9255 231.8125 l
221.9255 231.2974 l
220.5003 231.2974 l
220.5003 227.6575 l
h
h
221.7345 227.6575 m
223.6178 231.8125 l
224.2049 231.8125 l
226.0933 227.6575 l
225.4689 227.6575 l
223.7893 231.4809 l
224.0266 231.4809 l
222.3471 227.6575 l
h
h
222.5373 228.6958 m
222.6971 229.1720 l
225.0363 229.1720 l
225.2081 228.6958 l
h
h
226.7093 227.6575 m
226.7093 231.8125 l
228.3316 231.8125 l
228.8684 231.8125 229.2925 231.6847 229.6020 231.4304 c
229.9099 231.1747 230.0649 230.8195 230.0649 230.3651 c
230.0649 230.0641 229.9958 229.8064 229.8577 229.5910 c
229.7183 229.3741 229.5213 229.2092 229.2639 229.0946 c
229.0062 228.9784 228.6950 228.9214 228.3316 228.9214 c
227.0356 228.9214 l
227.3031 229.1956 l
227.3031 227.6575 l
h
h
229.4875 227.6575 m
228.4308 229.1652 l
229.0669 229.1652 l
230.1355 227.6575 l
h
h
227.3031 229.1352 m
227.0356 229.4263 l
228.3129 229.4263 l
228.6933 229.4263 228.9810 229.5085 229.1780 229.6735 c
229.3733 229.8368 229.4708 230.0672 229.4708 230.3651 c
229.4708 230.6614 229.3733 230.8904 229.1780 231.0534 c
228.9810 231.2167 228.6933 231.2974 228.3129 231.2974 c
227.0356 231.2974 l
227.3031 231.5937 l
h
f
q
179.0974 241.5773 67.3920 50.5568 re W*
n
/GS13 gs
q
179.0974 241.5773 m
179.0974 292.1340 l
246.4894 292.1340 l
246.4894 241.5773 l
h
W*
n
q
67.51807 0.00000 0.00000 50.90908 179.0722 241.4263 cm
/Im82 Do
Q
Q
Q
/GS13 gs
/CS15 cs 0.5300 1.0000 0.2800 0.1100 scn
205.1053 192.4727 m
76.2265 192.4727 l
80.6845 201.7956 l
76.2265 211.1176 l
205.1053 211.1176 l
200.6473 202.2976 l
h
f
/GS13 gs
/CS15 cs 0.0000 0.0000 0.0000 0.0000 scn
117.1032 198.5984 m
117.1032 206.7361 l
123.2535 206.7361 l
123.2535 205.2266 l
118.9851 205.2266 l
118.9851 198.5984 l
h
h
118.8468 201.5649 m
118.8468 203.0743 l
122.7523 203.0743 l
122.7523 201.5649 l
h
h
124.5322 198.5984 m
124.5322 206.7361 l
126.4141 206.7361 l
126.4141 198.5984 l
h
h
128.3457 198.5984 m
128.3457 206.7361 l
130.2276 206.7361 l
130.2276 200.1342 l
134.3115 200.1342 l
134.3115 198.5984 l
h
h
135.3694 198.5984 m
135.3694 206.7361 l
137.2513 206.7361 l
137.2513 200.1342 l
141.3351 200.1342 l
141.3351 198.5984 l
h
h
142.3930 198.5984 m
142.3930 206.7361 l
148.5434 206.7361 l
148.5434 205.2266 l
144.2650 205.2266 l
144.2650 200.1112 l
148.6950 200.1112 l
148.6950 198.5984 l
h
h
144.1233 201.9932 m
144.1233 203.4601 l
148.0422 203.4601 l
148.0422 201.9932 l
h
h
150.1946 198.5984 m
150.1946 206.7361 l
153.6718 206.7361 l
154.8023 206.7361 155.6824 206.4759 156.3117 205.9517 c
156.9382 205.4276 157.2511 204.7059 157.2511 203.7830 c
157.2511 203.1797 157.1094 202.6590 156.8228 202.2208 c
156.5359 201.7823 156.1272 201.4495 155.5999 201.2153 c
155.0727 200.9815 154.4462 200.8661 153.7180 200.8661 c
151.2394 200.8661 l
152.0765 201.6901 l
152.0765 198.5984 l
h
h
155.3692 198.5984 m
153.3322 201.5515 l
155.3462 201.5515 l
157.4028 198.5984 l
h
h
152.0765 201.4824 m
151.2394 202.3656 l
153.6126 202.3656 l
154.1959 202.3656 154.6308 202.4909 154.9176 202.7446 c
155.2045 202.9952 155.3462 203.3413 155.3462 203.7830 c
155.3462 204.2345 155.2045 204.5840 154.9176 204.8312 c
154.6308 205.0784 154.1959 205.2037 153.6126 205.2037 c
151.2394 205.2037 l
152.0765 206.0969 l
h
h
161.4141 198.4601 m
160.7647 198.4601 160.1419 198.5457 159.5452 198.7203 c
158.9485 198.8949 158.4675 199.1191 158.1015 199.3992 c
158.7410 200.8199 l
159.0902 200.5727 159.5024 200.3683 159.9803 200.2102 c
160.4548 200.0486 160.9362 199.9695 161.4271 199.9695 c
161.7996 199.9695 162.0995 200.0058 162.3271 200.0815 c
162.5545 200.1540 162.7260 200.2564 162.8345 200.3882 c
162.9434 200.5200 162.9961 200.6717 162.9961 200.8429 c
162.9961 201.0606 162.9105 201.2318 162.7424 201.3605 c
162.5709 201.4889 162.3467 201.5912 162.0666 201.6734 c
161.7866 201.7559 161.4798 201.8319 161.1437 201.9076 c
160.8043 201.9801 160.4682 202.0723 160.1320 202.1811 c
159.7924 202.2900 159.4860 202.4283 159.2056 202.5998 c
158.9255 202.7679 158.7013 202.9918 158.5267 203.2722 c
158.3521 203.5522 158.2631 203.9083 158.2631 204.3434 c
158.2631 204.8080 158.3884 205.2300 158.6421 205.6156 c
158.8927 206.0011 159.2717 206.3078 159.7825 206.5351 c
160.2901 206.7625 160.9262 206.8778 161.6941 206.8778 c
162.2049 206.8778 162.7092 206.8186 163.2070 206.6967 c
163.7014 206.5748 164.1399 206.3968 164.5189 206.1561 c
163.9386 204.7258 l
163.5596 204.9432 163.1772 205.1048 162.7982 205.2102 c
162.4192 205.3123 162.0468 205.3650 161.6811 205.3650 c
161.3186 205.3650 161.0218 205.3222 160.7879 205.2397 c
160.5538 205.1541 160.3891 205.0421 160.2867 204.9069 c
160.1847 204.7717 160.1351 204.6135 160.1351 204.4355 c
160.1351 204.2280 160.2210 204.0599 160.3922 203.9312 c
160.5603 203.8028 160.7845 203.6974 161.0646 203.6214 c
161.3449 203.5457 161.6513 203.4666 161.9909 203.3906 c
162.3271 203.3116 162.6633 203.2226 163.0026 203.1205 c
163.3388 203.0182 163.6455 202.8832 163.9256 202.7151 c
164.2056 202.5437 164.4333 202.3194 164.6079 202.0394 c
164.7825 201.7593 164.8681 201.4067 164.8681 200.9815 c
164.8681 200.5231 164.7397 200.1047 164.4860 199.7257 c
164.2289 199.3465 163.8465 199.0400 163.3388 198.8093 c
162.8314 198.5754 162.1885 198.4601 161.4141 198.4601 c
f
/GS13 gs
/CS15 cs 0.5300 1.0000 0.2800 0.1100 scn
100.3995 111.7114 m
34.5475 111.7114 l
36.8254 116.4832 l
34.5475 121.2554 l
100.3995 121.2554 l
98.1215 116.7403 l
h
f
/GS13 gs
/CS15 cs 0.0000 0.0000 0.0000 0.0000 scn
49.3914 114.4763 m
49.3914 118.6313 l
51.2561 118.6313 l
51.7357 118.6313 52.1042 118.5355 52.3616 118.3436 c
52.6192 118.1517 52.7471 117.8892 52.7471 117.5576 c
52.7471 117.3322 52.6966 117.1420 52.5957 116.9889 c
52.4945 116.8342 52.3582 116.7146 52.1884 116.6321 c
52.0183 116.5496 51.8332 116.5076 51.6362 116.5076 c
51.7425 116.6842 l
51.9797 116.6842 52.1901 116.6423 52.3735 116.5598 c
52.5552 116.4773 52.7000 116.3546 52.8060 116.1947 c
52.9121 116.0348 52.9659 115.8361 52.9659 115.5988 c
52.9659 115.2420 52.8330 114.9661 52.5654 114.7708 c
52.2978 114.5738 51.9024 114.4763 51.3754 114.4763 c
h
h
49.9853 114.9576 m
51.3519 114.9576 l
51.6801 114.9576 51.9307 115.0132 52.1059 115.1243 c
52.2791 115.2337 52.3667 115.4086 52.3667 115.6459 c
52.3667 115.8866 52.2791 116.0631 52.1059 116.1743 c
51.9307 116.2854 51.6801 116.3409 51.3519 116.3409 c
49.9314 116.3409 l
49.9314 116.8206 l
51.2022 116.8206 l
51.5032 116.8206 51.7374 116.8761 51.9038 116.9872 c
52.0705 117.0984 52.1529 117.2648 52.1529 117.4870 c
52.1529 117.7075 52.0705 117.8742 51.9038 117.9850 c
51.7374 118.0962 51.5032 118.1517 51.2022 118.1517 c
49.9853 118.1517 l
h
h
53.8863 114.4763 m
53.8863 118.6313 l
54.4802 118.6313 l
54.4802 114.9931 l
56.7303 114.9931 l
56.7303 114.4763 l
h
h
59.0641 114.4293 m
58.5190 114.4293 58.0898 114.5857 57.7766 114.8987 c
57.4637 115.2099 57.3072 115.6677 57.3072 116.2687 c
57.3072 118.6313 l
57.9013 118.6313 l
57.9013 116.2939 l
57.9013 115.8310 58.0039 115.4928 58.2075 115.2791 c
58.4113 115.0654 58.6990 114.9576 59.0709 114.9576 c
59.4462 114.9576 59.7373 115.0654 59.9409 115.2791 c
60.1447 115.4928 60.2473 115.8310 60.2473 116.2939 c
60.2473 118.6313 l
60.8227 118.6313 l
60.8227 116.2687 l
60.8227 115.6677 60.6679 115.2099 60.3567 114.8987 c
60.0452 114.5857 59.6143 114.4293 59.0641 114.4293 c
h
62.0379 114.4763 m
62.0379 118.6313 l
64.9712 118.6313 l
64.9712 118.1166 l
62.6318 118.1166 l
62.6318 114.9931 l
65.0554 114.9931 l
65.0554 114.4763 l
h
h
62.5779 116.3341 m
62.5779 116.8390 l
64.7152 116.8390 l
64.7152 116.3341 l
h
h
67.6134 114.4763 m
67.6134 118.6313 l
69.3652 118.6313 l
69.8077 118.6313 70.2000 118.5437 70.5382 118.3706 c
70.8763 118.1971 71.1388 117.9533 71.3273 117.6418 c
71.5158 117.3288 71.6102 116.9671 71.6102 116.5547 c
71.6102 116.1425 71.5158 115.7805 71.3273 115.4676 c
71.1388 115.1546 70.8763 114.9106 70.5382 114.7371 c
70.2000 114.5639 69.8077 114.4763 69.3652 114.4763 c
h
h
68.2072 114.9931 m
69.3298 114.9931 l
69.6747 114.9931 69.9727 115.0586 70.2235 115.1898 c
70.4741 115.3193 70.6694 115.5030 70.8092 115.7386 c
70.9472 115.9741 71.0161 116.2468 71.0161 116.5547 c
71.0161 116.8659 70.9472 117.1403 70.8092 117.3742 c
70.6694 117.6083 70.4741 117.7900 70.2235 117.9213 c
69.9727 118.0508 69.6747 118.1166 69.3298 118.1166 c
68.2072 118.1166 l
h
h
72.5173 114.4763 m
72.5173 118.6313 l
73.1112 118.6313 l
73.1112 114.4763 l
h
h
73.7289 114.4763 m
75.6122 118.6313 l
76.1995 118.6313 l
78.0877 114.4763 l
77.4632 114.4763 l
75.7837 118.3000 l
76.0209 118.3000 l
74.3414 114.4763 l
h
h
74.5316 115.5146 m
74.6915 115.9909 l
77.0306 115.9909 l
77.2024 115.5146 l
h
h
79.9152 114.4293 m
79.5988 114.4293 79.2958 114.4780 79.0081 114.5755 c
78.7187 114.6716 78.4916 114.7978 78.3249 114.9508 c
78.5438 115.4137 l
78.7020 115.2757 78.9038 115.1612 79.1495 115.0705 c
79.3953 114.9795 79.6510 114.9341 79.9152 114.9341 c
80.1558 114.9341 80.3529 114.9610 80.5025 115.0166 c
80.6525 115.0722 80.7633 115.1478 80.8359 115.2454 c
80.9065 115.3414 80.9419 115.4523 80.9419 115.5753 c
80.9419 115.7182 80.8963 115.8327 80.8038 115.9203 c
80.7111 116.0062 80.5901 116.0768 80.4419 116.1306 c
80.2922 116.1828 80.1289 116.2298 79.9523 116.2704 c
79.7740 116.3089 79.5937 116.3563 79.4137 116.4098 c
79.2337 116.4623 79.0688 116.5311 78.9208 116.6136 c
78.7725 116.6961 78.6532 116.8089 78.5622 116.9501 c
78.4712 117.0899 78.4259 117.2716 78.4259 117.4921 c
78.4259 117.7058 78.4831 117.9043 78.5959 118.0845 c
78.7085 118.2645 78.8820 118.4077 79.1175 118.5168 c
79.3531 118.6262 79.6527 118.6801 80.0161 118.6801 c
80.2568 118.6801 80.4974 118.6483 80.7347 118.5860 c
80.9722 118.5219 81.1791 118.4312 81.3523 118.3116 c
81.1556 117.8371 l
80.9787 117.9567 80.7902 118.0423 80.5935 118.0962 c
80.3948 118.1483 80.2029 118.1752 80.0161 118.1752 c
79.7822 118.1752 79.5903 118.1449 79.4407 118.0862 c
79.2910 118.0273 79.1799 117.9482 79.1107 117.8490 c
79.0418 117.7495 79.0064 117.6384 79.0064 117.5156 c
79.0064 117.3694 79.0537 117.2531 79.1461 117.1655 c
79.2388 117.0780 79.3599 117.0091 79.5095 116.9586 c
79.6578 116.9065 79.8211 116.8611 79.9994 116.8189 c
80.1760 116.7769 80.3563 116.7313 80.5363 116.6791 c
80.7163 116.6270 80.8795 116.5598 81.0292 116.4773 c
81.1774 116.3948 81.2968 116.2837 81.3878 116.1456 c
81.4788 116.0062 81.5241 115.8276 81.5241 115.6105 c
81.5241 115.4001 81.4669 115.2068 81.3523 115.0265 c
81.2381 114.8465 81.0612 114.7020 80.8223 114.5925 c
80.5816 114.4831 80.2806 114.4293 79.9152 114.4293 c
h
83.3066 114.4763 m
83.3066 116.0666 l
83.4429 115.6997 l
81.6557 118.6313 l
82.2900 118.6313 l
83.7930 116.1558 l
83.4480 116.1558 l
84.9557 118.6313 l
85.5448 118.6313 l
83.7626 115.6997 l
83.8939 116.0666 l
83.8939 114.4763 l
h
f
q
34.5419 128.3740 67.2806 50.4490 re W*
n
/GS13 gs
q
34.5419 128.3740 m
34.5419 178.8231 l
101.8225 178.8231 l
101.8225 128.3740 l
h
W*
n
q
67.46144 0.00000 0.00000 50.62973 34.4817 128.2135 cm
/Im83 Do
Q
Q
Q
/GS13 gs
/CS15 cs 0.5300 1.0000 0.2800 0.1100 scn
173.9738 111.7114 m
108.1219 111.7114 l
110.3998 116.4832 l
108.1219 121.2554 l
173.9738 121.2554 l
171.6959 116.7403 l
h
f
/GS13 gs
/CS15 cs 0.0000 0.0000 0.0000 0.0000 scn
122.4179 114.4763 m
121.0294 118.6313 l
121.6403 118.6313 l
122.9176 114.7978 l
122.6081 114.7978 l
123.9324 118.6313 l
124.4795 118.6313 l
125.7735 114.7978 l
125.4756 114.7978 l
126.7699 118.6313 l
127.3334 118.6313 l
125.9453 114.4763 l
125.3208 114.4763 l
124.1107 118.0324 l
124.2706 118.0324 l
123.0540 114.4763 l
h
h
131.0377 114.4763 m
131.0377 118.6313 l
131.6319 118.6313 l
131.6319 114.4763 l
h
h
128.0574 114.4763 m
128.0574 118.6313 l
128.6512 118.6313 l
128.6512 114.4763 l
h
h
128.5926 116.3293 m
128.5926 116.8458 l
131.0916 116.8458 l
131.0916 116.3293 l
h
h
132.8788 114.4763 m
132.8788 118.6313 l
133.4727 118.6313 l
133.4727 114.4763 l
h
h
135.5462 114.4763 m
135.5462 118.1166 l
134.1207 118.1166 l
134.1207 118.6313 l
137.5588 118.6313 l
137.5588 118.1166 l
136.1336 118.1166 l
136.1336 114.4763 l
h
h
138.2051 114.4763 m
138.2051 118.6313 l
141.1384 118.6313 l
141.1384 118.1166 l
138.7990 118.1166 l
138.7990 114.9931 l
141.2226 114.9931 l
141.2226 114.4763 l
h
h
138.7451 116.3341 m
138.7451 116.8390 l
140.8825 116.8390 l
140.8825 116.3341 l
h
h
143.7806 114.4763 m
143.7806 118.6313 l
145.5324 118.6313 l
145.9749 118.6313 146.3672 118.5437 146.7054 118.3706 c
147.0436 118.1971 147.3060 117.9533 147.4946 117.6418 c
147.6831 117.3288 147.7774 116.9671 147.7774 116.5547 c
147.7774 116.1425 147.6831 115.7805 147.4946 115.4676 c
147.3060 115.1546 147.0436 114.9106 146.7054 114.7371 c
146.3672 114.5639 145.9749 114.4763 145.5324 114.4763 c
h
h
144.3745 114.9931 m
145.4970 114.9931 l
145.8420 114.9931 146.1399 115.0586 146.3907 115.1898 c
146.6413 115.3193 146.8366 115.5030 146.9764 115.7386 c
147.1144 115.9741 147.1833 116.2468 147.1833 116.5547 c
147.1833 116.8659 147.1144 117.1403 146.9764 117.3742 c
146.8366 117.6083 146.6413 117.7900 146.3907 117.9213 c
146.1399 118.0508 145.8420 118.1166 145.4970 118.1166 c
144.3745 118.1166 l
h
h
148.6845 114.4763 m
148.6845 118.6313 l
149.2784 118.6313 l
149.2784 114.4763 l
h
h
149.8961 114.4763 m
151.7794 118.6313 l
152.3667 118.6313 l
154.2549 114.4763 l
153.6304 114.4763 l
151.9509 118.3000 l
152.1882 118.3000 l
150.5086 114.4763 l
h
h
150.6988 115.5146 m
150.8587 115.9909 l
153.1979 115.9909 l
153.3696 115.5146 l
h
h
156.0824 114.4293 m
155.7660 114.4293 155.4630 114.4780 155.1753 114.5755 c
154.8859 114.6716 154.6588 114.7978 154.4922 114.9508 c
154.7110 115.4137 l
154.8692 115.2757 155.0710 115.1612 155.3168 115.0705 c
155.5625 114.9795 155.8182 114.9341 156.0824 114.9341 c
156.3231 114.9341 156.5201 114.9610 156.6697 115.0166 c
156.8197 115.0722 156.9305 115.1478 157.0031 115.2454 c
157.0737 115.3414 157.1091 115.4523 157.1091 115.5753 c
157.1091 115.7182 157.0635 115.8327 156.9711 115.9203 c
156.8784 116.0062 156.7573 116.0768 156.6091 116.1306 c
156.4594 116.1828 156.2961 116.2298 156.1195 116.2704 c
155.9412 116.3089 155.7609 116.3563 155.5809 116.4098 c
155.4009 116.4623 155.2360 116.5311 155.0880 116.6136 c
154.9397 116.6961 154.8204 116.8089 154.7294 116.9501 c
154.6384 117.0899 154.5931 117.2716 154.5931 117.4921 c
154.5931 117.7058 154.6503 117.9043 154.7631 118.0845 c
154.8757 118.2645 155.0492 118.4077 155.2847 118.5168 c
155.5203 118.6262 155.8199 118.6801 156.1833 118.6801 c
156.4240 118.6801 156.6646 118.6483 156.9019 118.5860 c
157.1394 118.5219 157.3464 118.4312 157.5196 118.3116 c
157.3228 117.8371 l
157.1460 117.9567 156.9574 118.0423 156.7607 118.0962 c
156.5620 118.1483 156.3701 118.1752 156.1833 118.1752 c
155.9494 118.1752 155.7575 118.1449 155.6079 118.0862 c
155.4582 118.0273 155.3471 117.9482 155.2779 117.8490 c
155.2090 117.7495 155.1736 117.6384 155.1736 117.5156 c
155.1736 117.3694 155.2209 117.2531 155.3134 117.1655 c
155.4060 117.0780 155.5271 117.0091 155.6768 116.9586 c
155.8250 116.9065 155.9883 116.8611 156.1666 116.8189 c
156.3432 116.7769 156.5235 116.7313 156.7035 116.6791 c
156.8835 116.6270 157.0467 116.5598 157.1964 116.4773 c
157.3447 116.3948 157.4640 116.2837 157.5550 116.1456 c
157.6460 116.0062 157.6913 115.8276 157.6913 115.6105 c
157.6913 115.4001 157.6341 115.2068 157.5196 115.0265 c
157.4053 114.8465 157.2284 114.7020 156.9895 114.5925 c
156.7488 114.4831 156.4478 114.4293 156.0824 114.4293 c
h
159.4738 114.4763 m
159.4738 116.0666 l
159.6101 115.6997 l
157.8229 118.6313 l
158.4573 118.6313 l
159.9602 116.1558 l
159.6152 116.1558 l
161.1230 118.6313 l
161.7120 118.6313 l
159.9299 115.6997 l
160.0611 116.0666 l
160.0611 114.4763 l
h
f
q
106.9291 128.3822 67.2622 50.4332 re W*
n
/GS13 gs
q
106.9291 128.3822 m
106.9291 178.8154 l
174.1912 178.8154 l
174.1912 128.3822 l
h
W*
n
q
67.70088 0.00000 0.00000 50.77173 106.7829 128.3501 cm
/Im84 Do
Q
Q
Q
/GS13 gs
/CS15 cs 0.5300 1.0000 0.2800 0.1100 scn
247.5479 111.7114 m
181.6960 111.7114 l
183.9739 116.4832 l
181.6960 121.2554 l
247.5479 121.2554 l
245.2700 116.7403 l
h
f
/GS13 gs
/CS15 cs 0.0000 0.0000 0.0000 0.0000 scn
191.8193 114.4763 m
191.8193 118.6313 l
193.4416 118.6313 l
193.8050 118.6313 194.1165 118.5741 194.3739 118.4598 c
194.6313 118.3453 194.8283 118.1786 194.9681 117.9615 c
195.1058 117.7444 195.1750 117.4853 195.1750 117.1840 c
195.1750 116.8829 195.1058 116.6253 194.9681 116.4098 c
194.8283 116.1930 194.6313 116.0263 194.3739 115.9101 c
194.1165 115.7941 193.8050 115.7352 193.4416 115.7352 c
192.1456 115.7352 l
192.4132 116.0144 l
192.4132 114.4763 l
h
h
192.4132 115.9540 m
192.1456 116.2517 l
193.4232 116.2517 l
193.8033 116.2517 194.0910 116.3324 194.2880 116.4957 c
194.4833 116.6573 194.5809 116.8863 194.5809 117.1840 c
194.5809 117.4802 194.4833 117.7092 194.2880 117.8725 c
194.0910 118.0358 193.8033 118.1166 193.4232 118.1166 c
192.1456 118.1166 l
192.4132 118.4125 l
h
h
197.7795 114.4293 m
197.2344 114.4293 196.8052 114.5857 196.4920 114.8987 c
196.1790 115.2099 196.0226 115.6677 196.0226 116.2687 c
196.0226 118.6313 l
196.6167 118.6313 l
196.6167 116.2939 l
196.6167 115.8310 196.7193 115.4928 196.9228 115.2791 c
197.1266 115.0654 197.4144 114.9576 197.7863 114.9576 c
198.1616 114.9576 198.4527 115.0654 198.6562 115.2791 c
198.8600 115.4928 198.9626 115.8310 198.9626 116.2939 c
198.9626 118.6313 l
199.5381 118.6313 l
199.5381 116.2687 l
199.5381 115.6677 199.3833 115.2099 199.0721 114.8987 c
198.7605 114.5857 198.3297 114.4293 197.7795 114.4293 c
h
200.7533 114.4763 m
200.7533 118.6313 l
202.3756 118.6313 l
202.9124 118.6313 203.3365 118.5035 203.6460 118.2495 c
203.9542 117.9935 204.1089 117.6384 204.1089 117.1840 c
204.1089 116.8829 204.0398 116.6253 203.9020 116.4098 c
203.7623 116.1930 203.5653 116.0280 203.3079 115.9135 c
203.0505 115.7973 202.7390 115.7403 202.3756 115.7403 c
201.0796 115.7403 l
201.3471 116.0144 l
201.3471 114.4763 l
h
h
203.5315 114.4763 m
202.4748 115.9841 l
203.1109 115.9841 l
204.1795 114.4763 l
h
h
201.3471 115.9540 m
201.0796 116.2451 l
202.3571 116.2451 l
202.7373 116.2451 203.0250 116.3276 203.2220 116.4923 c
203.4173 116.6556 203.5148 116.8863 203.5148 117.1840 c
203.5148 117.4802 203.4173 117.7092 203.2220 117.8725 c
203.0250 118.0358 202.7373 118.1166 202.3571 118.1166 c
201.0796 118.1166 l
201.3471 118.4125 l
h
h
205.0699 114.4763 m
205.0699 118.6313 l
206.6922 118.6313 l
207.0556 118.6313 207.3671 118.5741 207.6245 118.4598 c
207.8819 118.3453 208.0789 118.1786 208.2186 117.9615 c
208.3564 117.7444 208.4255 117.4853 208.4255 117.1840 c
208.4255 116.8829 208.3564 116.6253 208.2186 116.4098 c
208.0789 116.1930 207.8819 116.0263 207.6245 115.9101 c
207.3671 115.7941 207.0556 115.7352 206.6922 115.7352 c
205.3962 115.7352 l
205.6637 116.0144 l
205.6637 114.4763 l
h
h
205.6637 115.9540 m
205.3962 116.2517 l
206.6737 116.2517 l
207.0539 116.2517 207.3416 116.3324 207.5386 116.4957 c
207.7339 116.6573 207.8314 116.8863 207.8314 117.1840 c
207.8314 117.4802 207.7339 117.7092 207.5386 117.8725 c
207.3416 118.0358 207.0539 118.1166 206.6737 118.1166 c
205.3962 118.1166 l
205.6637 118.4125 l
h
h
209.2969 114.4763 m
209.2969 118.6313 l
209.8908 118.6313 l
209.8908 114.9931 l
212.1409 114.9931 l
212.1409 114.4763 l
h
h
212.8243 114.4763 m
212.8243 118.6313 l
215.7576 118.6313 l
215.7576 118.1166 l
213.4182 118.1166 l
213.4182 114.9931 l
215.8418 114.9931 l
215.8418 114.4763 l
h
h
213.3643 116.3341 m
213.3643 116.8390 l
215.5017 116.8390 l
215.5017 116.3341 l
h
h
218.3998 114.4763 m
218.3998 118.6313 l
220.1516 118.6313 l
220.5941 118.6313 220.9864 118.5437 221.3246 118.3706 c
221.6628 118.1971 221.9253 117.9533 222.1138 117.6418 c
222.3023 117.3288 222.3967 116.9671 222.3967 116.5547 c
222.3967 116.1425 222.3023 115.7805 222.1138 115.4676 c
221.9253 115.1546 221.6628 114.9106 221.3246 114.7371 c
220.9864 114.5639 220.5941 114.4763 220.1516 114.4763 c
h
h
218.9937 114.9931 m
220.1162 114.9931 l
220.4612 114.9931 220.7591 115.0586 221.0100 115.1898 c
221.2605 115.3193 221.4558 115.5030 221.5956 115.7386 c
221.7336 115.9741 221.8025 116.2468 221.8025 116.5547 c
221.8025 116.8659 221.7336 117.1403 221.5956 117.3742 c
221.4558 117.6083 221.2605 117.7900 221.0100 117.9213 c
220.7591 118.0508 220.4612 118.1166 220.1162 118.1166 c
218.9937 118.1166 l
h
h
223.3037 114.4763 m
223.3037 118.6313 l
223.8976 118.6313 l
223.8976 114.4763 l
h
h
224.5153 114.4763 m
226.3986 118.6313 l
226.9860 118.6313 l
228.8741 114.4763 l
228.2496 114.4763 l
226.5701 118.3000 l
226.8074 118.3000 l
225.1278 114.4763 l
h
h
225.3180 115.5146 m
225.4779 115.9909 l
227.8171 115.9909 l
227.9889 115.5146 l
h
h
230.7016 114.4293 m
230.3853 114.4293 230.0822 114.4780 229.7945 114.5755 c
229.5051 114.6716 229.2780 114.7978 229.1114 114.9508 c
229.3302 115.4137 l
229.4884 115.2757 229.6902 115.1612 229.9360 115.0705 c
230.1817 114.9795 230.4374 114.9341 230.7016 114.9341 c
230.9423 114.9341 231.1393 114.9610 231.2889 115.0166 c
231.4389 115.0722 231.5497 115.1478 231.6223 115.2454 c
231.6929 115.3414 231.7283 115.4523 231.7283 115.5753 c
231.7283 115.7182 231.6827 115.8327 231.5903 115.9203 c
231.4976 116.0062 231.3765 116.0768 231.2283 116.1306 c
231.0786 116.1828 230.9153 116.2298 230.7387 116.2704 c
230.5604 116.3089 230.3802 116.3563 230.2002 116.4098 c
230.0202 116.4623 229.8552 116.5311 229.7072 116.6136 c
229.5590 116.6961 229.4396 116.8089 229.3486 116.9501 c
229.2576 117.0899 229.2123 117.2716 229.2123 117.4921 c
229.2123 117.7058 229.2695 117.9043 229.3824 118.0845 c
229.4949 118.2645 229.6684 118.4077 229.9039 118.5168 c
230.1395 118.6262 230.4391 118.6801 230.8025 118.6801 c
231.0432 118.6801 231.2838 118.6483 231.5211 118.5860 c
231.7586 118.5219 231.9656 118.4312 232.1388 118.3116 c
231.9420 117.8371 l
231.7652 117.9567 231.5767 118.0423 231.3799 118.0962 c
231.1812 118.1483 230.9893 118.1752 230.8025 118.1752 c
230.5687 118.1752 230.3768 118.1449 230.2271 118.0862 c
230.0774 118.0273 229.9663 117.9482 229.8971 117.8490 c
229.8283 117.7495 229.7928 117.6384 229.7928 117.5156 c
229.7928 117.3694 229.8402 117.2531 229.9326 117.1655 c
230.0253 117.0780 230.1463 117.0091 230.2960 116.9586 c
230.4442 116.9065 230.6075 116.8611 230.7858 116.8189 c
230.9624 116.7769 231.1427 116.7313 231.3227 116.6791 c
231.5027 116.6270 231.6660 116.5598 231.8156 116.4773 c
231.9639 116.3948 232.0832 116.2837 232.1742 116.1456 c
232.2652 116.0062 232.3106 115.8276 232.3106 115.6105 c
232.3106 115.4001 232.2533 115.2068 232.1388 115.0265 c
232.0245 114.8465 231.8477 114.7020 231.6087 114.5925 c
231.3680 114.4831 231.0670 114.4293 230.7016 114.4293 c
h
234.0930 114.4763 m
234.0930 116.0666 l
234.2293 115.6997 l
232.4421 118.6313 l
233.0765 118.6313 l
234.5794 116.1558 l
234.2344 116.1558 l
235.7422 118.6313 l
236.3312 118.6313 l
234.5491 115.6997 l
234.6803 116.0666 l
234.6803 114.4763 l
h
f
q
179.2964 128.3706 67.2622 50.4371 re W*
n
/GS13 gs
q
179.2964 128.3706 m
179.2964 178.8077 l
246.5586 178.8077 l
246.5586 128.3706 l
h
W*
n
q
67.94544 0.00000 0.00000 50.67258 178.9422 128.1521 cm
/Im85 Do
Q
Q
Q
/GS13 gs
/CS15 cs 0.5300 1.0000 0.2800 0.1100 scn
101.2586 34.6385 m
35.7917 34.6385 l
38.0557 40.6383 l
35.7917 46.6384 l
101.2586 46.6384 l
98.9946 40.9615 l
h
f
/GS13 gs
/CS15 cs 0.0000 0.0000 0.0000 0.0000 scn
50.2240 37.6472 m
50.2240 41.7781 l
51.8369 41.7781 l
52.1980 41.7781 52.5076 41.7212 52.7635 41.6075 c
53.0195 41.4935 53.2154 41.3280 53.3543 41.1120 c
53.4915 40.8963 53.5601 40.6386 53.5601 40.3393 c
53.5601 40.0397 53.4915 39.7837 53.3543 39.5697 c
53.2154 39.3537 53.0195 39.1881 52.7635 39.0728 c
52.5076 38.9571 52.1980 38.8987 51.8369 38.8987 c
50.5485 38.8987 l
50.8144 39.1765 l
50.8144 37.6472 l
h
h
50.8144 39.1161 m
50.5485 39.4123 l
51.8185 39.4123 l
52.1966 39.4123 52.4826 39.4926 52.6782 39.6550 c
52.8724 39.8154 52.9693 40.0431 52.9693 40.3393 c
52.9693 40.6335 52.8724 40.8611 52.6782 41.0236 c
52.4826 41.1857 52.1966 41.2659 51.8185 41.2659 c
50.5485 41.2659 l
50.8144 41.5604 l
h
h
54.4263 37.6472 m
54.4263 41.7781 l
55.0168 41.7781 l
55.0168 37.6472 l
h
h
56.2567 37.6472 m
56.2567 41.7781 l
56.7417 41.7781 l
59.4740 38.3851 l
59.2197 38.3851 l
59.2197 41.7781 l
59.8102 41.7781 l
59.8102 37.6472 l
59.3266 37.6472 l
56.5946 41.0403 l
56.8471 41.0403 l
56.8471 37.6472 l
h
h
61.5702 38.6444 m
61.5402 39.3656 l
63.8841 41.7781 l
64.5568 41.7781 l
62.7449 39.8656 l
62.4135 39.5011 l
h
h
61.0500 37.6472 m
61.0500 41.7781 l
61.6405 41.7781 l
61.6405 37.6472 l
h
h
63.9780 37.6472 m
62.2848 39.6181 l
62.6797 40.0547 l
64.6688 37.6472 l
h
h
66.8806 37.6472 m
66.8806 41.7781 l
68.6222 41.7781 l
69.0622 41.7781 69.4519 41.6911 69.7884 41.5188 c
70.1246 41.3464 70.3857 41.1038 70.5730 40.7942 c
70.7604 40.4830 70.8542 40.1233 70.8542 39.7134 c
70.8542 39.3035 70.7604 38.9438 70.5730 38.6325 c
70.3857 38.3216 70.1246 38.0789 69.7884 37.9066 c
69.4519 37.7342 69.0622 37.6472 68.6222 37.6472 c
h
h
67.4711 38.1609 m
68.5871 38.1609 l
68.9301 38.1609 69.2263 38.2260 69.4755 38.3567 c
69.7249 38.4854 69.9188 38.6677 70.0577 38.9021 c
70.1949 39.1363 70.2635 39.4072 70.2635 39.7134 c
70.2635 40.0229 70.1949 40.2956 70.0577 40.5283 c
69.9188 40.7608 69.7249 40.9414 69.4755 41.0720 c
69.2263 41.2007 68.9301 41.2659 68.5871 41.2659 c
67.4711 41.2659 l
h
h
71.7559 37.6472 m
71.7559 41.7781 l
72.3464 41.7781 l
72.3464 37.6472 l
h
h
72.9604 37.6472 m
74.8327 41.7781 l
75.4166 41.7781 l
77.2937 37.6472 l
76.6729 37.6472 l
75.0033 41.4485 l
75.2391 41.4485 l
73.5695 37.6472 l
h
h
73.7586 38.6796 m
73.9174 39.1530 l
76.2432 39.1530 l
76.4138 38.6796 l
h
h
79.1104 37.6004 m
78.7961 37.6004 78.4947 37.6489 78.2087 37.7459 c
77.9210 37.8414 77.6951 37.9667 77.5295 38.1189 c
77.7470 38.5792 l
77.9043 38.4420 78.1050 38.3281 78.3493 38.2377 c
78.5937 38.1475 78.8479 38.1022 79.1104 38.1022 c
79.3497 38.1022 79.5455 38.1291 79.6944 38.1844 c
79.8435 38.2394 79.9537 38.3148 80.0257 38.4117 c
80.0960 38.5072 80.1312 38.6175 80.1312 38.7397 c
80.1312 38.8820 80.0858 38.9957 79.9940 39.0827 c
79.9019 39.1680 79.7814 39.2383 79.6343 39.2919 c
79.4852 39.3437 79.3230 39.3905 79.1473 39.4308 c
78.9701 39.4690 78.7910 39.5161 78.6121 39.5697 c
78.4329 39.6215 78.2691 39.6901 78.1217 39.7721 c
77.9746 39.8540 77.8558 39.9660 77.7654 40.1066 c
77.6750 40.2454 77.6299 40.4263 77.6299 40.6454 c
77.6299 40.8577 77.6869 41.0553 77.7988 41.2342 c
77.9111 41.4133 78.0831 41.5556 78.3176 41.6642 c
78.5517 41.7730 78.8496 41.8266 79.2111 41.8266 c
79.4503 41.8266 79.6895 41.7949 79.9254 41.7328 c
80.1612 41.6693 80.3670 41.5789 80.5394 41.4601 c
80.3435 40.9884 l
80.1680 41.1072 79.9807 41.1925 79.7848 41.2461 c
79.5875 41.2980 79.3967 41.3246 79.2111 41.3246 c
78.9783 41.3246 78.7876 41.2946 78.6387 41.2359 c
78.4899 41.1775 78.3794 41.0987 78.3108 41.0000 c
78.2422 40.9014 78.2070 40.7908 78.2070 40.6687 c
78.2070 40.5232 78.2538 40.4079 78.3459 40.3209 c
78.4380 40.2338 78.5585 40.1652 78.7073 40.1151 c
78.8545 40.0632 79.0169 40.0178 79.1943 39.9762 c
79.3698 39.9342 79.5489 39.8891 79.7278 39.8373 c
79.9070 39.7854 80.0691 39.7185 80.2182 39.6366 c
80.3653 39.5546 80.4841 39.4441 80.5745 39.3069 c
80.6649 39.1680 80.7100 38.9906 80.7100 38.7748 c
80.7100 38.5656 80.6530 38.3734 80.5394 38.1943 c
80.4257 38.0151 80.2500 37.8714 80.0124 37.7626 c
79.7732 37.6540 79.4735 37.6004 79.1104 37.6004 c
h
82.4820 37.6472 m
82.4820 39.2284 l
82.6177 38.8636 l
80.8407 41.7781 l
81.4714 41.7781 l
82.9655 39.3168 l
82.6226 39.3168 l
84.1218 41.7781 l
84.7071 41.7781 l
82.9355 38.8636 l
83.0659 39.2284 l
83.0659 37.6472 l
h
f
q
34.5379 51.5398 67.2820 50.4502 re W*
n
/GS13 gs
q
34.5379 51.5398 m
34.5379 101.9900 l
101.8199 101.9900 l
101.8199 51.5398 l
h
W*
n
q
67.69189 0.00000 0.00000 50.59577 34.3193 51.5035 cm
/Im86 Do
Q
Q
Q
/GS13 gs
/CS15 cs 0.5300 1.0000 0.2800 0.1100 scn
174.4033 34.6385 m
108.9363 34.6385 l
111.2003 40.6383 l
108.9363 46.6384 l
174.4033 46.6384 l
172.1392 40.9615 l
h
f
/GS13 gs
/CS15 cs 0.0000 0.0000 0.0000 0.0000 scn
119.8406 37.6472 m
119.8406 39.2284 l
119.9764 38.8636 l
118.1993 41.7781 l
118.8300 41.7781 l
120.3242 39.3168 l
119.9812 39.3168 l
121.4804 41.7781 l
122.0658 41.7781 l
120.2941 38.8636 l
120.4245 39.2284 l
120.4245 37.6472 l
h
h
122.5715 37.6472 m
122.5715 41.7781 l
125.4875 41.7781 l
125.4875 41.2659 l
123.1620 41.2659 l
123.1620 38.1609 l
125.5711 38.1609 l
125.5711 37.6472 l
h
h
123.1084 39.4943 m
123.1084 39.9963 l
125.2332 39.9963 l
125.2332 39.4943 l
h
h
126.5267 37.6472 m
126.5267 41.7781 l
127.1171 41.7781 l
127.1171 38.1609 l
129.3542 38.1609 l
129.3542 37.6472 l
h
h
130.0334 37.6472 m
130.0334 41.7781 l
130.6239 41.7781 l
130.6239 38.1609 l
132.8610 38.1609 l
132.8610 37.6472 l
h
h
135.3288 37.6004 m
135.0142 37.6004 134.7231 37.6540 134.4538 37.7592 c
134.1845 37.8646 133.9500 38.0137 133.7545 38.2042 c
133.5569 38.3950 133.4030 38.6192 133.2927 38.8752 c
133.1821 39.1311 133.1269 39.4106 133.1269 39.7134 c
133.1269 40.0164 133.1821 40.2956 133.2927 40.5516 c
133.4030 40.8076 133.5569 41.0301 133.7545 41.2209 c
133.9500 41.4116 134.1828 41.5604 134.4504 41.6676 c
134.7165 41.7730 135.0091 41.8266 135.3288 41.8266 c
135.6432 41.8266 135.9343 41.7747 136.2005 41.6710 c
136.4664 41.5655 136.6974 41.4184 136.8964 41.2277 c
137.0954 41.0369 137.2479 40.8144 137.3564 40.5584 c
137.4653 40.3024 137.5189 40.0195 137.5189 39.7134 c
137.5189 39.4072 137.4653 39.1263 137.3564 38.8704 c
137.2479 38.6141 137.0954 38.3902 136.8964 38.1994 c
136.6974 38.0086 136.4664 37.8612 136.2005 37.7578 c
135.9343 37.6523 135.6432 37.6004 135.3288 37.6004 c
h
135.3288 38.1257 m
135.5579 38.1257 135.7688 38.1660 135.9646 38.2445 c
136.1585 38.3230 136.3275 38.4335 136.4715 38.5775 c
136.6155 38.7196 136.7274 38.8885 136.8077 39.0810 c
136.8882 39.2734 136.9281 39.4843 136.9281 39.7134 c
136.9281 39.9410 136.8882 40.1519 136.8077 40.3441 c
136.7274 40.5366 136.6155 40.7055 136.4715 40.8495 c
136.3275 40.9932 136.1585 41.1055 135.9646 41.1840 c
135.7688 41.2628 135.5579 41.3011 135.3288 41.3011 c
135.0961 41.3011 134.8838 41.2628 134.6896 41.1840 c
134.4940 41.1055 134.3248 40.9932 134.1794 40.8495 c
134.0337 40.7055 133.9200 40.5366 133.8398 40.3441 c
133.7579 40.1519 133.7176 39.9410 133.7176 39.7134 c
133.7176 39.4843 133.7579 39.2734 133.8398 39.0810 c
133.9200 38.8885 134.0337 38.7196 134.1794 38.5775 c
134.3248 38.4335 134.4940 38.3230 134.6896 38.2445 c
134.8838 38.1660 135.0961 38.1257 135.3288 38.1257 c
h
139.2409 37.6472 m
137.8607 41.7781 l
138.4679 41.7781 l
139.7378 37.9667 l
139.4300 37.9667 l
140.7467 41.7781 l
141.2904 41.7781 l
142.5770 37.9667 l
142.2811 37.9667 l
143.5674 41.7781 l
144.1281 41.7781 l
142.7477 37.6472 l
142.1271 37.6472 l
140.9241 41.1823 l
141.0831 41.1823 l
139.8733 37.6472 l
h
h
146.5240 37.6472 m
146.5240 41.7781 l
148.2656 41.7781 l
148.7055 41.7781 149.0953 41.6911 149.4317 41.5188 c
149.7679 41.3464 150.0290 41.1038 150.2164 40.7942 c
150.4037 40.4830 150.4976 40.1233 150.4976 39.7134 c
150.4976 39.3035 150.4037 38.9438 150.2164 38.6325 c
150.0290 38.3216 149.7679 38.0789 149.4317 37.9066 c
149.0953 37.7342 148.7055 37.6472 148.2656 37.6472 c
h
h
147.1144 38.1609 m
148.2304 38.1609 l
148.5734 38.1609 148.8696 38.2260 149.1188 38.3567 c
149.3683 38.4854 149.5621 38.6677 149.7010 38.9021 c
149.8382 39.1363 149.9068 39.4072 149.9068 39.7134 c
149.9068 40.0229 149.8382 40.2956 149.7010 40.5283 c
149.5621 40.7608 149.3683 40.9414 149.1188 41.0720 c
148.8696 41.2007 148.5734 41.2659 148.2304 41.2659 c
147.1144 41.2659 l
h
h
151.3993 37.6472 m
151.3993 41.7781 l
151.9897 41.7781 l
151.9897 37.6472 l
h
h
152.6037 37.6472 m
154.4760 41.7781 l
155.0599 41.7781 l
156.9370 37.6472 l
156.3163 37.6472 l
154.6466 41.4485 l
154.8825 41.4485 l
153.2129 37.6472 l
h
h
153.4020 38.6796 m
153.5607 39.1530 l
155.8865 39.1530 l
156.0572 38.6796 l
h
h
158.7538 37.6004 m
158.4394 37.6004 158.1381 37.6489 157.8521 37.7459 c
157.5643 37.8414 157.3384 37.9667 157.1729 38.1189 c
157.3903 38.5792 l
157.5476 38.4420 157.7483 38.3281 157.9927 38.2377 c
158.2370 38.1475 158.4913 38.1022 158.7538 38.1022 c
158.9930 38.1022 159.1889 38.1291 159.3377 38.1844 c
159.4868 38.2394 159.5971 38.3148 159.6691 38.4117 c
159.7394 38.5072 159.7745 38.6175 159.7745 38.7397 c
159.7745 38.8820 159.7292 38.9957 159.6373 39.0827 c
159.5452 39.1680 159.4247 39.2383 159.2776 39.2919 c
159.1285 39.3437 158.9664 39.3905 158.7906 39.4308 c
158.6134 39.4690 158.4343 39.5161 158.2554 39.5697 c
158.0763 39.6215 157.9124 39.6901 157.7650 39.7721 c
157.6179 39.8540 157.4991 39.9660 157.4087 40.1066 c
157.3183 40.2454 157.2732 40.4263 157.2732 40.6454 c
157.2732 40.8577 157.3302 41.0553 157.4422 41.2342 c
157.5544 41.4133 157.7265 41.5556 157.9609 41.6642 c
158.1951 41.7730 158.4930 41.8266 158.8544 41.8266 c
159.0936 41.8266 159.3329 41.7949 159.5687 41.7328 c
159.8046 41.6693 160.0104 41.5789 160.1827 41.4601 c
159.9868 40.9884 l
159.8114 41.1072 159.6240 41.1925 159.4281 41.2461 c
159.2308 41.2980 159.0401 41.3246 158.8544 41.3246 c
158.6217 41.3246 158.4309 41.2946 158.2821 41.2359 c
158.1333 41.1775 158.0227 41.0987 157.9541 41.0000 c
157.8855 40.9014 157.8504 40.7908 157.8504 40.6687 c
157.8504 40.5232 157.8971 40.4079 157.9893 40.3209 c
158.0814 40.2338 158.2019 40.1652 158.3507 40.1151 c
158.4978 40.0632 158.6602 40.0178 158.8377 39.9762 c
159.0131 39.9342 159.1923 39.8891 159.3711 39.8373 c
159.5503 39.7854 159.7124 39.7185 159.8615 39.6366 c
160.0087 39.5546 160.1274 39.4441 160.2179 39.3069 c
160.3083 39.1680 160.3534 38.9906 160.3534 38.7748 c
160.3534 38.5656 160.2964 38.3734 160.1827 38.1943 c
160.0690 38.0151 159.8933 37.8714 159.6557 37.7626 c
159.4165 37.6540 159.1169 37.6004 158.7538 37.6004 c
h
162.1253 37.6472 m
162.1253 39.2284 l
162.2611 38.8636 l
160.4840 41.7781 l
161.1147 41.7781 l
162.6089 39.3168 l
162.2659 39.3168 l
163.7651 41.7781 l
164.3505 41.7781 l
162.5788 38.8636 l
162.7092 39.2284 l
162.7092 37.6472 l
h
f
q
106.9132 51.5327 67.2650 50.4513 re W*
n
/GS13 gs
q
106.9132 51.5327 m
106.9132 101.9840 l
174.1782 101.9840 l
174.1782 51.5327 l
h
W*
n
q
67.78926 0.00000 0.00000 50.81897 106.6648 51.2937 cm
/Im87 Do
Q
Q
Q
/GS13 gs
/CS15 cs 0.5300 1.0000 0.2800 0.1100 scn
247.5479 34.6385 m
182.0809 34.6385 l
184.3449 40.6383 l
182.0809 46.6384 l
247.5479 46.6384 l
245.2839 40.9615 l
h
f
/GS13 gs
/CS15 cs 0.0000 0.0000 0.0000 0.0000 scn
197.8055 37.6472 m
197.8055 41.7781 l
199.4185 41.7781 l
199.9519 41.7781 200.3737 41.6509 200.6816 41.3983 c
200.9877 41.1440 201.1416 40.7908 201.1416 40.3393 c
201.1416 40.0397 201.0730 39.7837 200.9358 39.5697 c
200.7969 39.3537 200.6011 39.1898 200.3451 39.0759 c
200.0891 38.9605 199.7796 38.9038 199.4185 38.9038 c
198.1301 38.9038 l
198.3960 39.1765 l
198.3960 37.6472 l
h
h
200.5676 37.6472 m
199.5171 39.1462 l
200.1495 39.1462 l
201.2119 37.6472 l
h
h
198.3960 39.1161 m
198.1301 39.4055 l
199.4000 39.4055 l
199.7782 39.4055 200.0642 39.4875 200.2598 39.6516 c
200.4540 39.8137 200.5509 40.0431 200.5509 40.3393 c
200.5509 40.6335 200.4540 40.8611 200.2598 41.0236 c
200.0642 41.1857 199.7782 41.2659 199.4000 41.2659 c
198.1301 41.2659 l
198.3960 41.5604 l
h
h
202.0969 37.6472 m
202.0969 41.7781 l
205.0129 41.7781 l
205.0129 41.2659 l
202.6874 41.2659 l
202.6874 38.1609 l
205.0965 38.1609 l
205.0965 37.6472 l
h
h
202.6338 39.4943 m
202.6338 39.9963 l
204.7586 39.9963 l
204.7586 39.4943 l
h
h
206.0521 37.6472 m
206.0521 41.7781 l
207.7937 41.7781 l
208.2336 41.7781 208.6234 41.6911 208.9599 41.5188 c
209.2961 41.3464 209.5571 41.1038 209.7445 40.7942 c
209.9319 40.4830 210.0257 40.1233 210.0257 39.7134 c
210.0257 39.3035 209.9319 38.9438 209.7445 38.6325 c
209.5571 38.3216 209.2961 38.0789 208.9599 37.9066 c
208.6234 37.7342 208.2336 37.6472 207.7937 37.6472 c
h
h
206.6426 38.1609 m
207.7586 38.1609 l
208.1015 38.1609 208.3978 38.2260 208.6469 38.3567 c
208.8964 38.4854 209.0903 38.6677 209.2292 38.9021 c
209.3664 39.1363 209.4350 39.4072 209.4350 39.7134 c
209.4350 40.0229 209.3664 40.2956 209.2292 40.5283 c
209.0903 40.7608 208.8964 40.9414 208.6469 41.0720 c
208.3978 41.2007 208.1015 41.2659 207.7586 41.2659 c
206.6426 41.2659 l
h
h
212.5151 37.6472 m
212.5151 41.7781 l
214.2567 41.7781 l
214.6966 41.7781 215.0864 41.6911 215.4229 41.5188 c
215.7591 41.3464 216.0201 41.1038 216.2075 40.7942 c
216.3949 40.4830 216.4887 40.1233 216.4887 39.7134 c
216.4887 39.3035 216.3949 38.9438 216.2075 38.6325 c
216.0201 38.3216 215.7591 38.0789 215.4229 37.9066 c
215.0864 37.7342 214.6966 37.6472 214.2567 37.6472 c
h
h
213.1055 38.1609 m
214.2215 38.1609 l
214.5645 38.1609 214.8608 38.2260 215.1099 38.3567 c
215.3594 38.4854 215.5533 38.6677 215.6922 38.9021 c
215.8294 39.1363 215.8980 39.4072 215.8980 39.7134 c
215.8980 40.0229 215.8294 40.2956 215.6922 40.5283 c
215.5533 40.7608 215.3594 40.9414 215.1099 41.0720 c
214.8608 41.2007 214.5645 41.2659 214.2215 41.2659 c
213.1055 41.2659 l
h
h
217.3904 37.6472 m
217.3904 41.7781 l
217.9809 41.7781 l
217.9809 37.6472 l
h
h
218.5948 37.6472 m
220.4671 41.7781 l
221.0511 41.7781 l
222.9282 37.6472 l
222.3074 37.6472 l
220.6378 41.4485 l
220.8736 41.4485 l
219.2040 37.6472 l
h
h
219.3931 38.6796 m
219.5518 39.1530 l
221.8776 39.1530 l
222.0483 38.6796 l
h
h
224.7449 37.6004 m
224.4305 37.6004 224.1292 37.6489 223.8432 37.7459 c
223.5555 37.8414 223.3295 37.9667 223.1640 38.1189 c
223.3814 38.5792 l
223.5387 38.4420 223.7394 38.3281 223.9838 38.2377 c
224.2281 38.1475 224.4824 38.1022 224.7449 38.1022 c
224.9841 38.1022 225.1800 38.1291 225.3288 38.1844 c
225.4779 38.2394 225.5882 38.3148 225.6602 38.4117 c
225.7305 38.5072 225.7656 38.6175 225.7656 38.7397 c
225.7656 38.8820 225.7203 38.9957 225.6284 39.0827 c
225.5363 39.1680 225.4158 39.2383 225.2687 39.2919 c
225.1196 39.3437 224.9575 39.3905 224.7817 39.4308 c
224.6046 39.4690 224.4254 39.5161 224.2466 39.5697 c
224.0674 39.6215 223.9036 39.6901 223.7562 39.7721 c
223.6090 39.8540 223.4903 39.9660 223.3998 40.1066 c
223.3094 40.2454 223.2643 40.4263 223.2643 40.6454 c
223.2643 40.8577 223.3213 41.0553 223.4333 41.2342 c
223.5455 41.4133 223.7176 41.5556 223.9520 41.6642 c
224.1862 41.7730 224.4841 41.8266 224.8455 41.8266 c
225.0848 41.8266 225.3240 41.7949 225.5598 41.7328 c
225.7957 41.6693 226.0015 41.5789 226.1738 41.4601 c
225.9780 40.9884 l
225.8025 41.1072 225.6151 41.1925 225.4192 41.2461 c
225.2220 41.2980 225.0312 41.3246 224.8455 41.3246 c
224.6128 41.3246 224.4220 41.2946 224.2732 41.2359 c
224.1244 41.1775 224.0138 41.0987 223.9452 41.0000 c
223.8766 40.9014 223.8415 40.7908 223.8415 40.6687 c
223.8415 40.5232 223.8883 40.4079 223.9804 40.3209 c
224.0725 40.2338 224.1930 40.1652 224.3418 40.1151 c
224.4889 40.0632 224.6513 40.0178 224.8288 39.9762 c
225.0043 39.9342 225.1834 39.8891 225.3623 39.8373 c
225.5414 39.7854 225.7036 39.7185 225.8527 39.6366 c
225.9998 39.5546 226.1186 39.4441 226.2090 39.3069 c
226.2994 39.1680 226.3445 38.9906 226.3445 38.7748 c
226.3445 38.5656 226.2875 38.3734 226.1738 38.1943 c
226.0602 38.0151 225.8844 37.8714 225.6469 37.7626 c
225.4076 37.6540 225.1080 37.6004 224.7449 37.6004 c
h
228.1164 37.6472 m
228.1164 39.2284 l
228.2522 38.8636 l
226.4751 41.7781 l
227.1059 41.7781 l
228.6000 39.3168 l
228.2570 39.3168 l
229.7563 41.7781 l
230.3416 41.7781 l
228.5700 38.8636 l
228.7003 39.2284 l
228.7003 37.6472 l
h
f
q
179.2964 51.5296 67.2622 50.4371 re W*
n
/GS13 gs
q
179.2964 51.5296 m
179.2964 101.9667 l
246.5586 101.9667 l
246.5586 51.5296 l
h
W*
n
q
67.94544 0.00000 0.00000 50.67258 178.9422 51.3110 cm
/Im88 Do
Q
Q
Q
q
179.2879 51.5341 67.2131 50.4590 re W*
n
/GS13 gs
q
179.2879 51.5341 m
179.2879 101.9931 l
246.5011 101.9931 l
246.5011 51.5341 l
h
W*
n
q
67.41653 0.00000 0.00000 50.89267 179.1049 51.3173 cm
/Im89 Do
Q
Q
Q
Q
EMC

