1.00000 0.00000 0.00000 1.00000 0.0000 0.0000 cm
/GS11 gs
/OC /Pr12 BDC
q
q
-0.1851 0.4294 281.0001 595.0001 re W*
n
/GS13 gs
q
281.07965 0.00000 0.00000 595.16865 -0.1851 0.4295 cm
/Im14 Do
Q
Q
/GS13 gs
/CS15 cs 0.0000 0.5200 0.1300 0.0000 scn
188.9348 576.6712 m
188.9490 577.6112 188.2638 578.5812 187.3729 578.7502 c
187.1620 578.7904 186.7850 578.5753 186.6668 578.3712 c
186.3269 577.7864 186.0129 577.2192 185.3640 576.9034 c
185.2529 576.8493 185.1849 576.5233 185.2299 576.3603 c
185.5009 575.3792 186.8749 574.7403 187.8318 575.1224 c
188.4039 575.3503 188.9260 576.0833 188.9348 576.6712 c
f
/GS13 gs
/CS15 cs 0.0000 0.5200 0.1300 0.0000 scn
180.7308 575.2820 m
181.7586 575.2919 182.3987 575.9059 182.5328 576.8439 c
182.6357 577.5701 182.0806 578.4231 181.3357 578.5801 c
181.0806 578.6340 180.7347 578.5790 180.5196 578.4381 c
180.0828 578.1509 179.7117 577.7640 179.3018 577.4329 c
178.9537 577.1511 178.9336 576.8490 179.2188 576.5261 c
179.5286 576.1729 179.8308 575.8050 180.1848 575.4991 c
180.3637 575.3449 180.6486 575.3120 180.7308 575.2820 c
f
/GS13 gs
/CS15 cs 0.2500 0.5600 0.0000 0.0000 scn
149.3357 578.5608 m
148.8796 577.9899 148.2106 577.4139 148.4337 576.4479 c
148.5295 576.0317 148.5587 575.5008 149.0465 575.3577 c
149.6256 575.1879 150.2986 575.0388 150.8145 575.4129 c
151.1867 575.6808 151.4577 576.1599 151.6436 576.5998 c
151.8576 577.1058 151.4945 577.5837 150.8457 577.8609 c
150.3816 578.0588 149.9287 578.2847 149.3357 578.5608 c
f
/GS13 gs
/CS15 cs 0.0000 0.5200 0.1300 0.0000 scn
186.2997 569.2827 m
186.9026 569.2657 187.7125 569.8449 187.8755 570.4957 c
188.0025 571.0068 187.6615 571.3707 187.2986 571.6769 c
186.8786 572.0309 185.9876 572.0947 185.5636 571.8189 c
185.1205 571.5317 184.8657 570.5807 185.0655 569.9639 c
185.1857 569.5937 185.7186 569.2997 186.2997 569.2827 c
f
/GS13 gs
/CS15 cs 0.2500 0.5600 0.0000 0.0000 scn
147.5107 569.3720 m
147.4937 570.2550 147.0688 570.6950 146.2357 570.6930 c
145.3119 570.6901 144.8617 570.2519 144.8799 569.3720 c
144.8969 568.5330 145.4247 568.0179 146.2487 568.0349 c
147.0818 568.0531 147.5277 568.5250 147.5107 569.3720 c
f
/GS13 gs
/CS15 cs 0.0000 0.5200 0.1300 0.0000 scn
189.1431 583.0620 m
188.9371 583.0620 188.9082 583.0631 188.8781 583.0620 c
188.4283 583.0509 187.8242 583.0191 187.7652 582.5721 c
187.7091 582.1509 187.9951 581.6231 188.2672 581.2390 c
188.5453 580.8470 189.0643 580.8801 189.4371 581.2089 c
189.7021 581.4411 189.9612 581.6891 190.1752 581.9669 c
190.4621 582.3400 190.3533 582.7130 189.9133 582.8760 c
189.6131 582.9871 189.2891 583.0279 189.1431 583.0620 c
f
/GS13 gs
/CS15 cs 0.2500 0.5600 0.0000 0.0000 scn
139.1635 584.3857 m
139.0484 584.6689 138.9203 585.1587 138.6655 585.5698 c
138.4084 585.9839 138.0855 585.9768 137.6904 585.6778 c
137.2484 585.3419 136.9874 584.6717 137.1504 584.2888 c
137.3094 583.9149 138.0963 583.4299 138.5215 583.4438 c
138.9764 583.4588 139.2225 583.7377 139.1635 584.3857 c
f
/GS13 gs
/CS15 cs 0.0000 0.5200 0.1300 0.0000 scn
169.4324 569.2822 m
168.2634 569.2912 167.9003 568.9361 168.0593 568.1282 c
168.1614 567.6140 168.7283 567.2180 169.2354 567.3410 c
169.7763 567.4731 170.1584 567.8461 170.4413 568.2980 c
170.6423 568.6191 170.4844 569.0052 170.0983 569.1512 c
169.8313 569.2521 169.5314 569.2640 169.4324 569.2822 c
f
/GS13 gs
/CS15 cs 0.0000 0.5200 0.1300 0.0000 scn
164.1631 591.5038 m
163.7223 590.9618 163.3422 590.4947 162.9221 589.9788 c
163.0843 589.7837 163.2271 589.5686 163.4091 589.3957 c
164.0693 588.7706 164.4452 588.8027 164.9903 589.5057 c
165.2973 589.9028 165.2933 590.1936 164.9733 590.6086 c
164.9373 590.6557 164.8981 590.6996 164.8582 590.7427 c
164.6651 590.9556 164.4701 591.1676 164.1631 591.5038 c
f
/GS13 gs
/CS15 cs 0.0000 0.5200 0.1300 0.0000 scn
192.2550 577.9593 m
191.6881 578.4531 191.2099 578.5401 190.6600 578.2652 c
190.3779 578.1243 190.1750 577.2841 190.2949 576.8323 c
190.4119 576.3923 190.7501 576.3421 191.1129 576.3472 c
191.6220 576.3532 192.0161 576.7143 192.1039 577.2172 c
192.1479 577.4712 192.2060 577.7223 192.2550 577.9593 c
f
/GS13 gs
/CS15 cs 0.0000 0.5200 0.1300 0.0000 scn
195.4307 554.8175 m
195.5687 554.6333 195.6597 554.4845 195.7768 554.3603 c
196.4007 553.7015 196.7346 553.7265 197.3358 554.4215 c
197.5717 554.6945 197.7148 555.0194 197.5116 555.2935 c
197.2638 555.6294 196.8996 555.8865 196.5606 556.1464 c
196.5138 556.1824 196.2848 556.0654 196.2108 555.9664 c
195.9497 555.6195 195.7198 555.2495 195.4307 554.8175 c
f
/GS13 gs
/CS15 cs 0.0200 0.5000 0.0000 0.0000 scn
192.0183 573.8797 m
192.9614 573.8888 193.3404 574.5577 193.8455 575.0359 c
193.5034 575.6919 192.8174 576.0907 192.3094 575.9529 c
191.9684 575.8597 191.6904 575.1048 191.7964 574.4968 c
191.8304 574.3029 191.9305 574.1198 192.0183 573.8797 c
f
/GS13 gs
/CS15 cs 0.0200 0.5000 0.0000 0.0000 scn
194.8555 577.1364 m
195.7354 577.0216 195.9744 577.1404 196.2383 577.7215 c
196.3655 578.0015 196.3324 578.2124 196.1155 578.4216 c
195.8734 578.6555 195.6144 578.6884 195.3244 578.5325 c
194.8725 578.2895 194.7464 577.9366 194.8555 577.1364 c
f
/GS13 gs
/CS15 cs 0.0200 0.5000 0.0000 0.0000 scn
171.7866 574.1453 m
172.0375 573.8624 172.2937 573.7955 172.5715 574.1124 c
172.1217 574.6093 172.1217 574.6093 171.7866 574.1453 c
f
/GS13 gs
/CS15 cs 0.1700 0.4800 0.0000 0.0000 scn
144.2588 584.2664 m
144.1176 583.8834 144.1208 583.6266 144.4836 583.4866 c
144.7588 584.0606 144.7588 584.0606 144.2588 584.2664 c
f
/GS13 gs
/CS15 cs 0.1700 0.4800 0.0000 0.0000 scn
140.1384 575.6822 m
140.4394 575.6241 140.7404 575.5663 141.0412 575.5073 c
141.0554 575.5723 141.0693 575.6372 141.0823 575.7012 c
140.8232 575.9243 140.5383 576.0502 140.1803 575.9002 c
140.1664 575.8271 140.1523 575.7551 140.1384 575.6822 c
f
/GS13 gs
/CS15 cs 0.0600 0.4500 0.0000 0.0000 scn
178.4064 567.1953 m
178.6802 567.9034 l
178.2462 567.8084 178.0982 567.5913 178.1844 567.2622 c
178.2584 567.2404 178.3324 567.2174 178.4064 567.1953 c
f
/GS13 gs
/CS15 cs 0.2500 0.5600 0.0000 0.0000 scn
59.1829 575.5453 m
58.8288 575.0243 58.4359 574.6484 58.3050 574.1955 c
58.1859 573.7844 58.2698 573.2643 58.4090 572.8394 c
58.6658 572.0525 59.8538 571.6485 60.6118 571.9895 c
61.5098 572.3935 61.7879 573.1724 61.8480 574.0464 c
61.8809 574.5285 61.4200 574.7003 61.0529 574.7145 c
60.3400 574.7414 59.7489 574.9946 59.1829 575.5453 c
f
/GS13 gs
/CS15 cs 0.0000 0.5200 0.1300 0.0000 scn
86.1792 567.9332 m
86.1372 567.1312 86.0970 566.3801 86.0550 565.5682 c
86.9380 564.7051 88.5492 564.9361 88.9551 566.0561 c
89.1921 566.7080 89.0110 567.4592 88.4041 567.9403 c
87.9080 568.3320 87.3170 568.4842 86.6931 568.2010 c
86.5100 568.1180 86.3351 568.0151 86.1792 567.9332 c
f
/GS13 gs
/CS15 cs 0.2500 0.5600 0.0000 0.0000 scn
56.3460 579.4594 m
56.4299 578.8125 56.4650 578.2606 56.9628 578.0835 c
57.5640 577.8694 58.2559 577.7385 58.8158 578.1835 c
59.1228 578.4265 59.3578 578.8054 59.5239 579.1706 c
59.7379 579.6414 59.5400 580.1264 59.0990 580.3906 c
58.6729 580.6454 58.2358 580.8824 57.7939 581.1086 c
57.2970 581.3634 56.9988 581.2965 56.7859 580.8084 c
56.5770 580.3296 56.4579 579.8115 56.3460 579.4594 c
f
/GS13 gs
/CS15 cs 0.0000 0.5200 0.1300 0.0000 scn
95.8340 567.1511 m
95.0111 567.1610 94.2392 566.5671 94.2591 565.9401 c
94.2800 565.2740 95.0102 564.3471 95.5281 564.3281 c
96.2872 564.3000 97.0591 565.0469 97.0860 565.8350 c
97.1090 566.5190 96.5160 567.1431 95.8340 567.1511 c
f
/GS13 gs
/CS15 cs 0.2500 0.5600 0.0000 0.0000 scn
54.0768 573.4454 m
53.3529 573.4636 52.8160 572.9916 52.7808 572.3065 c
52.7349 571.4286 53.3690 570.7046 54.1780 570.7106 c
54.8790 570.7154 55.4610 571.2866 55.4879 571.9955 c
55.5208 572.8666 54.9788 573.4236 54.0768 573.4454 c
f
/GS13 gs
/CS15 cs 0.2500 0.5600 0.0000 0.0000 scn
66.4693 573.5829 m
66.4084 573.7589 66.3253 574.1340 66.1564 574.4650 c
65.6855 575.3880 65.1214 575.1230 64.6914 574.5390 c
64.4834 574.2578 64.4445 573.8349 64.3904 573.4670 c
64.3714 573.3369 64.5004 573.1129 64.6234 573.0500 c
64.9534 572.8799 65.3063 572.7280 65.6685 572.6529 c
66.2094 572.5389 66.4775 572.8099 66.4693 573.5829 c
f
/GS13 gs
/CS15 cs 0.2500 0.5600 0.0000 0.0000 scn
47.2212 586.9335 m
46.9962 587.4256 46.8292 587.8905 46.5792 588.3046 c
46.3881 588.6196 46.0380 588.6655 45.7362 588.4367 c
45.4612 588.2287 45.2191 587.9735 44.9850 587.7187 c
44.9172 587.6447 44.9121 587.5027 44.9011 587.3885 c
44.8512 586.8726 45.2812 586.6826 45.6060 586.4865 c
45.9601 586.2716 46.3802 585.9717 46.8150 586.2767 c
46.9990 586.4046 47.0752 586.6866 47.2212 586.9335 c
f
/GS13 gs
/CS15 cs 0.0000 0.5200 0.1300 0.0000 scn
84.6513 551.3414 m
85.1482 551.3513 85.4453 551.5903 85.5873 552.0334 c
85.7543 552.5572 85.7772 553.0774 85.4014 553.5264 c
85.3234 553.6193 85.1403 553.6692 85.0073 553.6653 c
84.4863 553.6483 83.6184 552.9064 83.4962 552.3814 c
83.4083 552.0013 83.4693 551.6742 83.9072 551.5452 c
84.1533 551.4724 84.4033 551.4094 84.6513 551.3414 c
f
/GS13 gs
/CS15 cs 0.2500 0.5600 0.0000 0.0000 scn
62.9056 569.3788 m
63.2007 570.6629 62.5346 571.1987 61.0946 570.7828 c
60.8635 570.3837 60.7235 569.9588 61.0696 569.5149 c
61.4296 569.0548 61.6107 569.0458 62.9056 569.3788 c
f
/GS13 gs
/CS15 cs 0.2500 0.5600 0.0000 0.0000 scn
36.3444 541.6495 m
36.6403 542.0815 37.6064 541.4655 37.5945 542.4537 c
37.5863 543.0577 37.1704 543.5575 36.7123 543.6065 c
36.2265 543.6587 35.6525 543.3775 35.5374 543.0317 c
35.3514 542.4707 35.5374 542.1336 36.3444 541.6495 c
f
/GS13 gs
/CS15 cs 0.2500 0.5600 0.0000 0.0000 scn
42.9341 557.9858 m
42.7751 557.6068 42.6141 557.3217 42.5441 557.0158 c
42.4981 556.8157 42.5259 556.5509 42.6260 556.3757 c
42.7989 556.0758 43.6130 555.9049 43.9101 556.0489 c
44.2570 556.2187 44.6511 557.0949 44.5119 557.4277 c
44.4719 557.5258 44.3741 557.6409 44.2800 557.6669 c
43.8389 557.7877 43.3911 557.8809 42.9341 557.9858 c
f
/GS13 gs
/CS15 cs 0.1700 0.4800 0.0000 0.0000 scn
61.1700 567.6877 m
61.1748 568.3045 60.9928 568.6095 60.5599 568.7056 c
60.1078 568.8057 59.3130 568.4216 59.1449 568.0276 c
59.0219 567.7407 59.0879 567.5125 59.3529 567.3535 c
59.5519 567.2347 59.7609 567.1335 59.9610 567.0176 c
60.7649 566.5516 61.1629 566.7707 61.1700 567.6877 c
f
/GS13 gs
/CS15 cs 0.1700 0.4800 0.0000 0.0000 scn
35.7083 540.3370 m
35.7123 541.1840 35.2732 541.4941 34.4713 541.2129 c
34.4163 541.1940 34.3542 541.1801 34.3103 541.1449 c
34.0662 540.9550 33.6781 540.7971 33.6192 540.5581 c
33.5183 540.1551 33.9661 540.0210 34.2632 539.8500 c
34.4151 539.7630 34.5722 539.6839 34.7281 539.6031 c
35.4382 539.2349 35.6652 539.3639 35.7083 540.1610 c
35.7111 540.2200 35.7083 540.2781 35.7083 540.3370 c
f
/GS13 gs
/CS15 cs 0.1700 0.4800 0.0000 0.0000 scn
64.6472 566.1238 m
64.6200 566.5249 64.1290 566.9918 63.7781 566.9487 c
63.2741 566.8877 62.9130 566.5569 62.9580 566.1978 c
63.0062 565.8137 63.5570 565.4069 64.0151 565.4169 c
64.3671 565.4259 64.6710 565.7658 64.6472 566.1238 c
f
/GS13 gs
/CS15 cs 0.1700 0.4800 0.0000 0.0000 scn
38.4735 538.1099 m
39.0016 538.1087 39.2216 538.2907 39.2236 538.7289 c
39.2264 539.1567 38.8324 539.5167 38.3556 539.5249 c
37.9165 539.5329 37.5075 539.2057 37.4885 538.8338 c
37.4655 538.3837 37.8374 538.1107 38.4735 538.1099 c
f
/GS13 gs
/CS15 cs 0.0200 0.5000 0.0000 0.0000 scn
91.6523 558.5363 m
91.7192 558.2472 91.7864 557.9572 91.8933 557.4943 c
92.2153 558.0062 92.1784 558.3022 91.8913 558.5774 c
91.8113 558.5632 91.7323 558.5502 91.6523 558.5363 c
f
/GS13 gs
/CS15 cs 0.1700 0.4800 0.0000 0.0000 scn
52.4421 586.1486 m
52.5523 586.3895 52.6623 586.5296 52.6632 586.6716 c
52.6643 586.7575 52.4982 586.8456 52.4061 586.9335 c
52.3242 586.8054 52.1972 586.6835 52.1762 586.5466 c
52.1623 586.4576 52.3043 586.3445 52.4421 586.1486 c
f
/GS13 gs
/CS15 cs 0.0000 0.5200 0.1300 0.0000 scn
83.1362 559.0483 m
82.9613 558.9643 82.7864 558.8793 82.6112 558.7954 c
82.6603 558.7024 82.7362 558.5233 82.7544 558.5292 c
82.9372 558.5862 83.1104 558.6732 83.2864 558.7523 c
83.2363 558.8504 83.1864 558.9493 83.1362 559.0483 c
f
/GS13 gs
/CS15 cs 0.1700 0.4800 0.0000 0.0000 scn
48.1856 578.3343 m
48.4605 578.3182 48.7366 578.3023 49.1227 578.2802 c
48.7916 578.7173 48.5045 578.7023 48.1946 578.5543 c
48.1915 578.4803 48.1887 578.4072 48.1856 578.3343 c
f
/GS13 gs
/CS15 cs 0.2500 0.5600 0.0000 0.0000 scn
213.5974 569.6943 m
213.5563 570.6972 213.1872 571.4303 212.1474 571.7463 c
211.5014 571.9433 210.9444 571.7713 210.5844 571.3393 c
210.1552 570.8242 209.8202 570.2253 210.1442 569.4293 c
210.6893 568.0922 210.7332 568.0502 212.0664 568.7382 c
212.3374 568.8791 212.6792 568.8853 212.9913 568.9403 c
213.4684 569.0251 213.6643 569.2592 213.5974 569.6943 c
f
/GS13 gs
/CS15 cs 0.0000 0.5200 0.1300 0.0000 scn
250.1575 535.6732 m
249.9134 535.2262 249.2515 535.0864 249.1954 534.4603 c
249.1586 534.0373 249.1186 533.5954 249.2025 533.1864 c
249.3564 532.4394 250.0574 532.4723 250.6085 532.3853 c
251.5025 532.2444 252.4365 533.1223 252.4476 534.0214 c
252.4524 534.4243 252.3115 534.6822 251.9365 534.8443 c
251.3554 535.0963 250.7876 535.3784 250.1575 535.6732 c
f
/GS13 gs
/CS15 cs 0.2500 0.5600 0.0000 0.0000 scn
216.9612 568.1086 m
215.9912 568.0947 215.2684 567.2597 215.3934 566.2916 c
215.4192 566.0878 215.4433 565.8806 215.4954 565.6827 c
215.6272 565.1858 215.8702 565.0067 216.3954 565.0498 c
216.9482 565.0957 217.4984 565.1827 218.0514 565.2337 c
218.4732 565.2729 218.6053 565.5637 218.5923 565.9027 c
218.5764 566.2786 218.5033 566.6587 218.4024 567.0227 c
218.2164 567.6948 217.6282 568.1177 216.9612 568.1086 c
f
/GS13 gs
/CS15 cs 0.0000 0.5200 0.1300 0.0000 scn
248.1885 526.5969 m
248.1786 527.4958 247.7324 527.9068 246.7865 527.8898 c
245.8806 527.8728 245.5135 527.5259 245.5155 526.6888 c
245.5174 525.8409 246.1314 525.2119 246.9396 525.2289 c
247.7665 525.2457 248.1985 525.7199 248.1885 526.5969 c
f
/GS13 gs
/CS15 cs 0.2500 0.5600 0.0000 0.0000 scn
215.5561 573.3550 m
216.4260 573.2600 217.0811 574.1011 217.0491 574.7380 c
217.0179 575.3551 216.3421 575.9929 215.7049 575.9830 c
214.8231 575.9691 214.2609 575.4251 214.2471 574.5719 c
214.2360 573.9100 214.8301 573.3581 215.5561 573.3550 c
f
/GS13 gs
/CS15 cs 0.0000 0.5200 0.1300 0.0000 scn
237.2975 541.8130 m
237.4466 541.5630 237.5246 541.2739 237.7125 541.1480 c
238.0445 540.9269 238.4286 540.7421 238.8166 540.6591 c
239.3286 540.5511 239.7206 540.9910 239.5774 541.5120 c
239.4575 541.9511 239.2934 542.4111 239.0244 542.7689 c
238.6604 543.2530 238.2435 543.2230 237.8494 542.7471 c
237.6334 542.4860 237.4974 542.1591 237.2975 541.8130 c
f
/GS13 gs
/CS15 cs 0.2500 0.5600 0.0000 0.0000 scn
208.2926 565.6119 m
208.3816 565.7740 208.4865 565.9191 208.5446 566.0810 c
208.8536 566.9541 208.2756 567.6551 207.3574 567.5471 c
206.8716 567.4901 206.2916 567.5851 206.1584 566.9249 c
206.0365 566.3200 206.6666 566.2120 206.9674 565.8979 c
207.2914 565.5600 207.7404 565.4979 208.2926 565.6119 c
f
/GS13 gs
/CS15 cs 0.2500 0.5600 0.0000 0.0000 scn
231.3459 568.0979 m
230.8779 568.0599 230.6069 568.0689 230.3510 568.0120 c
229.8169 567.8918 229.6069 567.3430 229.9618 566.9340 c
230.2050 566.6519 230.5108 566.3999 230.8360 566.2179 c
231.2028 566.0130 231.6600 565.9469 231.9710 566.2908 c
232.2490 566.5980 232.3630 567.0099 232.1668 567.4419 c
231.9389 567.9459 231.6920 568.1089 231.3459 568.0979 c
f
/GS13 gs
/CS15 cs 0.0000 0.5200 0.1300 0.0000 scn
262.3428 530.9974 m
262.3428 531.2934 262.3640 531.5553 262.3380 531.8135 c
262.2960 532.2495 261.9720 532.4774 261.6120 532.6143 c
261.1670 532.7833 260.5130 532.6605 260.4129 532.3493 c
260.2939 531.9814 260.2630 531.5494 260.3279 531.1675 c
260.3818 530.8455 260.9558 530.6564 261.3838 530.7403 c
261.6678 530.7965 261.9459 530.8894 262.3428 530.9974 c
f
/GS13 gs
/CS15 cs 0.2500 0.5600 0.0000 0.0000 scn
207.7047 572.6222 m
207.4207 572.2982 207.1366 571.9731 206.8495 571.6463 c
207.2755 570.8951 207.8595 570.5501 208.3995 570.7403 c
208.7867 570.8752 209.2856 571.5553 209.2317 571.8742 c
209.1365 572.4363 208.6617 572.6693 207.7047 572.6222 c
f
/GS13 gs
/CS15 cs 0.2500 0.5600 0.0000 0.0000 scn
216.3810 592.5796 m
216.2959 592.8987 216.2358 593.1156 216.1800 593.3336 c
215.9359 594.2815 215.4149 594.5057 214.6130 593.9725 c
214.3488 593.7965 214.1799 593.5816 214.2989 593.1655 c
214.6258 592.0296 214.5929 592.0217 215.7568 592.4285 c
215.9178 592.4857 216.0890 592.5107 216.3810 592.5796 c
f
/GS13 gs
/CS15 cs 0.2500 0.5600 0.0000 0.0000 scn
223.0909 546.8176 m
223.2150 546.3088 223.2009 545.8277 223.4319 545.5468 c
223.7499 545.1576 224.1159 545.6307 224.4478 545.7438 c
225.2860 546.0307 225.2798 546.0489 224.8858 546.8868 c
224.5360 547.6329 224.2069 547.7769 223.5739 547.3877 c
223.3570 547.2536 223.2258 546.9826 223.0909 546.8176 c
f
/GS13 gs
/CS15 cs 0.1700 0.4800 0.0000 0.0000 scn
208.1081 575.2800 m
208.0791 575.2800 208.0502 575.2811 208.0202 575.2800 c
207.6352 575.2712 207.1672 575.4711 206.9872 574.9132 c
206.8872 574.6011 207.4510 573.6951 207.8022 573.5662 c
208.1991 573.4191 208.5812 573.5860 208.9032 574.0500 c
208.9692 574.1461 209.0370 574.2411 209.0942 574.3420 c
209.4282 574.9342 209.2300 575.2800 208.5460 575.3001 c
208.4000 575.3041 208.2540 575.2871 208.1081 575.2800 c
f
/GS13 gs
/CS15 cs 0.0200 0.5000 0.0000 0.0000 scn
258.2821 529.3304 m
258.7229 529.0495 259.1881 528.7204 259.6881 528.4576 c
259.8231 528.3876 260.1051 528.4644 260.2471 528.5704 c
260.5740 528.8136 260.6471 529.4735 260.4421 529.8715 c
260.2500 530.2446 259.7649 530.4725 259.3159 530.3186 c
258.8851 530.1706 258.4171 530.0116 258.2821 529.3304 c
f
/GS13 gs
/CS15 cs 0.1700 0.4800 0.0000 0.0000 scn
204.4879 574.4095 m
203.8740 574.4146 203.4530 574.1286 203.4590 573.7127 c
203.4649 573.3017 203.8090 573.0026 204.2830 572.9987 c
204.8221 572.9927 205.2040 573.3417 205.1940 573.8306 c
205.1861 574.2167 204.9551 574.4066 204.4879 574.4095 c
f
/GS13 gs
/CS15 cs 0.0200 0.5000 0.0000 0.0000 scn
262.1860 527.9111 m
262.5318 527.2951 262.9888 527.0683 263.6039 527.1721 c
264.0759 527.2512 264.2508 527.6843 263.9738 528.0851 c
263.5960 528.6322 262.8918 528.6903 262.4179 528.2082 c
262.3380 528.1271 262.2770 528.0282 262.1860 527.9111 c
f
/GS13 gs
/CS15 cs 0.2500 0.5600 0.0000 0.0000 scn
225.2319 564.2218 m
225.5298 563.5678 225.5298 563.5678 225.9969 563.9298 c
225.8039 564.1977 225.6089 564.4097 225.2319 564.2218 c
f
/GS13 gs
/CS15 cs 0.0200 0.5000 0.0000 0.0000 scn
245.1056 540.7441 m
245.4007 541.0131 245.4486 541.2631 245.2187 541.4051 c
245.0996 541.4791 244.8476 541.3371 244.4788 541.2532 c
244.7918 540.9981 244.9378 540.8802 245.1056 540.7441 c
f
/GS13 gs
/CS15 cs 0.1700 0.4800 0.0000 0.0000 scn
223.2706 572.3708 m
223.7014 572.5718 223.9764 572.6999 224.3656 572.8808 c
223.7916 573.0979 223.5214 572.9587 223.2706 572.3708 c
f
/GS13 gs
/CS15 cs 0.0200 0.5000 0.0000 0.0000 scn
240.6609 532.8672 m
240.9338 532.8530 241.2068 532.8391 241.4798 532.8252 c
241.4877 532.8831 241.4959 532.9412 241.5039 533.0001 c
241.2317 533.0500 240.9588 533.1002 240.6869 533.1501 c
240.6779 533.0563 240.6699 532.9610 240.6609 532.8672 c
f
/GS13 gs
/CS15 cs 0.0000 0.5200 0.1300 0.0000 scn
189.3283 589.5207 m
189.5244 589.7307 189.7004 589.9209 189.9862 590.2268 c
189.5173 590.2489 189.2024 590.2628 188.8693 590.2778 c
189.0204 590.0298 189.1463 589.8217 189.3283 589.5207 c
h
190.5647 595.1211 m
186.9585 595.1211 l
186.9888 594.9989 187.0177 594.8765 187.0452 594.7537 c
187.1694 594.1987 187.3454 593.5898 186.9163 592.8429 c
186.4242 595.1211 l
185.4933 595.1211 l
185.6863 595.0919 l
185.1114 594.3249 185.3904 593.5258 185.4193 592.7428 c
185.2384 592.5957 185.0652 592.4548 184.8963 592.3179 c
185.3402 591.6407 186.1024 591.1529 186.9874 590.9539 c
186.7674 591.3207 186.5483 591.6889 186.3204 592.0688 c
187.0004 592.2578 187.3633 592.0387 187.6723 591.3357 c
187.9123 590.7909 188.1624 590.2498 188.4362 589.7217 c
188.5263 589.5479 188.6814 589.3438 188.8512 589.2857 c
189.3872 589.1037 189.9462 588.9849 190.5673 588.8228 c
190.5823 589.3217 190.9162 589.6488 190.5024 590.1219 c
190.2753 590.3807 190.4074 590.9539 190.3703 591.5069 c
190.6622 591.6209 191.0222 591.7618 191.4474 591.9287 c
191.3774 592.6629 191.8494 593.5277 190.8802 594.0757 c
190.7762 594.1338 190.7334 594.3237 190.6923 594.4618 c
190.6424 594.6287 190.6243 594.8059 190.5922 594.9788 c
h
f
/GS13 gs
/CS15 cs 0.1000 0.6600 0.0200 0.0000 scn
169.0821 595.1211 m
169.0733 595.0809 169.0637 595.0406 169.0532 595.0009 c
168.6433 593.4569 168.6733 591.9449 169.2964 590.4488 c
169.6082 589.6998 169.8392 588.9169 170.1074 588.1487 c
170.2704 588.0988 170.4844 588.0969 170.5833 587.9889 c
170.7673 587.7887 170.8824 587.5268 171.0264 587.2907 c
171.2242 587.8908 171.0283 588.4398 170.7412 589.0048 c
171.0782 589.1859 171.3713 589.3427 171.6644 589.4997 c
171.4272 589.6208 171.1993 589.5768 171.0082 589.6417 c
170.7752 589.7197 170.4002 589.8759 170.3874 590.0238 c
170.3432 590.5298 169.6944 590.8538 169.9872 591.4497 c
170.0362 591.5477 169.9503 591.7428 169.8783 591.8638 c
169.6683 592.2167 169.6243 592.5617 169.7774 592.9549 c
169.8313 593.0918 169.7443 593.2809 169.7363 593.4467 c
169.7323 593.5229 169.7664 593.6017 169.7803 593.6669 c
170.0464 593.7038 170.2823 593.7358 170.6573 593.7877 c
170.2993 594.0748 170.0654 594.2619 169.7644 594.5037 c
169.9792 594.6069 170.1303 594.7438 170.2182 594.7109 c
170.7063 594.5318 171.1843 594.3209 171.6554 594.0989 c
171.8084 594.0269 171.9533 593.7778 172.0633 593.7999 c
172.8113 593.9549 173.0792 593.3228 173.4503 592.9398 c
174.0033 592.3709 173.8483 591.9627 173.0863 591.7167 c
173.0633 591.7099 173.0684 591.6169 173.0594 591.5608 c
173.2683 591.4318 173.4834 591.2989 173.7303 591.1458 c
173.5883 590.7878 173.4392 590.4737 173.3403 590.1437 c
173.2853 589.9609 173.2473 589.7268 173.3153 589.5618 c
173.5724 588.9387 173.8922 588.3497 174.5274 588.0158 c
174.7372 588.0929 174.9484 588.1697 175.1533 588.2448 c
175.2463 588.0467 175.3123 587.9069 175.4022 587.7147 c
175.7832 588.1487 175.6103 588.4719 175.3863 588.7888 c
175.0963 589.1987 175.0323 589.5859 175.4804 589.9368 c
175.5043 589.9558 175.4753 590.0428 175.4674 590.1489 c
175.2633 590.1797 175.0493 590.2118 174.8472 590.2427 c
174.7542 591.1537 174.7542 591.1537 175.5833 591.8579 c
175.2174 591.9797 174.8993 592.0869 174.5932 592.1889 c
174.4262 593.0107 174.2624 593.8177 174.0903 594.6599 c
173.9313 594.7189 173.7173 594.7988 173.6654 594.8178 c
173.6076 595.1211 l
h
f
/GS13 gs
/CS15 cs 0.2900 0.8300 0.0900 0.0000 scn
176.8700 591.3706 m
177.2569 591.5486 177.5069 591.7496 177.7629 591.7567 c
178.0149 591.7626 178.2731 591.5738 178.5991 591.4417 c
179.0110 591.6396 178.7859 591.9386 178.5331 592.1297 c
178.2210 592.3638 177.8431 592.5098 177.4990 592.8426 c
177.9951 592.8936 178.4911 592.9438 179.0340 592.9988 c
179.0090 593.1357 179.0249 593.2987 178.9659 593.3327 c
178.1300 593.8228 176.9230 593.6057 176.2149 592.7927 c
176.6769 592.4378 177.1200 592.1237 176.8700 591.3706 c
h
179.1456 595.1211 m
175.1632 595.1211 l
174.7769 594.2288 l
175.0589 594.0116 175.2591 593.7936 175.1961 593.3707 c
175.0839 592.6127 175.1890 592.5118 175.9581 592.2717 c
176.3600 592.1467 176.5939 591.9647 176.5440 591.4718 c
176.5199 591.2328 176.6971 590.9547 176.8289 590.7206 c
177.0919 590.2546 177.3879 589.8067 177.6711 589.3517 c
178.4979 590.0888 179.1051 590.9777 179.2621 592.0807 c
179.3580 592.7598 179.3129 593.4688 179.2630 594.1587 c
179.2392 594.4833 179.1986 594.8036 179.1456 595.1211 c
f
/GS13 gs
/CS15 cs 0.1000 0.6600 0.0200 0.0000 scn
186.9871 590.9539 m
186.1021 591.1529 185.3402 591.6407 184.8960 592.3179 c
185.0652 592.4548 185.2381 592.5957 185.4190 592.7428 c
185.3901 593.5258 185.1111 594.3249 185.6860 595.0919 c
185.4935 595.1211 l
182.1557 595.1211 l
182.2462 594.6284 182.5923 594.2409 182.9951 594.2877 c
183.5592 594.3529 183.8650 594.0618 184.1780 593.7069 c
184.1760 593.7089 l
184.5272 593.4489 184.6862 593.1017 184.6820 592.6277 c
183.9770 592.5657 183.2992 592.5067 182.6050 592.4458 c
182.8791 591.6059 182.8791 591.6059 182.6442 591.1557 c
182.8712 591.0608 183.0971 590.9669 183.4690 590.8119 c
183.1952 590.6789 183.0611 590.5627 182.9271 590.5619 c
182.7612 590.5599 182.5940 590.6548 182.3862 590.7217 c
182.4602 590.4309 182.5101 590.2367 182.5600 590.0417 c
182.6631 589.9589 182.7660 589.8767 182.8692 589.7937 c
183.2732 589.8149 183.6771 589.8319 184.0810 589.8569 c
184.8532 589.9048 185.2690 589.5729 185.3782 588.7987 c
185.4051 588.6057 185.3940 588.4067 185.4020 588.1348 c
185.7611 588.1527 186.0701 588.1677 186.3791 588.1827 c
186.4301 588.2499 l
186.4590 588.2119 l
186.3791 588.1827 l
186.3400 587.9529 186.3071 587.7587 186.0021 587.6858 c
185.7112 587.6169 185.4482 587.4299 185.1732 587.2949 c
185.2282 587.2827 185.2841 587.2717 185.3391 587.2618 c
185.9562 587.3587 186.5741 587.4559 187.3542 587.5778 c
187.0061 587.2289 186.7952 587.0169 186.5322 586.7529 c
187.0520 586.4338 187.7170 586.2818 187.4081 585.5219 c
187.5540 585.4598 187.7000 585.3969 187.8931 585.3149 c
187.9030 585.7628 187.9092 586.0709 187.9160 586.4088 c
188.5620 586.4808 189.1962 586.4238 189.6151 586.9638 c
189.4292 586.9959 189.2432 587.0268 189.0570 587.0588 c
188.8072 587.0458 188.5581 587.0319 188.3832 587.0217 c
187.8531 587.5217 187.6660 588.0498 187.8931 588.6839 c
187.7360 588.9529 187.5790 589.2208 187.4231 589.4898 c
186.9270 589.4549 186.6351 589.7137 186.4261 590.1259 c
186.9001 590.4147 186.8992 590.4258 187.4310 590.3569 c
187.2831 590.5559 187.1351 590.7549 186.9871 590.9539 c
f
/GS13 gs
/CS15 cs 0.1800 0.7900 0.0000 0.0000 scn
177.6705 589.3517 m
177.3887 589.8067 177.0925 590.2546 176.8286 590.7206 c
176.6965 590.9547 176.5205 591.2325 176.5446 591.4715 c
176.5936 591.9647 176.3595 592.1467 175.9575 592.2717 c
175.1885 592.5115 175.0836 592.6127 175.1956 593.3707 c
175.2585 593.7945 175.0586 594.0116 174.7777 594.2285 c
175.1635 595.1211 l
173.6079 595.1211 l
173.6657 594.8175 l
173.7176 594.7985 173.9316 594.7197 174.0906 594.6596 c
174.2615 593.8177 174.4265 593.0107 174.5935 592.1895 c
174.8996 592.0866 175.2177 591.9797 175.5825 591.8576 c
174.7545 591.1537 174.7545 591.1537 174.8466 590.2427 c
175.0487 590.2115 175.2636 590.1797 175.4666 590.1486 c
175.4756 590.0426 175.5045 589.9555 175.4796 589.9365 c
175.0317 589.5856 175.0966 589.1987 175.3855 588.7885 c
175.6106 588.4716 175.7826 588.1487 175.4025 587.7147 c
175.3115 587.9066 175.2457 588.0467 175.1525 588.2445 c
174.9475 588.1697 174.7375 588.0926 174.5277 588.0155 c
174.7185 587.5897 174.6567 587.2167 174.2936 586.9086 c
173.4576 587.0537 172.8935 586.4737 172.3995 586.1767 c
172.0777 586.3876 171.8787 586.6115 171.6486 586.6486 c
171.2415 586.7127 171.1267 586.9746 171.0255 587.2907 c
170.8826 587.5265 170.7667 587.7887 170.5836 587.9886 c
170.4847 588.0966 170.2695 588.0986 170.1077 588.1487 c
170.3866 587.5447 170.6615 586.9375 170.9467 586.3357 c
171.2976 585.5975 171.5797 585.4745 172.4227 585.5845 c
173.5826 585.7347 174.5036 586.4117 175.3815 587.0616 c
176.2396 587.6966 176.9145 588.5787 177.6705 589.3517 c
f
/GS13 gs
/CS15 cs 0.1300 0.7200 0.2300 0.0000 scn
186.9871 590.9536 m
187.1351 590.7546 187.2831 590.5556 187.4310 590.3566 c
187.9362 590.2506 187.9401 590.2458 187.7210 589.9496 c
187.5280 589.8146 l
187.4931 589.7058 187.4582 589.5978 187.4231 589.4898 c
187.5790 589.2208 187.7360 588.9526 187.8922 588.6836 c
188.3920 588.5887 188.8931 588.4948 189.4822 588.3826 c
189.3161 587.8667 189.1871 587.4627 189.0570 587.0588 c
189.2432 587.0268 189.4292 586.9956 189.6151 586.9638 c
189.7350 587.0007 189.8552 587.0378 189.9751 587.0747 c
190.1741 587.4228 190.4391 587.7496 190.5591 588.1238 c
191.0211 589.5666 191.4480 591.0216 191.8672 592.4778 c
192.1422 593.4334 191.9883 594.3416 191.5186 595.1211 c
190.5650 595.1211 l
190.5922 594.9788 l
190.6240 594.8056 190.6432 594.6287 190.6931 594.4618 c
190.7342 594.3237 190.7770 594.1338 190.8802 594.0757 c
191.8502 593.5277 191.3771 592.6626 191.4471 591.9287 c
191.0231 591.7618 190.6622 591.6206 190.3700 591.5066 c
190.4071 590.9547 190.2750 590.3807 190.5021 590.1216 c
190.9162 589.6497 190.5820 589.3217 190.5670 588.8228 c
189.9462 588.9847 189.3881 589.1037 188.8512 589.2857 c
188.6811 589.3438 188.5272 589.5476 188.4362 589.7217 c
188.1621 590.2498 187.9121 590.7906 187.6720 591.3357 c
187.3630 592.0387 187.0002 592.2578 186.3201 592.0688 c
186.5480 591.6886 186.7671 591.3207 186.9871 590.9536 c
f
/GS13 gs
/CS15 cs 0.1400 0.7500 0.0900 0.0000 scn
182.5600 590.0423 m
182.5101 590.2364 182.4599 590.4303 182.3859 590.7214 c
182.5940 590.6554 182.7609 590.5604 182.9271 590.5613 c
183.0620 590.5624 183.1949 590.6792 183.4690 590.8124 c
183.0971 590.9672 182.8709 591.0613 182.6450 591.1563 c
182.8789 591.6053 182.8789 591.6053 182.6050 592.4463 c
183.2990 592.5064 183.9770 592.5654 184.6820 592.6272 c
184.6860 593.1014 184.5269 593.4484 184.1760 593.7083 c
184.1630 593.2843 183.9090 593.0974 183.5249 592.9982 c
183.1269 592.8953 182.8409 593.0753 182.5690 593.3123 c
182.2771 593.5674 181.9911 593.8282 181.5970 594.1823 c
181.6189 594.2713 181.6741 594.4952 181.7461 594.7843 c
182.4769 593.9694 182.4769 593.9694 183.6550 593.7883 c
183.8290 593.7613 184.0031 593.7333 184.1780 593.7063 c
183.8650 594.0624 183.5589 594.3532 182.9951 594.2874 c
182.5923 594.2412 182.2456 594.6282 182.1555 595.1211 c
181.4213 595.1211 l
181.1775 594.2863 181.0551 593.4189 181.0069 592.5484 c
180.9471 591.4752 181.5721 590.4992 182.3060 589.6732 c
182.3899 589.7962 182.4749 589.9192 182.5600 590.0423 c
f
/GS13 gs
/CS15 cs 0.2900 0.8300 0.0900 0.0000 scn
189.9751 587.0750 m
189.8552 587.0378 189.7353 587.0010 189.6151 586.9638 c
189.1962 586.4238 188.5623 586.4808 187.9163 586.4080 c
187.9092 586.0709 187.9021 585.7628 187.8931 585.3138 c
187.7003 585.3969 187.5543 585.4589 187.4083 585.5219 c
186.7363 586.0168 186.0622 586.5089 185.3972 587.0129 c
185.3453 587.0520 185.3572 587.1770 185.3393 587.2620 c
185.2843 587.2720 185.2282 587.2830 185.1732 587.2949 c
184.8302 587.5390 184.4512 587.7479 184.1581 588.0430 c
184.0102 588.1918 184.0161 588.4948 183.9532 588.7278 c
183.6422 588.7718 183.3313 588.8160 183.0212 588.8608 c
183.4563 588.3270 183.8242 587.7130 184.3421 587.2768 c
185.3342 586.4420 186.3981 585.6900 187.4602 584.9430 c
187.7261 584.7559 188.0983 584.7208 188.4861 584.5958 c
188.7111 584.9728 188.8991 585.2889 189.0873 585.6049 c
188.8152 585.5848 188.5442 585.5649 188.1153 585.5329 c
188.7891 586.1129 188.7891 586.1129 189.1003 585.6049 c
189.3923 586.0950 189.6831 586.5849 189.9751 587.0750 c
f
/GS13 gs
/CS15 cs 0.1400 0.7500 0.0900 0.0000 scn
183.9529 588.7278 m
184.0170 588.4948 184.0099 588.1918 184.1590 588.0430 c
184.4518 587.7490 184.8300 587.5390 185.1729 587.2949 c
185.4490 587.4299 185.7118 587.6169 186.0018 587.6858 c
186.3068 587.7590 186.3400 587.9529 186.3799 588.1830 c
186.0698 588.1680 185.7609 588.1518 185.4028 588.1348 c
185.3938 588.4070 185.4060 588.6060 185.3779 588.7990 c
185.2690 589.5729 184.8529 589.9039 184.0810 589.8569 c
183.6768 589.8319 183.2729 589.8138 182.8689 589.7940 c
182.8378 589.6449 182.8060 589.4969 182.7748 589.3489 c
182.7490 589.3169 182.7519 589.2888 182.7839 589.2630 c
182.8570 589.2489 182.9299 589.2350 183.0039 589.2208 c
183.4438 589.5340 183.9909 589.5210 184.2540 589.1329 c
184.4510 588.8409 184.2369 588.7290 183.9529 588.7278 c
f
/GS13 gs
/CS15 cs 0.1000 0.6600 0.0200 0.0000 scn
183.9529 588.7278 m
184.2369 588.7290 184.4510 588.8409 184.2540 589.1329 c
183.9909 589.5210 183.4438 589.5340 183.0030 589.2208 c
182.9730 589.1508 182.9429 589.0810 182.9129 589.0110 c
182.9489 588.9609 182.9849 588.9110 183.0209 588.8608 c
183.3318 588.8160 183.6420 588.7718 183.9529 588.7278 c
f
/GS13 gs
/CS15 cs 0.2900 0.8300 0.0900 0.0000 scn
182.7748 589.3489 m
182.8060 589.4969 182.8378 589.6449 182.8689 589.7940 c
182.7658 589.8759 182.6629 589.9589 182.5600 590.0420 c
182.4749 589.9198 182.3910 589.7968 182.3060 589.6740 c
182.4619 589.5649 182.6189 589.4569 182.7748 589.3489 c
f
/GS13 gs
/CS15 cs 0.2900 0.8300 0.0900 0.0000 scn
182.9132 589.0107 m
182.9432 589.0805 182.9721 589.1505 183.0030 589.2205 c
182.9302 589.2347 182.8570 589.2486 182.7842 589.2627 c
182.8270 589.1786 182.8701 589.0946 182.9132 589.0107 c
f
/GS13 gs
/CS15 cs 0.4200 0.8200 0.2200 0.0200 scn
186.4244 595.1211 m
186.9160 592.8429 l
187.3449 593.5898 187.1688 594.1987 187.0449 594.7537 c
187.0177 594.8765 186.9885 594.9989 186.9585 595.1211 c
h
f
/GS13 gs
/CS15 cs 0.1300 0.7200 0.2300 0.0000 scn
188.8696 590.2778 m
189.0204 590.0289 189.1454 589.8220 189.3285 589.5210 c
189.5244 589.7310 189.7004 589.9209 189.9865 590.2268 c
189.5176 590.2489 189.2015 590.2628 188.8696 590.2778 c
f
/GS13 gs
/CS15 cs 0.0200 0.5000 0.0000 0.0000 scn
170.9419 593.4869 m
170.9087 593.5059 170.8418 593.4660 170.7897 593.4529 c
170.8038 593.3999 170.8027 593.3228 170.8359 593.3030 c
170.8688 593.2840 170.9359 593.3239 170.9889 593.3370 c
170.9748 593.3900 170.9748 593.4668 170.9419 593.4869 c
h
170.7418 589.0048 m
171.0788 589.1859 171.3719 589.3430 171.6639 589.5000 c
171.4277 589.6210 171.1998 589.5768 171.0088 589.6420 c
170.7749 589.7200 170.4008 589.8759 170.3877 590.0238 c
170.3438 590.5298 169.6949 590.8538 169.9877 591.4500 c
170.0359 591.5480 169.9509 591.7428 169.8789 591.8638 c
169.6677 592.2170 169.6249 592.5620 169.7777 592.9549 c
169.8318 593.0918 169.7437 593.2809 169.7357 593.4470 c
169.7329 593.5229 169.7658 593.6020 169.7797 593.6669 c
170.0459 593.7038 170.2828 593.7358 170.6579 593.7880 c
170.2998 594.0748 170.0657 594.2619 169.7638 594.5040 c
169.9787 594.6069 170.1298 594.7438 170.2188 594.7109 c
170.7069 594.5318 171.1848 594.3209 171.6548 594.0989 c
171.8079 594.0269 171.9539 593.7780 172.0627 593.7999 c
172.8119 593.9549 173.0789 593.3228 173.4508 592.9398 c
174.0039 592.3709 173.8488 591.9630 173.0857 591.7170 c
173.0639 591.7099 173.0679 591.6169 173.0599 591.5608 c
173.2677 591.4318 173.4837 591.2989 173.7309 591.1458 c
173.5877 590.7878 173.4398 590.4740 173.3409 590.1440 c
173.2859 589.9609 173.2467 589.7268 173.3148 589.5618 c
173.5719 588.9390 173.8928 588.3489 174.5277 588.0158 c
174.7188 587.5900 174.6567 587.2170 174.2939 586.9080 c
173.4579 587.0540 172.8938 586.4740 172.3997 586.1769 c
172.0777 586.3878 171.8779 586.6118 171.6489 586.6478 c
171.2418 586.7130 171.1267 586.9749 171.0258 587.2910 c
171.2248 587.8908 171.0278 588.4398 170.7418 589.0048 c
f
/GS13 gs
/CS15 cs 0.1800 0.7900 0.0000 0.0000 scn
176.2149 592.7930 m
176.6769 592.4381 177.1197 592.1232 176.8697 591.3711 c
177.2569 591.5480 177.5069 591.7490 177.7629 591.7561 c
178.0149 591.7632 178.2729 591.5730 178.5988 591.4412 c
179.0118 591.6402 178.7868 591.9381 178.5328 592.1291 c
178.2207 592.3641 177.8428 592.5101 177.4987 592.8432 c
177.9948 592.8931 178.4917 592.9441 179.0337 592.9982 c
179.0087 593.1360 179.0249 593.2981 178.9659 593.3330 c
178.1297 593.8220 176.9227 593.6060 176.2149 592.7930 c
f
/GS13 gs
/CS15 cs 0.0000 0.5200 0.1300 0.0000 scn
189.0570 587.0591 m
189.1871 587.4630 189.3161 587.8672 189.4819 588.3831 c
188.8931 588.4940 188.3931 588.5892 187.8931 588.6842 c
187.6660 588.0501 187.8531 587.5220 188.3829 587.0222 c
188.5581 587.0310 188.8081 587.0452 189.0570 587.0591 c
f
/GS13 gs
/CS15 cs 0.1400 0.7500 0.0900 0.0000 scn
185.3396 587.2623 m
185.3575 587.1773 185.3456 587.0523 185.3974 587.0123 c
186.0625 586.5083 186.7365 586.0171 187.4086 585.5221 c
187.7176 586.2821 187.0515 586.4332 186.5316 586.7532 c
186.7955 587.0171 187.0064 587.2292 187.3536 587.5781 c
186.5735 587.4551 185.9564 587.3593 185.3396 587.2623 c
f
/GS13 gs
/CS15 cs 0.0000 0.5200 0.1300 0.0000 scn
187.4228 589.4898 m
187.4577 589.5978 187.4928 589.7058 187.5277 589.8138 c
187.5917 589.8589 187.6567 589.9039 187.7207 589.9499 c
187.9398 590.2449 187.9356 590.2509 187.4307 590.3558 c
186.8987 590.4258 186.8998 590.4147 186.4256 590.1259 c
186.6348 589.7137 186.9276 589.4549 187.4228 589.4898 c
f
/GS13 gs
/CS15 cs 0.1400 0.7500 0.0900 0.0000 scn
186.3794 588.1830 m
186.4585 588.2119 l
186.4304 588.2499 l
h
f
/GS13 gs
/CS15 cs 0.1000 0.6600 0.0200 0.0000 scn
187.7207 589.9493 m
187.6567 589.9045 187.5917 589.8594 187.5277 589.8144 c
187.5926 589.8594 187.6567 589.9045 187.7207 589.9493 c
f
/GS13 gs
/CS15 cs 0.1000 0.6600 0.0200 0.0000 scn
184.1777 593.7069 m
184.0039 593.7338 183.8288 593.7608 183.6547 593.7877 c
182.4769 593.9697 182.4769 593.9697 181.7459 594.7838 c
181.6747 594.4949 181.6189 594.2718 181.5968 594.1828 c
181.9919 593.8288 182.2768 593.5669 182.5688 593.3129 c
182.8417 593.0748 183.1269 592.8948 183.5249 592.9977 c
183.9087 593.0969 184.1627 593.2848 184.1769 593.7089 c
184.1769 593.7089 184.1777 593.7069 184.1777 593.7069 c
f
/GS13 gs
/CS15 cs 0.1300 0.7200 0.2300 0.0000 scn
189.1001 585.6046 m
188.7891 586.1126 188.7891 586.1126 188.1150 585.5326 c
188.5439 585.5647 188.8149 585.5848 189.0870 585.6046 c
189.0879 585.6046 189.1001 585.6046 189.1001 585.6046 c
f
/GS13 gs
/CS15 cs 0.1000 0.6600 0.0200 0.0000 scn
170.9887 593.3378 m
170.9745 593.3897 170.9745 593.4677 170.9416 593.4866 c
170.9087 593.5056 170.8415 593.4668 170.7897 593.4526 c
170.8036 593.3996 170.8027 593.3228 170.8356 593.3027 c
170.8685 593.2837 170.9365 593.3237 170.9887 593.3378 c
f
/GS13 gs
/CS15 cs 0.1300 0.7200 0.2300 0.0000 scn
240.9341 558.9723 m
240.5923 559.0774 240.2501 559.1835 239.9091 559.2883 c
239.7932 559.2864 239.6693 559.3133 239.5653 559.2784 c
238.8362 559.0383 238.3702 559.3706 238.0161 559.9655 c
237.8701 560.2113 237.7182 560.4545 237.5691 560.6994 c
237.5691 560.6994 237.5793 560.6935 237.5793 560.6935 c
237.2261 560.5903 236.8732 560.4874 236.4681 560.3695 c
236.3822 560.5764 236.2972 560.7794 236.2102 560.9883 c
235.7212 561.0353 235.2583 561.1005 234.7931 561.1184 c
234.3801 561.1334 233.9442 561.6145 233.5283 561.0974 c
233.6882 560.7544 233.8373 560.4355 233.9861 560.1163 c
233.2613 560.4313 232.6533 560.5903 232.0512 559.8255 c
231.5611 560.4945 231.1172 561.1005 230.6503 561.7363 c
230.2373 561.8044 229.9042 561.5725 229.5723 561.3185 c
229.1953 561.0294 228.8001 560.7754 228.2862 560.8854 c
227.9713 560.6025 227.6592 560.3145 227.3391 560.0375 c
226.1381 558.9975 225.0363 557.8665 224.1411 556.5475 c
224.0243 556.3755 224.0022 556.1385 223.9353 555.9313 c
224.3211 555.8964 224.7333 555.8343 224.8172 556.3723 c
224.9323 557.1074 225.4442 557.3344 226.1163 557.3835 c
225.9403 557.6454 225.7821 557.8534 226.1322 558.0643 c
226.6622 558.3835 227.0871 558.3753 227.6172 558.0113 c
227.7312 557.9325 227.8811 557.9084 228.0152 557.8586 c
228.0152 557.8594 l
227.7403 558.2775 227.4642 558.6953 227.1912 559.1095 c
227.2402 559.1605 227.2711 559.2243 227.3162 559.2345 c
227.4273 559.2603 227.5441 559.2603 227.6583 559.2713 c
227.6643 559.2773 l
227.8261 559.8473 228.1861 559.9913 228.5362 559.6055 c
228.7681 559.3493 228.9543 559.0505 229.2092 558.7044 c
230.1392 559.4014 230.9301 558.9173 231.5052 558.5564 c
232.4741 558.6874 233.2372 558.7985 234.0031 558.8855 c
234.0972 558.8963 234.2191 558.7994 234.3042 558.7245 c
234.7472 558.3334 235.1103 557.8914 235.2223 557.1873 c
234.8603 557.2755 234.5632 557.3475 234.2682 557.4195 c
234.2293 557.6584 234.1981 557.8543 234.1723 558.0125 c
233.9062 557.7715 233.6443 557.5346 233.3843 557.2984 c
233.4093 557.2395 233.4223 557.1805 233.4552 557.1363 c
233.5093 557.0666 233.5691 556.9985 233.6383 556.9455 c
234.4482 556.3205 234.4482 556.3225 233.9422 555.5214 c
233.9141 555.4774 233.9223 555.4094 233.9192 555.3904 c
234.1732 554.7705 234.4311 554.1866 234.6503 553.5884 c
234.7282 553.3764 234.7512 553.1244 234.7282 552.8974 c
234.6763 552.3673 234.3002 552.1346 233.8013 552.3185 c
233.5122 552.4265 233.2431 552.5904 232.9262 552.7474 c
232.7281 552.4994 232.5753 552.2426 232.3593 552.0603 c
232.2283 551.9503 231.9562 551.8715 231.8261 551.9353 c
231.6892 552.0033 231.5863 552.2553 231.5761 552.4333 c
231.5633 552.6575 231.6713 552.8863 231.7031 553.1173 c
231.7133 553.1905 231.6481 553.2744 231.6081 553.3784 c
231.0222 553.3784 l
230.7172 553.1885 231.1563 552.7514 230.6693 552.7284 c
230.6381 552.5705 230.6072 552.4123 230.5531 552.1365 c
230.1471 552.4364 229.8022 552.6493 229.5102 552.9195 c
229.1652 553.2384 228.8492 553.3705 228.4271 553.0575 c
228.0472 552.7755 227.7332 552.8803 227.4633 553.2684 c
227.3593 553.4195 227.1481 553.5955 226.9891 553.5924 c
225.8481 553.5723 225.0751 554.4145 224.1023 554.7793 c
223.8052 554.8915 223.7272 555.1254 223.8052 555.4213 c
223.8491 555.5906 223.8902 555.7595 223.9333 555.9273 c
223.5841 556.0364 223.4021 555.7895 223.1963 555.5863 c
222.9883 555.3825 222.9863 555.1724 223.1872 554.9754 c
223.3743 554.7923 223.5623 554.5953 223.7851 554.4663 c
224.5082 554.0445 225.2483 553.6494 225.9833 553.2483 c
226.1083 553.1794 226.2433 553.1264 226.3751 553.0725 c
227.0752 552.7913 227.7601 552.4625 228.4801 552.2454 c
229.4501 551.9523 230.4533 551.5245 231.4293 551.5574 c
232.7522 551.6025 234.1913 551.5424 235.3122 552.5354 c
235.2892 552.5535 235.2591 552.5674 235.2453 552.5904 c
235.2322 552.6133 235.2243 552.6655 235.2353 552.6723 c
235.7393 553.0014 236.2453 553.3294 236.7541 553.6525 c
236.9251 553.7614 237.1331 553.8274 237.2771 553.9623 c
237.8021 554.4564 238.3413 554.9426 238.8093 555.4874 c
239.1653 555.9015 239.4173 556.4035 239.7243 556.8605 c
239.9153 557.1454 239.8581 557.4104 239.6931 557.6763 c
239.3683 557.5473 239.0462 557.4084 238.7163 557.2913 c
238.0592 557.0583 237.4081 556.7786 236.5741 556.8043 c
236.7213 556.9435 236.7553 556.9974 236.8043 557.0175 c
238.0711 557.5433 239.3433 558.0595 240.6053 558.5984 c
240.7433 558.6574 240.8261 558.8444 240.9341 558.9723 c
f
/GS13 gs
/CS15 cs 0.0100 0.4000 0.2200 0.0000 scn
240.0851 545.9182 m
239.5491 546.0202 239.0031 545.7390 238.3492 545.0992 c
238.1380 544.8920 238.1380 544.8920 238.2562 544.3401 c
238.9411 544.8010 239.5990 545.2072 240.0851 545.9182 c
h
237.7621 547.5940 m
237.7621 547.5960 237.7290 547.7182 237.6952 547.8440 c
238.5482 548.1791 238.6321 548.9790 238.8192 549.7160 c
239.3620 549.7770 239.9051 549.8501 240.4502 549.8952 c
241.0291 549.9442 241.5461 549.8810 241.7632 549.1962 c
241.8290 548.9901 242.0391 548.8311 242.1842 548.6502 c
242.0422 548.4200 241.9010 548.1901 241.6742 547.8211 c
242.5241 547.9160 242.7160 548.6060 243.2052 548.8801 c
243.7792 548.6661 244.1781 548.3100 244.3141 547.6731 c
244.4550 547.0121 244.8771 546.6061 245.5702 546.5412 c
245.9911 546.5010 246.3690 546.4020 246.5952 546.0021 c
245.8162 545.9652 245.8162 545.9652 245.7011 545.2931 c
245.6612 544.9470 245.5381 544.8042 245.1251 544.8421 c
244.7940 544.8730 244.2730 544.9961 244.2050 544.3722 c
244.2002 544.3231 244.0760 544.2752 244.0001 544.2460 c
242.0872 543.5382 240.1722 542.8352 238.2591 542.1251 c
238.0181 542.0361 237.7871 541.9171 237.4072 541.7481 c
237.5512 542.5041 237.6760 543.1612 237.8140 543.8900 c
236.8681 543.3060 236.8681 543.3060 235.9531 543.8871 c
236.4080 544.7840 236.3930 545.9511 237.5512 546.3961 c
237.4690 546.8610 236.7292 546.3292 236.8502 546.9701 c
236.8502 546.9712 236.8440 547.0472 236.8440 547.0472 c
237.1201 547.2111 237.3970 547.3760 237.7621 547.5940 c
f
/GS13 gs
/CS15 cs 0.6600 0.9300 0.1300 0.0200 scn
250.7859 557.3571 m
250.8171 557.3931 250.8409 557.4342 250.8579 557.4781 c
250.9441 557.6190 251.0291 557.7602 251.1150 557.9002 c
251.2531 558.1891 251.3900 558.4782 251.5280 558.7671 c
251.5629 558.8280 251.5969 558.8901 251.6309 558.9510 c
251.6530 559.0100 251.6749 559.0681 251.6970 559.1271 c
251.7540 559.2410 251.8121 559.3541 251.8690 559.4681 c
252.4351 560.7462 253.0301 562.0130 253.5551 563.3082 c
253.9250 564.2201 254.1569 565.1881 254.5339 566.0960 c
254.7170 566.5363 255.0549 566.9331 255.3900 567.2852 c
256.3600 568.3051 257.3700 569.2870 258.3499 570.2970 c
258.5911 570.5450 258.7791 570.8452 258.9919 571.1210 c
258.8040 571.3140 258.6030 571.4960 258.4380 571.7061 c
258.3870 571.7721 258.4329 571.9141 258.4349 572.0221 c
258.1370 571.7151 257.8020 571.4351 257.5471 571.0961 c
256.5530 569.7751 255.3749 568.6461 254.0670 567.6440 c
253.9729 567.5732 253.8859 567.4932 253.7960 567.4170 c
252.9221 566.6751 252.0660 565.9092 251.1680 565.1980 c
250.2570 564.4780 249.3031 563.8110 248.3691 563.1211 c
248.4459 562.7330 248.7240 562.7611 248.9780 562.8702 c
249.4341 563.0672 249.8681 563.3130 250.3179 563.5222 c
250.6031 563.6540 250.9021 563.7580 251.1950 563.8742 c
251.1941 563.8731 l
251.2670 564.0871 251.2769 564.3731 251.4240 564.5021 c
251.9300 564.9440 252.4711 565.3491 253.0290 565.7221 c
253.1370 565.7950 253.3819 565.6632 253.5630 565.6252 c
253.4990 565.4602 253.4340 565.2961 253.3700 565.1323 c
252.8529 564.2430 252.4380 563.3192 252.3039 562.2851 c
252.2789 562.0881 252.1919 561.8880 252.0921 561.7131 c
251.4509 560.5982 250.7950 559.4922 250.1521 558.3781 c
250.0089 558.1301 249.8899 557.8671 249.7799 557.6012 c
249.4511 556.8021 248.9281 556.1722 248.1789 555.7340 c
247.5380 554.8972 246.8979 554.0601 246.2581 553.2231 c
246.1530 553.0521 246.0711 552.8602 245.9390 552.7123 c
245.0401 551.7091 244.1310 550.7152 243.2259 549.7180 c
243.2279 549.5321 243.2310 549.3461 243.2330 549.1610 c
243.5111 549.3682 243.8220 549.5420 244.0590 549.7880 c
245.9460 551.7442 247.8631 553.6740 249.4729 555.8780 c
249.6881 556.1722 250.0390 556.3681 250.3261 556.6090 c
250.4390 556.7871 250.5529 556.9651 250.6660 557.1442 c
250.7060 557.2151 250.7460 557.2862 250.7859 557.3571 c
f
/GS13 gs
/CS15 cs 0.4200 0.8200 0.2200 0.0200 scn
242.7199 570.5555 m
245.1280 570.9815 247.2650 571.9717 249.1129 573.5866 c
249.7748 574.1657 250.4469 574.7156 250.9180 575.4855 c
251.0790 575.7497 251.4538 575.8826 251.7310 576.0757 c
251.0649 576.4467 250.3570 576.6415 249.5900 576.5936 c
249.5948 576.5346 249.5988 576.4757 249.6039 576.4167 c
249.9849 576.4215 250.3868 576.4706 250.5830 575.9566 c
249.9710 575.3517 249.3459 574.7346 248.7209 574.1167 c
248.6030 573.4066 248.0958 573.0945 247.4739 572.9006 c
247.4189 572.8955 247.3639 572.8927 247.3078 572.8895 c
246.9679 572.2566 246.3469 572.0315 245.7230 571.8387 c
245.5030 571.7707 245.2408 571.8356 244.9979 571.8396 c
244.5880 571.6046 244.1769 571.3707 243.7659 571.1357 c
243.3929 570.7857 242.9680 571.2086 242.5898 571.0626 c
241.9608 570.8217 241.3698 570.9796 240.7890 571.2077 c
239.6639 571.6477 238.5360 572.0227 237.3018 572.0525 c
236.8670 572.0635 236.3939 572.1877 236.0220 572.5556 c
235.5718 573.0007 235.0449 573.3677 234.5519 573.7677 c
233.4980 574.1345 233.1689 574.5557 233.2290 575.4356 c
233.5569 575.4166 233.8829 575.3976 234.2089 575.3775 c
234.2089 575.3775 234.2049 575.3735 234.2049 575.3735 c
234.2778 575.7395 233.6210 575.9555 234.0159 576.4337 c
234.7620 576.0697 235.1248 576.7495 235.6520 577.0097 c
235.5698 577.1917 235.5038 577.3357 235.4409 577.4746 c
236.0948 578.0557 236.9049 577.7617 237.6808 577.9125 c
237.3239 578.3505 236.6439 578.1966 236.5809 578.7587 c
237.1170 578.9387 237.6079 579.1037 238.1000 579.2686 c
237.9600 579.3627 237.8200 579.4566 237.5549 579.6366 c
237.8500 579.7437 238.0609 579.8517 238.2849 579.8957 c
239.0029 580.0365 239.7668 580.0725 240.1200 580.8895 c
240.1489 580.9547 240.2549 580.9935 240.3329 581.0287 c
241.5770 581.5857 242.8489 581.9125 244.2129 581.5117 c
244.3530 581.4706 244.4939 581.4006 244.6339 581.4006 c
245.7329 581.3997 246.4980 580.6616 247.3668 580.1647 c
248.0060 579.7987 248.4079 579.0626 249.2770 579.0257 c
249.4950 579.0166 249.8100 578.6895 249.8859 578.4486 c
250.0909 577.7946 250.5560 577.3805 251.0300 576.9556 c
251.1420 576.9666 251.2539 576.9777 251.3670 576.9887 c
251.3659 577.0446 251.3710 577.1007 251.3829 577.1546 c
251.0118 577.6396 250.6799 578.1617 250.2609 578.6016 c
249.2700 579.6425 248.1239 580.4827 246.8078 581.0786 c
246.2230 581.3436 245.6320 581.5967 245.0580 581.8836 c
244.5579 582.1347 244.0349 582.0477 243.5108 582.0866 c
240.9389 582.2787 238.8529 581.1395 236.8868 579.7037 c
236.2329 579.2255 235.6889 578.5957 235.0998 578.0276 c
234.1508 577.1117 233.2060 576.1905 232.3409 575.3497 c
232.2669 574.3627 233.0138 574.1147 233.5289 573.7065 c
234.1128 573.2456 234.7390 572.8365 235.3569 572.4207 c
235.9318 572.0335 236.5209 571.7387 237.2428 571.6097 c
238.2919 571.4215 239.3039 571.0246 240.3340 570.7196 c
240.5259 570.6635 240.7238 570.6247 240.9199 570.5776 c
241.5200 570.5705 242.1198 570.5626 242.7199 570.5555 c
f
/GS13 gs
/CS15 cs 0.2600 0.5300 0.1000 0.0000 scn
245.6844 547.2009 m
245.6844 547.1708 245.6844 547.1408 245.6844 547.1107 c
246.2284 547.1107 l
246.2284 547.1408 246.2284 547.1708 246.2275 547.2009 c
h
h
249.9625 555.8576 m
249.4953 555.1418 248.9074 554.4938 248.7685 553.6046 c
248.6914 553.4016 248.5505 553.1987 248.5505 552.9946 c
248.5485 552.5368 248.5335 552.1107 247.9895 551.8687 c
248.3464 551.5186 248.6424 551.2286 249.0625 550.8167 c
248.7623 550.6478 248.5573 550.5318 248.3544 550.4176 c
248.5003 550.0678 248.6095 549.8067 248.7183 549.5457 c
248.7135 549.5409 l
248.5984 549.5448 248.4833 549.5488 248.3685 549.5528 c
248.3524 549.5757 248.3354 549.5987 248.3195 549.6228 c
248.3303 549.5936 248.3425 549.5658 248.3535 549.5366 c
248.3053 549.1888 248.2594 548.8407 248.1905 548.3358 c
247.4283 549.0388 246.7803 549.6367 246.1195 550.2458 c
245.8704 549.7228 245.9055 549.4978 246.2695 549.2837 c
246.4444 549.1817 246.6734 549.1647 246.8344 549.0496 c
247.0105 548.9226 247.2004 548.7508 247.2735 548.5578 c
247.4135 548.1836 247.4753 547.7808 247.5904 547.3057 c
247.3285 547.3647 247.0924 547.4177 246.6924 547.5078 c
246.8225 547.2317 246.9095 547.0506 246.9934 546.8678 c
247.0975 546.6407 247.1984 546.4128 247.3004 546.1846 c
247.3024 546.0608 247.3044 545.9357 247.3075 545.8116 c
247.3075 545.8116 247.3194 545.7969 247.3194 545.7969 c
247.1343 545.8068 246.9495 545.8167 246.7633 545.8277 c
246.7054 545.8878 246.6473 545.9488 246.5895 546.0097 c
246.5955 546.0026 l
246.3695 546.4026 245.9914 546.5007 245.5705 546.5407 c
244.8774 546.6067 244.4545 547.0126 244.3133 547.6737 c
244.1775 548.3106 243.7784 548.6658 243.2055 548.8807 c
243.2143 548.9736 243.2245 549.0677 243.2333 549.1607 c
243.5105 549.3677 243.8223 549.5417 244.0593 549.7877 c
245.9455 551.7448 247.8634 553.6738 249.4735 555.8777 c
249.6883 556.1728 250.0384 556.3678 250.3264 556.6088 c
250.2065 556.3576 250.1124 556.0897 249.9625 555.8576 c
f
/GS13 gs
/CS15 cs 0.4600 0.8100 0.0000 0.0000 scn
262.5225 575.3744 m
262.8465 575.7525 263.2105 576.1035 263.4885 576.5134 c
264.7346 578.3553 265.9516 580.2174 267.1894 582.0664 c
267.6135 582.7005 268.0795 583.3083 268.4985 583.9455 c
268.7066 584.2613 268.8925 584.6034 269.0135 584.9595 c
269.1366 585.3183 268.9226 585.6245 268.5946 585.7245 c
268.4494 585.7685 268.1515 585.5924 268.0466 585.4346 c
267.3354 584.3665 266.6786 583.2615 265.9626 582.1974 c
265.0864 580.8934 264.1745 579.6125 263.2666 578.3295 c
262.8125 577.6875 262.3314 577.0633 261.8626 576.4314 c
262.4525 576.3095 262.5724 575.8954 262.5225 575.3744 c
f
/GS13 gs
/CS15 cs 0.7400 1.0000 0.1800 0.0600 scn
262.5225 575.3744 m
262.5724 575.8954 262.4525 576.3095 261.8626 576.4314 c
261.6605 576.1335 261.4586 575.8353 261.2554 575.5385 c
261.2914 575.2973 261.1746 575.1995 260.9444 575.2094 c
260.9444 575.2094 260.9144 575.1584 260.9144 575.1595 c
260.2556 574.9285 260.2375 574.9345 259.7094 575.5603 c
259.0435 575.7344 258.3774 575.9073 257.7115 576.0814 c
257.4476 576.0825 257.1786 576.0493 256.9204 576.0913 c
255.2505 576.3614 253.5826 576.6483 251.9135 576.9295 c
251.9135 576.9295 251.8566 576.9575 251.8566 576.9575 c
251.6936 576.9675 251.5306 576.9785 251.3665 576.9893 c
251.2545 576.9774 251.1414 576.9663 251.0294 576.9553 c
250.7346 576.9505 250.4316 576.9853 250.1484 576.9255 c
249.9486 576.8813 249.7754 576.7084 249.5906 576.5933 c
250.3576 576.6423 251.0654 576.4465 251.7316 576.0765 c
251.7755 576.0553 251.8214 576.0454 251.8696 576.0445 c
252.7115 576.0045 253.5525 575.9654 254.3944 575.9263 c
255.8565 575.6165 257.3175 575.3064 258.7796 574.9954 c
258.9296 574.9325 259.0804 574.8695 259.2306 574.8063 c
259.3874 574.7434 259.5455 574.6793 259.7026 574.6153 c
260.0254 574.6895 260.2106 574.5214 260.2375 574.2334 c
260.2466 574.1413 260.0376 574.0305 259.9285 573.9273 c
259.4965 573.3975 259.0634 572.8674 258.6305 572.3374 c
258.5665 572.2325 258.5024 572.1273 258.4386 572.0224 c
258.4386 572.0224 258.4355 572.0213 258.4355 572.0213 c
258.4335 571.9144 258.3865 571.7724 258.4386 571.7064 c
258.6036 571.4963 258.8046 571.3143 258.9914 571.1213 c
259.5654 571.8064 260.1414 572.4893 260.7126 573.1764 c
261.3186 573.9063 261.9196 574.6414 262.5225 575.3744 c
f
/GS13 gs
/CS15 cs 0.1300 0.5800 0.1600 0.0000 scn
247.3197 545.7969 m
247.1346 545.8068 246.9487 545.8167 246.7638 545.8277 c
246.7077 545.8286 246.6507 545.8277 246.5938 545.8246 c
246.4078 545.4607 246.1286 545.2526 245.7017 545.2929 c
245.6606 544.9476 245.5376 544.8047 245.1257 544.8427 c
244.7938 544.8728 244.2728 544.9966 244.2056 544.3716 c
244.1996 544.3228 244.0757 544.2746 243.9998 544.2466 c
242.0867 543.5388 240.1716 542.8346 238.2588 542.1257 c
238.0178 542.0358 237.7868 541.9176 237.4078 541.7478 c
237.5507 542.5038 237.6757 543.1618 237.8146 543.8908 c
236.8687 543.3058 236.8687 543.3058 235.9536 543.8866 c
236.4077 544.7837 236.3927 545.9516 237.5518 546.3967 c
237.4696 546.8607 236.7298 546.3286 236.8497 546.9698 c
236.6178 546.5058 236.3766 546.0446 236.1557 545.5746 c
235.9947 545.2316 235.8437 544.8818 235.7198 544.5238 c
235.6087 544.2038 235.5216 543.8727 235.4587 543.5396 c
235.3558 542.9996 235.2807 542.4537 235.1747 541.7867 c
235.9176 541.6336 236.6787 541.1738 237.5827 541.5157 c
238.7577 541.9607 239.9366 542.3947 241.1167 542.8236 c
241.9078 543.1116 242.6828 543.4047 243.5238 543.5878 c
244.9868 543.9047 246.3018 544.6366 247.3197 545.7969 c
f
/GS13 gs
/CS15 cs 0.2600 0.5300 0.1000 0.0000 scn
246.2579 553.2231 m
246.8979 554.0601 247.5388 554.8972 248.1789 555.7340 c
247.4549 555.5472 246.7329 555.3510 246.0070 555.1761 c
245.7009 555.1030 245.3848 555.0290 245.0730 555.0310 c
244.1030 555.0381 243.1698 554.9292 242.3390 554.3683 c
242.2188 554.2860 242.0819 554.2132 241.9430 554.1800 c
240.5730 553.8521 239.7818 552.8642 239.1228 551.7252 c
238.6698 550.9420 238.2290 550.1520 237.7820 549.3651 c
238.2500 549.2540 238.3109 549.7971 238.6440 549.9031 c
238.6930 550.4411 239.1160 550.5131 239.5199 550.5990 c
239.7308 550.6452 239.9479 550.6651 240.2340 550.7082 c
240.0038 551.0611 239.8249 551.3202 239.6650 551.5900 c
239.6339 551.6422 239.6758 551.7380 239.6869 551.8372 c
239.9448 551.7751 240.1659 551.7221 240.3950 551.6683 c
240.4210 552.6150 240.4250 552.5932 241.3400 552.7400 c
241.5830 552.7791 241.7990 552.9912 242.0280 553.1241 c
242.3438 553.2211 242.6318 552.7542 243.0119 553.0510 c
242.7690 553.2511 242.5640 553.4181 242.3480 553.5961 c
242.6720 554.0862 243.0930 554.1721 243.5448 554.1392 c
243.9550 554.1080 244.2929 554.1752 244.3898 554.5590 c
245.0239 554.3561 245.5929 554.1732 246.1989 553.9791 c
246.2170 553.7441 246.2380 553.4830 246.2579 553.2231 c
f
/GS13 gs
/CS15 cs 0.4200 0.8200 0.2200 0.0200 scn
228.2862 560.8857 m
228.8001 560.7748 229.1953 561.0288 229.5723 561.3177 c
229.9042 561.5728 230.2373 561.8038 230.6503 561.7369 c
231.1172 561.0997 231.5611 560.4939 232.0512 559.8258 c
232.6521 560.5897 233.2613 560.4318 233.9861 560.1158 c
233.8373 560.4347 233.6882 560.7547 233.5283 561.0977 c
233.9442 561.6147 234.3801 561.1337 234.7931 561.1178 c
235.2583 561.0997 235.7212 561.0348 236.2102 560.9877 c
236.2972 560.7799 236.3822 560.5767 236.4681 560.3698 c
236.8732 560.4877 237.2261 560.5909 237.5793 560.6929 c
237.2173 560.8638 236.8692 561.0747 236.4922 561.1949 c
235.7362 561.4367 234.9703 561.6578 234.1962 561.8299 c
233.6233 561.9577 233.0283 561.9937 232.4443 562.0697 c
232.2113 561.8268 231.9693 561.8798 231.7243 562.0467 c
231.6362 562.0558 231.5483 562.0629 231.4613 562.0748 c
230.1931 562.2369 229.1292 561.8577 228.2862 560.8857 c
f
/GS13 gs
/CS15 cs 0.4600 0.8100 0.0000 0.0000 scn
251.1944 563.8742 m
250.9016 563.7580 250.6034 563.6551 250.3176 563.5222 c
249.8675 563.3130 249.4335 563.0672 248.9786 562.8711 c
248.7234 562.7611 248.4456 562.7330 248.3685 563.1211 c
248.2396 563.0162 248.1154 562.9051 247.9805 562.8070 c
247.5655 562.5031 247.1675 562.1681 246.7236 561.9132 c
245.8664 561.4211 244.9834 560.9761 244.1126 560.5112 c
244.1166 560.2122 244.1205 559.9131 244.1245 559.6140 c
245.9356 560.3083 247.5876 561.2992 249.1985 562.3580 c
249.8944 562.8161 250.5305 563.3660 251.1944 563.8742 c
f
/GS13 gs
/CS15 cs 0.3000 0.6400 0.1300 0.0000 scn
248.7135 549.5409 m
248.5984 549.5448 248.4833 549.5488 248.3685 549.5516 c
248.3524 549.5366 l
248.3053 549.1888 248.2594 548.8407 248.1905 548.3358 c
247.4283 549.0388 246.7803 549.6367 246.1195 550.2458 c
245.8704 549.7228 245.9055 549.4978 246.2695 549.2837 c
246.4444 549.1817 246.6734 549.1647 246.8344 549.0496 c
247.0105 548.9226 247.2004 548.7508 247.2735 548.5578 c
247.4135 548.1836 247.4753 547.7808 247.5904 547.3057 c
247.3285 547.3647 247.0924 547.4177 246.6924 547.5078 c
246.8225 547.2317 246.9095 547.0506 246.9934 546.8678 c
247.0975 546.6407 247.1984 546.4128 247.3004 546.1846 c
247.7764 546.6988 248.4133 547.1436 247.9754 548.0558 c
248.2914 547.9367 248.5035 547.8568 248.7144 547.7769 c
249.3315 548.5467 249.3394 549.4476 249.2283 550.3558 c
249.1693 550.8428 248.9913 551.3156 248.9233 551.8026 c
248.8405 552.3987 248.8175 553.0037 248.7685 553.6046 c
248.6914 553.4008 248.5505 553.1987 248.5505 552.9946 c
248.5485 552.5368 248.5335 552.1107 247.9895 551.8687 c
248.3464 551.5186 248.6424 551.2286 249.0625 550.8167 c
248.7623 550.6478 248.5573 550.5318 248.3544 550.4176 c
248.5003 550.0678 248.6095 549.8067 248.7183 549.5457 c
248.7314 549.5207 248.7444 549.4946 248.7574 549.4697 c
h
f
/GS13 gs
/CS15 cs 0.4200 0.8200 0.2200 0.0200 scn
244.1248 559.6143 m
244.1208 559.9131 244.1166 560.2122 244.1117 560.5112 c
242.9657 560.1773 241.9268 559.6231 240.9347 558.9723 c
240.8258 558.8453 240.7428 558.6571 240.6056 558.5981 c
239.3436 558.0592 238.0717 557.5433 236.8037 557.0172 c
236.7558 556.9971 236.7218 556.9432 236.5736 556.8052 c
237.4078 556.7791 238.0586 557.0583 238.7166 557.2913 c
239.0457 557.4081 239.3677 557.5473 239.6928 557.6763 c
239.7487 557.6811 239.8056 557.6822 239.8618 557.6811 c
240.0976 557.7962 240.3337 557.9113 240.5696 558.0261 c
240.9477 558.1372 241.3256 558.2483 241.7037 558.3603 c
242.2746 558.6633 242.8458 558.9663 243.4167 559.2702 c
243.3906 559.4391 243.1037 559.6452 243.4547 559.7532 c
243.5187 559.7722 243.6568 559.5542 243.7608 559.4451 c
243.8816 559.5012 244.0037 559.5582 244.1248 559.6143 c
f
/GS13 gs
/CS15 cs 0.2900 0.8300 0.0900 0.0000 scn
239.8618 557.6814 m
239.8059 557.6825 239.7489 557.6805 239.6928 557.6766 c
239.8589 557.4104 239.9148 557.1456 239.7237 556.8605 c
239.4167 556.4035 239.1647 555.9015 238.8087 555.4874 c
238.3407 554.9426 237.8018 554.4564 237.2769 553.9626 c
237.1329 553.8274 236.9259 553.7616 236.7539 553.6525 c
236.2448 553.3296 235.7399 553.0014 235.2348 552.6714 c
235.2249 552.6655 235.2328 552.6136 235.2458 552.5906 c
235.2589 552.5674 235.2898 552.5535 235.3127 552.5354 c
237.3228 553.2786 238.9198 554.4986 239.8867 556.4605 c
240.0517 556.7956 240.2799 557.0986 240.4777 557.4166 c
240.4508 557.4464 240.4247 557.4756 240.3989 557.5065 c
240.2198 557.5646 240.0409 557.6236 239.8618 557.6814 c
f
/GS13 gs
/CS15 cs 0.1300 0.5800 0.1600 0.0000 scn
238.6437 549.9031 m
238.3109 549.7971 238.2497 549.2540 237.7817 549.3651 c
237.4688 548.5921 237.1569 547.8199 236.8437 547.0469 c
237.1198 547.2111 237.3968 547.3760 237.7627 547.5940 c
237.7619 547.5971 237.7287 547.7179 237.6947 547.8440 c
238.5479 548.1799 238.6318 548.9790 238.8189 549.7160 c
238.7599 549.7781 238.7018 549.8410 238.6437 549.9031 c
f
/GS13 gs
/CS15 cs 0.2600 0.5300 0.1000 0.0000 scn
251.9133 576.9292 m
253.5823 576.6483 255.2502 576.3611 256.9212 576.0913 c
257.1783 576.0502 257.4482 576.0822 257.7112 576.0811 c
256.2372 576.4901 254.7604 576.8901 253.2203 576.9522 c
252.7863 576.9692 252.3492 576.9383 251.9133 576.9292 c
f
/GS13 gs
/CS15 cs 0.4200 0.8200 0.2200 0.0200 scn
237.5691 560.6991 m
237.7182 560.4551 237.8701 560.2122 238.0161 559.9653 c
238.3710 559.3703 238.8362 559.0383 239.5650 559.2793 c
239.6690 559.3133 239.7940 559.2872 239.9091 559.2883 c
239.2472 559.9553 238.4311 560.3652 237.5691 560.6991 c
f
/GS13 gs
/CS15 cs 0.4600 0.8100 0.0000 0.0000 scn
253.3700 565.1317 m
253.4349 565.2955 253.4990 565.4605 253.5630 565.6246 c
253.3819 565.6626 253.1370 565.7947 253.0290 565.7227 c
252.4708 565.3485 251.9300 564.9437 251.4240 564.5015 c
251.2769 564.3726 251.2670 564.0866 251.1938 563.8725 c
251.6598 564.2045 252.1148 564.5557 252.5998 564.8576 c
252.8260 564.9976 253.1109 565.0435 253.3700 565.1317 c
f
/GS13 gs
/CS15 cs 0.4200 0.8200 0.2200 0.0200 scn
248.7144 547.7769 m
248.5035 547.8568 248.2914 547.9359 247.9754 548.0558 c
248.4133 547.1439 247.7775 546.6988 247.3004 546.1849 c
247.3024 546.0608 247.3044 545.9357 247.3075 545.8119 c
248.1395 546.2067 248.6293 546.8468 248.7144 547.7769 c
f
/GS13 gs
/CS15 cs 0.2900 0.8300 0.0900 0.0000 scn
241.7040 558.3600 m
241.3261 558.2489 240.9480 558.1369 240.5701 558.0258 c
240.5129 557.8529 240.4559 557.6800 240.3989 557.5068 c
240.4250 557.4759 240.4511 557.4458 240.4780 557.4169 c
240.8871 557.7310 241.2961 558.0448 241.7040 558.3600 c
f
/GS13 gs
/CS15 cs 0.1300 0.5800 0.1600 0.0000 scn
254.3944 575.9263 m
253.5525 575.9654 252.7115 576.0054 251.8696 576.0442 c
252.7115 576.0054 253.5525 575.9654 254.3944 575.9263 c
f
/GS13 gs
/CS15 cs 0.2500 0.5600 0.0000 0.0000 scn
259.7097 575.5606 m
260.2378 574.9347 260.2548 574.9288 260.9147 575.1587 c
260.5127 575.2928 260.1108 575.4268 259.7097 575.5606 c
f
/GS13 gs
/CS15 cs 0.0200 0.5000 0.0000 0.0000 scn
242.7199 570.5555 m
242.1198 570.5626 241.5200 570.5705 240.9199 570.5776 c
241.5169 570.3245 242.1170 570.3367 242.7199 570.5555 c
f
/GS13 gs
/CS15 cs 0.1700 0.4800 0.0000 0.0000 scn
259.9288 573.9276 m
260.0376 574.0296 260.2457 574.1416 260.2378 574.2334 c
260.2108 574.5214 260.0257 574.6895 259.7026 574.6156 c
259.7777 574.3865 259.8537 574.1566 259.9288 573.9276 c
f
/GS13 gs
/CS15 cs 0.4600 0.8100 0.0000 0.0000 scn
243.7603 559.4451 m
243.6562 559.5542 243.5193 559.7722 243.4544 559.7532 c
243.1043 559.6452 243.3903 559.4391 243.4173 559.2702 c
243.5312 559.3283 243.6463 559.3873 243.7603 559.4451 c
f
/GS13 gs
/CS15 cs 0.1700 0.4800 0.0000 0.0000 scn
259.2306 574.8069 m
259.0807 574.8698 258.9296 574.9330 258.7796 574.9960 c
258.8496 574.7420 258.9976 574.6720 259.2306 574.8069 c
f
/GS13 gs
/CS15 cs 0.2600 0.5300 0.1000 0.0000 scn
251.1147 557.9005 m
251.0297 557.7596 250.9438 557.6196 250.8588 557.4787 c
250.9438 557.6196 251.0297 557.7596 251.1147 557.9005 c
f
/GS13 gs
/CS15 cs 0.2600 0.5300 0.1000 0.0000 scn
231.7238 562.0473 m
231.9698 561.8792 232.2108 561.8273 232.4438 562.0703 c
232.2040 562.0623 231.9639 562.0552 231.7238 562.0473 c
f
/GS13 gs
/CS15 cs 0.2600 0.5300 0.1000 0.0000 scn
251.3665 576.9890 m
251.5303 576.9780 251.6933 576.9680 251.8563 576.9570 c
251.6984 577.0230 251.5414 577.0888 251.3835 577.1548 c
251.3713 577.0998 251.3653 577.0449 251.3665 576.9890 c
f
/GS13 gs
/CS15 cs 0.2500 0.5600 0.0000 0.0000 scn
260.9444 575.2097 m
261.1743 575.1998 261.2914 575.2967 261.2563 575.5377 c
261.1522 575.4288 261.0482 575.3188 260.9444 575.2097 c
f
/GS13 gs
/CS15 cs 0.2600 0.5300 0.1000 0.0000 scn
251.8693 559.4678 m
251.8115 559.3547 251.7545 559.2407 251.6964 559.1276 c
251.7545 559.2407 251.8115 559.3547 251.8693 559.4678 c
f
/GS13 gs
/CS15 cs 0.6600 0.9300 0.1300 0.0200 scn
258.4383 572.0227 m
258.5024 572.1276 258.5662 572.2328 258.6302 572.3376 c
258.5662 572.2328 258.5024 572.1276 258.4383 572.0227 c
f
/GS13 gs
/CS15 cs 0.2600 0.5300 0.1000 0.0000 scn
250.7859 557.3571 m
250.7460 557.2862 250.7060 557.2151 250.6660 557.1442 c
250.7060 557.2151 250.7460 557.2862 250.7859 557.3571 c
f
/GS13 gs
/CS15 cs 0.2600 0.5300 0.1000 0.0000 scn
251.6315 558.9510 m
251.5975 558.8901 251.5623 558.8280 251.5283 558.7671 c
251.5623 558.8280 251.5975 558.8901 251.6315 558.9510 c
f
/GS13 gs
/CS15 cs 0.0000 0.6000 0.2400 0.0000 scn
226.8173 557.2689 m
226.8011 557.2811 226.7762 557.2800 226.7541 557.2840 c
226.7572 557.2539 226.7603 557.2239 226.7631 557.1941 c
226.7841 557.2020 226.8043 557.2091 226.8241 557.2171 c
226.8221 557.2349 226.8272 557.2621 226.8173 557.2689 c
h
232.2802 555.8009 m
231.6631 556.1921 231.2362 556.1609 230.5933 555.7601 c
230.6032 555.6881 230.6132 555.6149 230.6231 555.5429 c
231.1413 555.6231 231.6603 555.7039 232.2802 555.8009 c
h
225.7223 555.3190 m
226.7932 555.0551 227.7411 555.3431 228.6972 555.6090 c
226.7002 555.8170 226.2033 555.7660 225.7223 555.3190 c
h
223.9353 555.9321 m
224.3211 555.8961 224.7333 555.8349 224.8172 556.3721 c
224.9323 557.1071 225.4442 557.3350 226.1163 557.3829 c
225.9403 557.6451 225.7821 557.8540 226.1322 558.0641 c
226.6622 558.3830 227.0871 558.3750 227.6172 558.0111 c
227.7312 557.9331 227.8811 557.9079 228.0152 557.8591 c
228.0291 557.8339 228.0421 557.8081 228.0563 557.7831 c
228.0421 557.8089 228.0291 557.8339 228.0152 557.8600 c
227.7403 558.2769 227.4642 558.6951 227.1912 559.1100 c
227.2402 559.1611 227.2711 559.2251 227.3153 559.2351 c
227.4273 559.2600 227.5441 559.2611 227.6583 559.2711 c
227.7181 559.2141 227.7782 559.1560 227.8383 559.0981 c
227.8783 559.0219 l
227.9132 559.0559 l
227.8383 559.0981 l
227.7802 559.1580 227.7221 559.2169 227.6643 559.2770 c
227.8261 559.8479 228.1861 559.9911 228.5362 559.6050 c
228.7681 559.3490 228.9532 559.0511 229.2092 558.7050 c
230.1392 559.4009 230.9301 558.9181 231.5052 558.5559 c
232.4741 558.6880 233.2372 558.7980 234.0031 558.8861 c
234.0972 558.8960 234.2191 558.7991 234.3042 558.7240 c
234.7472 558.3331 235.1103 557.8911 235.2223 557.1870 c
234.8603 557.2749 234.5632 557.3480 234.2682 557.4189 c
234.2293 557.6581 234.1981 557.8540 234.1723 558.0119 c
233.9062 557.7721 233.6443 557.5340 233.3843 557.2990 c
233.4093 557.2400 233.4223 557.1799 233.4552 557.1360 c
233.5093 557.0660 233.5691 556.9980 233.6383 556.9449 c
234.4482 556.3210 234.4482 556.3219 233.9422 555.5220 c
233.9141 555.4769 233.9223 555.4091 233.9192 555.3901 c
234.1732 554.7699 234.4311 554.1871 234.6503 553.5890 c
234.7282 553.3761 234.7512 553.1241 234.7282 552.8971 c
234.6763 552.3681 234.3002 552.1340 233.8013 552.3191 c
233.5113 552.4260 233.2431 552.5901 232.9262 552.7480 c
232.7281 552.4991 232.5753 552.2420 232.3593 552.0611 c
232.2283 551.9511 231.9562 551.8709 231.8261 551.9350 c
231.6892 552.0030 231.5863 552.2559 231.5761 552.4339 c
231.5633 552.6581 231.6713 552.8871 231.7031 553.1170 c
231.7133 553.1910 231.6481 553.2749 231.6081 553.3781 c
231.0222 553.3781 l
230.7172 553.1879 231.1563 552.7511 230.6693 552.7281 c
230.6282 552.8001 l
230.5962 552.7681 l
230.6693 552.7281 l
230.6381 552.5711 230.6072 552.4129 230.5531 552.1360 c
230.1471 552.4370 229.8022 552.6499 229.5102 552.9200 c
229.1652 553.2389 228.8492 553.3699 228.4271 553.0569 c
228.0472 552.7760 227.7332 552.8809 227.4633 553.2690 c
227.3593 553.4189 227.1481 553.5950 226.9891 553.5921 c
225.8481 553.5731 225.0751 554.4150 224.1023 554.7801 c
223.8052 554.8910 223.7272 555.1251 223.8052 555.4219 c
223.8483 555.5900 223.8902 555.7589 223.9333 555.9279 c
223.9333 555.9279 223.9353 555.9321 223.9353 555.9321 c
f
/GS13 gs
/CS15 cs 0.1200 0.5500 0.0300 0.0000 scn
240.8536 550.4179 m
240.8026 550.4579 240.7516 550.4967 240.7005 550.5369 c
240.6804 550.4927 240.6396 550.4448 240.6464 550.4057 c
240.6526 550.3737 240.7156 550.3507 240.7524 550.3249 c
240.7864 550.3558 240.8204 550.3867 240.8536 550.4179 c
h
239.5205 550.5999 m
239.7314 550.6449 239.9474 550.6659 240.2334 550.7079 c
240.0035 551.0608 239.8255 551.3199 239.6656 551.5909 c
239.6344 551.6427 239.6764 551.7377 239.6874 551.8369 c
239.9445 551.7748 240.1656 551.7227 240.3944 551.6677 c
240.4216 552.6147 240.4244 552.5938 241.3395 552.7397 c
241.5835 552.7789 241.7995 552.9917 242.0286 553.1238 c
242.3446 553.2219 242.6315 552.7539 243.0116 553.0507 c
242.7684 553.2508 242.5646 553.4178 242.3475 553.5958 c
242.6715 554.0859 243.0924 554.1718 243.5445 554.1389 c
243.9544 554.1089 244.2934 554.1758 244.3895 554.5587 c
245.0234 554.3558 245.5926 554.1738 246.1986 553.9788 c
246.2176 553.7438 246.2374 553.4838 246.2576 553.2228 c
246.1524 553.0518 246.0705 552.8599 245.9395 552.7128 c
245.0404 551.7088 244.1316 550.7147 243.2256 549.7177 c
242.8784 549.3617 242.5306 549.0057 242.1836 548.6499 c
242.0396 548.8308 241.8284 548.9909 241.7635 549.1967 c
241.5464 549.8807 241.0296 549.9448 240.4505 549.8957 c
239.9054 549.8498 239.3626 549.7767 238.8186 549.7157 c
238.7605 549.7787 238.7024 549.8408 238.6434 549.9028 c
238.6925 550.4409 239.1165 550.5129 239.5205 550.5999 c
f
/GS13 gs
/CS15 cs 0.4200 0.8200 0.2200 0.0200 scn
238.2565 544.3396 m
238.9416 544.8016 239.5984 545.2075 240.0854 545.9176 c
239.5494 546.0197 239.0034 545.7396 238.3495 545.0995 c
238.1374 544.8926 238.1386 544.8926 238.2565 544.3396 c
f
/GS13 gs
/CS15 cs 0.3800 0.7900 0.0500 0.0000 scn
243.2256 549.7177 m
242.8784 549.3617 242.5306 549.0057 242.1836 548.6499 c
242.0425 548.4197 241.9004 548.1899 241.6734 547.8208 c
242.5246 547.9157 242.7165 548.6057 243.2055 548.8798 c
243.2146 548.9739 243.2234 549.0677 243.2336 549.1607 c
243.2305 549.3467 243.2285 549.5318 243.2256 549.7177 c
f
/GS13 gs
/CS15 cs 0.2600 0.5300 0.1000 0.0000 scn
245.7014 545.2926 m
246.1286 545.2526 246.4075 545.4607 246.5946 545.8246 c
246.5926 545.8867 246.5906 545.9477 246.5895 546.0097 c
246.5955 546.0026 l
245.8165 545.9655 245.8165 545.9655 245.7014 545.2926 c
f
/GS13 gs
/CS15 cs 0.3600 0.7800 0.0200 0.0000 scn
247.4739 572.9006 m
248.0958 573.0948 248.6030 573.4066 248.7209 574.1178 c
247.7798 574.5756 247.7798 574.5756 247.7778 575.4767 c
248.0119 575.5397 248.2458 575.6017 248.4598 575.6587 c
248.3569 576.0207 248.2719 576.3146 248.1880 576.6097 c
248.1639 576.6296 248.1409 576.6497 248.1168 576.6687 c
247.0380 576.6018 245.9588 576.5326 244.8788 576.4666 c
244.0009 576.4127 243.1018 576.4586 242.2488 576.2826 c
241.4670 576.1208 240.6889 576.1837 239.9139 576.0958 c
239.8439 576.0887 239.7640 576.1678 239.5400 576.2846 c
240.0690 576.4966 240.4128 576.6338 240.7558 576.7707 c
240.7408 577.0488 240.7258 577.3258 240.7079 577.6688 c
239.9868 577.4828 239.8178 578.0276 239.5148 578.3837 c
239.3379 578.3247 239.1610 578.2657 238.9850 578.2068 c
239.0369 577.9837 239.0899 577.7617 239.1129 577.6688 c
238.8988 577.2917 238.7520 577.0089 238.5828 576.7398 c
238.3798 576.4198 238.1658 576.1018 237.7270 576.0848 c
237.6740 576.0266 237.6198 575.9677 237.5668 575.9096 c
238.1250 575.7528 238.7818 575.9578 239.2438 575.4458 c
239.2719 575.4158 239.3629 575.4118 239.4079 575.4317 c
239.8530 575.6346 240.0369 575.3276 240.2260 575.0237 c
240.2878 574.9798 240.3499 574.9347 240.4120 574.8897 c
240.3479 574.9328 240.2850 574.9758 240.2209 575.0186 c
239.9958 574.8267 239.7699 574.6337 239.6220 574.5067 c
239.7750 573.8017 240.6129 573.8366 240.7028 573.0987 c
239.8479 573.3377 239.2299 573.7847 238.6990 574.3726 c
238.2180 573.9996 238.2160 574.0186 237.4948 573.9177 c
237.3369 573.8958 237.1578 573.7136 237.0739 573.5588 c
236.9849 573.3918 236.9979 573.1707 236.9679 572.9837 c
236.2918 572.9488 235.6509 573.2768 235.3929 573.7708 c
235.3569 573.8409 235.3178 573.9596 235.3510 574.0106 c
235.7260 574.5827 235.1429 574.5728 234.8949 574.9027 c
234.9309 574.0628 234.9309 574.0628 234.5519 573.7677 c
235.0449 573.3677 235.5718 573.0007 236.0220 572.5556 c
236.3939 572.1877 236.8670 572.0638 237.3018 572.0528 c
238.5360 572.0227 239.6639 571.6477 240.7890 571.2077 c
241.3698 570.9798 241.9608 570.8217 242.5898 571.0626 c
242.9680 571.2086 243.3929 570.7857 243.7659 571.1357 c
243.3620 571.6746 243.3030 572.2597 243.5219 572.8867 c
243.5380 572.9318 243.4978 572.9967 243.4788 573.0727 c
243.1908 573.4568 242.4050 573.5948 242.8058 574.4126 c
242.9028 574.4398 243.0638 574.4446 243.1718 574.5237 c
243.5170 574.7777 243.8388 575.0048 244.2529 574.6368 c
244.5398 574.3809 244.8910 574.2828 245.0738 573.8148 c
245.2969 573.2396 245.3868 572.7917 245.0580 572.2676 c
244.9879 572.1568 245.0160 571.9836 244.9979 571.8396 c
245.2408 571.8356 245.5030 571.7707 245.7230 571.8387 c
246.3469 572.0318 246.9679 572.2569 247.3078 572.8898 c
247.0538 572.8606 246.7998 572.8329 246.5099 572.7997 c
246.5099 573.5398 l
246.2590 573.5038 246.0620 573.4766 245.7850 573.4366 c
245.8749 574.0098 244.8590 574.2207 245.4290 575.0118 c
245.9398 574.1787 246.5629 574.7258 247.2069 574.8406 c
247.2100 574.3026 247.5570 574.1487 247.9640 574.0296 c
248.0539 574.0038 248.0970 573.8156 248.1970 573.6407 c
247.9090 573.5656 247.7069 573.5126 247.4739 573.4517 c
h
f
/GS13 gs
/CS15 cs 0.3800 0.7900 0.0500 0.0000 scn
239.5151 578.3831 m
239.8181 578.0282 239.9862 577.4822 240.7073 577.6682 c
240.7263 577.3252 240.7411 577.0483 240.7561 576.7713 c
242.2491 577.1282 243.7642 577.2192 245.2932 577.1432 c
245.9262 577.1112 246.5671 577.1353 247.1902 577.0372 c
247.5003 576.9893 247.9331 577.0933 248.1171 576.6693 c
248.1403 576.6491 248.1642 576.6293 248.1871 576.6103 c
248.3631 576.6111 248.5392 576.6123 248.7152 576.6131 c
248.7231 577.0063 248.7302 577.3992 248.7373 577.8133 c
249.2402 577.8383 249.5052 577.6722 249.5251 577.3031 c
249.5401 577.0071 249.4443 576.6993 249.3601 576.4082 c
249.3391 576.3362 249.1713 576.3073 249.0712 576.2582 c
249.3431 575.9923 249.5203 576.0451 249.6033 576.4161 c
249.5993 576.4751 249.5951 576.5343 249.5903 576.5933 c
249.7751 576.7081 249.9483 576.8813 250.1493 576.9252 c
250.4313 576.9862 250.7343 576.9502 251.0291 576.9553 c
250.5563 577.3813 250.0911 577.7943 249.8862 578.4483 c
249.8102 578.6901 249.4953 579.0163 249.2773 579.0251 c
248.4071 579.0623 248.0063 579.7981 247.3673 580.1641 c
246.4982 580.6613 245.7332 581.3991 244.6342 581.4011 c
244.4933 581.4011 244.3521 581.4711 244.2121 581.5123 c
242.8492 581.9122 241.5762 581.5851 240.3332 581.0281 c
240.2552 580.9932 240.1483 580.9541 240.1203 580.8892 c
239.7662 580.0723 239.0031 580.0363 238.2851 579.8962 c
238.0612 579.8523 237.8503 579.7431 237.5552 579.6363 c
237.8203 579.4571 237.9603 579.3622 238.1003 579.2683 c
238.3821 579.4092 238.6593 579.5663 238.9521 579.6811 c
239.0652 579.7253 239.2571 579.7213 239.3382 579.6513 c
239.4173 579.5821 239.4422 579.3931 239.4162 579.2743 c
239.3731 579.0821 239.2693 578.9041 239.1953 578.7303 c
239.3203 578.5951 239.4173 578.4891 239.5151 578.3831 c
f
/GS13 gs
/CS15 cs 0.2300 0.7200 0.0000 0.0000 scn
239.5151 578.3831 m
239.4173 578.4891 239.3203 578.5951 239.1953 578.7303 c
239.2693 578.9041 239.3731 579.0821 239.4162 579.2743 c
239.4422 579.3931 239.4173 579.5821 239.3382 579.6513 c
239.2571 579.7213 239.0652 579.7253 238.9521 579.6811 c
238.6593 579.5663 238.3821 579.4092 238.1003 579.2683 c
237.6082 579.1031 237.1161 578.9381 236.5801 578.7592 c
236.6442 578.1963 237.3242 578.3502 237.6802 577.9123 c
236.9052 577.7623 236.0951 578.0551 235.4403 577.4751 c
235.5032 577.3363 235.5693 577.1911 235.6523 577.0103 c
235.1242 576.7503 234.7611 576.0703 234.0162 576.4343 c
233.6202 575.9552 234.2781 575.7403 234.2052 575.3733 c
234.2191 575.3511 234.2333 575.3302 234.2483 575.3083 c
234.2353 575.3313 234.2222 575.3543 234.2092 575.3781 c
233.8832 575.3971 233.5572 575.4163 233.2293 575.4362 c
233.1692 574.5552 233.4971 574.1342 234.5522 573.7683 c
234.9312 574.0631 234.9312 574.0631 234.8943 574.9033 c
235.1421 574.5722 235.7263 574.5821 235.3513 574.0101 c
235.3181 573.9602 235.3561 573.8411 235.3932 573.7703 c
235.6503 573.2762 236.2921 572.9482 236.9682 572.9842 c
236.9982 573.1713 236.9852 573.3921 237.0742 573.5582 c
237.1572 573.7133 237.3372 573.8961 237.4951 573.9182 c
238.2151 574.0183 238.2182 574.0002 238.6993 574.3723 c
239.2302 573.7853 239.8473 573.3371 240.7022 573.0982 c
240.6132 573.8363 239.7753 573.8012 239.6211 574.5073 c
239.7702 574.6331 239.9953 574.8262 240.2212 575.0192 c
240.2252 575.0243 l
240.0372 575.3273 239.8521 575.6343 239.4082 575.4322 c
239.3631 575.4112 239.2722 575.4152 239.2441 575.4461 c
238.7823 575.9583 238.1241 575.7523 237.5671 575.9093 c
236.3803 575.5371 236.1212 575.5462 235.6611 576.0082 c
236.0761 576.1032 236.4642 576.1913 236.8531 576.2803 c
236.9982 576.4833 237.1433 576.6863 237.3871 577.0273 c
237.5351 576.6732 237.6283 576.4501 237.7213 576.2273 c
237.7222 576.1791 237.7242 576.1321 237.7261 576.0842 c
238.1661 576.1012 238.3801 576.4192 238.5822 576.7401 c
238.7523 577.0083 238.8991 577.2923 239.1123 577.6682 c
239.0902 577.7623 239.0372 577.9843 238.9842 578.2062 c
238.9093 578.2462 l
238.9422 578.2813 l
238.9842 578.2062 l
239.1613 578.2652 239.3382 578.3241 239.5151 578.3831 c
f
/GS13 gs
/CS15 cs 0.2800 0.7100 0.0000 0.0000 scn
244.9981 571.8396 m
245.0151 571.9836 244.9882 572.1565 245.0582 572.2676 c
245.3862 572.7917 245.2972 573.2405 245.0733 573.8145 c
244.8913 574.2836 244.5392 574.3806 244.2523 574.6365 c
243.8393 575.0045 243.5162 574.7777 243.1712 574.5237 c
243.0643 574.4455 242.9033 574.4395 242.8061 574.4126 c
242.4053 573.5957 243.1913 573.4565 243.4793 573.0727 c
243.4983 572.9967 243.5372 572.9315 243.5213 572.8867 c
243.3022 572.2597 243.3623 571.6746 243.7662 571.1357 c
244.1772 571.3707 244.5871 571.6046 244.9981 571.8396 c
f
/GS13 gs
/CS15 cs 0.2300 0.7200 0.0000 0.0000 scn
249.6036 576.4164 m
249.5205 576.0454 249.3437 575.9923 249.0715 576.2585 c
249.0676 576.2614 l
248.9505 576.3793 248.8326 576.4963 248.7155 576.6146 c
248.7155 576.6134 l
248.5395 576.6123 248.3637 576.6114 248.1877 576.6103 c
248.2727 576.3155 248.3566 576.0204 248.4607 575.6593 c
248.2455 575.6023 248.0117 575.5394 247.7775 575.4773 c
247.7795 574.5764 247.7795 574.5764 248.7217 574.1175 c
249.3456 574.7343 249.9707 575.3523 250.5827 575.9563 c
250.3865 576.4714 249.9857 576.4215 249.6036 576.4164 c
f
/GS13 gs
/CS15 cs 0.2300 0.7200 0.0000 0.0000 scn
247.4739 572.9006 m
247.4739 573.4517 l
247.7069 573.5126 247.9090 573.5656 248.1970 573.6407 c
248.0970 573.8156 248.0539 574.0038 247.9640 574.0296 c
247.5570 574.1487 247.2100 574.3026 247.2069 574.8406 c
246.5629 574.7258 245.9398 574.1787 245.4290 575.0118 c
244.8590 574.2207 245.8749 574.0098 245.7850 573.4366 c
246.0620 573.4766 246.2590 573.5038 246.5099 573.5398 c
246.5099 572.7997 l
246.7998 572.8329 247.0538 572.8606 247.3078 572.8898 c
247.3639 572.8927 247.4189 572.8958 247.4739 572.9006 c
f
/GS13 gs
/CS15 cs 0.3000 0.6400 0.1300 0.0000 scn
246.2275 547.2009 m
245.6844 547.2009 l
245.6844 547.1708 245.6844 547.1408 245.6844 547.1107 c
246.2284 547.1107 l
246.2284 547.1408 246.2275 547.1708 246.2275 547.2009 c
f
/GS13 gs
/CS15 cs 0.3000 0.6400 0.1300 0.0000 scn
248.3685 549.5522 m
248.3524 549.5751 248.3354 549.5992 248.3195 549.6222 c
248.3306 549.5941 248.3416 549.5652 248.3524 549.5372 c
248.3524 549.5363 248.3685 549.5522 248.3685 549.5522 c
f
/GS13 gs
/CS15 cs 0.0100 0.4000 0.2200 0.0000 scn
246.5892 546.0094 m
246.5912 545.9474 246.5923 545.8864 246.5943 545.8246 c
246.6502 545.8275 246.7071 545.8286 246.7641 545.8275 c
246.7052 545.8876 246.6473 545.9485 246.5892 546.0094 c
f
/GS13 gs
/CS15 cs 0.2600 0.5300 0.1000 0.0000 scn
248.7135 549.5409 m
248.7285 549.5168 248.7424 549.4938 248.7574 549.4697 c
248.7444 549.4946 248.7314 549.5207 248.7183 549.5457 c
248.7183 549.5457 248.7135 549.5409 248.7135 549.5409 c
f
/GS13 gs
/CS15 cs 0.1300 0.7200 0.2300 0.0000 scn
240.3992 557.5065 m
240.4562 557.6797 240.5132 557.8526 240.5701 558.0255 c
240.3343 557.9116 240.0982 557.7965 239.8623 557.6817 c
240.0412 557.6236 240.2203 557.5646 240.3992 557.5065 c
f
/GS13 gs
/CS15 cs 0.2900 0.8300 0.0900 0.0000 scn
228.6972 555.6087 m
226.7002 555.8165 226.2033 555.7657 225.7223 555.3196 c
226.7932 555.0545 227.7414 555.3425 228.6972 555.6087 c
f
/GS13 gs
/CS15 cs 0.4200 0.8200 0.2200 0.0200 scn
230.6228 555.5426 m
231.1418 555.6237 231.6597 555.7045 232.2797 555.8006 c
231.6628 556.1915 231.2368 556.1617 230.5928 555.7606 c
230.6027 555.6875 230.6126 555.6155 230.6228 555.5426 c
f
/GS13 gs
/CS15 cs 0.1300 0.7200 0.2300 0.0000 scn
226.8244 557.2171 m
226.8224 557.2349 226.8275 557.2621 226.8173 557.2689 c
226.8014 557.2811 226.7753 557.2800 226.7544 557.2840 c
226.7575 557.2539 226.7603 557.2239 226.7634 557.1941 c
226.7833 557.2020 226.8045 557.2091 226.8244 557.2171 c
f
/GS13 gs
/CS15 cs 0.1300 0.7200 0.2300 0.0000 scn
230.6687 552.7284 m
230.6276 552.8004 l
230.5956 552.7684 l
h
f
/GS13 gs
/CS15 cs 0.1300 0.7200 0.2300 0.0000 scn
228.0149 557.8588 m
228.0288 557.8339 228.0427 557.8089 228.0569 557.7829 c
228.0427 557.8089 228.0288 557.8339 228.0149 557.8600 c
h
f
/GS13 gs
/CS15 cs 0.1300 0.7200 0.2300 0.0000 scn
227.8378 559.0979 m
227.8789 559.0219 l
227.9129 559.0559 l
h
f
/GS13 gs
/CS15 cs 0.1300 0.7200 0.2300 0.0000 scn
227.6583 559.2713 m
227.7184 559.2132 227.7782 559.1554 227.8383 559.0973 c
227.7802 559.1574 227.7224 559.2172 227.6643 559.2773 c
227.6643 559.2773 227.6583 559.2713 227.6583 559.2713 c
f
/GS13 gs
/CS15 cs 0.2600 0.5300 0.1000 0.0000 scn
240.7530 550.3246 m
240.7861 550.3555 240.8202 550.3864 240.8530 550.4176 c
240.8020 550.4576 240.7521 550.4975 240.7011 550.5364 c
240.6801 550.4924 240.6390 550.4445 240.6461 550.4066 c
240.6521 550.3734 240.7150 550.3516 240.7530 550.3246 c
f
/GS13 gs
/CS15 cs 0.8200 1.0000 0.2700 0.1900 scn
248.1168 576.6690 m
247.9329 577.0930 247.5009 576.9890 247.1899 577.0380 c
246.5677 577.1358 245.9259 577.1109 245.2929 577.1429 c
243.7639 577.2200 242.2488 577.1279 240.7558 576.7710 c
240.4128 576.6338 240.0687 576.4969 239.5397 576.2849 c
239.7637 576.1678 239.8439 576.0879 239.9139 576.0958 c
240.6889 576.1828 241.4667 576.1210 242.2488 576.2829 c
243.1029 576.4578 244.0009 576.4130 244.8799 576.4660 c
245.9588 576.5318 247.0377 576.6009 248.1168 576.6690 c
f
/GS13 gs
/CS15 cs 0.7400 1.0000 0.1800 0.0600 scn
236.8531 576.2803 m
236.4642 576.1913 236.0761 576.1023 235.6611 576.0085 c
236.1212 575.5465 236.3811 575.5374 237.5671 575.9093 c
237.6201 575.9674 237.6731 576.0264 237.7273 576.0845 c
237.7242 576.1324 237.7222 576.1794 237.7213 576.2273 c
237.4322 576.2455 237.1433 576.2625 236.8531 576.2803 c
f
/GS13 gs
/CS15 cs 0.2300 0.7200 0.0000 0.0000 scn
240.2212 575.0189 m
240.2853 574.9761 240.3482 574.9330 240.4123 574.8900 c
240.3502 574.9350 240.2872 574.9790 240.2252 575.0240 c
240.2252 575.0240 240.2212 575.0189 240.2212 575.0189 c
f
/GS13 gs
/CS15 cs 0.2300 0.7200 0.0000 0.0000 scn
249.0712 576.2585 m
249.1713 576.3076 249.3391 576.3365 249.3601 576.4076 c
249.4443 576.6996 249.5401 577.0066 249.5251 577.3025 c
249.5052 577.6724 249.2402 577.8386 248.7373 577.8125 c
248.7302 577.3986 248.7231 577.0066 248.7152 576.6134 c
248.7152 576.6146 l
248.8331 576.4966 248.9502 576.3796 249.0681 576.2616 c
h
f
/GS13 gs
/CS15 cs 0.3800 0.7900 0.0500 0.0000 scn
236.8531 576.2803 m
237.1433 576.2625 237.4322 576.2455 237.7213 576.2273 c
237.6283 576.4493 237.5351 576.6724 237.3871 577.0273 c
237.1433 576.6866 236.9982 576.4833 236.8531 576.2803 c
f
/GS13 gs
/CS15 cs 0.4200 0.8200 0.2200 0.0200 scn
234.2092 575.3781 m
234.2222 575.3551 234.2350 575.3310 234.2480 575.3081 c
234.2330 575.3299 234.2191 575.3520 234.2052 575.3741 c
h
f
/GS13 gs
/CS15 cs 0.3600 0.7800 0.0200 0.0000 scn
238.9844 578.2062 m
238.9425 578.2802 l
238.9093 578.2462 l
h
f
/GS13 gs
/CS15 cs 0.3800 0.7900 0.0500 0.0000 scn
249.0678 576.2619 m
248.9508 576.3798 248.8329 576.4969 248.7158 576.6148 c
248.8329 576.4969 248.9508 576.3798 249.0678 576.2619 c
f
/GS13 gs
/CS15 cs 0.1300 0.7200 0.2300 0.0000 scn
225.2758 595.1211 m
225.3515 595.0984 225.4277 595.0766 225.5046 595.0562 c
225.4989 595.1211 l
h
h
232.5572 595.1211 m
232.5467 595.0763 232.5368 595.0327 232.5317 594.9921 c
231.9883 594.9153 231.6246 594.9516 231.4128 595.1211 c
230.4235 595.1211 l
229.9127 593.9663 l
229.6777 594.1332 229.4617 594.2871 229.2568 594.4331 c
229.4785 595.1211 l
228.7103 595.1211 l
228.4118 594.3163 l
227.9696 594.6063 227.6337 594.8271 227.2277 595.0933 c
227.0608 594.8943 226.8978 594.7013 226.7348 594.5083 c
227.4197 594.0663 228.1606 593.8053 228.9827 593.7982 c
229.2446 593.7673 229.5068 593.7372 229.7687 593.7063 c
231.5231 593.7197 233.0620 594.2999 234.4983 595.1211 c
h
f
/GS13 gs
/CS15 cs 0.0600 0.4500 0.0000 0.0000 scn
261.4283 594.1508 m
261.4045 594.0388 261.3243 593.8948 261.3665 593.8197 c
261.7665 593.1136 262.1874 592.4188 262.6013 591.7207 c
263.3754 591.4828 263.4273 590.7268 263.7054 590.1446 c
264.0095 589.5077 263.9934 589.4918 264.7165 589.4918 c
265.3534 588.4458 265.5003 588.3307 266.4085 588.1737 c
266.4085 588.1737 266.4045 588.1677 266.4045 588.1677 c
266.3955 588.4166 266.5165 588.5368 266.7654 588.5289 c
266.7654 588.5289 266.7583 588.5237 266.7583 588.5237 c
266.8184 588.6437 266.8785 588.7647 266.9383 588.8846 c
266.9374 588.8798 l
267.0284 589.5658 267.1183 590.2517 267.2135 590.9706 c
267.7924 590.9346 268.0934 591.2016 268.2105 591.7476 c
268.2694 592.0277 268.4614 592.2757 268.5725 592.5478 c
268.8364 593.1958 268.7034 593.4628 267.9993 594.1196 c
267.5565 594.5326 267.2935 594.2806 266.9584 593.9966 c
266.6395 593.7256 266.4374 593.8838 266.3303 594.2597 c
266.9315 594.6437 267.5684 594.5678 268.2034 594.5077 c
268.6663 594.4637 269.1295 594.4178 269.5924 594.3728 c
269.6394 594.4388 269.6865 594.5049 269.7335 594.5698 c
269.5275 594.7557 269.5433 594.9247 269.7715 595.0786 c
269.7715 595.0786 269.7695 595.0738 269.7695 595.0738 c
269.7344 595.1211 l
262.5111 595.1211 l
262.4652 595.0233 262.4066 594.9601 262.3445 594.9578 c
261.8093 594.9326 261.5783 594.5958 261.4283 594.1508 c
f
/GS13 gs
/CS15 cs 0.3800 0.7900 0.0500 0.0000 scn
259.6757 592.0792 m
259.6436 592.3712 259.6127 592.6623 259.5807 592.9543 c
259.3295 593.0203 259.0775 593.0861 258.8255 593.1513 c
258.7096 592.7613 258.5937 592.3712 258.4687 591.9511 c
257.6676 592.8831 256.6545 593.0912 255.5816 593.0532 c
255.3996 592.8063 255.2766 592.4903 255.0475 592.3633 c
254.6476 592.1413 254.5347 591.8581 254.6606 591.4593 c
253.7246 591.2612 253.7215 591.2563 253.7306 590.4533 c
253.3567 590.1792 253.0097 589.9252 252.6276 589.6463 c
252.4385 589.7871 252.2597 589.9212 252.0697 590.0632 c
252.2455 590.4811 252.4017 590.8493 252.5987 591.3173 c
252.2086 591.2603 251.9566 591.1322 251.6227 591.4202 c
251.3137 591.6861 251.1496 591.8732 251.1816 592.2502 c
251.1717 592.2561 l
250.9977 592.1952 250.8236 592.1351 250.6496 592.0741 c
250.6535 591.7813 250.5705 591.5591 250.3865 591.2901 c
249.9746 590.6871 249.5537 590.0221 249.4066 589.3262 c
249.2535 588.5943 249.0197 587.9421 248.6407 587.3162 c
248.5097 587.1013 248.4346 586.8513 248.3427 586.6143 c
248.0647 585.8932 248.1925 585.1752 248.3637 584.4572 c
248.6795 584.4231 248.9967 584.3891 249.4446 584.3412 c
248.7736 584.9232 248.5426 585.4771 248.7677 586.0431 c
249.5276 586.3703 250.1626 586.6421 250.7655 586.9023 c
250.9367 587.7292 249.6016 587.9373 250.1107 588.9512 c
250.5206 588.1893 250.6796 589.2602 251.1417 588.9283 c
251.1686 588.4682 251.1995 587.9443 251.2355 587.3162 c
251.6655 587.7051 251.9836 587.9931 252.3586 588.3333 c
252.4357 588.0223 252.4907 587.8043 252.5417 587.6011 c
252.1196 587.1461 251.3925 586.8663 251.9096 586.0851 c
251.7667 586.0032 251.6536 585.9652 251.5816 585.8892 c
251.5076 585.8101 251.4736 585.6942 251.4226 585.5941 c
250.6966 585.9763 250.5135 585.8892 250.4755 585.1621 c
250.4636 584.9283 250.4775 584.6933 250.4795 584.4583 c
250.8837 584.7483 251.2885 585.0383 251.6936 585.3291 c
251.7627 585.4513 251.8047 585.6471 251.9036 585.6823 c
252.4025 585.8552 252.5885 586.2713 252.7707 586.7002 c
252.8096 586.8933 252.7937 587.1251 252.8977 587.2723 c
253.1676 587.6532 253.5007 587.9891 253.7875 588.3593 c
254.2887 589.0031 254.7697 589.6621 255.2647 590.3101 c
255.7905 590.9981 256.3245 591.6801 256.8546 592.3641 c
256.9847 592.1082 257.0026 591.9001 256.9175 591.7513 c
256.5567 591.1163 256.1377 590.5123 255.7905 589.8691 c
255.2066 588.7891 254.2246 588.0563 253.4675 587.1291 c
253.6387 587.0503 253.8096 586.9723 254.0095 586.8791 c
253.8856 586.5531 253.7867 586.2892 253.6407 585.9071 c
253.9865 585.6131 254.3576 585.3203 254.6997 584.9963 c
254.8536 584.8512 254.9497 584.6451 255.0716 584.4662 c
255.3795 584.4421 255.5836 584.5802 255.8137 584.7902 c
255.9396 584.9053 256.2596 584.6791 256.5275 584.8911 c
256.7497 585.0663 257.1026 585.0743 257.3977 585.1573 c
257.3977 585.1573 257.3906 585.1431 257.3906 585.1431 c
257.5077 585.3671 257.5905 585.6182 257.7475 585.8082 c
258.4647 586.6753 259.1135 587.5673 259.1816 588.7502 c
259.2167 589.3603 259.2417 589.9742 259.3276 590.5783 c
259.4007 591.0843 259.5566 591.5792 259.6757 592.0792 c
f
/GS13 gs
/CS15 cs 0.0000 0.6000 0.2400 0.0000 scn
232.5577 595.1211 m
231.4137 595.1211 l
231.6254 594.9516 231.9888 594.9156 232.5322 594.9924 c
232.5373 595.0329 232.5475 595.0763 232.5577 595.1211 c
h
230.4241 595.1211 m
229.4782 595.1211 l
229.2562 594.4334 l
229.4620 594.2874 229.6780 594.1332 229.9130 593.9663 c
h
h
228.7103 595.1211 m
225.4992 595.1211 l
225.5051 595.0553 l
225.5051 595.0553 225.5071 595.0752 225.5071 595.0752 c
225.5681 595.0273 225.6290 594.9802 225.6902 594.9323 c
225.9822 594.6534 226.3340 594.5213 226.7351 594.5083 c
226.8981 594.7013 227.0602 594.8943 227.2272 595.0933 c
227.6342 594.8263 227.9690 594.6063 228.4121 594.3163 c
h
f
/GS13 gs
/CS15 cs 0.0100 0.4000 0.2200 0.0000 scn
237.1450 587.8664 m
236.6512 587.5645 236.1631 587.2496 235.6991 586.9035 c
235.4411 586.7116 235.4162 586.4726 235.8071 586.2886 c
236.4511 586.6685 237.0671 587.1044 237.6312 587.8026 c
237.3871 587.8395 237.2272 587.9166 237.1450 587.8664 c
h
235.4272 589.7696 m
235.4380 589.7806 l
235.6682 590.0315 235.9270 590.2625 236.1212 590.5395 c
236.3332 590.8394 236.4182 591.3754 236.6782 591.4664 c
237.2321 591.6606 237.8631 591.6614 238.4640 591.6824 c
238.7100 591.6915 238.9612 591.5486 239.2030 591.4766 c
239.3751 591.0746 239.5440 590.6815 239.7121 590.2894 c
239.5911 590.1075 239.4711 589.9255 239.3552 589.7506 c
239.6322 589.4714 239.8071 589.6474 239.9751 589.7985 c
240.2912 590.0845 240.6010 590.3796 240.9131 590.6704 c
241.4571 590.3274 241.8310 589.8614 241.9651 589.2216 c
242.0940 588.6054 242.4540 588.2635 243.0930 588.1646 c
243.5420 588.0946 243.9471 587.8845 244.1840 587.4134 c
243.9482 587.4806 243.7121 587.5475 243.3532 587.6484 c
243.2971 587.2595 243.2492 586.9315 243.2010 586.6024 c
242.8421 586.5386 242.4861 586.4576 242.1241 586.4176 c
241.8800 586.3915 241.6632 586.3745 241.6360 586.0675 c
241.6181 586.0494 l
241.3942 585.9856 241.1680 585.9244 240.9452 585.8566 c
240.3890 585.6874 239.8442 585.4476 239.2761 585.3614 c
238.7140 585.2755 238.1281 585.3424 237.5830 585.3424 c
237.1102 584.3775 236.6830 584.2395 235.7751 584.7015 c
235.6481 584.7656 235.4981 584.7874 235.3592 584.8285 c
235.3241 585.1216 235.2892 585.4144 235.2540 585.7064 c
235.2730 585.7186 235.2920 585.7296 235.3110 585.7415 c
235.2932 585.7285 235.2762 585.7155 235.2580 585.7036 c
235.1730 585.6806 235.0740 585.6786 235.0052 585.6324 c
234.2081 585.1035 234.2092 585.1015 233.3571 585.7815 c
233.7630 586.6926 233.9201 587.7646 234.9570 588.3724 c
234.7801 588.4926 234.5641 588.6386 234.3492 588.7854 c
234.4192 588.9986 234.4901 589.2106 234.5610 589.4226 c
234.8600 589.5116 235.3130 589.2174 235.4272 589.7696 c
f
/GS13 gs
/CS15 cs 0.2600 0.5300 0.1000 0.0000 scn
235.4383 589.7806 m
235.6682 590.0318 235.9273 590.2628 236.1212 590.5386 c
236.3332 590.8397 236.4182 591.3757 236.6782 591.4667 c
237.2323 591.6609 237.8633 591.6617 238.4643 591.6827 c
238.7092 591.6917 238.9603 591.5486 239.2033 591.4766 c
239.3753 591.0746 239.5431 590.6818 239.7112 590.2897 c
240.0542 590.5888 240.3981 590.8887 240.7411 591.1886 c
240.8553 591.3207 240.9571 591.4667 241.0843 591.5837 c
242.2811 592.6853 243.3583 593.8974 244.4224 595.1211 c
238.2134 595.1211 l
237.9413 594.8952 237.6907 594.6381 237.4673 594.3467 c
236.8692 593.5657 236.3312 592.7357 235.8062 591.9026 c
235.4352 591.3147 235.1231 590.6889 234.8002 590.0717 c
234.6942 589.8688 234.6392 589.6397 234.5613 589.4226 c
234.8603 589.5108 235.3133 589.2168 235.4272 589.7696 c
235.4023 589.7968 235.3782 589.8237 235.3541 589.8506 c
235.3822 589.8277 235.4102 589.8036 235.4383 589.7806 c
f
/GS13 gs
/CS15 cs 0.2600 0.5300 0.1000 0.0000 scn
243.7682 591.8771 m
243.4603 591.5373 243.5301 591.2283 243.7503 590.9431 c
243.9643 590.6673 244.2413 590.5783 244.6543 590.8141 c
244.3453 591.1852 244.0763 591.5083 243.7682 591.8771 c
h
246.4775 595.1211 m
245.5106 595.1211 l
245.1115 594.6928 244.7005 594.2758 244.2883 593.8611 c
243.9573 593.5283 243.6111 593.2123 243.2633 592.8973 c
242.5501 592.2502 241.8301 591.6093 241.1133 590.9661 c
241.0461 590.8671 240.9803 590.7691 240.9131 590.6701 c
241.4563 590.3271 241.8313 589.8611 241.9651 589.2211 c
242.0943 588.6051 242.4532 588.2632 243.0933 588.1643 c
243.5411 588.0943 243.9473 587.8843 244.1843 587.4131 c
243.9482 587.4803 243.7123 587.5472 243.3532 587.6481 c
243.2971 587.2592 243.2492 586.9312 243.2013 586.6021 c
243.3251 586.5392 243.4482 586.4763 243.5723 586.4131 c
243.9873 586.6982 244.4012 586.9843 244.8162 587.2691 c
244.8663 587.5163 244.9171 587.7621 244.9672 588.0093 c
244.7442 588.2683 244.5163 588.5223 244.3062 588.7913 c
244.2832 588.8211 244.3671 588.9342 244.4023 589.0113 c
244.6532 588.9543 244.8862 588.9013 245.1643 588.8381 c
245.0421 589.4161 244.9261 589.8971 244.8541 590.3853 c
244.8442 590.4581 245.0463 590.5613 245.2552 590.7402 c
245.2552 589.9893 l
245.8641 589.9893 l
245.9361 590.2333 246.0002 590.4513 246.0643 590.6693 c
246.0813 591.1472 246.4152 590.7552 246.5702 590.8541 c
246.4041 591.1563 246.2383 591.4582 246.0793 591.7493 c
246.6312 592.3522 246.6312 592.3531 246.0243 592.9963 c
245.8293 593.2032 245.7901 593.4883 246.0302 593.5921 c
246.4843 593.7883 246.3741 594.1412 246.4033 594.4762 c
246.4211 594.6911 246.3415 594.9408 246.4775 595.1211 c
f
/GS13 gs
/CS15 cs 0.6600 0.9300 0.1300 0.0200 scn
241.1135 590.9666 m
241.8304 591.6095 242.5496 592.2505 243.2636 592.8976 c
243.6114 593.2114 243.9575 593.5286 244.2886 593.8605 c
244.7008 594.2752 245.1112 594.6928 245.5098 595.1211 c
244.4219 595.1211 l
243.3580 593.8974 242.2817 592.6853 241.0846 591.5835 c
240.9565 591.4664 240.8545 591.3204 240.7416 591.1886 c
240.8655 591.1146 240.9894 591.0406 241.1135 590.9666 c
f
/GS13 gs
/CS15 cs 0.4200 0.8200 0.2200 0.0200 scn
257.3972 585.1570 m
257.1021 585.0751 256.7492 585.0660 256.5272 584.8911 c
256.2593 584.6791 255.9402 584.9050 255.8143 584.7900 c
255.5833 584.5810 255.3792 584.4421 255.0722 584.4671 c
254.8871 584.3489 254.7003 584.1309 254.5172 584.1340 c
254.0611 584.1420 253.7351 583.9690 253.4423 583.6501 c
253.3541 583.5549 253.2121 583.5101 253.0281 583.4030 c
252.9763 583.7570 252.9371 584.0271 252.8912 584.3441 c
252.4003 583.9160 252.2611 583.1351 251.4722 583.1189 c
251.3931 583.2380 251.3151 583.3551 251.1791 583.5591 c
250.6921 583.2000 250.2232 582.8539 249.7323 582.4930 c
249.6053 582.8230 249.5163 583.0540 249.4202 583.3029 c
249.0863 583.0829 249.2252 582.4621 248.6503 582.5741 c
248.2883 583.1651 248.0621 583.7700 248.3631 584.4580 c
248.1931 585.1749 248.0641 585.8929 248.3433 586.6140 c
248.4351 586.8510 248.5103 587.1010 248.6401 587.3159 c
249.0191 587.9421 249.2532 588.5940 249.4071 589.3260 c
249.5531 590.0230 249.9752 590.6871 250.3871 591.2901 c
250.5702 591.5591 250.6533 591.7819 250.6493 592.0750 c
250.6493 592.0750 l
250.5631 592.0671 250.4761 592.0591 250.3891 592.0509 c
249.2351 590.9340 248.8232 589.4620 248.3402 587.9920 c
247.9161 586.7019 247.9153 585.4260 247.9972 584.1139 c
248.0233 583.6791 247.9391 583.2380 247.9153 582.7989 c
247.8841 582.2150 248.2081 581.9261 248.7512 582.0310 c
249.9233 582.2561 251.1011 582.4460 252.2653 582.7051 c
253.8371 583.0551 255.3432 583.5960 256.6871 584.5090 c
256.9501 584.6871 257.1622 584.9391 257.3972 585.1570 c
f
/GS13 gs
/CS15 cs 0.1000 0.6600 0.0200 0.0000 scn
280.1747 595.1211 m
280.2061 594.7319 280.3975 594.4354 280.7680 594.2373 c
280.7680 595.1211 l
h
f
/GS13 gs
/CS15 cs 0.2900 0.8300 0.0900 0.0000 scn
280.7680 594.2375 m
280.3975 594.4360 280.2067 594.7322 280.1752 595.1211 c
278.9824 595.1211 l
279.5610 594.6797 280.1650 594.2693 280.7680 593.8591 c
h
f
/GS13 gs
/CS15 cs 0.2900 0.6400 0.0100 0.0000 scn
261.4283 594.1508 m
261.5783 594.5958 261.8093 594.9326 262.3445 594.9578 c
262.4066 594.9601 262.4652 595.0233 262.5111 595.1211 c
260.8758 595.1211 l
260.9858 594.8901 261.0927 594.6585 261.1145 594.4056 c
261.1225 594.3127 261.3195 594.2358 261.4283 594.1508 c
f
/GS13 gs
/CS15 cs 0.3000 0.6400 0.1300 0.0000 scn
235.3595 584.8291 m
235.3243 585.1219 235.2895 585.4141 235.2543 585.7070 c
235.2583 585.7030 l
235.1735 585.6809 235.0743 585.6789 235.0054 585.6321 c
234.2075 585.1029 234.2095 585.1020 233.3574 585.7821 c
233.7633 586.6920 233.9203 587.7649 234.9575 588.3721 c
234.7795 588.4931 234.5644 588.6391 234.3484 588.7860 c
233.4934 587.2550 232.7845 585.6670 232.4684 583.8420 c
233.1944 583.6181 233.9025 583.2850 234.7155 583.4191 c
234.7705 583.9620 234.6783 584.5720 235.3595 584.8291 c
f
/GS13 gs
/CS15 cs 0.1300 0.5800 0.1600 0.0000 scn
235.3595 584.8291 m
234.6783 584.5720 234.7705 583.9620 234.7155 583.4191 c
236.5004 583.7539 238.1304 584.5660 239.8535 585.0890 c
240.6274 585.3251 241.4463 585.4161 242.2145 585.6670 c
242.6964 585.8249 243.1213 586.1580 243.5723 586.4131 c
243.4484 586.4760 243.3254 586.5389 243.2015 586.6030 c
242.8424 586.5389 242.4855 586.4570 242.1244 586.4179 c
241.8803 586.3910 241.6635 586.3751 241.6354 586.0670 c
241.6584 586.0389 241.6805 586.0120 241.7023 585.9839 c
241.6745 586.0060 241.6465 586.0281 241.6184 586.0500 c
241.3933 585.9859 241.1685 585.9249 240.9454 585.8569 c
240.3893 585.6871 239.8445 585.4479 239.2764 585.3611 c
238.7143 585.2761 238.1284 585.3430 237.5833 585.3430 c
237.1105 584.3781 236.6833 584.2400 235.7753 584.7009 c
235.6475 584.7661 235.4984 584.7871 235.3595 584.8291 c
f
/GS13 gs
/CS15 cs 0.6600 0.9300 0.1300 0.0200 scn
258.0174 595.1211 m
257.9488 595.0888 257.8745 595.0653 257.8088 595.0531 c
257.6129 595.0171 257.4028 595.0551 257.1987 595.0610 c
257.2577 595.0071 257.3169 594.9530 257.3759 594.9000 c
257.6679 594.8991 258.0228 595.0270 258.0849 594.5542 c
257.9658 594.2452 257.8459 593.9371 257.7308 593.6431 c
258.6368 593.1550 258.2067 594.3022 258.7558 594.2741 c
258.7788 593.8982 258.8029 593.5252 258.8258 593.1522 c
259.0778 593.0861 259.3287 593.0201 259.5807 592.9540 c
259.1181 593.7052 259.0566 594.4235 259.2397 595.1211 c
h
f
/GS13 gs
/CS15 cs 0.3800 0.7900 0.0500 0.0000 scn
256.1451 595.0534 m
255.5821 594.8923 255.0212 594.7203 254.4551 594.5723 c
253.5420 594.3345 252.6871 593.9643 251.9280 593.4073 c
251.5351 593.1193 251.1972 592.7564 250.8352 592.4273 c
250.9472 592.3704 251.0592 592.3134 251.1720 592.2564 c
251.1811 592.2505 l
251.3251 592.2694 251.5090 592.2363 251.6051 592.3134 c
252.1732 592.7715 252.7441 592.6394 253.3102 592.3624 c
253.5610 592.5515 253.7952 592.7275 253.9820 592.8684 c
253.9040 593.0444 253.7651 593.2083 253.7960 593.3293 c
253.8292 593.4614 254.0032 593.5915 254.1450 593.6573 c
254.8412 593.9793 255.5481 594.2585 256.3322 594.3175 c
256.5142 594.3314 256.6800 594.5573 256.8540 594.6854 c
256.6111 594.7954 256.1930 594.5675 256.1451 595.0534 c
f
/GS13 gs
/CS15 cs 0.1200 0.5500 0.0300 0.0000 scn
269.5927 594.3725 m
269.1298 594.4175 268.6666 594.4635 268.2037 594.5074 c
267.5687 594.5675 266.9318 594.6435 266.3308 594.2605 c
266.4377 593.8835 266.6398 593.7256 266.9587 593.9966 c
267.2938 594.2806 267.5568 594.5326 267.9996 594.1196 c
268.7037 593.4626 268.8367 593.1964 268.5728 592.5475 c
268.4616 592.2765 268.2697 592.0274 268.2096 591.7484 c
268.0926 591.2016 267.7918 590.9346 267.2138 590.9706 c
267.1186 590.2526 267.0276 589.5655 266.9377 588.8795 c
267.1727 589.1516 267.4446 589.4016 267.6376 589.7004 c
268.3397 590.7895 268.7207 592.0265 269.2097 593.2134 c
269.3648 593.5884 269.4668 593.9855 269.5927 594.3725 c
f
/GS13 gs
/CS15 cs 0.1200 0.5500 0.0300 0.0000 scn
266.4088 588.1737 m
265.5009 588.3307 265.3537 588.4458 264.7159 589.4918 c
263.9928 589.4918 264.0098 589.5077 263.7048 590.1446 c
263.4267 590.7268 263.3757 591.4817 262.6007 591.7207 c
262.6438 591.5336 262.6418 591.3227 262.7328 591.1637 c
263.2657 590.2316 263.7978 589.2987 264.3749 588.3936 c
264.9107 587.5546 265.6437 587.4956 266.4088 588.1737 c
f
/GS13 gs
/CS15 cs 0.4200 0.8200 0.2200 0.0200 scn
259.6757 592.0792 m
259.5566 591.5792 259.4007 591.0843 259.3276 590.5783 c
259.2417 589.9742 259.2167 589.3603 259.1816 588.7502 c
259.1135 587.5673 258.4647 586.6753 257.7475 585.8082 c
257.5905 585.6182 257.5077 585.3671 257.3906 585.1431 c
257.5035 585.1831 257.6577 585.1902 257.7226 585.2693 c
258.1656 585.8133 258.6515 586.3363 258.9965 586.9383 c
259.2315 587.3471 259.3057 587.8681 259.3746 588.3503 c
259.5266 589.4181 259.6365 590.4913 259.7485 591.5642 c
259.7655 591.7323 259.7017 591.9072 259.6757 592.0792 c
f
/GS13 gs
/CS15 cs 0.1200 0.5500 0.0300 0.0000 scn
269.7347 595.1211 m
269.7690 595.0746 l
269.7987 595.1211 l
h
f
/GS13 gs
/CS15 cs 0.4200 0.8200 0.2200 0.0200 scn
246.5705 590.8538 m
246.4155 590.7560 246.0815 591.1469 246.0645 590.6699 c
246.3996 590.2438 246.3917 589.8110 245.9687 589.5289 c
245.8176 589.4289 245.6546 589.4118 245.6867 589.1910 c
245.7706 588.5989 245.4316 588.2658 244.9675 588.0090 c
244.9165 587.7629 244.8666 587.5160 244.8156 587.2700 c
245.7697 587.8080 246.3525 588.6139 246.5855 589.6848 c
246.6697 590.0709 246.7956 590.4479 246.9027 590.8289 c
246.7916 590.8368 246.6816 590.8459 246.5705 590.8538 c
f
/GS13 gs
/CS15 cs 0.3000 0.6400 0.1300 0.0000 scn
246.5705 590.8538 m
246.6816 590.8459 246.7916 590.8368 246.9027 590.8289 c
246.8375 591.7229 246.7655 592.6170 246.7117 593.5119 c
246.6791 594.0482 246.6683 594.5848 246.6502 595.1211 c
246.4775 595.1211 l
246.3412 594.9408 246.4214 594.6911 246.4027 594.4759 c
246.3746 594.1409 246.4846 593.7880 246.0305 593.5918 c
245.7907 593.4878 245.8295 593.2029 246.0237 592.9968 c
246.6315 592.3528 246.6306 592.3519 246.0787 591.7490 c
246.2386 591.4590 246.4047 591.1560 246.5705 590.8538 c
f
/GS13 gs
/CS15 cs 0.7400 1.0000 0.1800 0.0600 scn
256.1451 595.0534 m
256.1930 594.5675 256.6111 594.7954 256.8540 594.6854 c
256.9632 594.6803 257.0732 594.6763 257.1831 594.6715 c
257.2472 594.7475 257.3110 594.8235 257.3751 594.8994 c
257.3172 594.9533 257.2580 595.0074 257.1990 595.0613 c
256.8481 595.0585 256.4960 595.0565 256.1451 595.0534 c
f
/GS13 gs
/CS15 cs 0.4200 0.8200 0.2200 0.0200 scn
251.1717 592.2561 m
251.0597 592.3131 250.9478 592.3701 250.8347 592.4271 c
250.7749 592.4112 250.7148 592.3950 250.6538 592.3791 c
250.6527 592.2782 250.6507 592.1770 250.6499 592.0750 c
250.6499 592.0750 l
250.8239 592.1351 250.9977 592.1960 251.1717 592.2561 c
f
/GS13 gs
/CS15 cs 0.1200 0.5500 0.0300 0.0000 scn
266.7648 588.5286 m
266.5168 588.5365 266.3960 588.4166 266.4040 588.1677 c
266.5250 588.2885 266.6449 588.4087 266.7648 588.5286 c
f
/GS13 gs
/CS15 cs 0.0000 0.6000 0.2400 0.0000 scn
229.7687 593.7063 m
229.5068 593.7372 229.2449 593.7673 228.9827 593.7982 c
229.2449 593.7673 229.5068 593.7372 229.7687 593.7063 c
f
/GS13 gs
/CS15 cs 0.3800 0.7900 0.0500 0.0000 scn
250.6496 592.0753 m
250.6516 592.1762 250.6524 592.2782 250.6544 592.3794 c
250.5654 592.2703 250.4764 592.1603 250.3885 592.0512 c
250.4755 592.0594 250.5626 592.0673 250.6496 592.0753 c
f
/GS13 gs
/CS15 cs 0.1200 0.5500 0.0300 0.0000 scn
269.7710 595.0789 m
269.5428 594.9249 269.5269 594.7557 269.7330 594.5698 c
269.7460 594.7398 269.7579 594.9099 269.7710 595.0789 c
f
/GS13 gs
/CS15 cs 0.1200 0.5500 0.0300 0.0000 scn
266.9386 588.8843 m
266.8785 588.7644 266.8187 588.6445 266.7586 588.5243 c
266.8187 588.6445 266.8785 588.7644 266.9386 588.8843 c
f
/GS13 gs
/CS15 cs 0.1300 0.7200 0.2300 0.0000 scn
225.6897 594.9326 m
225.6287 594.9808 225.5678 595.0278 225.5068 595.0757 c
225.5678 595.0278 225.6287 594.9808 225.6897 594.9326 c
f
/GS13 gs
/CS15 cs 0.2300 0.7200 0.0000 0.0000 scn
248.3631 584.4577 m
248.0621 583.7695 248.2883 583.1646 248.6503 582.5735 c
249.2252 582.4627 249.0863 583.0826 249.4202 583.3026 c
249.5163 583.0546 249.6053 582.8236 249.7323 582.4925 c
250.2232 582.8547 250.6921 583.1997 251.1791 583.5586 c
251.3151 583.3545 251.3931 583.2386 251.4722 583.1195 c
252.2611 583.1345 252.4003 583.9157 252.8912 584.3435 c
252.9371 584.0266 252.9763 583.7567 253.0281 583.4035 c
253.2121 583.5107 253.3541 583.5557 253.4411 583.6507 c
253.7351 583.9685 254.0611 584.1425 254.5172 584.1346 c
254.7003 584.1306 254.8871 584.3497 255.0722 584.4665 c
254.9492 584.6445 254.8531 584.8506 254.6991 584.9966 c
254.3573 585.3197 253.9862 585.6137 253.6413 585.9077 c
253.7861 586.2895 253.8862 586.5525 254.0103 586.8797 c
253.8091 586.9715 253.6381 587.0506 253.4672 587.1297 c
253.2353 586.9865 253.0032 586.8437 252.7702 586.7005 c
252.5882 586.2716 252.4022 585.8555 251.9033 585.6817 c
251.8041 585.6477 251.7622 585.4507 251.6941 585.3297 c
251.3911 584.6746 250.9223 584.2216 250.3171 584.0396 c
250.3803 584.2037 250.4302 584.3307 250.4792 584.4577 c
250.4772 584.6927 250.4642 584.9277 250.4761 585.1616 c
250.5141 585.8887 250.6972 585.9757 251.4223 585.5936 c
251.4742 585.6936 251.5073 585.8107 251.5813 585.8887 c
251.6533 585.9655 251.7661 586.0026 251.9093 586.0857 c
251.3931 586.8666 252.1202 587.1467 252.5411 587.6005 c
252.4912 587.8037 252.4363 588.0226 252.3583 588.3327 c
251.9833 587.9937 251.6652 587.7057 251.2363 587.3165 c
251.1992 587.9446 251.1683 588.4676 251.1411 588.9285 c
250.6793 589.2596 250.5203 588.1895 250.1101 588.9515 c
249.6013 587.9375 250.9362 587.7286 250.7652 586.9015 c
250.1623 586.6427 249.5282 586.3706 248.7682 586.0437 c
248.5423 585.4765 248.7742 584.9237 249.4443 584.3415 c
248.9961 584.3897 248.6803 584.4237 248.3631 584.4577 c
f
/GS13 gs
/CS15 cs 0.2800 0.7100 0.0000 0.0000 scn
255.0713 593.2658 m
255.0495 593.2638 255.0294 593.2358 255.0095 593.2188 c
255.0535 593.2227 255.0983 593.2267 255.1425 593.2307 c
255.1184 593.2437 255.0943 593.2678 255.0713 593.2658 c
h
257.5684 594.4847 m
257.7365 594.4677 257.9125 594.5267 258.0854 594.5536 c
257.9655 594.2458 257.8453 593.9376 257.7314 593.6428 c
258.6365 593.1547 258.2065 594.3016 258.7555 594.2738 c
258.7793 593.8988 258.8023 593.5246 258.8255 593.1516 c
258.7093 592.7607 258.5934 592.3706 258.4684 591.9517 c
257.6673 592.8826 256.6545 593.0906 255.5824 593.0527 c
255.3993 592.8058 255.2763 592.4897 255.0475 592.3638 c
254.6473 592.1416 254.5345 591.8587 254.6603 591.4587 c
253.7254 591.2606 253.7215 591.2566 253.7303 590.4527 c
253.3564 590.1786 253.0094 589.9258 252.6284 589.6468 c
252.4385 589.7877 252.2594 589.9207 252.0694 590.0627 c
252.2463 590.4808 252.4014 590.8496 252.5995 591.3167 c
252.2083 591.2597 251.9563 591.1328 251.6224 591.4208 c
251.3134 591.6858 251.1505 591.8726 251.1814 592.2507 c
251.3245 592.2686 251.5093 592.2369 251.6054 592.3137 c
252.1735 592.7717 252.7444 592.6397 253.3093 592.3627 c
253.5605 592.5518 253.7955 592.7278 253.9823 592.8687 c
253.9043 593.0447 253.7654 593.2089 253.7963 593.3296 c
253.8295 593.4617 254.0024 593.5918 254.1444 593.6567 c
254.8414 593.9787 255.5484 594.2577 256.3325 594.3178 c
256.5145 594.3317 256.6803 594.5567 256.8535 594.6857 c
256.9635 594.6806 257.0734 594.6758 257.1834 594.6718 c
257.3113 594.6058 257.4354 594.4986 257.5684 594.4847 c
f
/GS13 gs
/CS15 cs 0.8200 1.0000 0.2700 0.1900 scn
252.7705 586.7002 m
253.0026 586.8434 253.2356 586.9862 253.4675 587.1294 c
254.2246 588.0563 255.2066 588.7894 255.7905 589.8694 c
256.1374 590.5123 256.5564 591.1163 256.9175 591.7513 c
257.0026 591.9004 256.9844 592.1084 256.8546 592.3644 c
256.3245 591.6804 255.7905 590.9984 255.2644 590.3104 c
254.7694 589.6624 254.2884 589.0034 253.7875 588.3593 c
253.5004 587.9894 253.1676 587.6532 252.8974 587.2723 c
252.7934 587.1254 252.8096 586.8933 252.7705 586.7002 c
f
/GS13 gs
/CS15 cs 0.7400 1.0000 0.1800 0.0600 scn
250.4792 584.4580 m
250.4302 584.3310 250.3803 584.2029 250.3171 584.0399 c
250.9223 584.2219 251.3911 584.6740 251.6941 585.3291 c
251.2891 585.0391 250.8843 584.7480 250.4792 584.4580 c
f
/GS13 gs
/CS15 cs 0.4200 0.8200 0.2200 0.0200 scn
237.6306 587.8029 m
237.3866 587.8389 237.2267 587.9169 237.1445 587.8670 c
236.6515 587.5639 236.1626 587.2499 235.6997 586.9040 c
235.4406 586.7110 235.4156 586.4729 235.8077 586.2878 c
236.4506 586.6690 237.0665 587.1039 237.6306 587.8029 c
f
/GS13 gs
/CS15 cs 0.3800 0.7900 0.0500 0.0000 scn
241.1135 590.9666 m
240.9894 591.0406 240.8655 591.1146 240.7416 591.1886 c
240.3975 590.8884 240.0545 590.5896 239.7115 590.2894 c
239.5916 590.1075 239.4706 589.9255 239.3546 589.7506 c
239.6324 589.4714 239.8076 589.6474 239.9746 589.7985 c
240.2915 590.0845 240.6005 590.3796 240.9134 590.6704 c
240.9795 590.7685 241.0466 590.8674 241.1135 590.9666 c
f
/GS13 gs
/CS15 cs 0.3000 0.6400 0.1300 0.0000 scn
235.2543 585.7070 m
235.2733 585.7180 235.2923 585.7299 235.3113 585.7410 c
235.2934 585.7288 235.2753 585.7160 235.2583 585.7030 c
h
f
/GS13 gs
/CS15 cs 0.0100 0.4000 0.2200 0.0000 scn
235.4383 589.7806 m
235.4102 589.8036 235.3822 589.8277 235.3541 589.8506 c
235.3782 589.8237 235.4023 589.7968 235.4272 589.7696 c
235.4272 589.7696 235.4383 589.7806 235.4383 589.7806 c
f
/GS13 gs
/CS15 cs 0.3000 0.6400 0.1300 0.0000 scn
244.9672 588.0090 m
245.4313 588.2661 245.7703 588.5980 245.6861 589.1910 c
245.6552 589.4121 245.8171 589.4291 245.9682 589.5292 c
246.3922 589.8112 246.4002 590.2441 246.0643 590.6690 c
246.0002 590.4510 245.9361 590.2330 245.8641 589.9890 c
245.2552 589.9890 l
245.2552 590.7402 l
245.0463 590.5610 244.8442 590.4581 244.8541 590.3850 c
244.9261 589.8980 245.0421 589.4161 245.1643 588.8381 c
244.8862 588.9010 244.6532 588.9540 244.4023 589.0110 c
244.3671 588.9342 244.2832 588.8211 244.3062 588.7911 c
244.5163 588.5220 244.7442 588.2681 244.9672 588.0090 c
f
/GS13 gs
/CS15 cs 0.3000 0.6400 0.1300 0.0000 scn
244.6546 590.8141 m
244.3456 591.1852 244.0766 591.5083 243.7685 591.8771 c
243.4606 591.5373 243.5306 591.2283 243.7506 590.9431 c
243.9635 590.6673 244.2404 590.5772 244.6546 590.8141 c
f
/GS13 gs
/CS15 cs 0.0100 0.4000 0.2200 0.0000 scn
241.6184 586.0500 m
241.6462 586.0281 241.6742 586.0060 241.7023 585.9839 c
241.6802 586.0120 241.6584 586.0389 241.6354 586.0670 c
241.6363 586.0670 241.6184 586.0500 241.6184 586.0500 c
f
/GS13 gs
/CS15 cs 0.3800 0.7900 0.0500 0.0000 scn
257.1834 594.6712 m
257.3113 594.6052 257.4354 594.4983 257.5684 594.4844 c
257.7362 594.4674 257.9122 594.5272 258.0854 594.5533 c
258.0233 595.0264 257.6684 594.8994 257.3753 594.8994 c
257.3113 594.8232 257.2472 594.7472 257.1834 594.6712 c
f
/GS13 gs
/CS15 cs 0.3800 0.7900 0.0500 0.0000 scn
255.1425 593.2315 m
255.1184 593.2443 255.0946 593.2675 255.0716 593.2655 c
255.0495 593.2633 255.0294 593.2355 255.0084 593.2193 c
255.0535 593.2233 255.0986 593.2264 255.1425 593.2315 c
f
/GS13 gs
/CS15 cs 0.0600 0.4500 0.0000 0.0000 scn
103.4385 581.3158 m
103.9065 580.3149 104.3745 579.3137 104.8425 578.3128 c
104.9655 578.3207 105.1566 578.3808 105.1985 578.3258 c
105.3366 578.1467 105.4766 577.9358 105.5174 577.7189 c
105.7226 576.6398 106.5155 575.9819 107.2434 575.2899 c
107.7055 574.8497 107.8974 574.8897 108.4465 575.2667 c
108.5825 575.3599 108.7566 575.3948 108.9136 575.4569 c
108.9136 575.4569 108.9074 575.4529 108.9074 575.4529 c
109.0684 576.1998 109.2305 576.9459 109.3986 577.7269 c
109.9556 577.6809 110.3125 577.9397 110.5036 578.4749 c
110.5546 578.6158 110.7374 578.7088 110.8604 578.8247 c
110.8604 578.8247 110.8525 578.8137 110.8525 578.8137 c
110.8684 579.3877 110.8885 579.9657 111.2635 580.4419 c
111.4594 580.6888 111.7006 580.8988 111.9214 581.1259 c
111.9155 581.1137 l
111.9416 581.3918 111.9685 581.6699 111.9946 581.9357 c
111.8075 581.9939 111.6706 582.0369 111.4775 582.0968 c
111.6845 582.1699 111.8384 582.2249 111.8866 582.2419 c
112.0014 582.5727 112.0915 582.8238 112.1766 583.0758 c
112.3226 583.5078 112.4946 583.9347 112.6015 584.3769 c
112.6766 584.6828 112.6035 585.0309 112.6996 585.3257 c
112.8444 585.7758 112.7616 586.1248 112.4345 586.4389 c
112.3174 586.3788 112.2004 586.3187 112.0825 586.2589 c
112.0226 585.8478 112.2664 585.3529 111.7794 585.0587 c
111.1635 584.6859 110.5296 584.3418 109.9205 583.9577 c
109.7405 583.8437 109.5914 583.6518 109.4786 583.4659 c
109.3816 583.3057 109.3555 583.1028 109.2986 582.9157 c
108.7965 582.9588 108.3526 582.9968 107.8656 583.0387 c
107.8554 583.2428 107.8285 583.4449 107.8415 583.6439 c
107.8645 584.0067 107.6536 584.2508 107.3546 584.2627 c
106.5665 584.2947 106.5844 584.8189 106.5886 585.3648 c
106.3774 585.5057 106.0846 585.5998 105.9735 585.7968 c
105.6974 586.2869 105.3275 586.3297 104.8606 586.1818 c
104.6245 586.1069 104.3756 585.9737 104.1316 586.3649 c
104.5094 586.4899 104.8615 586.5437 105.1415 586.7169 c
105.4165 586.8859 105.7516 587.0968 105.6526 587.5758 c
105.0576 587.7737 104.5225 587.7009 104.0224 587.3088 c
103.8444 587.1699 103.6346 587.0699 103.4385 586.9519 c
103.4385 586.0587 l
103.8634 585.7849 104.4595 585.9099 104.5854 585.2577 c
104.3354 585.2358 104.1375 585.2208 103.9394 585.2007 c
103.7415 585.1817 103.5445 585.1587 103.3634 585.1389 c
103.0966 583.9469 103.2454 583.4999 104.0964 582.9208 c
104.0726 582.7127 104.0474 582.4947 104.0224 582.2838 c
104.3025 582.2048 104.5295 582.1398 104.7974 582.0647 c
104.2926 581.7858 103.8654 581.5508 103.4385 581.3158 c
f
/GS13 gs
/CS15 cs 0.1800 0.7900 0.0000 0.0000 scn
117.6072 594.4201 m
117.6704 594.1120 117.7333 593.8050 117.7963 593.4971 c
118.2594 592.8999 118.2192 592.7261 117.5573 592.4540 c
117.5644 592.4639 l
117.5153 591.8119 117.4663 591.1611 117.4113 590.4320 c
116.8004 590.0499 116.8013 590.0499 117.0714 589.3021 c
117.1083 589.1981 117.1743 589.0561 117.1332 588.9810 c
116.8432 588.4370 117.2443 588.1110 117.5522 587.7051 c
117.1653 587.3859 117.1894 587.0279 117.4572 586.6469 c
117.6242 586.4100 117.7614 586.1520 117.9122 585.9040 c
118.0843 585.7971 118.2563 585.6911 118.4332 585.5811 c
118.6444 585.6851 118.8462 585.7829 119.1773 585.9459 c
119.2153 585.6520 119.3233 585.4141 119.2544 585.2489 c
118.9332 584.4801 119.5543 584.1649 119.9642 583.8120 c
120.3644 583.4659 120.8404 583.5450 121.3373 583.7990 c
121.6763 583.9719 122.0822 584.3310 122.5284 583.9520 c
123.0103 583.9790 123.3502 583.7210 123.6872 583.4191 c
123.9194 583.2111 124.2023 583.0611 124.4614 582.8859 c
124.5212 583.0671 124.5804 583.2479 124.6394 583.4299 c
124.6382 583.5461 124.6363 583.6620 124.6343 583.7791 c
124.0044 584.0821 123.9744 584.6060 124.1124 585.1930 c
124.1124 585.1939 l
124.0543 585.1911 123.9973 585.1930 123.9392 585.1981 c
123.4953 585.5751 123.1764 586.0310 123.0474 586.6081 c
123.0262 586.6869 123.0052 586.7660 122.9842 586.8451 c
123.0103 586.7700 123.0352 586.6951 123.0602 586.6191 c
123.3374 586.4210 123.5982 586.1900 123.8984 586.0380 c
124.0503 585.9609 124.3052 585.9680 124.4563 586.0471 c
124.5572 586.1001 124.5963 586.3490 124.5912 586.5069 c
124.5824 586.7379 124.5093 586.9661 124.4622 587.1940 c
124.3814 587.5889 124.1453 587.8171 123.7402 587.8460 c
123.5344 587.8610 123.3272 587.8590 123.1214 587.8551 c
122.7472 587.8471 122.6923 588.0869 122.6993 588.3809 c
122.6254 588.4211 l
122.6582 588.4551 l
122.6993 588.3809 l
122.9102 588.3449 123.1214 588.3080 123.3264 588.2729 c
123.3383 588.5110 123.3462 588.6799 123.3502 588.7621 c
123.9902 588.5059 124.5872 588.2669 125.1842 588.0271 c
125.1853 588.3820 125.1862 588.7361 125.1873 589.0901 c
125.0252 589.1411 124.8613 589.1851 124.7034 589.2449 c
124.3003 589.3980 124.2482 589.7279 124.3142 590.0910 c
124.3814 590.4629 124.5614 590.7319 125.0042 590.6769 c
125.1153 590.6880 125.2264 590.6991 125.3373 590.7090 c
125.2922 590.9349 125.2582 591.1631 125.2012 591.3850 c
125.0444 591.9970 124.3202 592.4441 123.7813 592.1410 c
123.2963 591.8681 122.8252 591.9670 122.3453 591.9199 c
122.2274 591.8709 122.1083 591.8210 121.9904 591.7711 c
121.9793 591.8111 121.9674 591.8511 121.9564 591.8910 c
122.0862 591.9001 122.2163 591.9100 122.3464 591.9199 c
122.3303 592.5441 122.4782 593.2349 121.6772 593.5399 c
121.6522 593.5490 121.6604 593.6460 121.6534 593.7021 c
120.9764 593.9331 119.6334 593.9249 118.9562 593.6479 c
119.4072 592.8851 119.8573 592.1371 120.2933 591.3811 c
120.4702 591.0741 120.7222 590.7620 120.4183 590.3229 c
120.2814 590.4360 120.1663 590.4890 120.1164 590.5791 c
119.4953 591.7059 118.8873 592.8409 118.2643 593.9680 c
118.1693 594.1389 118.0202 594.2801 117.8952 594.4360 c
117.7994 594.4300 117.7033 594.4249 117.6072 594.4201 c
f
/GS13 gs
/CS15 cs 0.1400 0.6300 0.0000 0.0000 scn
125.9019 595.1211 m
126.1213 594.5763 126.6877 594.4637 127.1098 594.1712 c
127.1557 594.3532 127.2008 594.5360 127.2586 594.7702 c
127.6807 594.6401 128.0327 594.4541 128.3927 594.4351 c
129.0288 594.4011 129.4758 594.1020 129.9008 593.6732 c
130.0677 593.5051 130.3517 593.3412 130.5697 593.3563 c
131.1758 593.3971 131.6316 593.1252 132.0857 592.8032 c
132.6331 593.5017 132.2714 594.3600 132.4672 595.1211 c
130.6196 595.1211 l
130.6517 594.8881 130.6239 594.6420 130.4218 594.3730 c
130.0521 595.1211 l
h
f
/GS13 gs
/CS15 cs 0.3600 0.6900 0.0000 0.0000 scn
112.0827 586.2591 m
112.1998 586.3192 112.3177 586.3791 112.4348 586.4391 c
112.5006 586.5591 112.5677 586.6792 112.6338 586.8000 c
112.5768 587.6490 112.5326 588.5011 112.0898 589.2661 c
111.5646 589.4470 110.9358 589.3832 110.5486 589.9011 c
110.8256 590.2291 111.0866 590.5380 111.3477 590.8482 c
111.1808 591.6450 111.0677 592.4591 110.8287 593.2352 c
110.6334 593.8707 110.8607 594.4995 110.7748 595.1211 c
110.4219 595.1211 l
110.3128 595.0602 l
110.3196 595.1211 l
109.1962 595.1211 l
109.0641 594.9283 108.9490 594.7302 108.8776 594.5170 c
108.5686 593.5952 107.9348 593.0311 107.1726 592.5362 c
107.0796 592.4761 107.0246 592.3602 106.9517 592.2692 c
107.0107 592.2102 107.0708 592.1501 107.1306 592.0911 c
107.4127 592.0600 107.7046 591.9670 107.9748 592.0121 c
108.4467 592.0920 108.5828 591.8482 108.6908 591.4491 c
108.1437 591.0591 107.5337 590.7090 107.7446 589.8402 c
108.0278 589.8240 108.2826 589.8090 108.5366 589.7942 c
108.5998 590.0170 108.6727 590.2381 108.7228 590.4632 c
108.8416 591.0001 108.9607 591.5330 109.3986 591.9381 c
109.4136 591.6132 109.4026 591.2932 109.3167 590.9941 c
109.1327 590.3552 108.9218 589.7222 108.6936 589.0972 c
108.6418 588.9540 108.6817 588.6451 108.3506 588.7400 c
107.8217 588.6550 107.7846 588.3182 107.9067 587.8902 c
108.1108 587.1790 108.1236 586.5001 107.5827 586.0261 c
107.7126 585.4601 107.8237 584.9751 107.9348 584.4912 c
108.0706 584.6831 108.1046 584.8951 108.1406 585.1060 c
108.1718 585.2880 108.1417 585.5482 108.2497 585.6352 c
108.4847 585.8232 108.4728 585.9870 108.4107 586.2430 c
108.3606 586.4482 108.4258 586.6812 108.4388 586.8941 c
109.8536 586.8941 l
109.4936 586.1120 109.1886 585.4482 108.8518 584.7160 c
109.0406 584.5961 109.2966 584.4351 109.6257 584.2281 c
110.2076 585.0842 110.7366 585.8592 111.2488 586.6101 c
111.6077 586.4590 111.8446 586.3592 112.0827 586.2591 c
f
/GS13 gs
/CS15 cs 0.4200 0.8200 0.2200 0.0200 scn
92.3678 590.3739 m
92.3128 591.0148 92.2578 591.6569 92.2028 592.2978 c
92.0466 592.2198 91.8907 592.1410 91.7348 592.0628 c
91.7748 591.9540 91.8828 591.7878 91.8456 591.7459 c
91.4766 591.3218 91.7357 590.8569 91.7507 590.4170 c
91.7646 590.0128 91.8516 589.6108 91.9157 589.2100 c
92.0027 588.6618 91.6458 588.1989 91.6047 587.7088 c
91.5446 586.9979 91.2776 586.4919 90.7277 586.1220 c
90.9856 585.2789 90.7438 584.5320 90.4907 583.7859 c
90.0547 582.6078 88.8148 582.2580 88.0498 581.4179 c
88.0387 581.4060 87.9928 581.4300 87.9647 581.4278 c
87.2036 581.3660 86.6656 580.8359 86.1678 580.3860 c
85.5238 579.8058 84.8818 579.4089 84.0118 579.3409 c
83.4928 579.2998 82.9318 579.2479 82.4797 579.0220 c
81.7897 578.6770 81.3186 578.9350 80.6766 579.4030 c
81.0567 579.6539 81.3518 579.8489 81.6466 580.0450 c
81.2957 580.1700 80.9436 580.2948 80.5918 580.4198 c
80.6366 580.5238 80.6576 580.6480 80.7296 580.7279 c
81.1817 581.2359 81.1817 581.2288 80.7936 581.7549 c
80.7126 581.8640 80.5907 582.0738 80.6306 582.1228 c
81.0558 582.6529 80.6907 583.2349 80.7687 583.7828 c
80.8217 583.9478 80.8398 584.1360 80.9328 584.2729 c
81.3767 584.9328 81.5128 585.6610 81.4728 586.4380 c
81.5737 586.6639 81.6426 586.9128 81.7838 587.1098 c
81.9947 587.4029 82.2566 587.6580 82.4958 587.9279 c
81.7336 588.5498 81.7347 588.5490 82.2597 589.2789 c
82.3286 589.3730 82.3768 589.4819 82.4406 589.5799 c
82.9457 590.3450 83.5098 591.0500 84.4038 591.3879 c
84.8616 591.5608 85.3257 591.7209 85.7917 591.8689 c
86.7628 592.1759 87.7348 592.4820 88.7128 592.7669 c
89.0646 592.8698 89.4348 592.9098 89.7968 592.9790 c
89.2037 593.0220 88.6107 593.0660 88.0177 593.1099 c
86.5397 592.8480 85.1686 592.2598 83.7876 591.7048 c
83.6558 591.6518 83.5146 591.5789 83.4216 591.4760 c
82.9576 590.9658 82.4117 590.4978 82.0766 589.9119 c
81.5377 588.9648 81.0116 587.9738 80.7208 586.9338 c
80.4328 585.9048 80.4217 584.7939 80.3256 583.7148 c
80.2556 582.9318 80.2287 582.1438 80.2128 581.3569 c
80.1978 580.6199 80.1286 579.8659 80.2536 579.1490 c
80.3897 578.3678 80.6287 578.2039 81.4056 578.3689 c
82.4896 578.5988 83.5688 578.8599 84.6578 579.0580 c
85.4096 579.1938 85.9938 579.6170 86.6038 580.0170 c
87.0678 580.3209 87.5146 580.6950 88.0277 580.8699 c
89.2508 581.2869 90.0306 582.1900 90.6347 583.2190 c
91.4196 584.5578 92.1226 585.9590 92.2428 587.5588 c
92.2768 587.9988 92.3017 588.4390 92.3306 588.8798 c
92.3437 589.3778 92.3556 589.8759 92.3678 590.3739 c
f
/GS13 gs
/CS15 cs 0.4200 0.8200 0.2200 0.0200 scn
124.9387 584.7775 m
124.7397 584.7996 124.5895 584.8166 124.3145 584.8475 c
124.5767 584.2806 124.7355 584.2967 124.9387 584.7775 c
h
118.4771 595.1211 m
117.9643 595.1211 l
117.9011 594.9071 117.9522 594.6520 117.8955 594.4357 c
118.0196 594.2806 118.1696 594.1397 118.2645 593.9677 c
118.8867 592.8406 119.4956 591.7065 120.1167 590.5786 c
120.1657 590.4896 120.2817 590.4357 120.4186 590.3226 c
120.7227 590.7617 120.4707 591.0746 120.2936 591.3816 c
119.8565 592.1365 119.4075 592.8846 118.9565 593.6477 c
119.6337 593.9246 120.9767 593.9325 121.6536 593.7026 c
123.5506 593.4266 125.2565 592.7666 126.6185 591.2555 c
126.4615 590.9896 126.3195 590.7506 126.1936 590.5375 c
125.8506 590.6066 125.5935 590.6577 125.3367 590.7095 c
125.2256 590.6985 125.1156 590.6877 125.0045 590.6775 c
125.0697 590.5216 125.1286 590.3626 125.2026 590.2106 c
125.3906 589.8325 125.4796 589.4597 125.1867 589.0895 c
125.1867 588.7355 125.1856 588.3817 125.1845 588.0277 c
125.2315 587.9027 125.3367 587.7646 125.3126 587.6546 c
125.2647 587.4335 125.0337 587.1997 125.0787 587.0205 c
125.2295 586.4097 124.7236 586.0185 124.6516 585.4915 c
124.6085 585.1797 124.3446 585.1987 124.1116 585.1925 c
123.9735 584.6066 124.0047 584.0816 124.6346 583.7786 c
124.6567 583.9985 124.7556 584.0586 124.9787 583.9965 c
125.2406 583.9226 125.3307 584.1077 125.3656 584.3296 c
125.3047 584.5575 125.2426 584.7857 125.1805 585.0136 c
125.1765 585.4476 125.4767 585.5335 125.8197 585.5817 c
125.8977 585.5927 125.9677 585.6537 126.1165 585.7305 c
125.8637 585.8977 125.7185 585.9935 125.5476 586.1066 c
125.8537 586.5146 126.2696 586.8896 126.0116 587.3227 c
125.5215 588.1436 125.8685 589.0425 125.5816 589.8657 c
126.1905 590.0717 126.8186 590.1477 126.9706 590.8606 c
127.0015 591.0296 127.0315 591.1997 127.0627 591.3686 c
126.2205 592.5917 124.9285 593.1295 123.6246 593.6726 c
122.3246 594.2146 120.9915 594.3396 119.6127 594.1675 c
119.2116 594.1165 118.9497 594.2906 118.7657 594.6457 c
118.6801 594.8099 118.5797 594.9660 118.4771 595.1211 c
f
/GS13 gs
/CS15 cs 0.1000 0.6600 0.0200 0.0000 scn
124.4616 582.8859 m
124.2017 583.0617 123.9188 583.2119 123.6878 583.4188 c
123.3496 583.7207 123.0097 583.9798 122.5287 583.9517 c
122.3606 583.7998 122.1928 583.6467 122.0647 583.5319 c
122.1007 583.1929 122.1307 582.9177 122.1687 582.5517 c
121.8246 582.6549 121.5907 582.7258 121.3566 582.7958 c
121.2046 582.5667 121.0808 582.3808 120.9798 582.2297 c
121.4427 581.4249 122.1208 581.7807 122.8507 581.8408 c
122.6387 581.5809 122.5077 581.4207 122.4156 581.3079 c
122.5168 580.9388 122.6007 580.6349 122.6837 580.3308 c
123.0888 579.5328 123.7816 579.1479 124.6258 578.9809 c
124.5178 579.6567 125.1828 579.7947 125.5076 580.1987 c
125.3387 580.5998 125.1527 580.9808 125.3157 581.4459 c
125.3676 581.5959 125.1607 581.8527 125.0427 582.0418 c
124.8627 582.3317 124.6567 582.6059 124.4616 582.8859 c
f
/GS13 gs
/CS15 cs 0.2300 0.7200 0.0000 0.0000 scn
132.4675 595.1211 m
132.2717 594.3600 132.6331 593.5020 132.0851 592.8032 c
132.0551 592.6303 132.0330 592.4563 131.9930 592.2853 c
131.8640 591.7363 131.6750 591.2592 130.9501 591.3643 c
130.8790 591.3743 130.7789 591.1832 130.6919 591.0854 c
130.9550 591.0684 131.2339 590.9873 131.4751 591.0534 c
131.6940 591.1123 131.9851 591.2943 132.0460 591.4854 c
132.3040 592.2972 132.8009 593.0144 132.8389 593.9283 c
132.8550 594.3305 133.0075 594.7243 133.1552 595.1211 c
h
f
/GS13 gs
/CS15 cs 0.0200 0.5000 0.0000 0.0000 scn
130.6922 591.0854 m
130.7792 591.1835 130.8793 591.3746 130.9501 591.3646 c
131.6752 591.2595 131.8632 591.7365 131.9933 592.2856 c
132.0333 592.4554 132.0551 592.6306 132.0851 592.8035 c
131.6313 593.1255 131.1752 593.3976 130.5692 593.3565 c
130.3512 593.3415 130.0671 593.5045 129.9002 593.6734 c
129.4753 594.1015 129.0283 594.4005 128.3933 594.4354 c
128.0322 594.4544 127.6801 594.6395 127.2583 594.7705 c
127.2002 594.5355 127.1551 594.3535 127.1103 594.1706 c
127.1903 593.9875 127.2203 593.7296 127.3603 593.6315 c
128.5081 592.8304 129.3902 591.6815 130.6922 591.0854 c
f
/GS13 gs
/CS15 cs 0.6400 0.9000 0.0000 0.0000 scn
110.3196 595.1211 m
110.3128 595.0599 l
110.4216 595.1211 l
h
f
/GS13 gs
/CS15 cs 0.2600 0.5300 0.1000 0.0000 scn
107.1303 592.0906 m
107.0702 592.1498 107.0113 592.2096 106.9512 592.2686 c
105.9352 591.8978 105.2702 591.0976 104.6472 590.2858 c
104.1321 589.6157 103.7191 588.8676 103.2721 588.1476 c
103.1831 588.0027 103.1063 587.8298 103.0901 587.6637 c
103.0113 586.8437 102.9492 586.0216 102.8903 585.1998 c
102.8061 584.0167 102.9291 582.8618 103.3792 581.7518 c
103.4323 581.6197 103.4203 581.4618 103.4382 581.3158 c
103.8651 581.5508 104.2923 581.7858 104.7971 582.0647 c
104.5301 582.1398 104.3022 582.2048 104.0233 582.2838 c
104.0471 582.4947 104.0723 582.7127 104.0973 582.9208 c
103.2463 583.4996 103.0963 583.9466 103.3631 585.1386 c
103.5451 585.1587 103.7421 585.1817 103.9391 585.2007 c
104.1372 585.2208 104.3362 585.2367 104.5851 585.2577 c
104.4592 585.9096 103.8643 585.7846 103.4382 586.0587 c
103.4382 586.3238 103.4382 586.6376 103.4382 586.9517 c
103.6071 587.3417 103.7211 587.7686 103.9561 588.1127 c
104.3731 588.7208 104.8802 589.2656 105.3142 589.8617 c
105.4953 590.1106 105.5863 590.4247 105.7853 590.8527 c
106.1382 591.1328 106.6323 591.5248 107.1261 591.9168 c
107.1272 591.9746 107.1292 592.0328 107.1303 592.0906 c
f
/GS13 gs
/CS15 cs 0.2900 0.8300 0.0900 0.0000 scn
122.6835 580.3305 m
122.6004 580.6344 122.5165 580.9394 122.4156 581.3084 c
122.5074 581.4204 122.6384 581.5814 122.8516 581.8405 c
122.1216 581.7804 121.4425 581.4244 120.9796 582.2294 c
121.0805 582.3805 121.2046 582.5665 121.3566 582.7963 c
121.5904 582.7255 121.8246 582.6555 122.1695 582.5514 c
122.1304 582.9174 122.1004 583.1923 122.0644 583.5314 c
122.1925 583.6473 122.3606 583.7995 122.5284 583.9515 c
122.0825 584.3305 121.6766 583.9713 121.3376 583.7995 c
120.8404 583.5455 120.3644 583.4665 119.9636 583.8114 c
119.5546 584.1655 118.9324 584.4793 119.2544 585.2483 c
119.3224 585.4133 119.2156 585.6525 119.1776 585.9454 c
118.8465 585.7835 118.6444 585.6843 118.4326 585.5814 c
118.2555 585.6905 118.0834 585.7974 117.9125 585.9034 c
117.7946 585.6673 117.6775 585.4314 117.5604 585.1953 c
117.8036 584.8744 117.9944 584.4895 118.2986 584.2454 c
119.2445 583.4894 119.9475 582.5083 120.8015 581.6735 c
121.3466 581.1415 122.0505 580.7724 122.6835 580.3305 c
f
/GS13 gs
/CS15 cs 0.3800 0.7900 0.0500 0.0000 scn
124.4616 582.8859 m
124.6567 582.6059 124.8627 582.3317 125.0427 582.0418 c
125.1607 581.8527 125.3676 581.5959 125.3157 581.4459 c
125.1527 580.9808 125.3387 580.5998 125.5076 580.1987 c
125.1828 579.7947 124.5178 579.6567 124.6258 578.9809 c
125.3506 578.5427 126.0547 578.0577 126.9207 577.9239 c
127.2597 577.9239 127.5996 577.9239 127.9247 577.9239 c
128.0466 578.3077 128.1648 578.6807 128.2626 578.9889 c
128.0588 579.2788 127.8986 579.5529 127.6926 579.7848 c
127.5338 579.9648 127.3158 580.0929 127.1237 580.2437 c
127.0647 580.2347 127.0057 580.2248 126.9468 580.2168 c
126.7818 580.0907 126.6157 579.9657 126.4136 579.8129 c
126.1437 580.2659 125.9368 580.6117 125.7367 580.9459 c
126.4538 581.7949 126.4136 581.9947 125.3897 582.4329 c
124.9288 582.6297 124.7156 582.9667 124.6397 583.4299 c
124.5807 583.2488 124.5206 583.0668 124.4616 582.8859 c
f
/GS13 gs
/CS15 cs 0.8200 1.0000 0.2700 0.1900 scn
125.1808 585.0130 m
125.2429 584.7851 125.3038 584.5569 125.3659 584.3290 c
125.7789 584.2060 126.2018 584.1371 126.3447 583.6011 c
126.4507 583.2020 126.7679 583.2159 127.1259 583.3491 c
127.4678 583.4761 127.9539 583.7020 128.1759 583.5640 c
128.5719 583.3171 128.9117 583.4200 129.3418 583.5121 c
129.3908 582.9199 129.4328 582.4040 129.4758 581.8870 c
129.5209 581.9281 129.5668 581.9681 129.6128 582.0089 c
129.6479 582.5900 129.6828 583.1719 129.7168 583.7539 c
129.7179 583.8310 129.7188 583.9089 129.7199 583.9860 c
129.6717 584.2681 129.6238 584.5501 129.5759 584.8319 c
129.3148 584.7460 129.0529 584.6601 128.7737 584.5680 c
128.6558 585.7231 128.6558 585.7231 127.5588 585.7291 c
127.4717 585.7291 127.3847 585.7299 127.2977 585.7311 c
127.0908 585.5391 126.8838 585.3461 126.6358 585.1151 c
126.1599 585.5431 125.6729 585.2460 125.1808 585.0130 c
f
/GS13 gs
/CS15 cs 0.7400 1.0000 0.1800 0.0600 scn
127.2980 585.7313 m
127.3850 585.7302 127.4720 585.7291 127.5591 585.7291 c
128.6549 585.7231 128.6549 585.7231 128.7740 584.5683 c
129.0529 584.6601 129.3140 584.7463 129.5759 584.8322 c
129.8171 586.9723 128.8879 588.7071 127.6690 590.3422 c
127.6690 590.3422 127.6461 590.3223 127.6461 590.3223 c
127.7640 589.7622 127.8831 589.2021 128.0100 588.6062 c
127.8281 588.6312 127.5809 588.6663 127.3941 588.6921 c
127.0281 588.4642 126.7030 588.2621 126.3421 588.0382 c
126.8799 587.4891 127.4941 587.2031 128.2969 587.4242 c
128.4060 586.8811 128.2300 586.5432 127.8181 586.2702 c
127.6149 586.1361 127.4689 585.9142 127.2980 585.7313 c
f
/GS13 gs
/CS15 cs 0.7400 1.0000 0.1800 0.0600 scn
94.1939 595.1211 m
94.2015 595.0361 94.1454 594.9578 93.9555 594.8935 c
93.9555 594.8935 93.8976 594.8563 93.8976 594.8563 c
93.8486 594.5204 93.6476 594.3855 93.3185 594.4235 c
92.8366 594.2285 92.4256 593.9524 92.0687 593.5575 c
91.6597 593.1054 91.1656 592.7584 90.4895 592.9985 c
90.3107 592.9903 90.1315 592.9824 89.9515 592.9733 c
90.0377 592.7573 90.1236 592.5413 90.2086 592.3244 c
90.2676 592.3423 l
90.3297 592.3403 l
90.5805 592.3826 90.8317 592.4245 91.0826 592.4665 c
91.1055 592.4015 91.1285 592.3363 91.1517 592.2703 c
90.9377 592.0946 90.7245 591.9185 90.5105 591.7414 c
90.5105 591.1614 l
90.8725 591.4565 91.0967 591.6495 91.3317 591.8264 c
91.4556 591.9194 91.5996 591.9843 91.7345 592.0625 c
91.8907 592.1413 92.0466 592.2193 92.2025 592.2984 c
92.2025 592.2984 92.2357 592.3335 92.2357 592.3335 c
92.3066 592.4324 92.3786 592.5305 92.4506 592.6294 c
92.6666 592.8233 92.8987 593.0014 93.0946 593.2134 c
93.8106 593.9867 94.6052 594.6327 95.4995 595.1211 c
h
f
/GS13 gs
/CS15 cs 0.7400 1.0000 0.1800 0.0600 scn
117.8955 594.4357 m
117.9522 594.6520 117.9011 594.9071 117.9643 595.1211 c
117.3209 595.1211 l
117.4167 594.8875 117.5097 594.6525 117.6075 594.4195 c
117.7036 594.4255 117.7997 594.4306 117.8955 594.4357 c
f
/GS13 gs
/CS15 cs 0.6600 0.9300 0.1300 0.0200 scn
127.1239 580.2437 m
127.3158 580.0927 127.5330 579.9645 127.6929 579.7845 c
127.8989 579.5527 128.0588 579.2786 128.2629 578.9886 c
128.1648 578.6807 128.0469 578.3077 127.9250 577.9247 c
127.5999 577.9247 127.2600 577.9247 126.9198 577.9236 c
127.4179 577.5165 127.9820 577.3226 128.7249 577.3836 c
128.9639 578.0747 129.2088 578.7845 129.4549 579.4946 c
129.4398 579.5666 129.4248 579.6386 129.4098 579.7106 c
128.7669 580.0757 128.1249 580.4416 127.4108 580.8467 c
127.2849 580.5816 127.2039 580.4127 127.1239 580.2437 c
f
/GS13 gs
/CS15 cs 0.4200 0.8200 0.2200 0.0200 scn
117.5607 585.1956 m
117.6778 585.4314 117.7948 585.6676 117.9116 585.9034 c
117.7617 586.1526 117.6236 586.4105 117.4567 586.6475 c
117.1888 587.0285 117.1647 587.3856 117.5528 587.7054 c
117.2438 588.1105 116.8427 588.4364 117.1338 588.9815 c
117.1738 589.0564 117.1086 589.1984 117.0706 589.3024 c
116.8016 590.0505 116.7996 590.0496 117.4116 590.4315 c
117.4666 591.1605 117.5156 591.8125 117.5647 592.4636 c
116.9966 591.9684 116.6746 591.3924 116.6808 590.5916 c
116.6896 589.5286 116.5646 588.4665 116.5326 587.4026 c
116.5266 587.1875 116.6477 586.9474 116.7656 586.7535 c
117.0717 586.2535 116.9867 585.5556 117.5607 585.1956 c
f
/GS13 gs
/CS15 cs 0.8200 1.0000 0.2700 0.1900 scn
127.1239 580.2437 m
127.2039 580.4127 127.2849 580.5816 127.4108 580.8467 c
128.1249 580.4416 128.7669 580.0757 129.4098 579.7106 c
129.4200 580.1865 129.4308 580.6616 129.4410 581.1375 c
129.4228 581.1917 129.4339 581.2396 129.4739 581.2795 c
129.4758 581.4825 129.4770 581.6846 129.4790 581.8867 c
129.0458 581.8717 128.6130 581.8487 128.1798 581.8436 c
127.7949 581.8385 127.4488 581.8456 127.2609 581.3776 c
127.2030 581.2347 126.8340 581.2166 126.6069 581.1415 c
126.5800 581.1185 l
126.7019 580.8175 126.8249 580.5167 126.9468 580.2165 c
127.0060 580.2256 127.0650 580.2347 127.1239 580.2437 c
f
/GS13 gs
/CS15 cs 0.1200 0.5500 0.0300 0.0000 scn
108.9133 575.4569 m
108.7563 575.3948 108.5822 575.3599 108.4473 575.2670 c
107.8974 574.8888 107.7052 574.8500 107.2434 575.2888 c
106.5152 575.9819 105.7232 576.6398 105.5183 577.7189 c
105.4763 577.9358 105.3374 578.1470 105.1982 578.3258 c
105.1563 578.3808 104.9652 578.3210 104.8433 578.3128 c
105.0474 577.0939 105.8193 576.1400 106.4013 575.1099 c
106.9172 574.1969 108.3212 574.4339 108.9133 575.4569 c
f
/GS13 gs
/CS15 cs 0.1200 0.5500 0.0300 0.0000 scn
112.6335 586.7997 m
112.5675 586.6795 112.5017 586.5585 112.4345 586.4386 c
112.7616 586.1245 112.8447 585.7756 112.6996 585.3266 c
112.6035 585.0306 112.6766 584.6837 112.6015 584.3767 c
112.4946 583.9347 112.3226 583.5076 112.1766 583.0756 c
112.0915 582.8236 112.0017 582.5727 111.8866 582.2416 c
111.8387 582.2246 111.6836 582.1696 111.4775 582.0965 c
111.6706 582.0367 111.8075 581.9936 111.9946 581.9357 c
111.9685 581.6696 111.9416 581.3915 111.9155 581.1146 c
112.1635 581.6945 112.4736 582.2586 112.6457 582.8615 c
112.8776 583.6717 113.0187 584.5096 113.1695 585.3407 c
113.2736 585.9176 113.1537 586.4386 112.6335 586.7997 c
f
/GS13 gs
/CS15 cs 0.1200 0.5500 0.0300 0.0000 scn
110.8604 578.8247 m
110.7386 578.7096 110.5546 578.6155 110.5036 578.4746 c
110.3125 577.9397 109.9556 577.6815 109.3995 577.7266 c
109.2305 576.9456 109.0684 576.1996 108.9074 575.4535 c
109.2824 575.7256 109.5126 576.0935 109.7164 576.5097 c
110.0075 577.1047 110.3845 577.6577 110.7006 578.2405 c
110.7944 578.4137 110.8094 578.6286 110.8604 578.8247 c
f
/GS13 gs
/CS15 cs 0.6400 0.9000 0.0000 0.0000 scn
111.3480 590.8479 m
111.0872 590.5389 110.8261 590.2299 110.5481 589.9008 c
110.9361 589.3829 111.5651 589.4467 112.0890 589.2659 c
111.8421 589.7928 111.5952 590.3209 111.3480 590.8479 c
f
/GS13 gs
/CS15 cs 0.1200 0.5500 0.0300 0.0000 scn
111.9214 581.1256 m
111.7006 580.8986 111.4594 580.6885 111.2635 580.4416 c
110.8885 579.9665 110.8684 579.3874 110.8525 578.8134 c
111.4155 579.4886 111.7604 580.2644 111.9214 581.1256 c
f
/GS13 gs
/CS15 cs 0.3000 0.6400 0.1300 0.0000 scn
129.4407 581.1372 m
129.4308 580.6613 129.4206 580.1862 129.4098 579.7103 c
129.4248 579.6383 129.4398 579.5663 129.4546 579.4943 c
129.5728 579.9441 129.7108 580.3911 129.7908 580.8481 c
129.8038 580.9212 129.5637 581.0391 129.4407 581.1372 c
f
/GS13 gs
/CS15 cs 0.1200 0.5500 0.0300 0.0000 scn
93.3605 595.1211 m
93.5620 595.0570 93.7568 594.9694 93.9549 594.8940 c
94.1451 594.9584 94.2015 595.0366 94.1939 595.1211 c
h
f
/GS13 gs
/CS15 cs 0.1700 0.4800 0.0000 0.0000 scn
92.3678 590.3739 m
92.3556 589.8759 92.3437 589.3778 92.3306 588.8798 c
92.7057 589.3690 92.6906 589.8679 92.3678 590.3739 c
f
/GS13 gs
/CS15 cs 0.4200 0.8200 0.2200 0.0200 scn
117.5567 592.4537 m
118.2197 592.7258 118.2597 592.9007 117.7968 593.4969 c
117.7169 593.1488 117.6369 592.8018 117.5567 592.4537 c
f
/GS13 gs
/CS15 cs 0.2500 0.5600 0.0000 0.0000 scn
89.9518 592.9739 m
90.1310 592.9818 90.3110 592.9897 90.4898 592.9977 c
89.6788 593.3378 88.8429 593.1119 88.0180 593.1099 c
88.6110 593.0657 89.2040 593.0229 89.7970 592.9787 c
89.7970 592.9787 89.8750 592.9829 89.8750 592.9829 c
h
f
/GS13 gs
/CS15 cs 0.7400 1.0000 0.1800 0.0600 scn
127.0624 591.3686 m
127.0315 591.1997 127.0015 591.0296 126.9706 590.8606 c
127.1954 590.6806 127.4204 590.5015 127.6455 590.3226 c
127.6685 590.3427 l
127.7215 590.8346 127.3725 591.0905 127.0624 591.3686 c
f
/GS13 gs
/CS15 cs 0.2600 0.5300 0.1000 0.0000 scn
129.4787 581.8870 m
129.4767 581.6849 129.4758 581.4819 129.4736 581.2801 c
129.7658 581.4760 129.7327 581.7339 129.6128 582.0089 c
129.5668 581.9681 129.5206 581.9281 129.4747 581.8870 c
129.4747 581.8870 129.4787 581.8870 129.4787 581.8870 c
f
/GS13 gs
/CS15 cs 0.2600 0.5300 0.1000 0.0000 scn
93.3182 594.4235 m
93.6473 594.3855 93.8483 594.5207 93.8971 594.8566 c
93.5351 594.9386 93.4092 594.7047 93.3182 594.4235 c
f
/GS13 gs
/CS15 cs 0.4200 0.8200 0.2200 0.0200 scn
92.4506 592.6292 m
92.3786 592.5302 92.3074 592.4322 92.2354 592.3332 c
92.3066 592.4322 92.3786 592.5311 92.4506 592.6292 c
f
/GS13 gs
/CS15 cs 0.2600 0.5300 0.1000 0.0000 scn
129.7196 583.9863 m
129.7188 583.9084 129.7176 583.8313 129.7168 583.7533 c
129.7176 583.8313 129.7188 583.9084 129.7196 583.9863 c
f
/GS13 gs
/CS15 cs 0.2500 0.5600 0.0000 0.0000 scn
107.1303 592.0906 m
107.1292 592.0328 107.1272 591.9746 107.1272 591.9168 c
107.2633 591.5126 107.3982 591.1098 107.5433 590.6818 c
107.2423 590.5528 107.0413 590.4658 106.8642 590.3898 c
106.9781 589.7738 107.0271 589.1868 107.2052 588.6428 c
107.3903 588.0767 107.1972 587.6776 106.8392 587.2997 c
106.6212 587.0707 106.3811 586.8638 106.2422 586.7328 c
106.3701 586.2257 106.4792 585.7948 106.5883 585.3648 c
106.5841 584.8197 106.5671 584.2947 107.3543 584.2627 c
107.6533 584.2508 107.8642 584.0067 107.8413 583.6436 c
107.8282 583.4446 107.8563 583.2428 107.8651 583.0387 c
108.3523 582.9968 108.7963 582.9588 109.2983 582.9157 c
109.3561 583.1028 109.3813 583.3057 109.4783 583.4656 c
109.5911 583.6518 109.7402 583.8437 109.9202 583.9577 c
110.5291 584.3418 111.1632 584.6856 111.7791 585.0587 c
112.2661 585.3526 112.0221 585.8478 112.0833 586.2586 c
111.8452 586.3586 111.6071 586.4587 111.2482 586.6098 c
110.7363 585.8586 110.2082 585.0836 109.6251 584.2287 c
109.2963 584.4356 109.0412 584.5966 108.8512 584.7157 c
109.1883 585.4476 109.4933 586.1117 109.8533 586.8938 c
108.4391 586.8938 l
108.4252 586.6807 108.3603 586.4477 108.4102 586.2427 c
108.4731 585.9876 108.4842 585.8226 108.2503 585.6347 c
108.1423 585.5477 108.1712 585.2877 108.1403 585.1057 c
108.1043 584.8948 108.0711 584.6837 107.9351 584.4906 c
107.8243 584.9756 107.7131 585.4598 107.5833 586.0256 c
108.1242 586.4998 108.1103 587.1787 107.9073 587.8896 c
107.7843 588.3177 107.8211 588.6558 108.3501 588.7406 c
108.4133 589.0918 108.4751 589.4427 108.5372 589.7937 c
108.2823 589.8087 108.0283 589.8237 107.7452 589.8407 c
107.5331 590.7087 108.1443 591.0588 108.6902 591.4488 c
108.5822 591.8488 108.4473 592.0917 107.9742 592.0126 c
107.7052 591.9667 107.4121 592.0597 107.1303 592.0906 c
f
/GS13 gs
/CS15 cs 0.1700 0.4800 0.0000 0.0000 scn
106.5881 585.3645 m
106.4792 585.7946 106.3701 586.2254 106.2422 586.7325 c
106.3811 586.8635 106.6221 587.0704 106.8392 587.2995 c
107.1972 587.6773 107.3900 588.0773 107.2052 588.6434 c
107.0271 589.1873 106.9781 589.7735 106.8642 590.3895 c
107.0410 590.4663 107.2420 590.5525 107.5431 590.6815 c
107.3991 591.1095 107.2630 591.5134 107.1272 591.9165 c
106.6320 591.5245 106.1382 591.1325 105.7850 590.8524 c
105.5860 590.4244 105.4950 590.1103 105.3142 589.8626 c
104.8802 589.2653 104.3731 588.7205 103.9572 588.1124 c
103.7211 587.7683 103.6071 587.3414 103.4382 586.9525 c
103.6341 587.0693 103.8441 587.1694 104.0230 587.3094 c
104.5222 587.7014 105.0571 587.7734 105.6521 587.5753 c
105.7510 587.0974 105.4171 586.8853 105.1421 586.7164 c
104.8620 586.5443 104.5091 586.4893 104.1310 586.3643 c
104.3762 585.9734 104.6242 586.1064 104.8612 586.1815 c
105.3272 586.3294 105.6971 586.2864 105.9732 585.7965 c
106.0841 585.5995 106.3780 585.5054 106.5881 585.3645 c
f
/GS13 gs
/CS15 cs 0.6600 0.9300 0.1300 0.0200 scn
129.4787 581.8870 m
129.4787 581.8870 129.4747 581.8870 129.4747 581.8870 c
129.4328 582.4040 129.3908 582.9199 129.3418 583.5121 c
128.9117 583.4200 128.5716 583.3171 128.1756 583.5640 c
127.9536 583.7020 127.4678 583.4761 127.1256 583.3491 c
126.7676 583.2159 126.4518 583.2020 126.3447 583.6011 c
126.2018 584.1371 125.7786 584.2060 125.3656 584.3290 c
125.3307 584.1079 125.2406 583.9231 124.9787 583.9960 c
124.7556 584.0589 124.6567 583.9980 124.6348 583.7791 c
124.6357 583.6620 124.6377 583.5461 124.6397 583.4299 c
124.7156 582.9670 124.9288 582.6300 125.3897 582.4329 c
126.4136 581.9950 126.4538 581.7951 125.7367 580.9459 c
125.9368 580.6120 126.1437 580.2661 126.4136 579.8129 c
126.6157 579.9651 126.7807 580.0910 126.9468 580.2160 c
126.8246 580.5170 126.7016 580.8180 126.5797 581.1191 c
126.5386 581.1840 126.4958 581.2500 126.4578 581.3181 c
126.4558 581.3220 126.4978 581.3501 126.5196 581.3671 c
126.5488 581.2920 126.5777 581.2169 126.6077 581.1420 c
126.8337 581.2169 127.2027 581.2339 127.2606 581.3770 c
127.4488 581.8450 127.7957 581.8380 128.1798 581.8431 c
128.6127 581.8490 129.0458 581.8720 129.4787 581.8870 c
f
/GS13 gs
/CS15 cs 0.2900 0.8300 0.0900 0.0000 scn
125.3370 590.7095 m
125.5941 590.6574 125.8500 590.6066 126.1939 590.5375 c
126.3200 590.7506 126.4609 590.9896 126.6191 591.2566 c
125.2570 592.7666 123.5509 593.4266 121.6531 593.7026 c
121.6610 593.6465 121.6519 593.5484 121.6769 593.5394 c
122.4780 593.2355 122.3311 592.5444 122.3461 591.9194 c
122.3450 591.9205 l
122.8260 591.9676 123.2960 591.8686 123.7819 592.1416 c
124.3199 592.4446 125.0450 591.9976 125.2009 591.3856 c
125.2579 591.1634 125.2930 590.9346 125.3370 590.7095 c
f
/GS13 gs
/CS15 cs 0.2900 0.8300 0.0900 0.0000 scn
124.1118 585.1930 m
124.3449 585.1990 124.6079 585.1789 124.6510 585.4918 c
124.7230 586.0179 125.2298 586.4088 125.0779 587.0200 c
125.0340 587.1988 125.2650 587.4338 125.3129 587.6549 c
125.3370 587.7649 125.2310 587.9018 125.1839 588.0268 c
124.5869 588.2669 123.9900 588.5059 123.3499 588.7630 c
123.3459 588.6808 123.3380 588.5110 123.3269 588.2729 c
123.1209 588.3089 122.9100 588.3449 122.6999 588.3809 c
122.6920 588.0878 122.7478 587.8468 123.1209 587.8548 c
123.3278 587.8590 123.5350 587.8610 123.7399 587.8460 c
124.1450 587.8168 124.3820 587.5889 124.4619 587.1949 c
124.5090 586.9658 124.5830 586.7379 124.5909 586.5069 c
124.5969 586.3490 124.5569 586.0998 124.4560 586.0468 c
124.3060 585.9680 124.0509 585.9609 123.8978 586.0380 c
123.5979 586.1900 123.3380 586.4210 123.0610 586.6200 c
123.0469 586.6078 l
123.1770 586.0318 123.4950 585.5749 123.9398 585.1990 c
124.1118 585.1939 l
h
f
/GS13 gs
/CS15 cs 0.2900 0.8300 0.0900 0.0000 scn
125.1870 589.0901 m
125.4801 589.4600 125.3900 589.8331 125.2029 590.2112 c
125.1281 590.3620 125.0700 590.5210 125.0039 590.6772 c
124.5620 590.7322 124.3820 590.4632 124.3140 590.0910 c
124.2479 589.7282 124.3009 589.3982 124.7040 589.2452 c
124.8610 589.1851 125.0260 589.1411 125.1870 589.0901 c
f
/GS13 gs
/CS15 cs 0.2900 0.8300 0.0900 0.0000 scn
122.3461 591.9194 m
122.2160 591.9094 122.0862 591.9004 121.9561 591.8905 c
121.9680 591.8505 121.9791 591.8114 121.9901 591.7714 c
122.1092 591.8204 122.2271 591.8706 122.3450 591.9205 c
h
f
/GS13 gs
/CS15 cs 0.2900 0.8300 0.0900 0.0000 scn
123.0608 586.6194 m
123.0358 586.6946 123.0097 586.7694 122.9848 586.8454 c
123.0058 586.7666 123.0267 586.6863 123.0466 586.6075 c
123.0466 586.6075 123.0608 586.6194 123.0608 586.6194 c
f
/GS13 gs
/CS15 cs 0.4200 0.8200 0.2200 0.0200 scn
124.1124 585.1939 m
123.9392 585.1990 l
123.9973 585.1930 124.0543 585.1908 124.1124 585.1939 c
f
/GS13 gs
/CS15 cs 0.2900 0.8300 0.0900 0.0000 scn
122.6996 588.3814 m
122.6585 588.4554 l
122.6256 588.4214 l
h
f
/GS13 gs
/CS15 cs 0.6400 0.9000 0.0000 0.0000 scn
130.0518 595.1211 m
130.4220 594.3725 l
130.6244 594.6418 130.6517 594.8881 130.6196 595.1211 c
h
f
/GS13 gs
/CS15 cs 0.6400 0.9000 0.0000 0.0000 scn
108.5369 589.7942 m
108.4751 589.4430 108.4130 589.0921 108.3501 588.7400 c
108.6820 588.6451 108.6409 588.9540 108.6939 589.0972 c
108.9221 589.7222 109.1330 590.3552 109.3170 590.9941 c
109.4029 591.2932 109.4131 591.6132 109.3989 591.9381 c
108.9609 591.5330 108.8410 591.0001 108.7220 590.4632 c
108.6721 590.2381 108.5990 590.0170 108.5369 589.7942 c
f
/GS13 gs
/CS15 cs 0.2800 0.7100 0.0000 0.0000 scn
90.3685 586.3646 m
90.3484 586.3785 90.3206 586.3816 90.2954 586.3884 c
90.2894 586.3674 90.2724 586.3314 90.2786 586.3275 c
90.2985 586.3136 90.3274 586.3105 90.3526 586.3025 c
90.3586 586.3246 90.3745 586.3606 90.3685 586.3646 c
h
90.5105 591.7416 m
90.5105 591.6104 90.5105 591.4794 90.5105 591.1614 c
90.8725 591.4565 91.0964 591.6495 91.3314 591.8264 c
91.4556 591.9194 91.5996 591.9846 91.7345 592.0625 c
91.7756 591.9545 91.8825 591.7876 91.8465 591.7465 c
91.4766 591.3215 91.7354 590.8564 91.7504 590.4164 c
91.7646 590.0136 91.8516 589.6114 91.9154 589.2094 c
92.0024 588.6626 91.6455 588.1986 91.6044 587.7085 c
91.5446 586.9976 91.2776 586.4916 90.7285 586.1214 c
90.9856 585.2795 90.7435 584.5314 90.4904 583.7865 c
89.9994 583.7114 89.6426 583.8715 89.5294 584.4365 c
89.2114 584.2624 88.9614 584.1255 88.8086 584.0425 c
88.3814 584.2074 87.9874 584.5175 87.7156 584.4336 c
87.1435 584.2565 86.4306 584.3174 85.9654 583.6915 c
86.4604 583.4906 87.1566 583.8256 87.3054 583.0705 c
87.1075 583.0546 86.9085 583.0376 86.7104 583.0214 c
86.6985 582.9684 86.6866 582.9165 86.6755 582.8635 c
86.8294 582.8156 86.9834 582.7674 87.1364 582.7195 c
87.1875 582.4695 87.2376 582.2206 87.3026 581.8955 c
86.9066 581.9326 86.4456 581.4836 86.3416 582.2294 c
85.0144 582.5404 l
85.4614 582.9304 85.5734 583.4055 85.3685 583.9586 c
85.3475 584.0186 85.3396 584.0875 85.3036 584.1354 c
85.2106 584.2624 85.1066 584.3795 85.0065 584.5005 c
85.5876 585.3365 86.1256 586.2064 86.7594 586.9996 c
87.5724 588.0166 88.4676 588.9665 89.3154 589.9555 c
89.4416 590.1026 89.5045 590.3025 89.5975 590.4785 c
89.4396 590.8116 89.2814 591.1444 89.0994 591.5265 c
88.8656 591.4936 88.5994 591.4565 88.2145 591.4026 c
88.7794 592.1456 89.5076 592.2045 90.2086 592.3244 c
90.2086 592.3244 90.2676 592.3426 90.2676 592.3426 c
90.3294 592.3406 l
90.2954 592.1124 89.9674 591.7955 90.5105 591.7416 c
f
/GS13 gs
/CS15 cs 0.3800 0.7900 0.0500 0.0000 scn
89.5975 590.4785 m
89.4393 590.8116 89.2814 591.1444 89.0994 591.5265 c
88.8653 591.4936 88.5994 591.4565 88.2145 591.4026 c
88.7794 592.1456 89.5073 592.2045 90.2083 592.3244 c
90.1233 592.5416 90.0374 592.7576 89.9524 592.9736 c
89.9515 592.9736 89.8744 592.9826 89.8744 592.9826 c
89.8744 592.9826 89.7965 592.9784 89.7965 592.9784 c
89.4345 592.9095 89.0643 592.8695 88.7125 592.7666 c
87.7343 592.4826 86.7634 592.1765 85.7925 591.8686 c
85.3254 591.7204 84.8614 591.5605 84.4044 591.3876 c
83.5095 591.0494 82.9454 590.3456 82.4414 589.5805 c
82.3765 589.4824 82.3283 589.3736 82.2603 589.2786 c
81.7345 588.5484 81.7333 588.5495 82.4964 587.9285 c
82.2563 587.6575 81.9944 587.4026 81.7843 587.1104 c
81.6423 586.9134 81.5734 586.6634 81.4725 586.4374 c
81.8354 586.4805 82.0604 586.2626 82.3175 586.0494 c
82.6424 585.7775 83.0214 585.5706 83.4355 585.2965 c
83.8593 585.8306 84.3454 585.9255 84.8914 585.7206 c
85.0014 585.8524 85.1153 585.9825 85.2214 586.1186 c
85.7004 586.7334 86.1355 587.3905 86.6653 587.9585 c
87.3363 588.6774 88.0733 589.3364 88.8043 589.9955 c
89.0303 590.1996 89.3313 590.3195 89.5975 590.4785 c
f
/GS13 gs
/CS15 cs 0.3600 0.7800 0.0200 0.0000 scn
90.4910 583.7862 m
89.9989 583.7111 89.6420 583.8712 89.5289 584.4362 c
89.2120 584.2621 88.9620 584.1261 88.8089 584.0422 c
88.3811 584.2080 87.9880 584.5170 87.7161 584.4331 c
87.1441 584.2562 86.4309 584.3180 85.9649 583.6921 c
86.4609 583.4900 87.1571 583.8250 87.3060 583.0710 c
87.2501 582.9542 87.1931 582.8372 87.1370 582.7201 c
87.1869 582.4701 87.2371 582.2201 87.3031 581.8952 c
86.9071 581.9332 86.4459 581.4842 86.3410 582.2291 c
85.8991 582.3332 85.4569 582.4372 85.0141 582.5412 c
84.9569 582.3862 84.8690 582.2351 84.8489 582.0752 c
84.7539 581.3351 84.7270 581.2963 84.0010 581.1060 c
83.8069 581.0550 83.6141 581.0012 83.4199 580.9490 c
83.4219 580.9510 l
83.4520 580.5351 83.7139 580.4152 84.0849 580.4252 c
84.3259 580.4311 84.5671 580.4260 84.8721 580.4260 c
84.5940 579.7012 83.9390 579.8140 83.4710 579.6031 c
83.4381 579.5881 83.3720 579.6442 83.3210 579.6672 c
83.2501 579.9050 83.1790 580.1420 83.0911 580.4371 c
82.5749 580.2962 82.1109 580.1700 81.6469 580.0442 c
81.3521 579.8492 81.0570 579.6541 80.6771 579.4030 c
81.3189 578.9350 81.7889 578.6770 82.4791 579.0220 c
82.9321 579.2482 83.4919 579.3001 84.0110 579.3412 c
84.8809 579.4092 85.5241 579.8061 86.1670 580.3860 c
86.6650 580.8351 87.2039 581.3660 87.9650 581.4281 c
87.9931 581.4300 88.0381 581.4062 88.0500 581.4181 c
88.8140 582.2580 90.0550 582.6081 90.4910 583.7862 c
f
/GS13 gs
/CS15 cs 0.3600 0.7800 0.0200 0.0000 scn
82.4085 581.4567 m
82.7215 581.8547 82.9967 582.2838 83.2847 582.7028 c
83.2235 582.7567 83.1637 582.8108 83.1036 582.8658 c
82.8255 582.6237 82.5486 582.3808 82.2705 582.1387 c
82.2506 582.1588 82.2345 582.1877 82.2107 582.1977 c
81.7356 582.4018 81.3855 582.3598 81.3677 582.0766 c
81.3407 581.6676 81.5567 581.4397 81.9935 581.4848 c
82.1367 581.4717 82.3606 581.3957 82.4085 581.4567 c
h
83.8806 583.2298 m
83.9767 583.1388 84.0677 583.0517 84.1635 582.9596 c
84.0206 582.8598 83.8806 582.7618 83.7757 582.6886 c
83.8865 582.4928 84.0895 582.2997 84.0617 582.1498 c
84.0047 581.8448 83.8636 581.4967 83.4596 581.4998 c
83.0585 581.5026 82.8057 581.3478 82.6186 580.9946 c
82.4536 580.6828 82.1486 580.6066 81.7977 580.5918 c
81.3937 580.5748 80.9935 580.4807 80.5915 580.4206 c
80.6366 580.5238 80.6576 580.6477 80.7296 580.7276 c
81.1826 581.2356 81.1817 581.2296 80.7936 581.7546 c
80.7126 581.8646 80.5907 582.0738 80.6306 582.1228 c
81.0556 582.6526 80.6907 583.2357 80.7687 583.7828 c
81.1125 583.8236 81.4575 583.8656 81.8606 583.9138 c
81.9425 583.7298 82.0327 583.5288 82.1245 583.3236 c
82.6257 583.1677 83.0407 583.2238 83.3777 583.6717 c
83.4857 583.8148 83.7105 583.8636 83.8687 583.9736 c
84.0297 584.0847 84.1737 584.2196 84.3245 584.3438 c
84.5515 584.3957 84.7797 584.4487 85.0065 584.5008 c
85.1066 584.3798 85.2106 584.2627 85.3036 584.1357 c
85.3396 584.0867 85.3475 584.0178 85.3685 583.9577 c
84.8795 583.7187 84.3897 583.4798 83.8806 583.2298 c
f
/GS13 gs
/CS15 cs 0.2800 0.7100 0.0000 0.0000 scn
80.7687 583.7825 m
81.1128 583.8245 81.4578 583.8656 81.8609 583.9146 c
81.9428 583.7295 82.0329 583.5285 82.1248 583.3247 c
82.6257 583.1685 83.0409 583.2247 83.3777 583.6717 c
83.4857 583.8146 83.7108 583.8636 83.8689 583.9736 c
84.0288 584.0847 84.1737 584.2196 84.3248 584.3435 c
84.5138 584.8027 84.7029 585.2616 84.8917 585.7206 c
84.3449 585.9247 83.8587 585.8306 83.4358 585.2965 c
83.0217 585.5706 82.6427 585.7775 82.3167 586.0497 c
82.0607 586.2626 81.8348 586.4805 81.4728 586.4377 c
81.5128 585.6616 81.3767 584.9325 80.9328 584.2735 c
80.8398 584.1357 80.8217 583.9475 80.7687 583.7825 c
f
/GS13 gs
/CS15 cs 0.2300 0.7200 0.0000 0.0000 scn
85.3685 583.9580 m
84.8795 583.7190 84.3905 583.4792 83.8806 583.2300 c
83.9764 583.1382 84.0674 583.0520 84.1646 582.9602 c
84.0206 582.8590 83.8806 582.7620 83.7754 582.6892 c
83.8865 582.4930 84.0895 582.3000 84.0614 582.1500 c
84.0044 581.8442 83.8636 581.4961 83.4596 581.4992 c
83.0585 581.5032 82.8054 581.3481 82.6186 580.9941 c
82.4536 580.6820 82.1486 580.6060 81.7974 580.5910 c
81.3934 580.5740 80.9935 580.4810 80.5915 580.4201 c
80.9436 580.2951 81.2954 580.1700 81.6474 580.0442 c
82.1106 580.1700 82.5746 580.2962 83.0914 580.4371 c
83.1796 580.1420 83.2496 579.9050 83.3216 579.6672 c
83.3726 579.6442 83.4375 579.5881 83.4715 579.6031 c
83.9395 579.8140 84.5935 579.7012 84.8716 580.4260 c
84.5666 580.4260 84.3256 580.4311 84.0855 580.4252 c
83.7145 580.4152 83.4525 580.5351 83.4225 580.9510 c
83.4086 580.9742 83.3944 580.9980 83.3805 581.0210 c
83.3936 580.9972 83.4066 580.9731 83.4205 580.9490 c
83.6135 581.0012 83.8074 581.0550 84.0016 581.1060 c
84.7276 581.2963 84.7545 581.3351 84.8486 582.0752 c
84.8684 582.2351 84.9574 582.3862 85.0144 582.5412 c
85.4614 582.9310 85.5734 583.4052 85.3685 583.9580 c
f
/GS13 gs
/CS15 cs 0.6600 0.9300 0.1300 0.0200 scn
127.6458 590.3223 m
127.4207 590.5015 127.1959 590.6815 126.9709 590.8603 c
126.8189 590.1474 126.1908 590.0723 125.5819 589.8654 c
125.8688 589.0425 125.5218 588.1433 126.0119 587.3224 c
126.2699 586.8893 125.8537 586.5146 125.5467 586.1064 c
125.7177 585.9935 125.8639 585.8974 126.1168 585.7305 c
125.9677 585.6534 125.8977 585.5933 125.8197 585.5825 c
125.4767 585.5335 125.1768 585.4473 125.1808 585.0133 c
125.6729 585.2463 126.1599 585.5426 126.6358 585.1154 c
126.8838 585.3455 127.0908 585.5383 127.2977 585.7313 c
127.4698 585.9133 127.6149 586.1364 127.8179 586.2705 c
128.2297 586.5435 128.4058 586.8814 128.2969 587.4245 c
127.4939 587.2025 126.8799 587.4894 126.3419 588.0373 c
126.7027 588.2624 127.0278 588.4645 127.3949 588.6924 c
127.5809 588.6663 127.8278 588.6315 128.0098 588.6065 c
127.8828 589.2024 127.7649 589.7625 127.6458 590.3223 c
f
/GS13 gs
/CS15 cs 0.6600 0.9300 0.1300 0.0200 scn
124.3142 584.8475 m
124.5764 584.2814 124.7352 584.2976 124.9384 584.7775 c
124.7394 584.7996 124.5892 584.8166 124.3142 584.8475 c
f
/GS13 gs
/CS15 cs 0.3800 0.7900 0.0500 0.0000 scn
90.3291 592.3403 m
90.2962 592.1121 89.9683 591.7952 90.5102 591.7422 c
90.7243 591.9182 90.9383 592.0943 91.1511 592.2703 c
91.1282 592.3363 91.1052 592.4013 91.0831 592.4662 c
90.8311 592.4242 90.5803 592.3823 90.3291 592.3403 c
f
/GS13 gs
/CS15 cs 0.8200 1.0000 0.2700 0.1900 scn
126.6075 581.1420 m
126.5783 581.2169 126.5494 581.2920 126.5193 581.3668 c
126.4983 581.3498 126.4564 581.3220 126.4584 581.3178 c
126.4955 581.2500 126.5383 581.1849 126.5805 581.1188 c
126.5794 581.1180 126.6075 581.1420 126.6075 581.1420 c
f
/GS13 gs
/CS15 cs 0.8200 1.0000 0.2700 0.1900 scn
84.8917 585.7203 m
84.7026 585.2614 84.5138 584.8024 84.3248 584.3432 c
84.5518 584.3962 84.7797 584.4484 85.0068 584.5014 c
85.5876 585.3362 86.1256 586.2064 86.7597 586.9993 c
87.5727 588.0163 88.4667 588.9662 89.3146 589.9552 c
89.4416 590.1024 89.5048 590.3033 89.5978 590.4782 c
89.3307 590.3203 89.0308 590.1993 88.8046 589.9963 c
88.0736 589.3364 87.3366 588.6774 86.6656 587.9594 c
86.1358 587.3902 85.7007 586.7342 85.2216 586.1183 c
85.1156 585.9822 85.0017 585.8524 84.8917 585.7203 c
f
/GS13 gs
/CS15 cs 0.2300 0.7200 0.0000 0.0000 scn
87.1370 582.7198 m
87.1931 582.8369 87.2501 582.9540 87.3060 583.0710 c
87.1070 583.0540 86.9091 583.0379 86.7101 583.0209 c
86.6991 582.9690 86.6869 582.9160 86.6750 582.8638 c
86.8289 582.8159 86.9831 582.7680 87.1370 582.7198 c
f
/GS13 gs
/CS15 cs 0.4200 0.8200 0.2200 0.0200 scn
90.3523 586.3028 m
90.3583 586.3238 90.3753 586.3598 90.3682 586.3649 c
90.3492 586.3788 90.3203 586.3819 90.2951 586.3887 c
90.2891 586.3677 90.2733 586.3317 90.2792 586.3277 c
90.2993 586.3127 90.3271 586.3099 90.3523 586.3028 c
f
/GS13 gs
/CS15 cs 0.7400 1.0000 0.1800 0.0600 scn
81.9941 581.4845 m
82.1370 581.4714 82.3601 581.3955 82.4091 581.4564 c
82.7220 581.8555 82.9970 582.2836 83.2842 582.7025 c
83.2241 582.7564 83.1640 582.8114 83.1042 582.8655 c
82.8261 582.6234 82.5480 582.3805 82.2702 582.1384 c
82.1781 581.9204 82.0862 581.7025 81.9941 581.4845 c
f
/GS13 gs
/CS15 cs 0.2800 0.7100 0.0000 0.0000 scn
81.9941 581.4845 m
82.0862 581.7025 82.1781 581.9204 82.2702 582.1384 c
82.2501 582.1586 82.2342 582.1875 82.2101 582.1974 c
81.7362 582.4015 81.3852 582.3595 81.3671 582.0766 c
81.3410 581.6684 81.5562 581.4394 81.9941 581.4845 c
f
/GS13 gs
/CS15 cs 0.3600 0.7800 0.0200 0.0000 scn
83.4202 580.9493 m
83.4072 580.9731 83.3933 580.9972 83.3803 581.0213 c
83.3941 580.9983 83.4083 580.9742 83.4222 580.9513 c
83.4222 580.9513 83.4202 580.9493 83.4202 580.9493 c
f
/GS13 gs
/CS15 cs 0.6400 0.9000 0.0000 0.0000 scn
11.1620 583.9299 m
11.7261 585.4439 11.2292 586.8147 10.5511 588.1419 c
10.3992 588.4407 10.0760 588.6539 9.8320 588.9059 c
9.6330 588.9407 9.3322 588.9067 9.2551 589.0218 c
8.9141 589.5349 8.5742 589.4657 8.1530 589.1488 c
8.0521 589.0737 7.8681 589.0779 7.7261 589.0918 c
7.0770 589.1587 6.5452 588.8727 5.9720 588.5768 c
6.2490 587.8239 5.8581 587.3267 5.4482 586.9069 c
5.5091 586.5248 5.5791 586.1908 5.6132 585.8538 c
5.6392 585.5907 5.6092 585.3237 5.6251 585.0598 c
5.6441 584.7369 5.7180 584.5158 6.1580 584.5518 c
6.3561 584.5677 6.5781 584.2939 6.7890 584.1507 c
6.7711 584.0918 6.7530 584.0328 6.7351 583.9739 c
6.0401 584.2168 5.7152 583.2317 5.0142 583.4968 c
4.8662 583.9679 4.7302 584.3968 4.5952 584.8257 c
4.5380 584.8308 4.4821 584.8367 4.4252 584.8427 c
4.2100 584.3809 3.9951 583.9189 3.8132 583.5297 c
2.6612 583.5297 l
2.7051 583.9897 2.7711 584.4178 2.7811 584.8478 c
2.7930 585.3997 3.0790 585.7679 3.5742 585.8697 c
4.0331 585.9629 4.2891 586.2328 4.5332 586.5687 c
4.6361 586.7107 4.7171 586.8879 4.8540 586.9828 c
5.4541 587.3978 5.4561 587.9968 5.4502 588.6329 c
5.4451 589.1338 5.1202 589.2939 4.7520 589.4138 c
4.3860 589.5337 3.9702 589.7577 3.6882 589.1777 c
3.8971 589.0258 4.0941 588.8818 4.3220 588.7159 c
3.4262 588.1859 3.8310 587.2408 3.5680 586.4729 c
3.2511 586.4298 2.9330 586.4068 2.6252 586.3377 c
2.4182 586.2917 2.1900 586.2217 2.0341 586.0899 c
1.7101 585.8158 1.4272 585.4938 1.1761 585.2398 c
1.1602 585.0028 1.1602 584.8038 1.1290 584.6097 c
1.1021 584.4407 1.0400 584.2769 0.9930 584.1108 c
0.9930 584.1108 1.0052 584.1269 1.0052 584.1269 c
1.0020 584.0637 0.9992 583.9999 0.9961 583.9367 c
1.0100 583.8199 1.0242 583.7017 1.0372 583.5849 c
1.2030 583.1748 1.3691 582.7657 1.5341 582.3567 c
1.5352 582.3547 l
1.7742 582.0627 2.0132 581.7699 2.2510 581.4768 c
2.4182 582.4477 3.2071 582.0888 3.7871 582.2549 c
3.9861 581.4978 3.3120 581.1928 2.9551 580.5658 c
3.5960 580.8229 4.1210 580.8988 4.3801 581.4918 c
4.7880 581.1347 5.1491 580.8169 5.6282 580.3968 c
5.5590 581.0587 5.7852 581.3487 6.3162 581.3008 c
6.8451 581.2529 7.0282 581.5928 7.1830 582.0038 c
7.2601 582.2079 7.3412 582.4879 7.5030 582.5687 c
7.9050 582.7717 7.9342 583.0829 7.9152 583.4509 c
7.8951 583.8429 8.0430 584.1278 8.4892 584.2658 c
8.7242 583.8999 9.0371 583.7199 9.5091 583.7978 c
10.0522 583.8868 10.6101 583.8897 11.1620 583.9299 c
f
/GS13 gs
/CS15 cs 0.0000 0.5200 0.1300 0.0000 scn
36.1573 565.6229 m
36.1814 565.6218 36.2055 565.6368 36.2293 565.6448 c
36.2225 565.6657 36.2154 565.7037 36.2075 565.7037 c
36.1834 565.7037 36.1585 565.6898 36.1344 565.6819 c
36.1423 565.6609 36.1494 565.6229 36.1573 565.6229 c
h
42.9335 562.6627 m
42.8233 563.1219 42.7564 563.4009 42.6484 563.8527 c
42.3723 563.5709 42.1974 563.3918 41.8825 563.0709 c
42.2983 562.9088 42.5214 562.8229 42.9335 562.6627 c
h
36.5153 567.0009 m
36.5545 566.8129 36.6205 566.5017 36.6823 566.2077 c
37.0945 566.5487 37.4715 567.0879 37.9423 567.1888 c
38.4134 567.2897 38.9764 566.9487 39.5014 566.8078 c
39.6675 566.7627 39.8424 566.7029 40.0093 566.7129 c
41.0023 566.7758 41.4584 566.5969 42.1634 565.8058 c
42.1004 565.6788 42.0304 565.5297 41.9533 565.3848 c
41.7934 565.0838 41.8054 564.8309 42.1285 564.6368 c
42.4964 564.4148 42.6883 563.8578 43.3114 564.1098 c
43.4673 564.1727 43.7545 563.9097 43.9815 563.7957 c
43.9903 563.6248 43.9994 563.4539 44.0073 563.2829 c
43.6754 563.1287 43.3485 563.0417 43.1464 562.6287 c
42.9435 562.2109 42.4454 562.1698 41.9754 562.2409 c
41.6395 562.2919 41.2934 562.2797 40.9524 562.3047 c
40.8155 562.3149 40.6715 562.3268 40.5445 562.3758 c
39.5983 562.7367 39.3775 562.6579 38.8794 561.7579 c
37.7005 561.5929 37.7005 561.5929 35.9073 562.9717 c
35.8744 562.8849 35.8444 562.7679 35.7843 562.6667 c
35.7435 562.5969 35.6624 562.5499 35.6003 562.4929 c
35.4634 562.6168 35.3384 562.7288 35.2253 562.8319 c
35.1663 562.8078 35.1283 562.8047 35.1164 562.7849 c
34.7034 562.1227 34.2935 561.4597 33.8825 560.7969 c
33.6835 561.1518 33.5205 561.4529 33.0574 561.6479 c
32.6993 561.7979 32.4553 562.3999 32.3184 562.8498 c
32.1395 563.4377 31.8013 563.7849 31.2534 563.9808 c
30.8265 564.8119 30.1005 565.2938 29.2895 565.6839 c
29.1923 565.7309 29.1223 565.8369 29.0395 565.9157 c
30.1975 565.9339 31.2854 565.6317 32.3444 565.1977 c
33.1265 564.8777 33.8845 564.4757 34.7644 564.4947 c
35.1743 564.2748 35.5683 564.0177 35.9974 563.8428 c
36.8354 563.4998 37.6923 563.2038 38.6374 562.8518 c
38.4945 563.2787 38.1994 563.5057 37.8683 563.6327 c
36.8294 564.0287 35.7763 564.3859 34.7295 564.7578 c
33.9103 565.1858 33.0925 565.6139 32.2744 566.0419 c
32.5514 566.2018 32.8093 566.4217 33.1075 566.5088 c
33.9494 566.7559 34.8075 566.9487 35.6593 567.1627 c
35.8943 567.1188 36.1295 567.0737 36.5153 567.0009 c
f
/GS13 gs
/CS15 cs 0.6600 0.9300 0.1300 0.0200 scn
0.8065 587.1234 m
0.1378 587.5200 l
0.1378 586.1316 l
0.4839 585.8371 0.9383 585.6625 1.3394 585.4275 c
1.5905 585.2803 1.8544 585.1514 2.0874 584.9804 c
3.9705 583.5943 5.8465 582.2005 7.7244 580.8095 c
7.7814 580.7546 7.8384 580.7004 7.8945 580.6454 c
7.9064 580.6335 l
7.9614 580.5774 8.0155 580.5204 8.0705 580.4643 c
8.0705 580.4643 8.0793 580.4544 8.0793 580.4544 c
8.1343 580.3974 8.1904 580.3415 8.2454 580.2843 c
8.2534 580.2763 l
8.3103 580.2194 8.3665 580.1624 8.4234 580.1054 c
8.4895 580.0484 8.5544 579.9915 8.6204 579.9345 c
8.8285 579.8443 9.0743 579.7973 9.2364 579.6553 c
9.8453 579.1243 10.4394 578.5753 11.0123 578.0075 c
11.3545 577.6685 11.6473 577.2804 11.9625 576.9153 c
12.6505 576.2443 13.3384 575.5745 14.0264 574.9044 c
14.2464 575.1026 14.4655 575.3015 14.6854 575.4994 c
14.6463 575.5493 14.6075 575.6003 14.5684 575.6505 c
14.5213 575.7103 14.4754 575.7704 14.4283 575.8305 c
14.4283 575.8305 14.4235 575.8483 14.4235 575.8475 c
14.3535 575.9444 14.2835 576.0405 14.2123 576.1375 c
14.2123 576.1375 14.1914 576.1613 14.1914 576.1613 c
13.8444 576.5003 13.4963 576.8385 13.1494 577.1775 c
13.0935 577.1985 13.0365 577.2203 12.9804 577.2413 c
12.9274 577.2954 12.8744 577.3493 12.8214 577.4034 c
12.6184 577.6455 12.4155 577.8884 12.1275 578.2346 c
12.7284 578.3763 13.2664 578.5194 13.8115 578.6274 c
15.4633 578.9554 17.1173 579.2754 18.7724 579.5855 c
19.1993 579.6655 19.6345 579.6975 20.0665 579.7514 c
20.4293 579.9223 20.7893 580.0235 21.1365 579.7165 c
21.1365 579.7165 21.1343 579.7174 21.1343 579.7174 c
21.7363 579.7723 22.2585 580.2454 22.9065 580.0555 c
22.9694 580.0555 23.0323 580.0555 23.0953 580.0555 c
23.1613 580.0144 23.2265 579.9733 23.2914 579.9325 c
23.8884 579.8645 24.5353 580.0615 25.0634 579.5243 c
25.2913 579.7375 25.4843 579.9163 25.7275 580.1434 c
25.2434 580.2403 24.8783 580.3135 24.5134 580.3863 c
22.9085 580.4495 21.3024 580.4793 19.6954 580.4654 c
19.3805 580.4623 19.0324 580.4093 18.8294 580.7585 c
18.2463 580.6324 17.6655 580.5003 17.0804 580.3835 c
16.7355 580.3155 16.3865 580.2355 16.0373 580.2253 c
14.8975 580.1953 13.8044 579.9654 12.7145 579.6343 c
12.1343 579.4574 11.5274 579.4894 10.9154 579.7624 c
9.4164 580.4345 8.2973 581.6234 6.9843 582.5435 c
6.4905 582.8905 6.0103 583.2575 5.5284 583.6204 c
4.4235 584.4504 3.3205 585.2823 2.2175 586.1143 c
2.1685 586.2835 2.1195 586.4525 2.0704 586.6214 c
1.6495 586.7895 1.2274 586.9565 0.8065 587.1234 c
f
/GS13 gs
/CS15 cs 0.0200 0.5000 0.0000 0.0000 scn
11.2167 550.6897 m
11.2757 550.5786 11.3357 550.4666 11.3947 550.3558 c
11.5308 550.3107 11.6926 550.2997 11.7986 550.2166 c
12.3647 549.7767 12.7517 549.1417 13.3988 548.7797 c
13.6298 548.6496 13.7648 548.4036 13.6417 548.0957 c
13.4768 547.6856 13.7438 547.5776 14.0666 547.5197 c
14.7036 548.5887 15.3388 549.6568 15.9786 550.7237 c
16.0047 550.7668 16.0727 550.7858 16.0937 550.7986 c
16.4806 550.5936 16.8517 550.3978 17.2227 550.2016 c
17.2947 550.1917 17.3667 550.1818 17.4387 550.1707 c
17.4387 550.1707 17.4368 550.1718 17.4368 550.1718 c
17.3948 550.4567 17.4118 550.7016 17.7928 550.7048 c
17.7897 550.7016 l
17.8466 550.8808 17.9048 551.0597 17.9617 551.2388 c
17.9266 551.3978 17.8917 551.5569 17.8648 551.6838 c
17.5377 551.6649 17.2706 551.6487 16.8766 551.6246 c
17.0206 551.8256 17.0546 551.9038 17.1147 551.9529 c
17.5218 552.2848 17.8886 552.7216 18.3557 552.9127 c
19.0488 553.1958 18.6687 553.9578 19.1228 554.3076 c
19.2098 554.3736 19.2526 554.5018 19.3056 554.6058 c
19.3927 554.7767 19.4717 554.9516 19.5627 555.1418 c
18.6378 555.6997 17.6808 555.5517 16.7037 555.5826 c
16.6717 555.3828 16.6408 555.1988 16.6076 554.9936 c
16.1957 555.1296 15.8737 555.1277 15.7598 554.6486 c
15.8947 554.5046 16.0277 554.3637 16.2496 554.1267 c
15.9778 553.9068 15.7456 553.7197 15.5137 553.5326 c
15.4318 552.7346 15.2838 551.9608 14.7206 551.3216 c
14.8578 552.2978 14.9936 553.2746 15.1308 554.2506 c
14.1046 554.3768 13.5958 553.4036 12.8477 553.1377 c
12.5736 553.4096 12.3426 553.6397 12.1037 553.8776 c
12.5186 554.4967 12.4846 554.8938 11.9426 555.3116 c
11.9188 555.2986 11.8936 555.2847 11.8698 555.2717 c
11.8947 555.2847 11.9188 555.2977 11.9438 555.3116 c
12.1226 555.6067 12.3018 555.9018 12.4807 556.1966 c
12.4798 556.2547 12.4758 556.3128 12.4688 556.3706 c
12.0487 556.3928 11.5886 556.2876 11.2697 556.7528 c
11.4616 557.0158 11.6487 557.2718 11.9426 557.6746 c
11.0078 557.4056 10.8686 556.6856 10.5018 556.1717 c
10.5208 555.7496 10.7507 555.3317 10.4406 554.9026 c
10.3606 554.7917 10.4698 554.5256 10.5216 554.3396 c
10.6846 553.7577 11.0106 553.1746 10.9916 552.6009 c
10.9726 552.0328 11.0718 551.5886 11.3556 551.1288 c
11.4086 551.0438 11.2677 550.8388 11.2167 550.6897 c
f
/GS13 gs
/CS15 cs 0.2900 0.8300 0.0900 0.0000 scn
29.6036 595.1211 m
26.3228 595.1211 l
26.3237 595.1024 l
26.4677 595.0423 26.6125 594.9825 26.7435 594.9275 c
26.5765 594.5873 26.4407 594.3095 26.3035 594.0303 c
26.3027 593.9725 26.3047 593.9155 26.3106 593.8586 c
27.0746 594.0805 27.6866 593.9345 28.0536 593.1434 c
27.9437 592.9665 27.8365 592.7944 27.7296 592.6224 c
28.0956 592.5523 28.2515 592.3233 27.8776 592.1393 c
27.5156 591.9625 27.3665 591.6864 27.1987 591.3845 c
27.8246 590.7144 27.7296 590.2824 26.8495 589.7934 c
26.5887 589.2763 26.3285 588.7593 26.0186 588.1445 c
25.6275 588.2525 25.2675 588.3293 24.9236 588.4543 c
24.6237 588.5623 24.5585 588.4095 24.5256 588.1745 c
25.2737 587.5254 25.7426 587.5095 26.4277 588.0634 c
27.0227 588.5444 27.5397 589.0425 27.7656 589.8305 c
27.8966 590.2863 28.3737 590.6404 28.5157 591.0965 c
28.9307 592.4220 29.3335 593.7602 29.6036 595.1211 c
f
/GS13 gs
/CS15 cs 0.1000 0.6600 0.0200 0.0000 scn
25.5781 552.4892 m
25.5101 551.1283 26.0192 549.9771 26.9141 548.9932 c
27.2010 548.6771 27.5902 548.4472 27.9502 548.2020 c
29.4701 547.1691 31.1281 546.5211 32.9831 546.4412 c
33.2810 546.5072 33.5792 546.5730 33.8780 546.6390 c
33.7632 547.3392 33.0401 547.0191 32.6642 547.3451 c
32.6962 547.6671 32.7291 547.9872 32.7611 548.3072 c
32.5361 548.2562 32.4400 548.1581 32.3600 548.0501 c
32.0491 547.6300 31.7052 547.4370 31.1562 547.6762 c
30.4982 547.9622 29.7601 548.0861 29.1410 548.4311 c
28.7382 548.6542 28.1112 548.9130 28.3541 549.6401 c
28.3620 549.6661 28.2861 549.7211 28.2370 549.7750 c
28.0332 549.6902 27.8342 549.6060 27.5681 549.4941 c
27.5681 549.6860 27.5221 549.8342 27.5751 549.8960 c
27.9592 550.3363 28.3791 550.7342 28.9701 550.8862 c
29.1362 550.9281 29.4041 550.9301 29.4500 551.0310 c
29.7411 551.6651 30.3732 551.5761 30.8741 551.7312 c
31.3030 551.8641 31.6891 551.7422 31.8832 551.2830 c
31.8042 551.0511 31.7302 550.8292 31.6052 550.4601 c
32.0411 550.6492 32.3192 550.7702 32.6061 550.8941 c
32.6840 550.8031 32.7572 550.7490 32.7892 550.6761 c
33.1030 549.9601 33.5931 549.5491 34.4290 549.6420 c
34.8372 549.6871 35.2522 549.6610 35.6641 549.6670 c
35.5221 550.1991 35.8702 550.3822 36.3090 550.4632 c
36.0831 551.3570 35.1981 550.6841 34.8392 551.2272 c
34.7862 551.4182 34.7202 551.6532 34.6300 551.9721 c
34.3621 551.7380 34.1742 551.5741 34.0421 551.4591 c
33.0741 551.4670 33.2470 552.2700 33.0250 552.8662 c
32.7042 552.5731 32.4570 552.3480 32.1860 552.1022 c
31.9181 552.3032 31.8180 552.8160 31.3540 552.5141 c
31.3132 552.4880 31.1922 552.5552 31.1250 552.6020 c
30.4690 553.0711 30.0260 553.1502 29.2890 552.8741 c
29.0251 553.7852 27.9700 553.3892 27.3662 554.0060 c
28.0882 554.2622 28.0692 554.7430 27.8722 555.3071 c
27.6911 555.8281 27.4771 555.9381 26.9552 555.7351 c
26.2990 555.4791 26.1451 554.9102 26.1102 554.3130 c
26.0722 553.6562 25.9172 553.0501 25.5781 552.4892 c
f
/GS13 gs
/CS15 cs 0.7400 1.0000 0.1800 0.0600 scn
0.9930 584.1105 m
1.0400 584.2766 1.1021 584.4407 1.1290 584.6105 c
1.1599 584.8047 1.1599 585.0037 1.1761 585.2395 c
1.4281 585.4935 1.7101 585.8167 2.0341 586.0896 c
2.1909 586.2217 2.4180 586.2917 2.6249 586.3377 c
2.9330 586.4066 3.2511 586.4295 3.5680 586.4737 c
3.8310 587.2405 3.4260 588.1856 4.3220 588.7165 c
4.0941 588.8826 3.8971 589.0255 3.6879 589.1777 c
3.9699 589.7585 4.3860 589.5337 4.7520 589.4135 c
5.1199 589.2936 5.4451 589.1335 5.4499 588.6337 c
5.4561 587.9976 5.4541 587.3975 4.8540 586.9826 c
4.7171 586.8876 4.6361 586.7107 4.5329 586.5687 c
4.2891 586.2325 4.0331 585.9635 3.5739 585.8697 c
3.0790 585.7685 2.7930 585.3997 2.7811 584.8475 c
2.7709 584.4175 2.7051 583.9897 2.6609 583.5305 c
3.8140 583.5305 l
3.9949 583.9186 4.2100 584.3806 4.4249 584.8427 c
4.4821 584.8367 4.5380 584.8305 4.5950 584.8257 c
4.7299 584.3965 4.8660 583.9676 5.0139 583.4965 c
5.7149 583.2317 6.0409 584.2165 6.7351 583.9736 c
6.7530 584.0325 6.7711 584.0915 6.7890 584.1516 c
6.5781 584.2936 6.3561 584.5686 6.1580 584.5516 c
5.7180 584.5156 5.6449 584.7367 5.6251 585.0607 c
5.6089 585.3237 5.6390 585.5916 5.6129 585.8535 c
5.5789 586.1906 5.5100 586.5245 5.4479 586.9077 c
5.8581 587.3267 6.2490 587.8236 5.9720 588.5765 c
6.5460 588.8727 7.0770 589.1587 7.7270 589.0915 c
7.8681 589.0776 8.0521 589.0737 8.1530 589.1496 c
8.5740 589.4657 8.9150 589.5346 9.2551 589.0226 c
9.3319 588.9067 9.6341 588.9407 9.8320 588.9056 c
9.1789 589.8467 8.3840 590.6387 7.3930 591.2246 c
7.6090 590.8567 7.8250 590.4896 8.0711 590.0726 c
7.6190 589.5065 6.9851 589.2925 6.2019 589.1165 c
6.4049 589.8557 6.5809 590.4967 6.7629 591.1586 c
6.9970 591.1807 7.1980 591.1985 7.3990 591.2175 c
7.0189 591.8675 7.2950 592.5016 7.4599 593.1306 c
7.5869 593.6165 7.7539 594.0916 7.9041 594.5717 c
7.6941 594.6267 7.4849 594.6817 7.2760 594.7356 c
7.0390 594.2755 6.7110 593.8376 6.5869 593.3486 c
6.4380 592.7556 6.0761 592.4015 5.6409 592.0466 c
4.6389 591.2286 3.5921 590.4527 2.6821 589.5397 c
1.8751 588.7287 1.2410 587.7717 0.9230 586.6106 c
0.7461 585.9595 0.7489 585.3135 0.6491 584.6695 c
0.6571 584.5527 0.6650 584.4365 0.6729 584.3197 c
0.7801 584.2497 0.8861 584.1805 0.9930 584.1105 c
f
/GS13 gs
/CS15 cs 0.3600 0.6900 0.0000 0.0000 scn
7.3301 587.8967 m
7.8001 587.9486 8.1632 587.6997 8.5340 587.4695 c
8.7800 587.3165 9.0111 587.0937 9.2792 587.0256 c
11.6561 586.4267 13.9861 585.5927 16.5042 585.7265 c
17.5130 585.7807 18.4842 585.9456 19.4440 586.2365 c
19.5831 586.2787 19.7311 586.2906 19.8751 586.3167 c
19.4000 586.3907 18.9241 586.4635 18.3540 586.5525 c
18.6681 587.3377 18.9680 588.0895 19.3161 588.9626 c
18.8042 588.6765 18.4810 588.2465 17.9490 588.4075 c
17.9501 588.4075 17.9532 588.4036 17.9532 588.4036 c
17.9351 588.3327 17.9172 588.2607 17.8982 588.1887 c
17.8551 588.2615 17.8121 588.3347 17.7690 588.4075 c
17.0932 588.3497 16.5711 587.6337 15.8431 587.9795 c
15.7241 588.1507 15.5611 588.3846 15.4250 588.3707 c
14.8952 588.3137 14.4522 588.5016 14.0570 588.7905 c
13.6752 589.0706 13.2622 589.1216 12.8211 589.1156 c
12.4101 589.0547 12.0002 588.9937 11.5892 588.9325 c
11.4072 588.8786 11.2241 588.8237 11.0421 588.7695 c
10.5911 588.6516 10.1432 588.5246 9.6891 588.4197 c
8.9050 588.2377 8.1170 588.0696 7.3301 587.8967 c
f
/GS13 gs
/CS15 cs 0.3000 0.6400 0.1300 0.0000 scn
28.5721 583.4296 m
27.6290 583.1677 26.6751 582.9395 25.7462 582.6356 c
24.4970 582.2277 23.2671 581.7606 22.0280 581.3186 c
22.0462 580.9816 22.2341 580.9385 22.5111 581.0306 c
23.4011 581.3286 24.2932 581.6177 25.1802 581.9207 c
25.7842 582.1257 26.3832 582.3465 26.9841 582.5605 c
27.2392 582.4865 27.4941 582.4117 27.7622 582.3326 c
27.5391 581.5916 28.2002 581.4635 28.6180 581.0596 c
28.3822 580.9487 28.2141 580.8696 28.0451 580.7906 c
28.0431 580.7886 l
27.9862 580.5357 27.9281 580.2826 27.8711 580.0297 c
28.1302 580.0277 28.3912 580.0467 28.6461 580.0175 c
29.3332 579.9365 30.0161 579.8347 30.7012 579.7417 c
30.7040 580.5057 31.4181 580.4195 31.9042 580.8487 c
31.8790 580.4487 31.8640 580.2146 31.8450 579.9067 c
32.1990 580.1117 32.4601 580.3727 32.7402 580.3937 c
32.9992 580.4135 33.2762 580.1766 33.5891 580.0337 c
33.8610 580.3305 34.1521 580.6477 34.4262 580.9456 c
33.9851 581.7237 33.9851 581.7237 34.7241 582.3587 c
34.8840 582.2867 35.0612 582.2056 35.2780 582.1067 c
35.4030 582.2575 35.5300 582.4106 35.6570 582.5636 c
35.6012 582.6957 35.5822 582.8947 35.4832 582.9477 c
34.7031 583.3726 33.8970 583.7196 32.9700 583.5946 c
32.5372 583.5365 32.1012 583.4846 31.6650 583.4565 c
31.0612 583.4177 30.4121 583.5305 29.8630 583.3426 c
29.3131 583.1546 28.7841 583.1005 28.2291 583.0815 c
28.1690 582.9956 28.1100 582.9097 28.0502 582.8247 c
28.0162 582.8587 27.9831 582.8927 27.9490 582.9276 c
28.0372 582.9837 28.1251 583.0407 28.2132 583.0977 c
28.3320 583.2085 28.4522 583.3185 28.5721 583.4296 c
f
/GS13 gs
/CS15 cs 0.7400 1.0000 0.1800 0.0600 scn
29.0395 565.9160 m
30.1966 565.9339 31.2854 565.6320 32.3444 565.1980 c
33.1265 564.8780 33.8834 564.4760 34.7644 564.4950 c
34.7525 564.5820 34.7406 564.6699 34.7295 564.7569 c
33.9106 565.1861 33.0925 565.6141 32.2744 566.0419 c
31.2154 566.3361 30.1314 566.5629 29.1044 566.9439 c
28.3346 567.2310 27.5335 567.2290 26.7605 567.4229 c
26.1374 567.5791 25.5195 567.7611 24.9106 567.9669 c
23.8654 568.3201 22.7815 568.4471 21.6975 568.5831 c
21.4404 568.6160 21.1884 568.6960 20.9356 568.7541 c
20.8845 568.8020 20.8335 568.8499 20.7825 568.8981 c
20.7825 568.8981 20.7516 568.9281 20.7516 568.9281 c
20.7026 568.9760 20.6535 569.0239 20.6045 569.0721 c
20.6045 569.0721 20.5705 569.1039 20.5705 569.1039 c
20.5234 569.1501 20.4766 569.1960 20.4296 569.2419 c
20.2955 569.3751 20.1614 569.5081 20.0276 569.6410 c
19.9845 569.6881 19.9406 569.7351 19.8975 569.7831 c
19.8845 569.8140 l
19.5846 569.8621 19.2844 569.9109 18.9845 569.9599 c
19.1015 569.3471 19.6724 569.1399 20.0665 568.7861 c
20.6476 568.2620 21.1544 567.6951 21.4934 566.9861 c
21.4946 566.9850 l
21.5476 566.9189 21.6014 566.8540 21.6556 566.7880 c
21.8744 566.5260 22.0946 566.2641 22.3135 566.0019 c
22.9626 565.4540 23.5616 564.8681 23.8405 564.0330 c
23.8405 564.0330 23.8496 564.0219 23.8496 564.0219 c
23.9545 563.8910 24.0596 563.7600 24.1645 563.6290 c
24.2135 563.5670 24.2614 563.5040 24.3105 563.4411 c
24.3865 563.3371 24.4624 563.2330 24.5384 563.1290 c
24.6424 562.7010 24.9375 562.3980 25.1986 562.0640 c
25.7496 561.3599 26.2706 560.6320 26.8036 559.9151 c
26.9895 559.6319 27.1746 559.3490 27.3606 559.0661 c
27.8796 558.2271 28.3986 557.3891 28.9165 556.5509 c
29.3315 555.9639 29.7465 555.3771 30.1615 554.7900 c
30.0404 555.1671 29.9716 555.5730 29.7876 555.9171 c
29.4046 556.6311 28.9324 557.2981 28.5534 558.0139 c
28.3856 558.3300 28.3535 558.7180 28.2606 559.0729 c
27.8155 559.8130 27.3705 560.5520 26.9254 561.2919 c
26.8285 561.4240 26.7316 561.5549 26.6346 561.6859 c
26.3296 562.0910 26.0246 562.4960 25.7196 562.9011 c
25.6725 562.9691 25.6255 563.0360 25.5784 563.1029 c
25.5784 563.1029 25.5756 563.1080 25.5756 563.1080 c
25.4554 563.2809 25.3355 563.4530 25.2145 563.6259 c
25.2145 563.6259 25.2125 563.6299 25.2125 563.6299 c
25.1436 563.7359 25.0744 563.8431 25.0044 563.9499 c
24.1226 565.0271 23.2396 566.1040 22.3574 567.1811 c
22.2596 567.3351 22.1624 567.4890 22.0156 567.7220 c
22.6826 567.8011 23.1806 567.6321 23.6605 567.3781 c
23.8175 567.3509 23.9746 567.3231 24.1316 567.2959 c
24.7266 567.1681 25.3295 567.0641 25.9135 566.8999 c
26.1746 566.8260 26.4005 566.6281 26.6426 566.4869 c
27.2186 566.3591 27.7934 566.2310 28.3694 566.1031 c
28.5746 566.0439 28.7796 565.9849 28.9845 565.9260 c
h
f
/GS13 gs
/CS15 cs 0.1800 0.7900 0.0000 0.0000 scn
28.9168 556.5506 m
28.3978 557.3889 27.8790 558.2276 27.3600 559.0658 c
27.2968 558.7948 27.1069 558.4728 27.1930 558.2628 c
27.5148 557.4756 27.1230 557.0036 26.5830 556.5566 c
26.1530 555.4468 25.6269 554.3657 25.5268 553.1547 c
25.5090 552.9356 25.5589 552.7108 25.5779 552.4886 c
25.9169 553.0496 26.0719 553.6556 26.1099 554.3127 c
26.1448 554.9097 26.2990 555.4786 26.9558 555.7348 c
27.4768 555.9386 27.6908 555.8287 27.8719 555.3068 c
28.0689 554.7427 28.0888 554.2617 27.3660 554.0057 c
27.9709 553.3886 29.0248 553.7846 29.2890 552.8738 c
30.0260 553.1496 30.4699 553.0717 31.1250 552.6028 c
31.1919 552.5546 31.3129 552.4877 31.3540 552.5147 c
31.8178 552.8157 31.9190 552.3026 32.1860 552.1017 c
32.4570 552.3489 32.7039 552.5728 33.0250 552.8656 c
33.2470 552.2698 33.0738 551.4678 34.0418 551.4588 c
34.1739 551.5736 34.3619 551.7377 34.6309 551.9718 c
34.7199 551.6527 34.7859 551.4177 34.8389 551.2266 c
35.1978 550.6838 36.0839 551.3567 36.3098 550.4638 c
35.8710 550.3827 35.5218 550.1988 35.6638 549.6678 c
36.3509 549.4567 36.4008 549.2696 36.1820 548.6587 c
35.9918 548.1298 35.9399 547.5506 35.8268 546.9948 c
35.8469 546.9857 35.8710 546.9817 35.8869 546.9678 c
35.8968 546.9596 35.8960 546.9386 35.8988 546.9236 c
35.8758 546.9477 35.8540 546.9727 35.8308 546.9976 c
35.6119 546.9508 35.2440 546.9608 35.1998 546.8477 c
35.0019 546.3258 34.5980 546.4998 34.2448 546.4797 c
34.1240 546.5327 34.0030 546.5846 33.8820 546.6376 c
33.8780 546.6387 l
33.5789 546.5727 33.2810 546.5066 32.9828 546.4406 c
33.8040 546.2717 34.6198 546.0667 35.4478 545.9547 c
35.6788 545.9238 35.9830 546.1257 36.1868 546.2997 c
36.3529 546.4406 36.4558 546.6866 36.5238 546.9058 c
36.9210 548.1856 37.0290 549.4946 36.8039 550.8167 c
36.6670 551.6218 36.4748 552.4166 36.3070 553.2157 c
35.2619 553.1666 34.1989 552.9677 33.2688 553.6307 c
32.4839 552.9098 32.2929 552.9186 31.4700 553.5156 c
31.2659 553.6638 30.9470 553.6528 30.6009 553.7336 c
30.4758 553.9757 30.3160 554.2838 30.1569 554.5928 c
29.8950 554.4357 29.6328 554.2787 29.3258 554.0947 c
29.0208 554.1837 28.6719 554.2866 28.2909 554.3977 c
28.5418 554.6928 28.7379 554.9216 28.9970 555.2257 c
28.7138 555.4596 28.4930 555.6416 28.2518 555.8409 c
28.3850 556.1728 28.4598 556.5308 28.9168 556.5506 c
f
/GS13 gs
/CS15 cs 0.2900 0.8300 0.0900 0.0000 scn
34.1572 553.8626 m
34.4642 554.4295 34.7142 554.8915 34.9911 555.4026 c
34.3440 555.7277 34.0072 554.9216 33.2722 554.8056 c
33.5721 555.4205 33.8111 555.9126 34.0991 556.5036 c
33.3471 556.5206 33.1081 556.0756 32.9071 555.6416 c
32.6611 555.1095 32.3042 554.5607 32.8011 553.8986 c
33.2810 554.2917 33.7632 554.1437 34.1572 553.8626 c
h
30.1932 554.6375 m
30.2051 554.6707 30.2221 554.7027 30.2261 554.7365 c
30.2272 554.7467 30.1921 554.7617 30.1731 554.7736 c
30.1731 554.7736 30.1620 554.7895 30.1612 554.7895 c
30.0402 555.1676 29.9721 555.5727 29.7882 555.9165 c
29.4052 556.6306 28.9332 557.2976 28.5531 558.0136 c
28.3861 558.3297 28.3541 558.7177 28.2600 559.0726 c
30.2661 558.6605 32.1551 557.9555 33.9041 556.8766 c
35.2831 556.0257 36.0510 554.7946 36.3061 553.2157 c
35.2621 553.1666 34.1980 552.9677 33.2691 553.6307 c
32.4842 552.9095 32.2931 552.9186 31.4702 553.5156 c
31.2650 553.6636 30.9461 553.6525 30.6011 553.7336 c
30.4761 553.9757 30.3160 554.2835 30.1572 554.5925 c
h
f
/GS13 gs
/CS15 cs 0.4600 0.8100 0.0000 0.0000 scn
25.2445 595.1211 m
25.2156 595.0227 25.2062 594.9130 25.2122 594.7934 c
25.2312 594.4255 25.2023 594.1145 24.8003 593.9116 c
24.6382 593.8305 24.5571 593.5504 24.4803 593.3466 c
24.3252 592.9356 24.1421 592.5954 23.6132 592.6436 c
23.0822 592.6915 22.8563 592.4015 22.9252 591.7394 c
22.4461 592.1595 22.0853 592.4775 21.6771 592.8344 c
21.4183 592.2414 20.8933 592.1654 20.2521 591.9086 c
20.6093 592.5345 21.2831 592.8406 21.0841 593.5975 c
20.5041 593.4314 19.7152 593.7905 19.5483 592.8194 c
19.7033 592.3834 19.6132 591.8216 20.2102 591.6095 c
20.3071 591.5755 20.3431 591.3655 20.4021 591.2345 c
20.5773 590.8445 20.7612 590.4584 20.9191 590.0615 c
21.0671 589.6925 21.1873 589.3115 21.3191 588.9345 c
21.5892 588.5135 21.8591 588.0915 22.1672 587.6116 c
21.7111 587.3695 21.2542 587.1376 20.8091 586.8836 c
20.7241 586.8346 20.6872 586.7016 20.6291 586.6064 c
20.8732 586.6926 21.1652 586.7206 21.3523 586.8746 c
21.9733 587.3876 22.5493 587.4426 23.1831 586.8964 c
23.4592 586.6586 23.8022 586.8244 23.9423 587.0735 c
24.3232 587.7485 24.7133 588.4126 25.1963 589.0204 c
25.2411 589.0776 25.2133 589.1916 25.2193 589.2786 c
24.7723 589.0635 24.3431 588.7854 23.8011 588.9986 c
23.7081 589.0354 23.5052 588.9665 23.4431 588.8815 c
23.1463 588.4705 22.9042 588.7636 22.6321 588.8526 c
22.6993 589.0725 22.7483 589.2335 22.8311 589.5085 c
22.4541 589.3574 22.2072 589.2585 21.9591 589.1584 c
21.9212 589.2126 21.8832 589.2664 21.8452 589.3194 c
22.0623 589.5326 22.2523 589.7866 22.5031 589.9465 c
22.8053 590.1386 23.0131 590.3096 23.1503 590.6945 c
23.3283 591.1914 23.7061 591.6325 24.0562 592.0495 c
24.4273 592.4914 24.8451 592.9024 25.2822 593.2814 c
25.6541 593.6034 26.0512 593.9376 26.4971 594.1145 c
26.7653 594.2214 27.1491 594.0405 27.6211 593.9674 c
27.4643 593.5105 27.3722 593.1516 27.2171 592.8236 c
27.0941 592.5626 26.8713 592.3485 26.7333 592.0926 c
26.5842 591.8156 26.5102 591.5225 26.9493 591.4134 c
27.0173 591.4766 27.0862 591.5395 27.1542 591.6036 c
27.1443 591.9826 27.1383 592.3596 27.6372 592.5526 c
27.6531 592.4296 27.6661 592.3284 27.6792 592.2266 c
27.7271 592.2524 27.8212 592.2884 27.8172 592.3046 c
27.6471 593.1145 28.1611 593.7676 28.3181 594.5006 c
28.3623 594.7064 28.3969 594.9136 28.4326 595.1211 c
h
f
/GS13 gs
/CS15 cs 0.1000 0.6600 0.0200 0.0000 scn
18.7886 595.1211 m
18.8830 594.7974 19.0182 594.4839 19.1979 594.1826 c
19.4930 593.6885 19.6869 593.0595 20.3210 592.8256 c
20.1730 593.2834 20.0251 593.7415 19.8519 594.2755 c
20.1209 594.4096 20.3961 594.5454 20.7760 594.7345 c
20.2779 594.8016 19.8709 594.8566 19.3039 594.9326 c
19.3674 594.9964 19.4227 595.0607 19.4732 595.1211 c
h
f
/GS13 gs
/CS15 cs 0.2900 0.6400 0.0100 0.0000 scn
12.4690 556.3712 m
12.4758 556.3131 12.4790 556.2550 12.4798 556.1972 c
12.7210 555.7561 12.9609 555.3142 13.2279 554.8252 c
13.2310 554.8252 13.3659 554.7912 13.3920 554.8300 c
13.7370 555.3502 14.2679 554.9822 14.6988 555.0931 c
14.9539 555.1580 15.2700 554.9751 15.3040 554.6021 c
15.3629 554.6021 15.4230 554.6021 15.4820 554.6021 c
15.4820 555.5032 l
15.1849 555.6461 14.9868 555.7411 14.7509 555.8542 c
15.0199 556.4132 15.0338 557.0972 15.8460 557.0991 c
15.7878 557.3492 15.6470 557.6142 15.6858 557.8481 c
15.8088 558.5941 15.9999 559.3280 16.1640 560.0670 c
16.2839 560.9891 16.4469 561.9081 16.5030 562.8342 c
16.5260 563.2140 16.7859 563.7240 16.2349 564.0021 c
16.0189 563.3300 15.8210 562.6522 15.5750 561.9912 c
15.5058 561.8052 15.3258 561.6082 15.1469 561.5232 c
14.2809 561.1141 13.5009 560.5911 12.8239 559.9151 c
12.9268 559.4332 13.0300 558.9510 13.1309 558.4751 c
12.9529 558.3342 12.7939 558.2092 12.5799 558.0400 c
13.2129 557.4540 12.9470 556.9832 12.5578 556.5231 c
12.5209 556.4781 12.4980 556.4222 12.4690 556.3712 c
f
/GS13 gs
/CS15 cs 0.6600 0.9300 0.1300 0.0200 scn
16.2349 564.0018 m
16.7859 563.7240 16.5257 563.2149 16.5027 562.8339 c
16.4469 561.9078 16.2839 560.9889 16.1649 560.0670 c
16.3488 560.1339 16.5339 560.2000 16.7179 560.2669 c
16.8347 560.9449 16.9569 561.6230 17.0637 562.3038 c
17.1037 562.5539 17.0348 562.8458 17.3837 562.9348 c
17.2179 563.6469 17.1207 564.3550 17.3608 565.0770 c
17.4319 565.2910 17.4178 565.5359 17.4277 565.7678 c
17.4988 567.3708 17.5657 568.9729 17.6338 570.5759 c
17.5637 570.8220 17.6238 570.9929 17.8977 571.0439 c
18.2897 571.0859 18.3699 570.7840 18.4808 570.5158 c
18.4779 570.5189 l
18.6559 570.3409 18.8328 570.1629 19.0108 569.9860 c
18.9848 569.9599 l
19.2849 569.9109 19.5849 569.8619 19.8848 569.8140 c
18.4088 571.6270 16.9427 573.4488 15.1688 574.9909 c
14.9709 574.9659 14.7719 574.9418 14.5449 574.9129 c
14.5579 574.7329 14.5709 574.5679 14.5828 574.4038 c
15.0287 573.8329 15.4709 573.2600 15.9208 572.6928 c
16.2629 572.2620 16.4687 571.7948 16.3928 571.2279 c
16.3738 571.0878 16.3638 570.9039 16.4367 570.8030 c
16.8667 570.2040 16.7009 569.5418 16.5969 568.9270 c
16.3899 567.6928 16.3848 566.4569 16.3698 565.2170 c
16.6388 564.9259 16.6759 564.6699 16.2587 564.4840 c
16.2507 564.3230 16.2428 564.1628 16.2349 564.0018 c
f
/GS13 gs
/CS15 cs 0.2900 0.6400 0.0100 0.0000 scn
17.3835 562.9348 m
17.0345 562.8458 17.1037 562.5539 17.0637 562.3038 c
16.9566 561.6230 16.8347 560.9449 16.7176 560.2669 c
16.7706 560.0509 16.9115 559.8119 16.8596 559.6248 c
16.7287 559.1529 16.8075 558.7739 17.1377 558.4218 c
17.2026 558.3529 17.2015 558.2220 17.2346 558.1100 c
16.3627 558.0558 16.3517 558.0468 16.1875 557.2729 c
16.6207 556.6399 17.2216 556.9070 17.7755 556.9929 c
18.3127 557.0748 18.8427 557.2029 19.3757 557.3100 c
19.6347 556.7440 19.6637 556.1478 20.2935 556.0070 c
20.8276 557.1420 20.4007 558.1868 19.9165 559.1820 c
19.6007 559.8289 19.1126 560.3910 18.7027 560.9920 c
18.2616 561.6388 17.8237 562.2868 17.3835 562.9348 c
f
/GS13 gs
/CS15 cs 0.4600 0.8100 0.0000 0.0000 scn
14.8569 595.1211 m
14.4513 594.9136 14.0615 594.6738 13.6905 594.4042 c
12.8143 593.7681 11.8624 593.1901 11.1353 592.3392 c
10.7215 591.8542 10.1965 591.4641 9.7203 591.0313 c
10.2353 590.8243 10.6013 591.0381 10.9054 591.4431 c
11.2394 591.8873 11.6694 592.0271 12.1873 591.8751 c
12.5184 591.1982 12.2315 590.3711 12.8273 589.8203 c
13.1233 589.9742 13.4184 590.0063 13.7143 589.8203 c
13.8745 590.3033 13.8934 590.8592 14.4343 591.2342 c
14.5054 591.0293 14.5553 590.8833 14.6234 590.6852 c
15.1534 590.9261 15.6725 591.1611 16.2193 591.4091 c
16.3355 591.1333 16.4205 590.9312 16.5044 590.7291 c
17.1995 591.0123 17.1995 591.0123 16.8185 591.9602 c
16.3585 592.1552 15.9415 592.3321 15.4494 592.5402 c
15.3085 592.4123 15.1214 592.2403 14.9315 592.0722 c
14.9153 592.0583 14.8774 592.0673 14.8433 592.0651 c
14.7135 592.2502 14.5803 592.4381 14.4445 592.6311 c
14.2203 592.5932 14.0244 592.5591 13.8353 592.5271 c
13.4104 593.3231 13.5723 593.8603 14.2974 594.2673 c
14.8609 594.5842 15.4318 594.8799 16.0228 595.1211 c
h
f
/GS13 gs
/CS15 cs 0.3600 0.7800 0.0200 0.0000 scn
26.9490 591.4131 m
26.5102 591.5222 26.5842 591.8153 26.7330 592.0923 c
26.8710 592.3491 27.0941 592.5623 27.2171 592.8233 c
27.3722 593.1522 27.4640 593.5102 27.6211 593.9671 c
27.1491 594.0403 26.7661 594.2222 26.4971 594.1151 c
26.0512 593.9371 25.6541 593.6031 25.2822 593.2811 c
24.8451 592.9033 24.4270 592.4923 24.0562 592.0492 c
23.7061 591.6322 23.3280 591.1911 23.1511 590.6942 c
23.0131 590.3093 22.8050 590.1381 22.5031 589.9462 c
22.2531 589.7863 22.0620 589.5323 21.8452 589.3203 c
21.8832 589.2661 21.9212 589.2123 21.9591 589.1593 c
22.2072 589.2582 22.4541 589.3571 22.8311 589.5082 c
22.7480 589.2333 22.6990 589.0723 22.6321 588.8523 c
22.9042 588.7633 23.1460 588.4713 23.4431 588.8812 c
23.5052 588.9671 23.7081 589.0351 23.8022 588.9991 c
24.3431 588.7851 24.7720 589.0632 25.2190 589.2783 c
25.3071 589.3503 25.4132 589.4082 25.4812 589.4952 c
25.9750 590.1313 26.4611 590.7733 26.9490 591.4131 c
f
/GS13 gs
/CS15 cs 0.3000 0.6400 0.1300 0.0000 scn
23.2914 579.9325 m
23.2262 579.9736 23.1613 580.0144 23.0953 580.0564 c
23.0323 580.0555 22.9694 580.0555 22.9062 580.0555 c
22.2582 580.2454 21.7363 579.7726 21.1343 579.7176 c
21.2672 579.5654 21.3712 579.3344 21.5374 579.2754 c
22.5893 578.8984 23.2634 578.0044 24.1492 577.4034 c
24.7243 577.0134 25.2612 576.5496 25.7502 576.0544 c
26.8282 574.9605 28.1614 574.3395 29.5804 573.8556 c
29.7323 573.9276 29.8973 573.9806 30.0314 574.0764 c
30.1552 574.1666 30.2454 574.3026 30.3503 574.4186 c
30.1212 574.4526 29.8114 574.4055 29.6773 574.5365 c
29.1172 575.0864 28.3343 575.1315 27.6772 575.4385 c
26.8594 575.8194 26.1544 576.2906 25.5183 576.8994 c
25.4693 576.9465 25.4832 577.0585 25.4614 577.1724 c
25.6932 577.2475 25.9104 577.3164 26.1164 577.3816 c
26.2542 577.1925 26.3684 577.0375 26.5632 576.7716 c
26.9643 577.1435 27.3932 577.4224 27.6474 577.8145 c
27.8473 578.1246 27.9964 578.3944 28.3694 578.5095 c
28.7892 578.6396 28.9692 578.9554 28.9273 579.3945 c
28.7212 579.4486 28.5063 579.4795 28.3133 579.5614 c
28.1013 579.6505 27.9102 579.7874 27.7104 579.9036 c
27.4844 579.7905 27.0782 579.6944 27.0663 579.5614 c
27.0252 579.1314 27.1293 578.6864 27.1862 578.1696 c
26.6182 577.6625 26.4112 578.5886 25.9554 578.5594 c
25.5784 578.4704 25.0313 578.2326 24.8414 578.4004 c
24.3343 578.8474 23.6962 578.8916 23.0973 579.1575 c
23.1673 579.4364 23.2294 579.6845 23.2914 579.9325 c
f
/GS13 gs
/CS15 cs 0.1200 0.5500 0.0300 0.0000 scn
20.2932 556.0072 m
19.6634 556.1481 19.6342 556.7443 19.3754 557.3103 c
18.8422 557.2023 18.3124 557.0753 17.7752 556.9923 c
17.2213 556.9072 16.6204 556.6391 16.1872 557.2723 c
16.0733 557.2142 15.9602 557.1561 15.8462 557.0983 c
15.0333 557.0972 15.0194 556.4132 14.7512 555.8533 c
14.9862 555.7411 15.1843 555.6461 15.4823 555.5032 c
15.4823 554.6021 l
15.4922 554.2452 15.5032 553.8892 15.5143 553.5323 c
15.7453 553.7203 15.9772 553.9073 16.2493 554.1262 c
16.0274 554.3631 15.8944 554.5052 15.7603 554.6483 c
15.8732 555.1271 16.1963 555.1302 16.6073 554.9933 c
16.6414 555.1982 16.6714 555.3822 16.7043 555.5823 c
17.6814 555.5511 18.6384 555.7003 19.5622 555.1421 c
19.4723 554.9522 19.3932 554.7773 19.3054 554.6061 c
19.2523 554.5012 19.2093 554.3742 19.1234 554.3073 c
18.6684 553.9581 19.0494 553.1961 18.3552 552.9121 c
17.8883 552.7213 17.5212 552.2842 17.1142 551.9523 c
17.0552 551.9041 17.0203 551.8253 16.8763 551.6243 c
17.2704 551.6481 17.5374 551.6643 17.8642 551.6841 c
17.8923 551.5571 17.9263 551.3973 17.9612 551.2382 c
18.0252 551.1742 18.0904 551.1093 18.1542 551.0452 c
19.2263 552.5442 20.1844 554.0922 20.2932 556.0072 c
f
/GS13 gs
/CS15 cs 0.1400 0.7500 0.0900 0.0000 scn
33.8825 560.7964 m
33.6835 561.1516 33.5205 561.4534 33.0574 561.6476 c
32.6993 561.7976 32.4553 562.4005 32.3184 562.8495 c
32.1395 563.4374 31.8013 563.7855 31.2534 563.9805 c
32.2483 562.2854 32.9834 560.4245 34.2714 558.9196 c
35.0765 557.9785 36.0774 557.2375 37.4355 557.2766 c
37.5483 557.3874 37.6625 557.4994 37.7765 557.6114 c
38.0245 557.8515 38.2725 558.0924 38.5373 558.3484 c
38.2164 559.0125 37.9534 558.1715 37.6583 558.2945 c
37.6033 558.4544 37.5483 558.6165 37.4984 558.7645 c
37.1795 558.8354 36.8895 558.9006 36.5873 558.9686 c
36.9283 559.6486 37.4533 560.1424 37.6155 560.9234 c
36.6823 560.9886 35.8775 561.1606 35.2723 560.3465 c
35.0334 560.0265 34.6915 559.9664 34.3743 560.3114 c
34.2184 560.4814 34.0464 560.6354 33.8825 560.7964 c
f
/GS13 gs
/CS15 cs 0.4200 0.8200 0.2200 0.0200 scn
30.3506 574.4180 m
30.2457 574.3020 30.1555 574.1660 30.0305 574.0770 c
29.8976 573.9800 29.7326 573.9282 29.5807 573.8562 c
29.5807 573.8562 29.6235 573.8522 29.6235 573.8522 c
29.7465 573.8102 29.8687 573.7680 29.9906 573.7260 c
30.0365 573.6980 30.0847 573.6861 30.1377 573.6892 c
30.3877 573.7161 30.6417 573.7842 30.8857 573.7601 c
31.2497 573.7252 31.6046 573.5971 31.9686 573.5591 c
32.3736 573.5180 32.7847 573.5330 33.1926 573.5242 c
34.4466 573.8822 35.7026 574.2351 36.9547 574.6011 c
37.2047 574.6742 37.4805 574.7471 37.6747 574.9061 c
38.4426 575.5340 39.1827 576.1950 39.9325 576.8430 c
40.0136 576.8691 40.0955 576.8940 40.1777 576.9201 c
40.2616 576.9711 40.3466 577.0222 40.4306 577.0732 c
40.5615 577.7572 40.2055 578.1081 39.6377 578.2311 c
39.5487 578.5322 39.4787 578.7680 39.3647 579.1521 c
39.0677 578.8990 38.8687 578.7312 38.6116 578.5132 c
39.0155 578.2212 39.3086 577.9692 39.1365 577.5163 c
38.9897 577.1290 38.7805 576.8371 38.3046 576.8980 c
37.8465 576.6111 37.5925 575.9062 36.8277 576.2812 c
36.7166 575.9660 36.6545 575.7092 36.5366 575.4801 c
36.4385 575.2902 36.3095 575.0481 36.1346 574.9781 c
35.1337 574.5742 34.1195 574.1991 33.0987 573.8462 c
32.6126 573.6781 32.5227 573.7932 32.5947 574.3502 c
32.6066 574.4452 32.5857 574.5450 32.5706 574.8052 c
32.2846 574.3672 32.0876 574.0651 31.7696 573.5801 c
31.6687 574.0500 31.6137 574.3052 31.5476 574.6141 c
31.2225 574.6592 30.8786 574.7071 30.5345 574.7562 c
30.4736 574.6431 30.4115 574.5311 30.3506 574.4180 c
f
/GS13 gs
/CS15 cs 0.2500 0.5600 0.0000 0.0000 scn
20.6286 586.6067 m
20.6878 586.7005 20.7238 586.8346 20.8086 586.8836 c
21.2536 587.1376 21.7108 587.3695 22.1666 587.6116 c
21.8597 588.0917 21.5898 588.5135 21.3197 588.9345 c
20.9038 589.4456 20.4877 589.9567 20.0378 590.5097 c
19.6087 590.4077 19.1327 590.2957 18.6568 590.1826 c
18.7486 589.9805 18.8396 589.7786 18.9536 589.5255 c
18.6236 589.2656 18.2948 589.0056 17.9646 588.7466 c
17.9597 588.6337 17.9546 588.5206 17.9498 588.4075 c
18.4816 588.2465 18.8048 588.6765 19.3167 588.9626 c
18.9677 588.0895 18.6678 587.3386 18.3546 586.5525 c
18.9238 586.4635 19.3997 586.3907 19.8748 586.3167 c
20.1268 586.4136 20.3777 586.5097 20.6286 586.6067 c
f
/GS13 gs
/CS15 cs 0.3800 0.7900 0.0500 0.0000 scn
38.3049 576.8977 m
38.7808 576.8368 38.9889 577.1296 39.1368 577.5157 c
39.3089 577.9687 39.0158 578.2207 38.6110 578.5138 c
38.8689 578.7317 39.0668 578.8998 39.3650 579.1518 c
39.4790 578.7677 39.5490 578.5316 39.6380 578.2306 c
40.2058 578.1078 40.5618 577.7566 40.4300 577.0738 c
40.6638 577.2546 40.8969 577.4346 41.1299 577.6157 c
41.1630 577.7807 41.1398 577.9976 41.2379 578.1008 c
41.5378 578.4157 41.5140 578.7697 41.4618 579.1436 c
41.4618 579.1436 41.4230 579.1708 41.4230 579.1708 c
41.3799 579.2097 41.3368 579.2488 41.2940 579.2876 c
40.7109 579.7327 40.1289 580.1777 39.5470 580.6216 c
39.5039 580.5167 39.4889 580.3858 39.4160 580.3106 c
38.9370 579.8197 38.4449 579.3406 37.8298 578.7317 c
37.6220 578.7207 37.2030 578.6997 36.7050 578.6736 c
36.7050 579.8106 l
36.4618 580.0856 36.2319 580.3447 36.0020 580.6046 c
35.9898 580.4546 35.9518 580.3007 35.9728 580.1547 c
36.0060 579.9317 36.1888 579.6626 36.1140 579.5028 c
35.8268 578.8857 36.2350 578.5387 36.5428 578.1387 c
37.1180 578.1387 37.6929 578.1387 38.3508 578.1387 c
38.6969 577.7807 38.3638 577.3357 38.3049 576.8977 c
f
/GS13 gs
/CS15 cs 0.3600 0.6900 0.0000 0.0000 scn
12.8279 589.8206 m
12.2318 590.3714 12.5178 591.1985 12.1870 591.8754 c
11.6688 592.0265 11.2388 591.8865 10.9049 591.4426 c
10.6010 591.0386 10.2348 590.8246 9.7209 591.0316 c
8.8220 590.9275 8.5918 590.0766 8.0688 589.5536 c
7.8928 589.3784 7.7040 589.2154 7.5209 589.0465 c
8.2210 588.6876 8.9099 588.7675 9.6120 589.0646 c
9.8739 589.1754 10.1750 589.1924 10.4570 589.2596 c
11.2479 589.4444 12.0379 589.6335 12.8279 589.8206 c
f
/GS13 gs
/CS15 cs 0.3000 0.6400 0.1300 0.0000 scn
36.0017 580.6049 m
36.2319 580.3449 36.4618 580.0859 36.7047 579.8109 c
36.7047 578.6739 l
37.2027 578.6997 37.6217 578.7207 37.8298 578.7317 c
38.4449 579.3409 38.9367 579.8197 39.4157 580.3109 c
39.4889 580.3858 39.5048 580.5167 39.5467 580.6219 c
38.8227 581.4558 37.8618 581.9258 36.8787 582.3629 c
36.7597 582.3507 36.6318 582.3057 36.5227 582.3337 c
36.3419 582.3799 36.1718 582.4729 35.9977 582.5469 c
36.2188 582.1897 36.4388 581.8329 36.6908 581.4249 c
36.1437 581.4249 l
36.0907 581.1219 36.0468 580.8628 36.0017 580.6049 c
f
/GS13 gs
/CS15 cs 0.1000 0.6600 0.0200 0.0000 scn
35.6596 567.1630 m
35.8946 567.1191 36.1295 567.0740 36.5156 567.0011 c
36.5545 566.8129 36.6205 566.5020 36.6826 566.2071 c
37.0936 566.5490 37.4715 567.0879 37.9426 567.1891 c
38.4134 567.2891 38.9764 566.9481 39.5016 566.8081 c
39.6675 566.7630 39.8426 566.7029 40.0085 566.7131 c
41.0026 566.7749 41.4584 566.5969 42.1634 565.8060 c
42.1004 565.6791 42.0304 565.5300 41.9536 565.3851 c
41.7934 565.0841 41.8056 564.8309 42.1274 564.6370 c
42.4964 564.4151 42.6875 563.8581 43.3114 564.1101 c
43.4676 564.1730 43.7545 563.9091 43.9815 563.7960 c
43.9815 563.7960 44.0575 563.7940 44.0575 563.7940 c
44.1334 563.7960 l
43.2924 565.1150 42.3105 566.3151 41.0754 567.2840 c
40.5266 567.7140 39.8486 567.8481 39.1654 567.8620 c
37.9485 567.8861 36.7886 567.5919 35.6596 567.1630 c
f
/GS13 gs
/CS15 cs 0.1000 0.6600 0.0200 0.0000 scn
24.5259 588.1748 m
24.5577 588.4098 24.6229 588.5626 24.9239 588.4537 c
25.2677 588.3296 25.6277 588.2516 26.0189 588.1436 c
26.3288 588.7596 26.5887 589.2758 26.8498 589.7928 c
25.9988 589.5357 25.1478 589.2786 24.2158 588.9977 c
24.1228 589.1936 24.0327 589.4697 23.8717 589.6956 c
23.7008 589.9348 23.4629 590.1256 23.2427 590.3498 c
23.3977 590.6676 23.5559 590.9916 23.7569 591.4026 c
23.4799 591.3547 23.3048 591.3507 23.1489 591.2938 c
22.3707 591.0086 22.0819 591.0917 21.6349 591.7637 c
21.5878 591.8346 21.5878 591.9426 21.5317 592.0027 c
21.2278 592.3278 21.0387 592.8066 20.4857 592.8097 c
20.3958 591.9888 20.8998 591.5027 21.4787 591.0678 c
21.8268 590.8068 22.2619 590.6208 22.2318 590.0769 c
22.7798 589.5816 23.3218 589.0776 23.8819 588.5938 c
24.0738 588.4277 24.3099 588.3129 24.5259 588.1748 c
f
/GS13 gs
/CS15 cs 0.7400 1.0000 0.1800 0.0600 scn
12.8279 589.8206 m
12.0379 589.6335 11.2479 589.4444 10.4570 589.2596 c
10.1750 589.1924 9.8739 589.1754 9.6120 589.0646 c
8.9099 588.7675 8.2210 588.6876 7.5209 589.0465 c
6.8749 588.8795 6.2280 588.7114 5.5820 588.5444 c
5.8348 588.1385 5.4000 587.9095 5.2540 587.5716 c
5.4729 587.5444 5.6160 587.5265 5.7589 587.5095 c
6.2830 587.6385 6.8068 587.7675 7.3298 587.8964 c
8.1170 588.0705 8.9050 588.2374 9.6888 588.4194 c
10.1429 588.5246 10.5908 588.6524 11.0418 588.7695 c
11.1300 589.1406 11.3108 589.1984 11.5889 588.9336 c
11.9999 588.9946 12.4098 589.0544 12.8208 589.1156 c
12.9790 589.1666 13.1420 589.2724 13.2948 589.2605 c
13.9178 589.2086 14.4510 589.4314 15.0650 589.7585 c
14.8039 589.8475 14.6220 589.9096 14.4400 589.9714 c
14.1979 589.9204 13.9558 589.8705 13.7140 589.8206 c
13.4189 590.0066 13.1238 589.9745 12.8279 589.8206 c
f
/GS13 gs
/CS15 cs 0.6400 0.9000 0.0000 0.0000 scn
7.4013 595.1211 m
7.3596 594.9924 7.3205 594.8629 7.2760 594.7356 c
7.4849 594.6817 7.6941 594.6267 7.9041 594.5717 c
8.0099 594.7571 8.1261 594.9386 8.2386 595.1211 c
h
f
/GS13 gs
/CS15 cs 0.1200 0.5500 0.0300 0.0000 scn
12.4690 556.3712 m
12.4980 556.4222 12.5209 556.4781 12.5578 556.5231 c
12.9470 556.9832 13.2129 557.4540 12.5799 558.0400 c
12.7939 558.2092 12.9529 558.3342 13.1309 558.4751 c
13.0300 558.9510 12.9268 559.4332 12.8239 559.9151 c
11.6399 559.3711 10.8989 558.4411 10.5199 557.2162 c
10.4199 556.8911 10.3989 556.5410 10.3419 556.2020 c
10.3949 556.1912 10.4479 556.1810 10.5009 556.1722 c
10.8689 556.6861 11.0078 557.4061 11.9429 557.6751 c
11.6490 557.2712 11.4619 557.0152 11.2700 556.7522 c
11.5889 556.2882 12.0489 556.3930 12.4690 556.3712 c
f
/GS13 gs
/CS15 cs 0.2600 0.5300 0.1000 0.0000 scn
26.9844 582.5608 m
26.3835 582.3468 25.7845 582.1257 25.1804 581.9199 c
24.2923 581.6177 23.4003 581.3277 22.5113 581.0309 c
22.2344 580.9388 22.0453 580.9819 22.0283 581.3189 c
21.9674 581.3079 21.9053 581.2977 21.8443 581.2869 c
21.8123 581.0839 21.7723 580.8937 21.5144 581.1089 c
20.6473 580.7747 19.7334 580.8047 18.8294 580.7588 c
19.0324 580.4099 19.3805 580.4629 19.6954 580.4649 c
21.3024 580.4787 22.9085 580.4487 24.5134 580.3869 c
24.9735 580.7449 25.4324 581.1038 25.8953 581.4587 c
25.9373 581.4907 26.0045 581.4958 26.0603 581.5057 c
26.6584 581.6049 26.9405 581.9788 26.9844 582.5608 c
f
/GS13 gs
/CS15 cs 0.2900 0.8300 0.0900 0.0000 scn
44.1329 563.7957 m
44.0569 563.7937 l
44.0569 563.7937 43.9809 563.7966 43.9821 563.7966 c
43.9900 563.6245 43.9991 563.4536 44.0070 563.2826 c
44.6060 562.8427 44.9220 562.2347 45.0530 561.5175 c
45.2030 561.2156 45.3220 560.8925 45.5100 560.6155 c
45.7319 560.2895 45.8260 560.0327 45.5309 559.6767 c
45.3050 559.4046 45.3101 558.9677 44.8390 558.8626 c
44.2800 558.7376 43.7159 558.5916 43.1921 558.3677 c
41.8450 557.7897 40.4320 557.6627 38.9940 557.6477 c
38.5880 557.6357 38.1821 557.6236 37.7759 557.6117 c
37.6620 557.4997 37.5491 557.3877 37.4349 557.2766 c
38.0149 557.2806 38.5951 557.2845 39.1751 557.2885 c
39.6629 557.3157 40.1511 557.3415 40.6389 557.3676 c
41.3759 557.5385 42.1140 557.7055 42.8499 557.8807 c
43.4701 558.0275 44.0889 558.1845 44.7089 558.3325 c
44.8710 558.3716 45.0609 558.3535 45.1970 558.4326 c
46.3431 559.1035 46.4681 559.3887 45.9249 560.5917 c
45.4221 561.7077 44.9841 562.8705 44.1329 563.7957 c
f
/GS13 gs
/CS15 cs 0.1300 0.7200 0.2300 0.0000 scn
14.0672 547.5200 m
13.7432 547.5779 13.4770 547.6859 13.6412 548.0960 c
13.7642 548.4030 13.6301 548.6499 13.3982 548.7789 c
12.7522 549.1409 12.3650 549.7770 11.7992 550.2169 c
11.6921 550.2988 11.5311 550.3110 11.3950 550.3558 c
11.5682 549.9879 11.7082 549.5990 11.9222 549.2560 c
12.3712 548.5360 12.8540 547.8369 13.3342 547.1368 c
13.4651 546.9460 13.6361 546.7830 13.7622 546.6379 c
14.3161 546.6730 14.6582 546.9500 14.9562 547.2768 c
15.7272 548.1210 16.4820 548.9790 17.2431 549.8320 c
17.2431 549.8320 17.2480 549.8300 17.2480 549.8300 c
16.8471 549.8459 16.5532 549.7509 16.2842 549.3750 c
15.8241 548.7358 15.2592 548.1729 14.7271 547.5878 c
14.5400 547.3820 14.3201 547.2139 14.0672 547.5200 c
f
/GS13 gs
/CS15 cs 0.4200 0.8200 0.2200 0.0200 scn
35.9980 582.5469 m
36.1721 582.4729 36.3410 582.3799 36.5230 582.3337 c
36.6321 582.3057 36.7600 582.3507 36.8790 582.3638 c
35.9779 583.1819 34.9160 583.7788 33.7629 584.0609 c
32.9040 584.2698 31.9609 584.1159 31.0569 584.1587 c
30.3270 584.1938 29.7391 583.8137 29.1019 583.5719 c
28.9290 583.5297 28.7561 583.4877 28.5829 583.4458 c
28.5829 583.4458 28.5721 583.4299 28.5721 583.4299 c
28.4519 583.3188 28.3331 583.2079 28.2129 583.0977 c
28.2291 583.0809 l
28.7841 583.1008 29.3131 583.1538 29.8630 583.3429 c
30.4121 583.5308 31.0609 583.4169 31.6650 583.4568 c
32.1009 583.4849 32.5369 583.5368 32.9709 583.5949 c
33.8970 583.7199 34.7029 583.3729 35.4830 582.9477 c
35.5819 582.8939 35.6009 582.6949 35.6570 582.5639 c
35.7710 582.5577 35.8841 582.5529 35.9980 582.5469 c
f
/GS13 gs
/CS15 cs 0.4600 0.8100 0.0000 0.0000 scn
5.7594 587.5089 m
5.6163 587.5271 5.4734 587.5441 5.2543 587.5710 c
5.3994 587.9100 5.8343 588.1380 5.5814 588.5439 c
4.2324 588.3330 2.9594 587.8981 1.7323 587.3000 c
1.4593 587.1671 1.1163 587.1790 0.8062 587.1231 c
1.2283 586.9559 1.6492 586.7889 2.0704 586.6220 c
2.4143 586.6809 2.7573 586.7399 3.1014 586.8000 c
3.3214 586.8609 3.5393 586.9689 3.7613 586.9749 c
4.4734 586.9950 5.0754 587.4001 5.7594 587.5089 c
f
/GS13 gs
/CS15 cs 0.1300 0.7200 0.2300 0.0000 scn
22.2313 590.0771 m
22.2613 590.6211 21.8273 590.8071 21.4795 591.0681 c
20.8993 591.5021 20.3953 591.9891 20.4863 592.8089 c
20.4304 592.8140 20.3754 592.8191 20.3204 592.8259 c
19.6875 593.0589 19.4933 593.6879 19.1985 594.1820 c
19.0185 594.4836 18.8833 594.7974 18.7889 595.1211 c
18.3654 595.1211 l
18.5298 594.4459 18.8286 593.8089 19.2583 593.2049 c
19.6464 592.6589 19.9553 592.0410 20.4143 591.5659 c
20.9554 591.0069 21.6204 590.5681 22.2313 590.0771 c
f
/GS13 gs
/CS15 cs 0.2600 0.5300 0.1000 0.0000 scn
17.8977 571.0439 m
17.6238 570.9929 17.5637 570.8211 17.6338 570.5759 c
17.7687 570.4730 17.9218 570.3860 18.0366 570.2641 c
18.8966 569.3519 19.7357 568.4190 20.6147 567.5250 c
20.8477 567.2871 21.1966 567.1630 21.4937 566.9861 c
21.1547 567.6951 20.6478 568.2620 20.0656 568.7861 c
19.6727 569.1390 19.1018 569.3471 18.9848 569.9599 c
18.9848 569.9599 19.0108 569.9860 19.0108 569.9860 c
18.6437 569.9741 18.4768 570.1620 18.4776 570.5181 c
18.4808 570.5161 l
18.1046 570.4920 17.9957 570.7621 17.8977 571.0439 c
f
/GS13 gs
/CS15 cs 0.1300 0.7200 0.2300 0.0000 scn
10.5012 556.1719 m
10.4482 556.1810 10.3952 556.1918 10.3422 556.2028 c
9.9692 555.0860 10.0553 553.9830 10.4312 552.8849 c
10.5792 552.4509 10.8074 552.0098 10.8094 551.5719 c
10.8102 551.1640 11.0594 550.9698 11.2164 550.6900 c
11.2683 550.8388 11.4083 551.0438 11.3564 551.1288 c
11.0724 551.5889 10.9723 552.0328 10.9913 552.6009 c
11.0103 553.1749 10.6843 553.7580 10.5222 554.3399 c
10.4703 554.5259 10.3603 554.7920 10.4403 554.9029 c
10.7504 555.3309 10.5202 555.7499 10.5012 556.1719 c
f
/GS13 gs
/CS15 cs 0.2600 0.5300 0.1000 0.0000 scn
11.9622 576.9150 m
11.6473 577.2810 11.3542 577.6682 11.0132 578.0072 c
10.4394 578.5750 9.8453 579.1241 9.2364 579.6550 c
9.0743 579.7970 8.8282 579.8441 8.6204 579.9351 c
8.7724 579.6992 8.8812 579.4172 9.0833 579.2372 c
9.9454 578.4670 10.8323 577.7260 11.7164 576.9811 c
11.7754 576.9312 11.8794 576.9360 11.9622 576.9150 c
f
/GS13 gs
/CS15 cs 0.4200 0.8200 0.2200 0.0200 scn
26.5833 556.5566 m
27.1233 557.0036 27.5153 557.4756 27.1933 558.2625 c
27.1074 558.4725 27.2974 558.7946 27.3603 559.0655 c
27.1743 559.3487 26.9892 559.6316 26.8033 559.9145 c
26.8084 559.0857 26.9334 558.2546 26.5003 557.4597 c
26.3803 557.2386 26.5473 556.8616 26.5833 556.5566 c
f
/GS13 gs
/CS15 cs 0.1200 0.5500 0.0300 0.0000 scn
23.8399 564.0330 m
23.5621 564.8678 22.9620 565.4540 22.3140 566.0019 c
22.3251 565.8650 22.2900 565.6958 22.3571 565.5960 c
22.6800 565.1138 23.0179 564.6379 23.3841 564.1869 c
23.4689 564.0820 23.6840 564.0820 23.8399 564.0330 c
f
/GS13 gs
/CS15 cs 0.0200 0.5000 0.0000 0.0000 scn
26.6426 566.4869 m
26.4005 566.6281 26.1746 566.8260 25.9135 566.8999 c
25.3295 567.0649 24.7266 567.1681 24.1316 567.2959 c
24.8426 566.6349 25.7757 566.6641 26.6426 566.4869 c
f
/GS13 gs
/CS15 cs 0.3000 0.6400 0.1300 0.0000 scn
33.1923 573.5239 m
32.7844 573.5330 32.3734 573.5180 31.9683 573.5599 c
31.6043 573.5968 31.2494 573.7249 30.8854 573.7609 c
30.6414 573.7839 30.3874 573.7158 30.1385 573.6889 c
31.1335 573.2079 32.1585 573.2898 33.1923 573.5239 c
f
/GS13 gs
/CS15 cs 0.1700 0.4800 0.0000 0.0000 scn
41.4615 579.1442 m
41.5137 578.7700 41.5375 578.4151 41.2376 578.1010 c
41.1395 577.9981 41.1627 577.7810 41.1296 577.6160 c
41.3277 577.7841 41.5457 577.9321 41.7186 578.1231 c
42.1637 578.6161 42.1305 578.7181 41.4615 579.1442 c
f
/GS13 gs
/CS15 cs 0.3600 0.6900 0.0000 0.0000 scn
14.5828 574.4038 m
14.5709 574.5679 14.5579 574.7329 14.5449 574.9138 c
14.7719 574.9418 14.9709 574.9659 15.1688 574.9909 c
15.0077 575.1609 14.8467 575.3299 14.6857 575.4997 c
14.4658 575.3007 14.2458 575.1028 14.0267 574.9038 c
14.2118 574.7377 14.3977 574.5708 14.5828 574.4038 c
f
/GS13 gs
/CS15 cs 0.2600 0.5300 0.1000 0.0000 scn
13.1491 577.1772 m
13.4963 576.8382 13.8441 576.5003 14.1911 576.1613 c
14.0301 576.6911 13.6993 577.0463 13.1491 577.1772 c
f
/GS13 gs
/CS15 cs 0.1200 0.5500 0.0300 0.0000 scn
23.6605 567.3779 m
23.1806 567.6327 22.6826 567.8008 22.0147 567.7217 c
22.1627 567.4898 22.2596 567.3348 22.3566 567.1809 c
22.7426 567.5678 23.2376 567.2347 23.6605 567.3779 c
f
/GS13 gs
/CS15 cs 0.3600 0.7800 0.0200 0.0000 scn
10.3819 580.8838 m
10.3689 580.9856 10.3558 581.0876 10.3399 581.2098 c
9.8410 581.0168 9.8470 580.6397 9.8578 580.2608 c
10.0318 580.4677 10.2070 580.6757 10.3819 580.8838 c
f
/GS13 gs
/CS15 cs 0.1700 0.4800 0.0000 0.0000 scn
3.1008 586.7997 m
2.7578 586.7405 2.4140 586.6815 2.0710 586.6217 c
2.1200 586.4525 2.1688 586.2835 2.2178 586.1146 c
2.5118 586.3425 2.8069 586.5715 3.1008 586.7997 c
f
/GS13 gs
/CS15 cs 0.2900 0.6400 0.0100 0.0000 scn
16.2584 564.4834 m
16.6754 564.6694 16.6382 564.9253 16.3704 565.2164 c
16.3324 564.9724 16.2952 564.7275 16.2584 564.4834 c
f
/GS13 gs
/CS15 cs 0.0200 0.5000 0.0000 0.0000 scn
40.6395 557.3679 m
40.1513 557.3421 39.6635 557.3151 39.1754 557.2891 c
39.6635 557.3151 40.1513 557.3421 40.6395 557.3679 c
f
/GS13 gs
/CS15 cs 0.1300 0.7200 0.2300 0.0000 scn
17.7928 550.7045 m
17.4118 550.7025 17.3948 550.4564 17.4368 550.1713 c
17.7449 550.2223 17.8237 550.4275 17.7928 550.7045 c
f
/GS13 gs
/CS15 cs 0.3000 0.6400 0.1300 0.0000 scn
21.1363 579.7165 m
20.7893 580.0235 20.4293 579.9226 20.0662 579.7514 c
20.4233 579.7395 20.7794 579.7284 21.1363 579.7165 c
f
/GS13 gs
/CS15 cs 0.1300 0.7200 0.2300 0.0000 scn
18.1539 551.0452 m
18.0901 551.1093 18.0261 551.1742 17.9620 551.2382 c
17.9039 551.0591 17.8469 550.8802 17.7900 550.7011 c
17.9110 550.8162 18.0329 550.9301 18.1539 551.0452 c
f
/GS13 gs
/CS15 cs 0.1700 0.4800 0.0000 0.0000 scn
25.2150 563.6262 m
25.3349 563.4530 25.4551 563.2812 25.5759 563.1080 c
25.5949 563.3782 25.5410 563.5970 25.2150 563.6262 c
f
/GS13 gs
/CS15 cs 0.1200 0.5500 0.0300 0.0000 scn
24.1648 563.6293 m
24.0596 563.7603 23.9547 563.8912 23.8496 564.0211 c
23.8037 563.7691 23.9108 563.6401 24.1648 563.6293 c
f
/GS13 gs
/CS15 cs 0.2600 0.5300 0.1000 0.0000 scn
26.6343 561.6865 m
26.7313 561.5555 26.8282 561.4234 26.9252 561.2924 c
26.8282 561.4234 26.7313 561.5555 26.6343 561.6865 c
f
/GS13 gs
/CS15 cs 0.3000 0.6400 0.1300 0.0000 scn
21.5144 581.1086 m
21.7726 580.8937 21.8126 581.0837 21.8446 581.2866 c
21.7346 581.2277 21.6244 581.1676 21.5144 581.1086 c
f
/GS13 gs
/CS15 cs 0.0000 0.5200 0.1300 0.0000 scn
28.9845 565.9262 m
28.7796 565.9852 28.5746 566.0442 28.3697 566.1031 c
28.5746 566.0442 28.7796 565.9852 28.9845 565.9262 c
f
/GS13 gs
/CS15 cs 0.3000 0.6400 0.1300 0.0000 scn
28.5831 583.4460 m
28.7563 583.4880 28.9293 583.5300 29.1022 583.5719 c
28.9293 583.5300 28.7563 583.4880 28.5831 583.4460 c
f
/GS13 gs
/CS15 cs 0.3000 0.6400 0.1300 0.0000 scn
29.9911 573.7260 m
29.8689 573.7680 29.7459 573.8100 29.6240 573.8519 c
29.7459 573.8100 29.8689 573.7680 29.9911 573.7260 c
f
/GS13 gs
/CS15 cs 0.1300 0.7200 0.2300 0.0000 scn
17.4385 550.1710 m
17.3665 550.1812 17.2945 550.1911 17.2225 550.2010 c
17.2315 550.0772 17.2395 549.9541 17.2474 549.8300 c
17.2474 549.8300 17.2434 549.8323 17.2434 549.8323 c
17.3086 549.9451 17.3735 550.0582 17.4385 550.1710 c
f
/GS13 gs
/CS15 cs 0.1700 0.4800 0.0000 0.0000 scn
25.0050 563.9496 m
25.0739 563.8425 25.1430 563.7365 25.2119 563.6296 c
25.1430 563.7365 25.0739 563.8425 25.0050 563.9496 c
f
/GS13 gs
/CS15 cs 0.3800 0.7900 0.0500 0.0000 scn
40.1780 576.9201 m
40.0961 576.8940 40.0141 576.8691 39.9319 576.8439 c
40.0141 576.8691 40.0961 576.8949 40.1780 576.9201 c
f
/GS13 gs
/CS15 cs 0.1200 0.5500 0.0300 0.0000 scn
24.5387 563.1293 m
24.4627 563.2333 24.3867 563.3374 24.3105 563.4414 c
24.3867 563.3374 24.4627 563.2333 24.5387 563.1293 c
f
/GS13 gs
/CS15 cs 0.2600 0.5300 0.1000 0.0000 scn
14.2126 576.1375 m
14.2826 576.0405 14.3535 575.9444 14.4235 575.8475 c
14.3535 575.9444 14.2826 576.0414 14.2126 576.1375 c
f
/GS13 gs
/CS15 cs 0.1700 0.4800 0.0000 0.0000 scn
25.5784 563.1029 m
25.6252 563.0360 25.6723 562.9691 25.7193 562.9011 c
25.6723 562.9691 25.6252 563.0360 25.5784 563.1029 c
f
/GS13 gs
/CS15 cs 0.2600 0.5300 0.1000 0.0000 scn
21.6553 566.7885 m
21.6014 566.8534 21.5484 566.9195 21.4943 566.9855 c
21.5484 566.9195 21.6014 566.8534 21.6553 566.7885 c
f
/GS13 gs
/CS15 cs 0.6600 0.9300 0.1300 0.0200 scn
20.7822 568.8978 m
20.8332 568.8499 20.8843 568.8020 20.9353 568.7538 c
20.8843 568.8020 20.8332 568.8499 20.7822 568.8978 c
f
/GS13 gs
/CS15 cs 0.6600 0.9300 0.1300 0.0200 scn
20.6050 569.0721 m
20.6541 569.0242 20.7031 568.9760 20.7519 568.9281 c
20.7031 568.9760 20.6541 569.0242 20.6050 569.0721 c
f
/GS13 gs
/CS15 cs 0.6600 0.9300 0.1300 0.0200 scn
20.4299 569.2416 m
20.4769 569.1957 20.5240 569.1495 20.5710 569.1047 c
20.5240 569.1495 20.4769 569.1957 20.4299 569.2416 c
f
/GS13 gs
/CS15 cs 0.6600 0.9300 0.1300 0.0200 scn
19.8978 569.7825 m
19.9406 569.7357 19.9837 569.6887 20.0268 569.6416 c
19.9837 569.6887 19.9406 569.7357 19.8978 569.7825 c
f
/GS13 gs
/CS15 cs 0.2600 0.5300 0.1000 0.0000 scn
14.4286 575.8308 m
14.4757 575.7707 14.5216 575.7106 14.5687 575.6508 c
14.5216 575.7106 14.4757 575.7707 14.4286 575.8308 c
f
/GS13 gs
/CS15 cs 0.2600 0.5300 0.1000 0.0000 scn
12.8211 577.4031 m
12.8741 577.3490 12.9280 577.2960 12.9810 577.2421 c
12.9271 577.2960 12.8741 577.3490 12.8211 577.4031 c
f
/GS13 gs
/CS15 cs 0.1700 0.4800 0.0000 0.0000 scn
41.2937 579.2879 m
41.3368 579.2488 41.3807 579.2097 41.4227 579.1708 c
41.3799 579.2097 41.3368 579.2488 41.2937 579.2879 c
f
/GS13 gs
/CS15 cs 0.2600 0.5300 0.1000 0.0000 scn
8.4231 580.1057 m
8.3662 580.1627 8.3103 580.2197 8.2531 580.2758 c
8.3103 580.2197 8.3662 580.1627 8.4231 580.1057 c
f
/GS13 gs
/CS15 cs 0.2600 0.5300 0.1000 0.0000 scn
8.2454 580.2846 m
8.1904 580.3415 8.1354 580.3977 8.0793 580.4546 c
8.1354 580.3977 8.1904 580.3415 8.2454 580.2846 c
f
/GS13 gs
/CS15 cs 0.2600 0.5300 0.1000 0.0000 scn
8.0702 580.4646 m
8.0161 580.5207 7.9611 580.5765 7.9072 580.6335 c
7.9611 580.5765 8.0161 580.5207 8.0702 580.4646 c
f
/GS13 gs
/CS15 cs 0.2600 0.5300 0.1000 0.0000 scn
7.8948 580.6457 m
7.8378 580.7007 7.7808 580.7548 7.7250 580.8098 c
7.7808 580.7548 7.8378 580.7007 7.8948 580.6457 c
f
/GS13 gs
/CS15 cs 0.2900 0.6400 0.0100 0.0000 scn
13.7143 589.8203 m
13.9564 589.8702 14.1982 589.9201 14.4403 589.9711 c
14.5474 590.1333 14.6273 590.3943 14.7694 590.4351 c
15.0284 590.5091 15.3272 590.4683 15.6033 590.4303 c
15.6382 590.4252 15.6353 590.1491 15.6504 589.9983 c
15.6634 589.9833 l
16.2663 589.5751 16.8664 589.4683 17.4614 590.0003 c
17.8963 591.1903 18.8793 591.0503 19.9352 590.9051 c
19.6583 591.4253 19.3912 591.8343 19.2183 592.2791 c
19.0412 592.7332 18.9573 593.2233 18.8323 593.6981 c
18.8323 593.6981 18.8314 593.6992 18.8314 593.6992 c
18.4243 594.0102 18.3504 594.4572 18.3342 594.9272 c
18.3118 595.1211 l
16.0226 595.1211 l
15.4315 594.8799 14.8609 594.5842 14.2974 594.2673 c
13.5734 593.8603 13.4104 593.3231 13.8362 592.5271 c
14.0244 592.5591 14.2203 592.5932 14.4442 592.6311 c
14.5814 592.4381 14.7132 592.2502 14.8433 592.0651 c
14.8774 592.0673 14.9153 592.0583 14.9312 592.0722 c
15.1214 592.2403 15.3082 592.4123 15.4494 592.5402 c
15.9412 592.3321 16.3582 592.1552 16.8182 591.9602 c
17.1992 591.0123 17.1992 591.0123 16.5044 590.7291 c
16.4203 590.9312 16.3352 591.1333 16.2193 591.4091 c
15.6722 591.1611 15.1532 590.9261 14.6234 590.6852 c
14.5553 590.8833 14.5052 591.0293 14.4343 591.2342 c
13.8932 590.8592 13.8742 590.3033 13.7143 589.8203 c
f
/GS13 gs
/CS15 cs 0.6600 0.9300 0.1300 0.0200 scn
18.8325 593.6978 m
18.9575 593.2239 19.0414 592.7329 19.2175 592.2788 c
19.3904 591.8340 19.6586 591.4250 19.9355 590.9049 c
18.8796 591.0500 17.8965 591.1900 17.4606 590.0000 c
17.4606 590.0000 17.5235 590.0060 17.5235 590.0060 c
17.5876 590.0040 l
17.9436 590.0638 18.3005 590.1228 18.6565 590.1829 c
19.1324 590.2948 19.6084 590.4079 20.0375 590.5089 c
20.4874 589.9558 20.9035 589.4459 21.3194 588.9348 c
21.1876 589.3109 21.0674 589.6919 20.9194 590.0618 c
20.7615 590.4578 20.5764 590.8450 20.4015 591.2340 c
20.3434 591.3649 20.3066 591.5758 20.2105 591.6098 c
19.6135 591.8210 19.7025 592.3828 19.5486 592.8199 c
19.3096 593.1119 19.0715 593.4050 18.8325 593.6978 c
f
/GS13 gs
/CS15 cs 0.6600 0.9300 0.1300 0.0200 scn
1.0375 583.5844 m
1.0536 583.1144 1.1276 582.6674 1.5347 582.3564 c
1.3686 582.7654 1.2036 583.1756 1.0375 583.5844 c
f
/GS13 gs
/CS15 cs 0.7400 1.0000 0.1800 0.0600 scn
1.0049 584.1269 m
1.0018 584.0637 0.9998 584.0008 0.9969 583.9367 c
0.9989 583.9999 1.0018 584.0637 1.0049 584.1269 c
f
/GS13 gs
/CS15 cs 0.1000 0.6600 0.0200 0.0000 scn
37.8408 559.3768 m
37.8048 559.3209 37.8717 559.1169 37.9338 559.0939 c
38.2127 558.9890 38.3488 559.1529 38.4466 559.3910 c
38.2028 559.5959 37.9976 559.6220 37.8408 559.3768 c
h
44.6108 560.8740 m
44.4628 560.7040 44.2678 560.5730 44.0986 560.4299 c
44.1476 560.0948 44.2678 559.7538 44.2168 559.4420 c
44.1867 559.2660 43.8758 559.1358 43.5756 558.8929 c
43.4857 559.3578 43.4288 559.6509 43.3718 559.9440 c
42.7666 559.8998 43.0526 559.2540 42.7306 559.0250 c
42.7266 559.0290 l
42.5718 559.2509 42.4168 559.4729 42.2257 559.7470 c
42.0077 559.3819 41.8527 559.1208 41.6767 558.8269 c
41.3158 558.9839 40.9946 559.1030 40.6928 559.2600 c
40.3387 559.4428 40.0496 559.3518 39.8497 559.0559 c
39.5416 558.6009 39.2777 558.1179 38.9948 557.6468 c
38.5877 557.6349 38.1818 557.6230 37.7756 557.6108 c
38.0237 557.8520 38.2728 558.0918 38.5376 558.3489 c
38.2167 559.0120 37.9536 558.1709 37.6577 558.2940 c
37.6027 558.4550 37.5486 558.6160 37.4978 558.7639 c
37.1798 558.8359 36.8887 558.9009 36.5876 558.9689 c
36.9286 559.6478 37.4528 560.1430 37.6157 560.9239 c
36.6826 560.9880 35.8778 561.1598 35.2718 560.3468 c
35.0337 560.0259 34.6918 559.9670 34.3746 560.3119 c
34.2187 560.4809 34.0466 560.6348 33.8828 560.7969 c
34.2927 561.4600 34.7037 562.1230 35.1167 562.7849 c
35.1286 562.8050 35.1666 562.8078 35.2247 562.8319 c
35.3387 562.7290 35.4637 562.6168 35.6006 562.4929 c
35.6627 562.5499 35.7437 562.5969 35.7846 562.6670 c
35.8438 562.7670 35.8747 562.8849 35.9076 562.9708 c
37.6997 561.5929 37.6997 561.5929 38.8797 561.7570 c
39.3778 562.6579 39.5977 562.7370 40.5448 562.3758 c
40.6718 562.3268 40.8158 562.3149 40.9527 562.3050 c
41.2937 562.2800 41.6387 562.2919 41.9757 562.2409 c
42.4457 562.1700 42.9437 562.2109 43.1467 562.6290 c
43.3477 563.0420 43.6748 563.1290 44.0076 563.2829 c
44.6057 562.8430 44.9218 562.2350 45.0527 561.5178 c
44.9076 561.3018 44.7797 561.0699 44.6108 560.8740 c
f
/GS13 gs
/CS15 cs 0.4200 0.8200 0.2200 0.0200 scn
34.7289 564.7575 m
34.7411 564.6696 34.7530 564.5826 34.7641 564.4945 c
35.1740 564.2745 35.5691 564.0174 35.9969 563.8425 c
36.8351 563.5006 37.6920 563.2036 38.6371 562.8526 c
38.4939 563.2784 38.1991 563.5066 37.8680 563.6324 c
36.8300 564.0284 35.7761 564.3856 34.7289 564.7575 c
f
/GS13 gs
/CS15 cs 0.1000 0.6600 0.0200 0.0000 scn
41.8819 563.0703 m
42.2989 562.9082 42.5208 562.8223 42.9330 562.6624 c
42.8230 563.1214 42.7558 563.4014 42.6478 563.8524 c
42.3720 563.5704 42.1968 563.3923 41.8819 563.0703 c
f
/GS13 gs
/CS15 cs 0.1000 0.6600 0.0200 0.0000 scn
36.1346 565.6816 m
36.1426 565.6606 36.1497 565.6226 36.1576 565.6226 c
36.1817 565.6226 36.2058 565.6365 36.2296 565.6445 c
36.2228 565.6657 36.2146 565.7037 36.2066 565.7037 c
36.1828 565.7046 36.1587 565.6895 36.1346 565.6816 c
f
/GS13 gs
/CS15 cs 0.3800 0.7900 0.0500 0.0000 scn
26.9844 582.5608 m
26.9405 581.9788 26.6584 581.6049 26.0603 581.5057 c
26.0045 581.4958 25.9373 581.4907 25.8953 581.4587 c
25.4324 581.1038 24.9735 580.7449 24.5134 580.3869 c
24.8783 580.3129 25.2434 580.2398 25.7275 580.1428 c
25.4843 579.9169 25.2913 579.7369 25.0634 579.5237 c
24.5353 580.0609 23.8884 579.8639 23.2914 579.9328 c
23.2294 579.6848 23.1673 579.4367 23.0975 579.1578 c
23.6965 578.8908 24.3343 578.8477 24.8414 578.3998 c
25.0313 578.2329 25.5784 578.4707 25.9554 578.5597 c
26.4115 578.5889 26.6185 577.6628 27.1865 578.1699 c
27.1295 578.6867 27.0255 579.1309 27.0663 579.5617 c
27.0785 579.6947 27.4844 579.7908 27.7095 579.9039 c
27.7634 579.9458 27.8175 579.9878 27.8714 580.0297 c
27.9283 580.2829 27.9853 580.5357 28.0423 580.7889 c
28.0213 580.8668 27.9995 580.9448 27.9774 581.0219 c
28.0003 580.9448 28.0225 580.8679 28.0454 580.7908 c
28.2135 580.8699 28.3825 580.9487 28.6183 581.0598 c
28.2005 581.4638 27.5394 581.5919 27.7625 582.3329 c
27.4935 582.4117 27.2395 582.4857 26.9844 582.5608 c
f
/GS13 gs
/CS15 cs 0.3800 0.7900 0.0500 0.0000 scn
22.9068 580.0555 m
22.9697 580.0555 23.0329 580.0555 23.0958 580.0564 c
23.0329 580.0555 22.9697 580.0555 22.9068 580.0555 c
f
/GS13 gs
/CS15 cs 0.1200 0.5500 0.0300 0.0000 scn
15.3034 554.6021 m
15.2694 554.9751 14.9536 555.1583 14.6985 555.0931 c
14.2685 554.9822 13.7375 555.3502 13.3914 554.8303 c
13.3665 554.7912 13.2316 554.8252 13.2284 554.8252 c
12.9614 555.3142 12.7205 555.7552 12.4804 556.1972 c
12.3015 555.9012 12.1226 555.6061 11.9435 555.3113 c
11.9426 555.3122 l
12.4846 554.8941 12.5186 554.4972 12.1034 553.8773 c
12.3426 553.6403 12.5736 553.4101 12.8475 553.1372 c
13.5955 553.4042 14.1046 554.3762 15.1305 554.2503 c
15.1886 554.3683 15.2456 554.4853 15.3034 554.6021 c
f
/GS13 gs
/CS15 cs 0.1200 0.5500 0.0300 0.0000 scn
17.2477 549.8303 m
17.2397 549.9541 17.2307 550.0772 17.2227 550.2013 c
16.8517 550.3972 16.4806 550.5942 16.0937 550.7991 c
16.0727 550.7853 16.0047 550.7671 15.9786 550.7232 c
15.3388 549.6571 14.7036 548.5881 14.0666 547.5203 c
14.3206 547.2133 14.5406 547.3823 14.7268 547.5872 c
15.2586 548.1731 15.8247 548.7361 16.2836 549.3753 c
16.5538 549.7503 16.8477 549.8461 17.2477 549.8303 c
f
/GS13 gs
/CS15 cs 0.3800 0.7900 0.0500 0.0000 scn
15.3034 554.6021 m
15.2456 554.4853 15.1886 554.3683 15.1305 554.2503 c
14.9944 553.2741 14.8575 552.2981 14.7214 551.3221 c
15.2836 551.9602 15.4315 552.7352 15.5134 553.5323 c
15.5035 553.8892 15.4925 554.2452 15.4814 554.6021 c
15.4225 554.6021 15.3626 554.6021 15.3034 554.6021 c
f
/GS13 gs
/CS15 cs 0.1200 0.5500 0.0300 0.0000 scn
11.9438 555.3113 m
11.9188 555.2983 11.8950 555.2841 11.8698 555.2711 c
11.8939 555.2853 11.9188 555.2983 11.9429 555.3122 c
11.9429 555.3122 11.9438 555.3113 11.9438 555.3113 c
f
/GS13 gs
/CS15 cs 0.0200 0.5000 0.0000 0.0000 scn
20.3207 592.8259 m
20.3757 592.8191 20.4307 592.8140 20.4857 592.8089 c
21.0387 592.8069 21.2278 592.3270 21.5317 592.0021 c
21.5878 591.9429 21.5878 591.8349 21.6349 591.7640 c
22.0819 591.0919 22.3707 591.0089 23.1489 591.2940 c
23.3048 591.3510 23.4799 591.3550 23.7569 591.4020 c
23.5559 590.9910 23.3977 590.6679 23.2427 590.3490 c
23.4629 590.1259 23.7008 589.9351 23.8717 589.6950 c
24.0327 589.4700 24.1228 589.1941 24.2169 588.9971 c
25.1478 589.2789 25.9988 589.5360 26.8498 589.7931 c
27.7299 590.2821 27.8249 590.7149 27.1979 591.3839 c
26.2627 591.4970 25.5657 592.0730 24.8037 592.6249 c
24.4029 592.4200 23.9488 592.0931 23.5449 592.7820 c
23.9369 593.0291 24.3207 593.2709 24.6869 593.5020 c
24.7408 594.2931 24.0137 593.8070 23.6959 594.1329 c
23.9488 594.3110 24.1628 594.4609 24.3527 594.5961 c
24.1302 595.1211 l
19.4734 595.1211 l
19.4227 595.0604 19.3674 594.9958 19.3039 594.9320 c
19.8709 594.8561 20.2788 594.8019 20.7757 594.7350 c
20.3958 594.5460 20.1209 594.4090 19.8519 594.2761 c
20.0248 593.7420 20.1728 593.2840 20.3207 592.8259 c
f
/GS13 gs
/CS15 cs 0.1000 0.6600 0.0200 0.0000 scn
24.1299 595.1211 m
24.3533 594.5956 l
24.1631 594.4615 23.9491 594.3104 23.6962 594.1324 c
24.0143 593.8075 24.7411 594.2934 24.6872 593.5025 c
24.3213 593.2715 23.9372 593.0286 23.5451 592.7814 c
23.9482 592.0926 24.4032 592.4194 24.8043 592.6246 c
25.5662 592.0724 26.2633 591.4976 27.1981 591.3845 c
27.3662 591.6866 27.5162 591.9625 27.8773 592.1396 c
28.2512 592.3236 28.0953 592.5526 27.7291 592.6226 c
26.6632 592.7034 26.3982 592.9345 26.3112 593.8586 c
26.3052 593.9155 26.3021 593.9725 26.3032 594.0306 c
25.9943 594.2546 25.6842 594.4776 25.2403 594.7985 c
25.6833 594.9224 26.0033 595.0125 26.3231 595.1024 c
26.3222 595.1211 l
h
f
/GS13 gs
/CS15 cs 0.1800 0.7900 0.0000 0.0000 scn
26.3109 593.8583 m
26.3991 592.9342 26.6641 592.7034 27.7291 592.6224 c
27.8371 592.7944 27.9439 592.9662 28.0539 593.1434 c
27.6860 593.9342 27.0751 594.0802 26.3109 593.8583 c
f
/GS13 gs
/CS15 cs 0.1800 0.7900 0.0000 0.0000 scn
26.3237 595.1024 m
26.0036 595.0123 25.6836 594.9232 25.2408 594.7982 c
25.6847 594.4782 25.9937 594.2543 26.3038 594.0303 c
26.4407 594.3093 26.5768 594.5873 26.7437 594.9272 c
26.6128 594.9822 26.4677 595.0423 26.3237 595.1024 c
f
/GS13 gs
/CS15 cs 0.0200 0.5000 0.0000 0.0000 scn
29.2246 549.6429 m
29.2326 549.6970 29.2615 549.7900 29.2436 549.7999 c
29.1246 549.8671 28.9947 549.9181 28.8686 549.9740 c
28.8476 549.8969 28.8266 549.8201 28.8057 549.7430 c
28.9457 549.7089 29.0846 549.6761 29.2246 549.6429 c
h
33.8817 546.6370 m
33.8817 546.6370 33.8777 546.6390 33.8777 546.6390 c
33.7635 547.3389 33.0406 547.0191 32.6636 547.3451 c
32.6965 547.6671 32.7285 547.9869 32.7617 548.3069 c
32.5355 548.2559 32.4405 548.1581 32.3595 548.0501 c
32.0485 547.6300 31.7055 547.4370 31.1556 547.6759 c
30.4985 547.9620 29.7607 548.0861 29.1407 548.4311 c
28.7385 548.6539 28.1106 548.9130 28.3535 549.6401 c
28.3626 549.6661 28.2866 549.7211 28.2376 549.7750 c
28.0335 549.6900 27.8345 549.6060 27.5675 549.4941 c
27.5675 549.6860 27.5216 549.8340 27.5757 549.8960 c
27.9587 550.3360 28.3785 550.7340 28.9695 550.8859 c
29.1365 550.9281 29.4035 550.9301 29.4497 551.0310 c
29.7405 551.6651 30.3727 551.5761 30.8747 551.7309 c
31.3036 551.8641 31.6885 551.7420 31.8827 551.2830 c
31.8047 551.0511 31.7296 550.8289 31.6057 550.4610 c
32.0406 550.6489 32.3186 550.7700 32.6055 550.8941 c
32.6846 550.8031 32.7577 550.7490 32.7895 550.6761 c
33.1036 549.9601 33.5937 549.5491 34.4296 549.6420 c
34.8367 549.6871 35.2517 549.6610 35.6635 549.6670 c
36.3506 549.4569 36.4005 549.2690 36.1817 548.6581 c
35.9915 548.1289 35.9396 547.5509 35.8265 546.9939 c
35.8305 546.9979 l
35.6117 546.9511 35.2437 546.9610 35.1995 546.8471 c
35.0016 546.3261 34.5977 546.5001 34.2456 546.4800 c
34.1235 546.5319 34.0027 546.5849 33.8817 546.6370 c
f
/GS13 gs
/CS15 cs 0.6400 0.9000 0.0000 0.0000 scn
7.3990 591.2172 m
7.1980 591.1994 6.9970 591.1804 6.7629 591.1594 c
6.5809 590.4964 6.4049 589.8563 6.2019 589.1162 c
6.9849 589.2922 7.6190 589.5062 8.0708 590.0734 c
7.8250 590.4904 7.6090 590.8572 7.3930 591.2243 c
h
f
/GS13 gs
/CS15 cs 0.4600 0.8100 0.0000 0.0000 scn
15.9012 588.7023 m
15.9483 588.6833 16.0342 588.6422 16.0364 588.6473 c
16.0903 588.7463 16.1342 588.8503 16.1813 588.9532 c
16.1362 588.9691 16.0923 588.9861 16.0483 589.0022 c
15.9993 588.9022 15.9503 588.8021 15.9012 588.7023 c
h
17.2664 589.1332 m
17.3392 588.7763 17.9294 589.2483 17.9643 588.7463 c
17.9592 588.6332 17.9544 588.5212 17.9493 588.4081 c
17.9493 588.4081 17.9532 588.4041 17.9532 588.4041 c
17.8923 588.4053 17.8302 588.4061 17.7693 588.4072 c
17.0923 588.3491 16.5713 587.6331 15.8423 587.9803 c
15.7243 588.1501 15.5614 588.3851 15.4253 588.3701 c
14.8952 588.3143 14.4524 588.5011 14.0564 588.7913 c
13.6743 589.0703 13.2622 589.1213 12.8203 589.1153 c
12.9784 589.1672 13.1414 589.2732 13.2942 589.2602 c
13.9173 589.2083 14.4513 589.4323 15.0644 589.7582 c
14.8034 589.8472 14.6222 589.9093 14.4403 589.9711 c
14.5474 590.1333 14.6273 590.3943 14.7694 590.4351 c
15.0284 590.5091 15.3272 590.4683 15.6033 590.4303 c
15.6373 590.4252 15.6353 590.1491 15.6504 589.9983 c
15.5752 589.9723 15.5004 589.9462 15.4253 589.9201 c
15.5044 589.9411 15.5843 589.9623 15.6634 589.9833 c
16.2663 589.5751 16.8664 589.4683 17.4603 590.0003 c
17.4603 589.9992 17.5232 590.0063 17.5232 590.0063 c
17.5873 590.0043 l
17.4824 589.7191 17.3772 589.4342 17.2664 589.1332 c
f
/GS13 gs
/CS15 cs 0.4600 0.8100 0.0000 0.0000 scn
11.5894 588.9331 m
11.3114 589.1981 11.1294 589.1400 11.0415 588.7692 c
11.2243 588.8242 11.4063 588.8781 11.5894 588.9331 c
f
/GS13 gs
/CS15 cs 0.2500 0.5600 0.0000 0.0000 scn
17.9529 588.4041 m
17.8920 588.4050 17.8311 588.4061 17.7701 588.4070 c
17.8121 588.3341 17.8549 588.2621 17.8980 588.1890 c
17.9169 588.2601 17.9351 588.3321 17.9529 588.4041 c
f
/GS13 gs
/CS15 cs 0.1300 0.5800 0.1600 0.0000 scn
35.9980 582.5469 m
35.8841 582.5529 35.7710 582.5577 35.6570 582.5639 c
35.5300 582.4108 35.4030 582.2578 35.2789 582.1067 c
35.0609 582.2059 34.8840 582.2867 34.7250 582.3587 c
33.9851 581.7237 33.9851 581.7237 34.4259 580.9448 c
34.1529 580.6477 33.8610 580.3299 33.5891 580.0337 c
33.2770 580.1769 32.9990 580.4138 32.7399 580.3937 c
32.4601 580.3727 32.1990 580.1119 31.8450 579.9067 c
31.8640 580.2148 31.8790 580.4487 31.9039 580.8489 c
31.4181 580.4189 30.7049 580.5057 30.7009 579.7417 c
31.7049 579.4648 32.8181 579.5787 33.7090 578.8777 c
32.1151 579.0498 30.5209 579.2227 28.9281 579.3948 c
28.9689 578.9557 28.7889 578.6399 28.3691 578.5098 c
27.9961 578.3939 27.8470 578.1237 27.6469 577.8147 c
27.3940 577.4219 26.9640 577.1429 26.5629 576.7719 c
26.3679 577.0378 26.2551 577.1928 26.1159 577.3819 c
25.9109 577.3167 25.6929 577.2467 25.4611 577.1727 c
25.4829 577.0587 25.4701 576.9468 25.5189 576.8997 c
26.1550 576.2908 26.8591 575.8197 27.6769 575.4379 c
28.3351 575.1317 29.1169 575.0867 29.6779 574.5368 c
29.8120 574.4049 30.1221 574.4529 30.3511 574.4177 c
30.4121 574.5308 30.4730 574.6428 30.5351 574.7559 c
30.7369 575.2009 30.9390 575.6457 31.1411 576.0907 c
31.1720 576.0527 31.2041 576.0147 31.2361 575.9768 c
31.5811 576.1678 31.9269 576.3597 32.2639 576.5468 c
32.5199 576.2239 32.7399 575.9478 32.9590 575.6717 c
33.0290 575.7058 33.0999 575.7389 33.1710 575.7718 c
33.1271 576.0119 33.0840 576.2509 33.0409 576.4907 c
32.9831 576.8127 33.1251 577.0137 33.4389 577.0539 c
33.6699 577.0828 33.9409 577.1279 34.1379 577.0397 c
34.6351 576.8178 35.1020 576.5247 35.6720 576.2089 c
35.7321 576.4669 35.7809 576.6797 35.8311 576.8929 c
35.5799 577.0919 35.7219 577.2379 35.9050 577.3589 c
36.0479 577.4528 36.2081 577.5219 36.3600 577.6019 c
36.4209 577.7807 36.4819 577.9599 36.5431 578.1387 c
36.2350 578.5387 35.8271 578.8857 36.1140 579.5028 c
36.1891 579.6629 36.0060 579.9319 35.9731 580.1547 c
35.9521 580.3007 35.9901 580.4549 36.0020 580.6049 c
36.0459 580.8628 36.0910 581.1219 36.1429 581.4249 c
36.6911 581.4249 l
36.4391 581.8329 36.2180 582.1897 35.9980 582.5469 c
f
/GS13 gs
/CS15 cs 0.7400 1.0000 0.1800 0.0600 scn
28.9276 579.3948 m
30.5215 579.2227 32.1154 579.0506 33.7096 578.8777 c
32.8175 579.5787 31.7055 579.4648 30.7015 579.7417 c
30.0166 579.8347 29.3326 579.9368 28.6466 580.0167 c
28.3915 580.0467 28.1296 580.0277 27.8714 580.0297 c
27.8175 579.9878 27.7634 579.9458 27.7095 579.9036 c
27.9105 579.7877 28.1015 579.6507 28.3124 579.5606 c
28.5066 579.4787 28.7215 579.4478 28.9276 579.3948 c
f
/GS13 gs
/CS15 cs 0.4200 0.8200 0.2200 0.0200 scn
28.2129 583.0974 m
28.1248 583.0404 28.0369 582.9843 27.9499 582.9273 c
27.9828 582.8933 28.0168 582.8584 28.0497 582.8244 c
28.1098 582.9094 28.1699 582.9953 28.2288 583.0815 c
28.2288 583.0815 28.2129 583.0974 28.2129 583.0974 c
f
/GS13 gs
/CS15 cs 0.2900 0.8300 0.0900 0.0000 scn
28.9168 556.5506 m
28.4598 556.5308 28.3850 556.1728 28.2518 555.8409 c
28.4930 555.6416 28.7138 555.4596 28.9970 555.2257 c
28.7379 554.9216 28.5418 554.6928 28.2909 554.3977 c
28.6719 554.2866 29.0208 554.1837 29.3258 554.0947 c
29.6328 554.2787 29.8950 554.4357 30.1569 554.5928 c
30.1569 554.5928 30.1929 554.6378 30.1929 554.6367 c
30.1890 554.6826 30.1819 554.7288 30.1728 554.7736 c
30.1728 554.7736 30.1618 554.7898 30.1618 554.7898 c
29.7468 555.3768 29.3318 555.9636 28.9168 556.5506 c
f
/GS13 gs
/CS15 cs 0.1000 0.6600 0.0200 0.0000 scn
34.2451 546.4800 m
34.1243 546.5319 34.0021 546.5849 33.8811 546.6370 c
34.0021 546.5849 34.1243 546.5319 34.2451 546.4800 c
f
/GS13 gs
/CS15 cs 0.0200 0.5000 0.0000 0.0000 scn
35.8305 546.9979 m
35.8534 546.9729 35.8764 546.9480 35.8994 546.9228 c
35.8954 546.9389 35.8965 546.9599 35.8875 546.9678 c
35.8705 546.9820 35.8475 546.9860 35.8265 546.9939 c
35.8265 546.9939 35.8305 546.9979 35.8305 546.9979 c
f
/GS13 gs
/CS15 cs 0.1800 0.7900 0.0000 0.0000 scn
32.8011 553.8986 m
33.2810 554.2914 33.7629 554.1435 34.1569 553.8626 c
34.4639 554.4295 34.7139 554.8915 34.9909 555.4026 c
34.3440 555.7275 34.0070 554.9216 33.2731 554.8056 c
33.5721 555.4216 33.8111 555.9126 34.0991 556.5036 c
33.3471 556.5206 33.1081 556.0756 32.9071 555.6416 c
32.6611 555.1095 32.3039 554.5604 32.8011 553.8986 c
f
/GS13 gs
/CS15 cs 0.7400 1.0000 0.1800 0.0600 scn
30.1731 554.7736 m
30.1819 554.7288 30.1890 554.6826 30.1929 554.6367 c
30.2051 554.6707 30.2221 554.7027 30.2261 554.7368 c
30.2270 554.7467 30.1921 554.7617 30.1731 554.7736 c
f
/GS13 gs
/CS15 cs 0.4600 0.8100 0.0000 0.0000 scn
15.8462 557.0986 m
15.9602 557.1567 16.0741 557.2148 16.1872 557.2726 c
16.3522 558.0476 16.3621 558.0558 17.2341 558.1097 c
17.2020 558.2217 17.2032 558.3526 17.1380 558.4218 c
16.8072 558.7736 16.7281 559.1529 16.8602 559.6248 c
16.9112 559.8116 16.7712 560.0506 16.7182 560.2666 c
16.5331 560.2008 16.3491 560.1336 16.1640 560.0676 c
16.0002 559.3286 15.8091 558.5936 15.6861 557.8478 c
15.6472 557.6136 15.7870 557.3497 15.8462 557.0986 c
f
/GS13 gs
/CS15 cs 0.7400 1.0000 0.1800 0.0600 scn
17.8977 571.0439 m
17.9957 570.7621 18.1046 570.4920 18.4808 570.5161 c
18.3696 570.7840 18.2897 571.0861 17.8977 571.0439 c
f
/GS13 gs
/CS15 cs 0.7400 1.0000 0.1800 0.0600 scn
18.4779 570.5186 m
18.4768 570.1615 18.6440 569.9735 19.0108 569.9854 c
18.8328 570.1635 18.6559 570.3406 18.4779 570.5186 c
f
/GS13 gs
/CS15 cs 0.3000 0.6400 0.1300 0.0000 scn
35.8308 576.8926 m
35.7817 576.6797 35.7318 576.4666 35.6726 576.2095 c
35.1017 576.5247 34.6357 576.8175 34.1376 577.0406 c
33.9406 577.1276 33.6708 577.0837 33.4386 577.0536 c
33.1248 577.0137 32.9828 576.8135 33.0406 576.4907 c
33.0837 576.2517 33.1277 576.0116 33.1707 575.7727 c
33.0996 575.7386 33.0296 575.7055 32.9587 575.6726 c
32.7396 575.9476 32.5208 576.2237 32.2637 576.5465 c
31.9266 576.3597 31.5808 576.1675 31.2358 575.9765 c
31.2038 576.0147 31.1726 576.0527 31.1406 576.0907 c
30.9387 575.6457 30.7366 575.2006 30.5348 574.7556 c
30.8786 574.7077 31.2216 574.6595 31.5476 574.6136 c
31.6137 574.3046 31.6687 574.0495 31.7696 573.5795 c
32.0868 574.0656 32.2846 574.3667 32.5706 574.8046 c
32.5857 574.5447 32.6066 574.4446 32.5936 574.3497 c
32.5227 573.7935 32.6126 573.6787 33.0987 573.8465 c
34.1198 574.1986 35.1337 574.5736 36.1346 574.9775 c
36.3098 575.0487 36.4388 575.2905 36.5366 575.4796 c
36.6548 575.7086 36.7166 575.9666 36.8266 576.2806 c
37.5928 575.9056 37.8468 576.6117 38.3046 576.8977 c
38.3647 577.3357 38.6966 577.7807 38.3516 578.1387 c
37.6926 578.1387 37.1177 578.1387 36.5428 578.1387 c
36.4827 577.9596 36.4218 577.7807 36.3606 577.6027 c
36.4997 577.1857 36.4297 577.0916 35.8308 576.8926 c
f
/GS13 gs
/CS15 cs 0.3600 0.6900 0.0000 0.0000 scn
17.5873 590.0040 m
17.4824 589.7191 17.3772 589.4342 17.2664 589.1340 c
17.3392 588.7772 17.9294 589.2480 17.9643 588.7460 c
18.2942 589.0062 18.6242 589.2650 18.9544 589.5252 c
18.8402 589.7781 18.7483 589.9802 18.6574 590.1831 c
18.3002 590.1231 17.9444 590.0641 17.5873 590.0040 c
f
/GS13 gs
/CS15 cs 0.1400 0.7500 0.0900 0.0000 scn
42.7269 559.0293 m
42.5718 559.2512 42.4168 559.4734 42.2260 559.7464 c
42.0080 559.3822 41.8518 559.1214 41.6769 558.8274 c
41.3158 558.9833 40.9949 559.1032 40.6919 559.2603 c
40.3390 559.4434 40.0499 559.3513 39.8500 559.0553 c
39.5419 558.6012 39.2769 558.1174 38.9940 557.6474 c
40.4320 557.6624 41.8450 557.7894 43.1918 558.3674 c
43.7159 558.5924 44.2809 558.7373 44.8390 558.8623 c
45.3098 558.9683 45.3050 559.4043 45.5309 559.6773 c
45.8269 560.0333 45.7319 560.2893 45.5108 560.6164 c
45.3229 560.8922 45.2030 561.2153 45.0530 561.5172 c
44.9079 561.3012 44.7800 561.0702 44.6108 560.8743 c
44.4628 560.7034 44.2678 560.5733 44.0989 560.4293 c
44.1479 560.0942 44.2678 559.7544 44.2168 559.4423 c
44.1870 559.2662 43.8749 559.1364 43.5759 558.8923 c
43.4860 559.3584 43.4290 559.6512 43.3718 559.9443 c
42.7669 559.8992 43.0529 559.2543 42.7309 559.0253 c
42.7258 558.7302 42.7280 558.4294 42.2748 558.3674 c
42.1600 558.8014 42.3340 558.9862 42.7269 559.0293 c
f
/GS13 gs
/CS15 cs 0.1400 0.7500 0.0900 0.0000 scn
38.4469 559.3912 m
38.2028 559.5962 37.9979 559.6220 37.8408 559.3771 c
37.8048 559.3212 37.8720 559.1171 37.9338 559.0942 c
38.2130 558.9882 38.3479 559.1520 38.4469 559.3912 c
f
/GS13 gs
/CS15 cs 0.3000 0.6400 0.1300 0.0000 scn
28.0451 580.7908 m
28.0230 580.8679 28.0001 580.9448 27.9782 581.0219 c
27.9992 580.9448 28.0210 580.8668 28.0431 580.7889 c
h
f
/GS13 gs
/CS15 cs 0.1000 0.6600 0.0200 0.0000 scn
28.8057 549.7427 m
28.9457 549.7098 29.0846 549.6758 29.2246 549.6429 c
29.2326 549.6979 29.2615 549.7897 29.2436 549.7999 c
29.1246 549.8677 28.9947 549.9179 28.8686 549.9737 c
28.8476 549.8969 28.8266 549.8198 28.8057 549.7427 c
f
/GS13 gs
/CS15 cs 0.3600 0.6900 0.0000 0.0000 scn
16.0483 589.0025 m
15.9993 588.9027 15.9503 588.8027 15.9012 588.7026 c
15.9483 588.6825 16.0342 588.6425 16.0364 588.6465 c
16.0903 588.7457 16.1342 588.8506 16.1813 588.9535 c
16.1374 588.9696 16.0923 588.9866 16.0483 589.0025 c
f
/GS13 gs
/CS15 cs 0.2900 0.6400 0.0100 0.0000 scn
15.6501 589.9986 m
15.5752 589.9728 15.5001 589.9467 15.4253 589.9207 c
15.5041 589.9416 15.5843 589.9626 15.6631 589.9827 c
15.6631 589.9827 15.6501 589.9986 15.6501 589.9986 c
f
/GS13 gs
/CS15 cs 0.3800 0.7900 0.0500 0.0000 scn
35.8308 576.8926 m
36.4297 577.0916 36.4997 577.1857 36.3606 577.6027 c
36.2078 577.5216 36.0476 577.4536 35.9048 577.3586 c
35.7216 577.2376 35.5796 577.0916 35.8308 576.8926 c
f
/GS13 gs
/CS15 cs 0.1000 0.6600 0.0200 0.0000 scn
42.7269 559.0293 m
42.3340 558.9862 42.1600 558.8014 42.2748 558.3674 c
42.7280 558.4294 42.7258 558.7302 42.7309 559.0253 c
42.7309 559.0253 42.7269 559.0293 42.7269 559.0293 c
f
/GS13 gs
/CS15 cs 0.0000 0.5200 0.1300 0.0000 scn
85.8081 0.9865 m
85.8022 0.5910 85.9201 0.1902 86.1248 -0.1539 c
88.4137 -0.1539 l
88.6569 0.2151 88.9421 0.5417 89.3789 0.7543 c
89.4900 0.8084 89.5581 1.1344 89.5130 1.2974 c
89.2420 2.2785 87.8681 2.9174 86.9111 2.5353 c
86.3391 2.3074 85.8169 1.5744 85.8081 0.9865 c
f
/GS13 gs
/CS15 cs 0.0000 0.5200 0.1300 0.0000 scn
94.0124 2.3757 m
92.9843 2.3658 92.3443 1.7518 92.2102 0.8138 c
92.1645 0.4924 92.2482 0.1457 92.4199 -0.1539 c
95.0012 -0.1539 l
95.1460 -0.0252 95.2911 0.1035 95.4414 0.2248 c
95.7892 0.5068 95.8093 0.8087 95.5244 1.1316 c
95.2143 1.4848 94.9124 1.8527 94.5584 2.1586 c
94.3792 2.3128 94.0944 2.3457 94.0124 2.3757 c
f
/GS13 gs
/CS15 cs 0.2500 0.5600 0.0000 0.0000 scn
126.0116 -0.1539 m
126.2676 0.2197 126.4388 0.6489 126.3093 1.2098 c
126.2132 1.6260 126.1843 2.1569 125.6964 2.3000 c
125.1173 2.4698 124.4443 2.6189 123.9284 2.2459 c
123.5563 1.9769 123.2853 1.4978 123.0993 1.0579 c
122.8975 0.5805 123.2090 0.1284 123.7895 -0.1539 c
h
f
/GS13 gs
/CS15 cs 0.0000 0.5200 0.1300 0.0000 scn
88.4435 8.3750 m
87.8403 8.3920 87.0304 7.8129 86.8674 7.1620 c
86.7404 6.6509 87.0814 6.2870 87.4443 5.9808 c
87.8644 5.6268 88.7553 5.5630 89.1794 5.8388 c
89.6224 6.1260 89.8775 7.0770 89.6774 7.6938 c
89.5575 8.0640 89.0243 8.3580 88.4435 8.3750 c
f
/GS13 gs
/CS15 cs 0.2500 0.5600 0.0000 0.0000 scn
127.2322 8.2857 m
127.2492 7.4027 127.6741 6.9627 128.5072 6.9647 c
129.4313 6.9678 129.8812 7.4058 129.8633 8.2857 c
129.8463 9.1247 129.3182 9.6398 128.4942 9.6228 c
127.6611 9.6046 127.2152 9.1327 127.2322 8.2857 c
f
/GS13 gs
/CS15 cs 0.0000 0.5200 0.1300 0.0000 scn
105.3105 8.3755 m
106.4795 8.3667 106.8426 8.7216 106.6836 9.5295 c
106.5815 10.0437 106.0146 10.4397 105.5075 10.3167 c
104.9666 10.1846 104.5845 9.8116 104.3016 9.3597 c
104.1007 9.0386 104.2586 8.6525 104.6446 8.5065 c
104.9117 8.4056 105.2116 8.3937 105.3105 8.3755 c
f
/GS13 gs
/CS15 cs 0.0000 0.5200 0.1300 0.0000 scn
84.3741 -0.1539 m
84.4773 0.1593 84.5186 0.5596 84.4481 0.8254 c
84.3310 1.2654 83.9931 1.3156 83.6300 1.3105 c
83.1209 1.3045 82.7269 0.9434 82.6390 0.4405 c
82.6041 0.2387 82.5602 0.0388 82.5191 -0.1539 c
h
f
/GS13 gs
/CS15 cs 0.0000 0.5200 0.1300 0.0000 scn
79.3123 22.8404 m
79.1742 23.0244 79.0832 23.1732 78.9661 23.2974 c
78.3422 23.9564 78.0083 23.9312 77.4071 23.2364 c
77.1712 22.9632 77.0281 22.6383 77.2313 22.3642 c
77.4791 22.0283 77.8433 21.7712 78.1821 21.5113 c
78.2291 21.4753 78.4582 21.5923 78.5322 21.6913 c
78.7932 22.0382 79.0231 22.4084 79.3123 22.8404 c
f
/GS13 gs
/CS15 cs 0.0200 0.5000 0.0000 0.0000 scn
82.7246 3.7780 m
81.7815 3.7689 81.4025 3.1000 80.8977 2.6220 c
81.2395 1.9658 81.9255 1.5670 82.4335 1.7050 c
82.7745 1.7980 83.0526 2.5529 82.9466 3.1609 c
82.9125 3.3548 82.8125 3.5379 82.7246 3.7780 c
f
/GS13 gs
/CS15 cs 0.0200 0.5000 0.0000 0.0000 scn
79.8877 0.5213 m
79.0075 0.6361 78.7686 0.5173 78.5047 -0.0638 c
78.4908 -0.0947 78.4783 -0.1247 78.4684 -0.1539 c
79.9135 -0.1539 l
79.9347 0.0281 79.9248 0.2489 79.8877 0.5213 c
f
/GS13 gs
/CS15 cs 0.0200 0.5000 0.0000 0.0000 scn
102.9563 3.5124 m
102.7054 3.7953 102.4495 3.8625 102.1714 3.5453 c
102.6215 3.0484 102.6215 3.0484 102.9563 3.5124 c
f
/GS13 gs
/CS15 cs 0.1700 0.4800 0.0000 0.0000 scn
134.6046 1.9755 m
134.3038 2.0336 134.0028 2.0914 133.7017 2.1506 c
133.6878 2.0854 133.6737 2.0205 133.6606 1.9565 c
133.9197 1.7334 134.2046 1.6075 134.5626 1.7575 c
134.5768 1.8306 134.5907 1.9026 134.6046 1.9755 c
f
/GS13 gs
/CS15 cs 0.0600 0.4500 0.0000 0.0000 scn
96.3366 10.4624 m
96.2456 10.2266 96.1546 9.9904 96.0627 9.7543 c
96.4967 9.8495 96.6447 10.0664 96.5588 10.3955 c
96.4848 10.4173 96.4108 10.4403 96.3366 10.4624 c
f
/GS13 gs
/CS15 cs 0.2500 0.5600 0.0000 0.0000 scn
215.5601 2.1124 m
215.9141 2.6334 216.3070 3.0093 216.4382 3.4622 c
216.5570 3.8733 216.4731 4.3934 216.3342 4.8183 c
216.0771 5.6052 214.8891 6.0094 214.1311 5.6684 c
213.2331 5.2642 212.9550 4.4853 212.8952 3.6113 c
212.8620 3.1294 213.3232 2.9574 213.6900 2.9432 c
214.4032 2.9163 214.9940 2.6634 215.5601 2.1124 c
f
/GS13 gs
/CS15 cs 0.0000 0.5200 0.1300 0.0000 scn
188.5637 9.7245 m
188.6057 10.5265 188.6457 11.2776 188.6879 12.0895 c
187.8049 12.9526 186.1937 12.7216 185.7878 11.6016 c
185.5508 10.9494 185.7319 10.1985 186.3388 9.7174 c
186.8349 9.3254 187.4259 9.1735 188.0498 9.4564 c
188.2329 9.5394 188.4078 9.6426 188.5637 9.7245 c
f
/GS13 gs
/CS15 cs 0.0000 0.5200 0.1300 0.0000 scn
178.9089 10.5066 m
179.7318 10.4967 180.5037 11.0908 180.4839 11.7176 c
180.4629 12.3837 179.7327 13.3106 179.2148 13.3296 c
178.4557 13.3577 177.6838 12.6108 177.6569 11.8227 c
177.6339 11.1387 178.2269 10.5148 178.9089 10.5066 c
f
/GS13 gs
/CS15 cs 0.2500 0.5600 0.0000 0.0000 scn
220.6661 4.2123 m
221.3901 4.1941 221.9270 4.6661 221.9621 5.3512 c
222.0080 6.2291 221.3739 6.9531 220.5649 6.9471 c
219.8639 6.9423 219.2820 6.3711 219.2550 5.6622 c
219.2221 4.7911 219.7641 4.2341 220.6661 4.2123 c
f
/GS13 gs
/CS15 cs 0.2500 0.5600 0.0000 0.0000 scn
208.2736 4.0748 m
208.3346 3.8988 208.4176 3.5240 208.5866 3.1929 c
209.0574 2.2700 209.6215 2.5350 210.0515 3.1190 c
210.2596 3.3999 210.2984 3.8228 210.3525 4.1910 c
210.3715 4.3209 210.2426 4.5448 210.1195 4.6080 c
209.7896 4.7778 209.4364 4.9300 209.0744 5.0049 c
208.5335 5.1188 208.2654 4.8478 208.2736 4.0748 c
f
/GS13 gs
/CS15 cs 0.0000 0.5200 0.1300 0.0000 scn
190.0916 26.3163 m
189.5947 26.3064 189.2976 26.0674 189.1556 25.6243 c
188.9887 25.1005 188.9657 24.5803 189.3416 24.1313 c
189.4195 24.0384 189.6026 23.9885 189.7356 23.9924 c
190.2566 24.0094 191.1246 24.7513 191.2467 25.2765 c
191.3346 25.6564 191.2737 25.9835 190.8357 26.1125 c
190.5897 26.1853 190.3397 26.2485 190.0916 26.3163 c
f
/GS13 gs
/CS15 cs 0.2500 0.5600 0.0000 0.0000 scn
211.8373 8.2789 m
211.5422 6.9948 212.2084 6.4590 213.6484 6.8749 c
213.8794 7.2740 214.0194 7.6989 213.6733 8.1428 c
213.3133 8.6029 213.1322 8.6119 211.8373 8.2789 c
f
/GS13 gs
/CS15 cs 0.2500 0.5600 0.0000 0.0000 scn
238.3985 36.0082 m
238.1026 35.5762 237.1365 36.1922 237.1484 35.2040 c
237.1564 34.6000 237.5725 34.1002 238.0306 34.0512 c
238.5164 33.9990 239.0905 34.2802 239.2055 34.6260 c
239.3915 35.1870 239.2055 35.5241 238.3985 36.0082 c
f
/GS13 gs
/CS15 cs 0.2500 0.5600 0.0000 0.0000 scn
231.8091 19.6719 m
231.9681 20.0511 232.1291 20.3360 232.1989 20.6419 c
232.2451 20.8420 232.2170 21.1071 232.1169 21.2820 c
231.9440 21.5821 231.1299 21.7531 230.8331 21.6091 c
230.4859 21.4390 230.0919 20.5631 230.2311 20.2300 c
230.2710 20.1319 230.3691 20.0171 230.4629 19.9911 c
230.9040 19.8700 231.3519 19.7770 231.8091 19.6719 c
f
/GS13 gs
/CS15 cs 0.1700 0.4800 0.0000 0.0000 scn
213.5730 9.9700 m
213.5679 9.3532 213.7501 9.0482 214.1830 8.9521 c
214.6351 8.8520 215.4300 9.2361 215.5980 9.6301 c
215.7211 9.9170 215.6550 10.1452 215.3900 10.3042 c
215.1910 10.4230 214.9821 10.5242 214.7820 10.6401 c
213.9780 11.1061 213.5801 10.8870 213.5730 9.9700 c
f
/GS13 gs
/CS15 cs 0.1700 0.4800 0.0000 0.0000 scn
239.0346 37.3207 m
239.0306 36.4737 239.4697 36.1638 240.2717 36.4448 c
240.3266 36.4637 240.3887 36.4776 240.4327 36.5128 c
240.6767 36.7027 241.0648 36.8606 241.1237 37.0998 c
241.2247 37.5026 240.7768 37.6367 240.4797 37.8077 c
240.3278 37.8947 240.1707 37.9738 240.0148 38.0548 c
239.3048 38.4228 239.0777 38.2938 239.0346 37.4967 c
239.0318 37.4377 239.0346 37.3796 239.0346 37.3207 c
f
/GS13 gs
/CS15 cs 0.1700 0.4800 0.0000 0.0000 scn
210.0957 11.5339 m
210.1229 11.1328 210.6139 10.6668 210.9648 10.7090 c
211.4688 10.7700 211.8297 11.1010 211.7849 11.4599 c
211.7367 11.8440 211.1859 12.2508 210.7278 12.2409 c
210.3758 12.2318 210.0719 11.8919 210.0957 11.5339 c
f
/GS13 gs
/CS15 cs 0.1700 0.4800 0.0000 0.0000 scn
236.2694 39.5481 m
235.7416 39.5490 235.5216 39.3670 235.5194 38.9290 c
235.5165 38.5021 235.9094 38.1410 236.3876 38.1331 c
236.8264 38.1251 237.2355 38.4520 237.2545 38.8239 c
237.2774 39.2740 236.9055 39.5470 236.2694 39.5481 c
f
/GS13 gs
/CS15 cs 0.0200 0.5000 0.0000 0.0000 scn
183.0906 19.1214 m
183.0237 19.4105 182.9565 19.7005 182.8497 20.1634 c
182.5277 19.6515 182.5645 19.3555 182.8517 19.0803 c
182.9316 19.0945 183.0107 19.1075 183.0906 19.1214 c
f
/GS13 gs
/CS15 cs 0.0000 0.5200 0.1300 0.0000 scn
191.6067 18.6094 m
191.7816 18.6934 191.9565 18.7784 192.1317 18.8623 c
192.0827 18.9553 192.0067 19.1344 191.9886 19.1285 c
191.8057 19.0715 191.6325 18.9845 191.4565 18.9054 c
191.5067 18.8073 191.5566 18.7084 191.6067 18.6094 c
f
/GS13 gs
/CS15 cs 0.2500 0.5600 0.0000 0.0000 scn
61.1456 7.9634 m
61.1867 6.9605 61.5555 6.2274 62.5955 5.9114 c
63.2415 5.7146 63.7985 5.8864 64.1585 6.3184 c
64.5877 6.8335 64.9227 7.4324 64.5987 8.2284 c
64.0536 9.5655 64.0097 9.6075 62.6766 8.9195 c
62.4056 8.7786 62.0637 8.7724 61.7516 8.7174 c
61.2746 8.6326 61.0787 8.3985 61.1456 7.9634 c
f
/GS13 gs
/CS15 cs 0.0000 0.5200 0.1300 0.0000 scn
24.5854 41.9845 m
24.8295 42.4315 25.4914 42.5716 25.5475 43.1974 c
25.5844 43.6204 25.6235 44.0626 25.5404 44.4716 c
25.3865 45.2186 24.6855 45.1854 24.1345 45.2724 c
23.2404 45.4136 22.3064 44.5354 22.2953 43.6365 c
22.2905 43.2334 22.4314 42.9755 22.8064 42.8136 c
23.3875 42.5616 23.9553 42.2796 24.5854 41.9845 c
f
/GS13 gs
/CS15 cs 0.2500 0.5600 0.0000 0.0000 scn
57.7817 9.5491 m
58.7517 9.5630 59.4748 10.3980 59.3498 11.3661 c
59.3237 11.5699 59.2997 11.7771 59.2478 11.9750 c
59.1157 12.4719 58.8728 12.6510 58.3478 12.6079 c
57.7947 12.5620 57.2448 12.4750 56.6918 12.4240 c
56.2697 12.3851 56.1376 12.0940 56.1506 11.7550 c
56.1668 11.3791 56.2397 10.9990 56.3406 10.6350 c
56.5268 9.9629 57.1147 9.5400 57.7817 9.5491 c
f
/GS13 gs
/CS15 cs 0.0000 0.5200 0.1300 0.0000 scn
26.5544 51.0610 m
26.5643 50.1619 27.0105 49.7511 27.9564 49.7679 c
28.8624 49.7849 29.2294 50.1321 29.2275 50.9689 c
29.2255 51.8170 28.6115 52.4460 27.8033 52.4290 c
26.9765 52.4120 26.5445 51.9381 26.5544 51.0610 c
f
/GS13 gs
/CS15 cs 0.2500 0.5600 0.0000 0.0000 scn
59.1868 4.3027 m
58.3169 4.3977 57.6618 3.5569 57.6938 2.9197 c
57.7250 2.3029 58.4008 1.6648 59.0380 1.6747 c
59.9199 1.6889 60.4820 2.2329 60.4959 3.0858 c
60.5069 3.7477 59.9128 4.2999 59.1868 4.3027 c
f
/GS13 gs
/CS15 cs 0.0000 0.5200 0.1300 0.0000 scn
37.4454 35.8447 m
37.2966 36.0947 37.2186 36.3838 37.0304 36.5097 c
36.6985 36.7308 36.3146 36.9156 35.9266 36.9986 c
35.4146 37.1066 35.0226 36.6667 35.1655 36.1457 c
35.2854 35.7066 35.4495 35.2468 35.7185 34.8888 c
36.0825 34.4038 36.4995 34.4347 36.8935 34.9106 c
37.1095 35.1717 37.2455 35.4988 37.4454 35.8447 c
f
/GS13 gs
/CS15 cs 0.2500 0.5600 0.0000 0.0000 scn
66.4506 12.0458 m
66.3616 11.8837 66.2564 11.7388 66.1986 11.5767 c
65.8896 10.7039 66.4676 10.0029 67.3855 10.1109 c
67.8716 10.1679 68.4516 10.0729 68.5845 10.7328 c
68.7064 11.3377 68.0766 11.4457 67.7755 11.7598 c
67.4515 12.0977 67.0025 12.1598 66.4506 12.0458 c
f
/GS13 gs
/CS15 cs 0.2500 0.5600 0.0000 0.0000 scn
43.3970 9.5598 m
43.8650 9.5978 44.1360 9.5888 44.3920 9.6457 c
44.9260 9.7659 45.1361 10.3147 44.7812 10.7237 c
44.5382 11.0058 44.2321 11.2578 43.9072 11.4398 c
43.5402 11.6447 43.0832 11.7108 42.7720 11.3669 c
42.4942 11.0599 42.3802 10.6478 42.5761 10.2158 c
42.8040 9.7118 43.0512 9.5488 43.3970 9.5598 c
f
/GS13 gs
/CS15 cs 0.0000 0.5200 0.1300 0.0000 scn
12.3999 46.6603 m
12.3999 46.3643 12.3789 46.1024 12.4050 45.8444 c
12.4469 45.4082 12.7709 45.1803 13.1309 45.0434 c
13.5760 44.8744 14.2299 44.9974 14.3300 45.3084 c
14.4490 45.6763 14.4799 46.1083 14.4150 46.4902 c
14.3609 46.8122 13.7869 47.0013 13.3591 46.9174 c
13.0751 46.8612 12.7970 46.7683 12.3999 46.6603 c
f
/GS13 gs
/CS15 cs 0.2500 0.5600 0.0000 0.0000 scn
67.0382 5.0357 m
67.3223 5.3597 67.6063 5.6846 67.8932 6.0117 c
67.4674 6.7626 66.8832 7.1076 66.3432 6.9177 c
65.9563 6.7827 65.4574 6.1027 65.5112 5.7835 c
65.6062 5.2217 66.0813 4.9887 67.0382 5.0357 c
f
/GS13 gs
/CS15 cs 0.2500 0.5600 0.0000 0.0000 scn
51.6521 30.8401 m
51.5279 31.3489 51.5421 31.8300 51.3111 32.1111 c
50.9930 32.5001 50.6271 32.0270 50.2951 31.9141 c
49.4569 31.6270 49.4629 31.6091 49.8569 30.7709 c
50.2070 30.0251 50.5361 29.8811 51.1690 30.2700 c
51.3859 30.4041 51.5171 30.6751 51.6521 30.8401 c
f
/GS13 gs
/CS15 cs 0.1700 0.4800 0.0000 0.0000 scn
66.6349 2.3777 m
66.6638 2.3777 66.6930 2.3766 66.7230 2.3777 c
67.1080 2.3865 67.5760 2.1866 67.7560 2.7445 c
67.8560 3.0566 67.2919 3.9626 66.9410 4.0915 c
66.5439 4.2386 66.1618 4.0717 65.8400 3.6077 c
65.7740 3.5116 65.7060 3.4166 65.6490 3.3157 c
65.3148 2.7235 65.5129 2.3777 66.1969 2.3576 c
66.3429 2.3536 66.4889 2.3706 66.6349 2.3777 c
f
/GS13 gs
/CS15 cs 0.0200 0.5000 0.0000 0.0000 scn
16.4608 48.3273 m
16.0200 48.6071 15.5548 48.9373 15.0540 49.2001 c
14.9199 49.2701 14.6378 49.1933 14.4958 49.0873 c
14.1690 48.8443 14.0958 48.1842 14.3008 47.7862 c
14.4930 47.4131 14.9780 47.1852 15.4270 47.3391 c
15.8579 47.4871 16.3259 47.6461 16.4608 48.3273 c
f
/GS13 gs
/CS15 cs 0.1700 0.4800 0.0000 0.0000 scn
70.2550 3.2482 m
70.8690 3.2440 71.2899 3.5291 71.2840 3.9450 c
71.2780 4.3560 70.9339 4.6551 70.4599 4.6602 c
69.9208 4.6650 69.5390 4.3160 69.5489 3.8271 c
69.5568 3.4410 69.7878 3.2511 70.2550 3.2482 c
f
/GS13 gs
/CS15 cs 0.0200 0.5000 0.0000 0.0000 scn
12.5569 49.7466 m
12.2111 50.3626 11.7541 50.5896 11.1390 50.4856 c
10.6671 50.4065 10.4919 49.9734 10.7691 49.5726 c
11.1470 49.0255 11.8511 48.9685 12.3250 49.4495 c
12.4050 49.5306 12.4659 49.6295 12.5569 49.7466 c
f
/GS13 gs
/CS15 cs 0.2500 0.5600 0.0000 0.0000 scn
49.5113 13.4359 m
49.2131 14.0899 49.2131 14.0899 48.7463 13.7279 c
48.9393 13.4600 49.1343 13.2480 49.5113 13.4359 c
f
/GS13 gs
/CS15 cs 0.0200 0.5000 0.0000 0.0000 scn
29.6374 36.9136 m
29.3423 36.6446 29.2944 36.3946 29.5243 36.2526 c
29.6433 36.1786 29.8953 36.3206 30.2644 36.4045 c
29.9514 36.6596 29.8052 36.7775 29.6374 36.9136 c
f
/GS13 gs
/CS15 cs 0.1700 0.4800 0.0000 0.0000 scn
51.4723 5.2869 m
51.0415 5.0859 50.7665 4.9578 50.3773 4.7769 c
50.9513 4.5598 51.2215 4.6990 51.4723 5.2869 c
f
/GS13 gs
/CS15 cs 0.0200 0.5000 0.0000 0.0000 scn
34.0821 44.7905 m
33.8091 44.8047 33.5361 44.8186 33.2631 44.8325 c
33.2552 44.7746 33.2470 44.7165 33.2391 44.6576 c
33.5112 44.6077 33.7842 44.5575 34.0560 44.5076 c
34.0651 44.6017 34.0730 44.6967 34.0821 44.7905 c
f
/GS13 gs
/CS15 cs 0.1300 0.7200 0.2300 0.0000 scn
33.8088 18.6854 m
34.1507 18.5805 34.4917 18.4745 34.8338 18.3694 c
34.9498 18.3713 35.0739 18.3444 35.1777 18.3793 c
35.9067 18.6194 36.3728 18.2874 36.7268 17.6924 c
36.8728 17.4464 37.0247 17.2035 37.1738 16.9586 c
37.1738 16.9586 37.1639 16.9645 37.1639 16.9645 c
37.5168 17.0674 37.8697 17.1703 38.2748 17.2885 c
38.3607 17.0813 38.4457 16.8783 38.5328 16.6694 c
39.0217 16.6224 39.4849 16.5574 39.9498 16.5393 c
40.3628 16.5234 40.7988 16.0435 41.2149 16.5603 c
41.0547 16.9033 40.9059 17.2225 40.7568 17.5414 c
41.4819 17.2264 42.0897 17.0674 42.6917 17.8325 c
43.1819 17.1635 43.6258 16.5574 44.0929 15.9214 c
44.5059 15.8533 44.8387 16.0855 45.1709 16.3395 c
45.5479 16.6283 45.9428 16.8823 46.4567 16.7723 c
46.7719 17.0555 47.0837 17.3435 47.4038 17.6204 c
48.6048 18.6605 49.7069 19.7915 50.6018 21.1105 c
50.7189 21.2825 50.7407 21.5195 50.8079 21.7264 c
50.4218 21.7613 50.0097 21.8234 49.9258 21.2854 c
49.8107 20.5503 49.2987 20.3233 48.6269 20.2745 c
48.8027 20.0123 48.9609 19.8045 48.6108 19.5934 c
48.0807 19.2745 47.6558 19.2824 47.1257 19.6464 c
47.0117 19.7254 46.8618 19.7495 46.7277 19.7983 c
46.7277 19.7983 l
47.0027 19.3805 47.2779 18.9624 47.5517 18.5485 c
47.5027 18.4975 47.4718 18.4334 47.4267 18.4235 c
47.3159 18.3974 47.1988 18.3974 47.0849 18.3864 c
47.0789 18.3804 l
46.9168 17.8104 46.5568 17.6664 46.2067 18.0524 c
45.9748 18.3084 45.7889 18.6063 45.5338 18.9533 c
44.6037 18.2565 43.8129 18.7404 43.2377 19.1015 c
42.2688 18.9703 41.5057 18.8595 40.7398 18.7724 c
40.6457 18.7614 40.5238 18.8583 40.4388 18.9334 c
39.9957 19.3243 39.6329 19.7666 39.5209 20.4704 c
39.8829 20.3825 40.1797 20.3105 40.4748 20.2385 c
40.5139 19.9993 40.5448 19.8034 40.5709 19.6455 c
40.8368 19.8865 41.0987 20.1234 41.3589 20.3593 c
41.3337 20.4185 41.3209 20.4775 41.2877 20.5214 c
41.2339 20.5914 41.1738 20.6595 41.1049 20.7125 c
40.2948 21.3375 40.2948 21.3355 40.8008 22.1363 c
40.8288 22.1805 40.8209 22.2483 40.8237 22.2673 c
40.5697 22.8875 40.3118 23.4714 40.0929 24.0684 c
40.0147 24.2813 39.9917 24.5333 40.0147 24.7603 c
40.0669 25.2904 40.4427 25.5234 40.9419 25.3395 c
41.2308 25.2315 41.4998 25.0673 41.8167 24.9103 c
42.0148 25.1583 42.1679 25.4154 42.3839 25.5974 c
42.5149 25.7074 42.7859 25.7865 42.9168 25.7224 c
43.0537 25.6544 43.1569 25.4024 43.1668 25.2244 c
43.1799 25.0004 43.0719 24.7714 43.0398 24.5404 c
43.0299 24.4675 43.0948 24.3833 43.1348 24.2793 c
43.7207 24.2793 l
44.0257 24.4695 43.5869 24.9063 44.0739 24.9293 c
44.1048 25.0875 44.1357 25.2454 44.1899 25.5214 c
44.5958 25.2215 44.9408 25.0084 45.2327 24.7385 c
45.5777 24.4193 45.8938 24.2875 46.3158 24.6005 c
46.6957 24.8825 47.0098 24.7774 47.2799 24.3893 c
47.3839 24.2385 47.5948 24.0625 47.7539 24.0653 c
48.8948 24.0854 49.6678 23.2435 50.6409 22.8784 c
50.9377 22.7665 51.0157 22.5323 50.9377 22.2364 c
50.8938 22.0674 50.8527 21.8985 50.8099 21.7304 c
51.1588 21.6215 51.3408 21.8684 51.5469 22.0714 c
51.7547 22.2755 51.7569 22.4855 51.5557 22.6826 c
51.3689 22.8654 51.1809 23.0615 50.9579 23.1914 c
50.2347 23.6134 49.4949 24.0083 48.7599 24.4094 c
48.6349 24.4783 48.4999 24.5313 48.3667 24.5854 c
47.6677 24.8664 46.9828 25.1955 46.2628 25.4123 c
45.2928 25.7054 44.2899 26.1334 43.3137 26.1003 c
41.9907 26.0555 40.5519 26.1153 39.4308 25.1223 c
39.4537 25.1045 39.4838 25.0903 39.4977 25.0673 c
39.5107 25.0444 39.5189 24.9925 39.5079 24.9854 c
39.0039 24.6563 38.4979 24.3283 37.9888 24.0055 c
37.8179 23.8963 37.6098 23.8303 37.4658 23.6954 c
36.9408 23.2013 36.4017 22.7154 35.9337 22.1703 c
35.5779 21.7565 35.3259 21.2545 35.0189 20.7975 c
34.8279 20.5123 34.8849 20.2473 35.0498 19.9814 c
35.3747 20.1104 35.6967 20.2493 36.0269 20.3664 c
36.6837 20.5994 37.3348 20.8794 38.1688 20.8534 c
38.0217 20.7145 37.9879 20.6603 37.9389 20.6405 c
36.6718 20.1144 35.3999 19.5985 34.1379 19.0593 c
33.9999 19.0003 33.9168 18.8135 33.8088 18.6854 c
f
/GS13 gs
/CS15 cs 0.0100 0.4000 0.2200 0.0000 scn
34.6578 31.7395 m
35.1938 31.6375 35.7398 31.9187 36.3940 32.5587 c
36.6049 32.7657 36.6049 32.7657 36.4870 33.3176 c
35.8019 32.8567 35.1439 32.4507 34.6578 31.7395 c
h
36.9808 30.0637 m
36.9808 30.0617 37.0140 29.9395 37.0480 29.8137 c
36.1950 29.4786 36.1108 28.6787 35.9240 27.9417 c
35.3809 27.8807 34.8378 27.8076 34.2930 27.7625 c
33.7139 27.7135 33.1968 27.7767 32.9800 28.4615 c
32.9139 28.6676 32.7039 28.8266 32.5590 29.0075 c
32.7010 29.2377 32.8419 29.4676 33.0690 29.8366 c
32.2189 29.7417 32.0270 29.0517 31.5380 28.7776 c
30.9640 28.9916 30.5649 29.3477 30.4288 29.9846 c
30.2879 30.6456 29.8658 31.0516 29.1730 31.1165 c
28.7518 31.1567 28.3740 31.2557 28.1480 31.6556 c
28.9270 31.6925 28.9270 31.6925 29.0418 32.3646 c
29.0818 32.7107 29.2048 32.8535 29.6178 32.8156 c
29.9489 32.7847 30.4699 32.6616 30.5379 33.2855 c
30.5430 33.3346 30.6669 33.3825 30.7429 33.4106 c
32.6560 34.1186 34.5708 34.8225 36.4839 35.5326 c
36.7248 35.6216 36.9558 35.7406 37.3360 35.9096 c
37.1920 35.1536 37.0670 34.4965 36.9289 33.7677 c
37.8748 34.3517 37.8748 34.3517 38.7899 33.7706 c
38.3349 32.8737 38.3499 31.7055 37.1920 31.2616 c
37.2739 30.7967 38.0140 31.3285 37.8930 30.6876 c
37.8930 30.6867 37.8989 30.6105 37.8989 30.6105 c
37.6228 30.4466 37.3459 30.2817 36.9808 30.0637 c
f
/GS13 gs
/CS15 cs 0.6600 0.9300 0.1300 0.0200 scn
23.9570 20.3006 m
23.9261 20.2646 23.9020 20.2235 23.8850 20.1796 c
23.7991 20.0387 23.7141 19.8975 23.6279 19.7575 c
23.4901 19.4686 23.3529 19.1795 23.2149 18.8906 c
23.1800 18.8297 23.1460 18.7676 23.1120 18.7067 c
23.0899 18.6477 23.0681 18.5896 23.0460 18.5306 c
22.9890 18.4167 22.9309 18.3036 22.8739 18.1896 c
22.3081 16.9115 21.7131 15.6447 21.1881 14.3495 c
20.8179 13.4376 20.5860 12.4696 20.2090 11.5617 c
20.0259 11.1217 19.6880 10.7246 19.3530 10.3725 c
18.3830 9.3526 17.3730 8.3707 16.3930 7.3607 c
16.1521 7.1127 15.9639 6.8125 15.7510 6.5367 c
15.9389 6.3437 16.1399 6.1617 16.3049 5.9505 c
16.3559 5.8856 16.3100 5.7436 16.3080 5.6356 c
16.6059 5.9426 16.9410 6.2226 17.1961 6.5616 c
18.1899 7.8826 19.3680 9.0116 20.6759 10.0137 c
20.7700 10.0845 20.8570 10.1645 20.9469 10.2407 c
21.8211 10.9826 22.6769 11.7485 23.5749 12.4597 c
24.4860 13.1797 25.4401 13.8467 26.3741 14.5366 c
26.2970 14.9247 26.0189 14.8966 25.7649 14.7866 c
25.3091 14.5905 24.8749 14.3447 24.4250 14.1355 c
24.1401 14.0026 23.8411 13.8997 23.5480 13.7837 c
23.5500 13.7846 l
23.4760 13.5706 23.4660 13.2846 23.3189 13.1556 c
22.8129 12.7137 22.2721 12.3086 21.7140 11.9356 c
21.6060 11.8627 21.3610 11.9945 21.1799 12.0325 c
21.2440 12.1975 21.3089 12.3616 21.3729 12.5257 c
21.8900 13.4147 22.3050 14.3385 22.4391 15.3726 c
22.4640 15.5696 22.5510 15.7697 22.6511 15.9446 c
23.2920 17.0586 23.9479 18.1655 24.5911 19.2796 c
24.7340 19.5276 24.8530 19.7906 24.9630 20.0565 c
25.2921 20.8556 25.8151 21.4855 26.5640 21.9237 c
27.2049 22.7605 27.8450 23.5976 28.4851 24.4346 c
28.5900 24.6056 28.6719 24.7975 28.8040 24.9457 c
29.7031 25.9486 30.6119 26.9427 31.5170 27.9397 c
31.5150 28.1256 31.5119 28.3116 31.5099 28.4967 c
31.2321 28.2895 30.9209 28.1157 30.6839 27.8697 c
28.7969 25.9135 26.8801 23.9837 25.2700 21.7797 c
25.0549 21.4855 24.7039 21.2896 24.4171 21.0487 c
24.3040 20.8706 24.1900 20.6926 24.0769 20.5135 c
24.0369 20.4426 23.9970 20.3717 23.9570 20.3006 c
f
/GS13 gs
/CS15 cs 0.4200 0.8200 0.2200 0.0200 scn
32.0230 7.1022 m
29.6152 6.6762 27.4782 5.6871 25.6300 4.0711 c
24.9681 3.4920 24.2960 2.9421 23.8252 2.1722 c
23.6642 1.9080 23.2892 1.7751 23.0122 1.5820 c
23.6781 1.2112 24.3862 1.0162 25.1532 1.0641 c
25.1481 1.1231 25.1442 1.1820 25.1391 1.2410 c
24.7581 1.2362 24.3570 1.1871 24.1600 1.7011 c
24.7720 2.3060 25.3970 2.9231 26.0220 3.5410 c
26.1400 4.2511 26.6471 4.5632 27.2690 4.7571 c
27.3240 4.7622 27.3790 4.7650 27.4351 4.7682 c
27.7750 5.4011 28.3961 5.6262 29.0200 5.8192 c
29.2402 5.8870 29.5021 5.8221 29.7451 5.8181 c
30.1552 6.0531 30.5660 6.2872 30.9770 6.5222 c
31.3500 6.8720 31.7752 6.4491 32.1531 6.5951 c
32.7821 6.8360 33.3731 6.6781 33.9551 6.4502 c
35.0790 6.0100 36.2072 5.6350 37.4411 5.6052 c
37.8760 5.5942 38.3491 5.4700 38.7210 5.1021 c
39.1711 4.6570 39.6981 4.2902 40.1910 3.8900 c
41.2452 3.5232 41.5740 3.1022 41.5142 2.2221 c
41.1860 2.2411 40.8600 2.2601 40.5340 2.2802 c
40.5340 2.2802 40.5380 2.2842 40.5380 2.2842 c
40.4651 1.9182 41.1222 1.7022 40.7271 1.2240 c
39.9810 1.5883 39.6181 0.9082 39.0912 0.6480 c
39.1731 0.4660 39.2391 0.3220 39.3021 0.1831 c
39.0858 -0.0091 38.8525 -0.1054 38.6090 -0.1539 c
39.8665 -0.1539 l
40.7401 0.6905 41.6052 1.5333 42.4020 2.3083 c
42.4760 3.2950 41.7291 3.5430 41.2140 3.9512 c
40.6301 4.4121 40.0042 4.8212 39.3860 5.2370 c
38.8111 5.6242 38.2221 5.9190 37.5001 6.0480 c
36.4510 6.2362 35.4390 6.6331 34.4092 6.9381 c
34.2170 6.9942 34.0191 7.0330 33.8230 7.0801 c
33.2232 7.0872 32.6231 7.0951 32.0230 7.1022 c
h
24.5375 -0.1539 m
24.3088 0.1692 24.0129 0.4337 23.7132 0.7021 c
23.6010 0.6911 23.4890 0.6800 23.3762 0.6690 c
23.3770 0.6131 23.3722 0.5570 23.3600 0.5031 c
23.5247 0.2880 23.6815 0.0655 23.8419 -0.1539 c
h
f
/GS13 gs
/CS15 cs 0.2600 0.5300 0.1000 0.0000 scn
29.0585 30.4571 m
29.0585 30.4872 29.0585 30.5172 29.0585 30.5470 c
28.5146 30.5470 l
28.5146 30.5172 28.5146 30.4872 28.5157 30.4571 c
h
h
24.7805 21.8001 m
25.2476 22.5162 25.8355 23.1642 25.9747 24.0531 c
26.0515 24.2561 26.1916 24.4590 26.1927 24.6631 c
26.1947 25.1212 26.2097 25.5472 26.7537 25.7882 c
26.3965 26.1380 26.1006 26.4291 25.6805 26.8410 c
25.9807 27.0102 26.1856 27.1261 26.3886 27.2401 c
26.2426 27.5902 26.1337 27.8512 26.0246 28.1120 c
26.0297 28.1171 l
26.1445 28.1132 26.2596 28.1092 26.3747 28.1052 c
26.3906 28.0820 26.4076 28.0590 26.4237 28.0352 c
26.4127 28.0641 26.4005 28.0922 26.3897 28.1211 c
26.4376 28.4692 26.4835 28.8170 26.5527 29.3221 c
27.3146 28.6191 27.9626 28.0210 28.6237 27.4122 c
28.8726 27.9351 28.8377 28.1602 28.4737 28.3742 c
28.2986 28.4760 28.0695 28.4930 27.9085 28.6081 c
27.7325 28.7351 27.5426 28.9071 27.4697 29.1002 c
27.3297 29.4741 27.2676 29.8772 27.1525 30.3523 c
27.4147 30.2930 27.6506 30.2400 28.0505 30.1501 c
27.9207 30.4262 27.8337 30.6071 27.7495 30.7902 c
27.6457 31.0170 27.5445 31.2452 27.4425 31.4731 c
27.4405 31.5972 27.4385 31.7222 27.4357 31.8461 c
27.4357 31.8461 27.4235 31.8611 27.4235 31.8611 c
27.6086 31.8512 27.7937 31.8410 27.9797 31.8302 c
28.0375 31.7701 28.0956 31.7092 28.1537 31.6483 c
28.1537 31.6483 28.1475 31.6551 28.1475 31.6551 c
28.3737 31.2551 28.7515 31.1570 29.1725 31.1170 c
29.8655 31.0510 30.2885 30.6451 30.4296 29.9840 c
30.5657 29.3471 30.9645 28.9922 31.5377 28.7770 c
31.5286 28.6841 31.5187 28.5902 31.5096 28.4970 c
31.2327 28.2900 30.9206 28.1160 30.6836 27.8702 c
28.7977 25.9132 26.8795 23.9842 25.2697 21.7791 c
25.0546 21.4852 24.7045 21.2902 24.4165 21.0492 c
24.5367 21.3001 24.6305 21.5683 24.7805 21.8001 c
f
/GS13 gs
/CS15 cs 0.4600 0.8100 0.0000 0.0000 scn
12.2204 2.2833 m
11.8964 1.9054 11.5325 1.5542 11.2544 1.1443 c
10.9624 0.7126 10.6716 0.2795 10.3822 -0.1539 c
11.8505 -0.1539 l
12.1904 0.3087 12.5385 0.7654 12.8806 1.2263 c
12.2905 1.3484 12.1706 1.7623 12.2204 2.2833 c
f
/GS13 gs
/CS15 cs 0.7400 1.0000 0.1800 0.0600 scn
12.2204 2.2833 m
12.1706 1.7623 12.2905 1.3484 12.8806 1.2263 c
13.0825 1.5242 13.2846 1.8224 13.4875 2.1192 c
13.4515 2.3604 13.5686 2.4582 13.7985 2.4483 c
13.7985 2.4483 13.8285 2.4993 13.8285 2.4982 c
14.4876 2.7292 14.5054 2.7232 15.0335 2.0974 c
15.6994 1.9233 16.3655 1.7504 17.0314 1.5763 c
17.2956 1.5752 17.5646 1.6084 17.8226 1.5664 c
19.4924 1.2963 21.1606 1.0094 22.8294 0.7282 c
22.8294 0.7282 22.8866 0.7004 22.8866 0.7004 c
23.0496 0.6902 23.2126 0.6792 23.3765 0.6684 c
23.4884 0.6803 23.6015 0.6914 23.7135 0.7024 c
24.0086 0.7072 24.3116 0.6724 24.5945 0.7322 c
24.7946 0.7764 24.9676 0.9493 25.1524 1.0644 c
24.3856 1.0154 23.6775 1.2112 23.0114 1.5814 c
22.9674 1.6024 22.9215 1.6123 22.8736 1.6132 c
22.0314 1.6534 21.1904 1.6923 20.3485 1.7314 c
18.8864 2.0412 17.4254 2.3522 15.9636 2.6623 c
15.8136 2.7252 15.6626 2.7884 15.5126 2.8514 c
15.3556 2.9143 15.1974 2.9784 15.0406 3.0424 c
14.7175 2.9684 14.5324 3.1363 14.5054 3.4243 c
14.4964 3.5164 14.7056 3.6272 14.8144 3.7304 c
15.2464 4.2602 15.6796 4.7903 16.1124 5.3203 c
16.1765 5.4252 16.2405 5.5304 16.3046 5.6353 c
16.3046 5.6353 16.3074 5.6364 16.3074 5.6364 c
16.3094 5.7433 16.3565 5.8853 16.3046 5.9513 c
16.1396 6.1614 15.9386 6.3434 15.7516 6.5364 c
15.1775 5.8513 14.6015 5.1684 14.0306 4.4813 c
13.4246 3.7514 12.8234 3.0163 12.2204 2.2833 c
f
/GS13 gs
/CS15 cs 0.1300 0.5800 0.1600 0.0000 scn
27.4232 31.8611 m
27.6083 31.8509 27.7943 31.8410 27.9794 31.8300 c
28.0352 31.8291 28.0922 31.8300 28.1483 31.8331 c
28.3354 32.1970 28.6143 32.4051 29.0412 32.3651 c
29.0823 32.7101 29.2054 32.8530 29.6172 32.8150 c
29.9492 32.7849 30.4702 32.6611 30.5374 33.2861 c
30.5433 33.3351 30.6672 33.3831 30.7434 33.4111 c
32.6563 34.1189 34.5713 34.8231 36.4833 35.5320 c
36.7254 35.6221 36.9564 35.7401 37.3354 35.9101 c
37.1923 35.1541 37.0672 34.4959 36.9283 33.7671 c
37.8743 34.3519 37.8743 34.3519 38.7893 33.7711 c
38.3352 32.8740 38.3502 31.7061 37.1914 31.2610 c
37.2733 30.7970 38.0132 31.3291 37.8933 30.6879 c
38.1254 31.1519 38.3664 31.6131 38.5872 32.0831 c
38.7482 32.4261 38.8993 32.7759 39.0234 33.1339 c
39.1343 33.4539 39.2213 33.7850 39.2842 34.1181 c
39.3874 34.6581 39.4622 35.2040 39.5683 35.8710 c
38.8253 36.0241 38.0642 36.4839 37.1602 36.1420 c
35.9853 35.6970 34.8063 35.2630 33.6263 34.8341 c
32.8354 34.5461 32.0604 34.2530 31.2182 34.0699 c
29.7564 33.7530 28.4414 33.0211 27.4232 31.8611 c
f
/GS13 gs
/CS15 cs 0.2600 0.5300 0.1000 0.0000 scn
28.4851 24.4346 m
27.8450 23.5976 27.2041 22.7608 26.5640 21.9226 c
27.2880 22.1108 28.0100 22.3067 28.7359 22.4816 c
29.0421 22.5547 29.3581 22.6287 29.6691 22.6267 c
30.6400 22.6196 31.5731 22.7288 32.4040 23.2897 c
32.5239 23.3717 32.6611 23.4448 32.8000 23.4777 c
34.1700 23.8056 34.9611 24.7938 35.6199 25.9328 c
36.0731 26.7157 36.5139 27.5057 36.9609 28.2926 c
36.4929 28.4037 36.4320 27.8606 36.0989 27.7546 c
36.0499 27.2169 35.6270 27.1449 35.2230 27.0587 c
35.0121 27.0128 34.7950 26.9926 34.5090 26.9498 c
34.7389 26.5966 34.9180 26.3378 35.0779 26.0677 c
35.1091 26.0158 35.0671 25.9197 35.0561 25.8208 c
34.7981 25.8826 34.5770 25.9356 34.3480 25.9897 c
34.3219 25.0427 34.3179 25.0648 33.4029 24.9177 c
33.1600 24.8788 32.9440 24.6668 32.7149 24.5336 c
32.3989 24.4366 32.1109 24.9038 31.7310 24.6067 c
31.9740 24.4066 32.1789 24.2396 32.3949 24.0616 c
32.0709 23.5718 31.6500 23.4856 31.1981 23.5188 c
30.7879 23.5488 30.4500 23.4828 30.3531 23.0987 c
29.7190 23.3016 29.1501 23.4848 28.5440 23.6786 c
28.5259 23.9136 28.5049 24.1747 28.4851 24.4346 c
f
/GS13 gs
/CS15 cs 0.4200 0.8200 0.2200 0.0200 scn
46.4567 16.7720 m
45.9428 16.8829 45.5479 16.6289 45.1709 16.3400 c
44.8387 16.0849 44.5059 15.8539 44.0929 15.9208 c
43.6258 16.5580 43.1819 17.1638 42.6917 17.8319 c
42.0908 17.0680 41.4819 17.2259 40.7568 17.5419 c
40.9059 17.2230 41.0547 16.9030 41.2149 16.5600 c
40.7988 16.0430 40.3628 16.5240 39.9498 16.5399 c
39.4849 16.5580 39.0217 16.6229 38.5328 16.6700 c
38.4457 16.8780 38.3607 17.0810 38.2748 17.2879 c
37.8697 17.1700 37.5168 17.0668 37.1639 16.9648 c
37.5259 16.7939 37.8737 16.5830 38.2507 16.4628 c
39.0067 16.2210 39.7729 15.9999 40.5468 15.8278 c
41.1199 15.7000 41.7149 15.6640 42.2989 15.5880 c
42.5319 15.8309 42.7737 15.7779 43.0189 15.6110 c
43.1067 15.6019 43.1949 15.5948 43.2819 15.5829 c
44.5499 15.4210 45.6137 15.8000 46.4567 16.7720 c
f
/GS13 gs
/CS15 cs 0.4600 0.8100 0.0000 0.0000 scn
23.5485 13.7837 m
23.8414 13.8997 24.1393 14.0026 24.4253 14.1358 c
24.8754 14.3447 25.3094 14.5908 25.7644 14.7866 c
26.0195 14.8966 26.2973 14.9247 26.3744 14.5366 c
26.5034 14.6418 26.6275 14.7526 26.7625 14.8507 c
27.1774 15.1546 27.5754 15.4896 28.0193 15.7456 c
28.8765 16.2369 29.7595 16.6816 30.6303 17.1468 c
30.6264 17.4458 30.6224 17.7446 30.6184 18.0437 c
28.8074 17.3497 27.1553 16.3587 25.5444 15.2997 c
24.8485 14.8416 24.2124 14.2917 23.5485 13.7837 c
f
/GS13 gs
/CS15 cs 0.3000 0.6400 0.1300 0.0000 scn
26.0297 28.1171 m
26.1445 28.1129 26.2596 28.1089 26.3747 28.1061 c
26.3906 28.1211 l
26.4376 28.4689 26.4847 28.8170 26.5527 29.3221 c
27.3146 28.6191 27.9626 28.0210 28.6237 27.4119 c
28.8726 27.9351 28.8377 28.1599 28.4737 28.3740 c
28.2986 28.4760 28.0695 28.4930 27.9085 28.6081 c
27.7325 28.7351 27.5426 28.9071 27.4697 29.0999 c
27.3297 29.4741 27.2676 29.8769 27.1525 30.3520 c
27.4147 30.2930 27.6506 30.2400 28.0505 30.1501 c
27.9207 30.4260 27.8337 30.6079 27.7495 30.7899 c
27.6457 31.0170 27.5445 31.2449 27.4425 31.4731 c
26.9666 30.9591 26.3296 30.5141 26.7676 29.6019 c
26.4515 29.7210 26.2395 29.8009 26.0286 29.8811 c
25.4115 29.1110 25.4035 28.2101 25.5146 27.3019 c
25.5736 26.8149 25.7516 26.3421 25.8197 25.8551 c
25.9027 25.2590 25.9257 24.6540 25.9747 24.0531 c
26.0515 24.2569 26.1927 24.4599 26.1927 24.6631 c
26.1947 25.1209 26.2097 25.5470 26.7537 25.7890 c
26.3965 26.1391 26.1006 26.4291 25.6805 26.8410 c
25.9807 27.0099 26.1856 27.1261 26.3886 27.2401 c
26.2426 27.5899 26.1337 27.8510 26.0246 28.1120 c
26.0116 28.1370 25.9985 28.1631 25.9855 28.1880 c
26.0005 28.1650 26.0147 28.1409 26.0297 28.1171 c
f
/GS13 gs
/CS15 cs 0.4200 0.8200 0.2200 0.0200 scn
30.6184 18.0434 m
30.6224 17.7446 30.6264 17.4455 30.6312 17.1465 c
31.7772 17.4804 32.8164 18.0346 33.8083 18.6854 c
33.9174 18.8124 33.9993 19.0006 34.1374 19.0596 c
35.3993 19.5985 36.6712 20.1146 37.9392 20.6405 c
37.9874 20.6606 38.0214 20.7145 38.1694 20.8525 c
37.3354 20.8786 36.6843 20.5994 36.0264 20.3666 c
35.6973 20.2484 35.3752 20.1104 35.0504 19.9814 c
34.9943 19.9766 34.9373 19.9755 34.8812 19.9766 c
34.6453 19.8615 34.4092 19.7464 34.1734 19.6316 c
33.7952 19.5205 33.4174 19.4094 33.0392 19.2974 c
32.4683 18.9944 31.8974 18.6914 31.3262 18.3875 c
31.3523 18.2186 31.6392 18.0125 31.2883 17.9045 c
31.2242 17.8855 31.0864 18.1035 30.9824 18.2126 c
30.8614 18.1565 30.7392 18.0995 30.6184 18.0434 c
f
/GS13 gs
/CS15 cs 0.2900 0.8300 0.0900 0.0000 scn
34.8812 19.9763 m
34.9373 19.9752 34.9943 19.9772 35.0501 19.9811 c
34.8843 20.2473 34.8282 20.5123 35.0192 20.7972 c
35.3262 21.2542 35.5782 21.7562 35.9342 22.1703 c
36.4022 22.7151 36.9411 23.2013 37.4661 23.6951 c
37.6101 23.8303 37.8173 23.8963 37.9891 24.0052 c
38.4982 24.3283 39.0033 24.6563 39.5082 24.9863 c
39.5181 24.9922 39.5101 25.0441 39.4971 25.0673 c
39.4843 25.0903 39.4532 25.1042 39.4302 25.1223 c
37.4202 24.3791 35.8231 23.1602 34.8562 21.1972 c
34.6912 20.8621 34.4633 20.5591 34.2652 20.2411 c
34.2921 20.2113 34.3182 20.1821 34.3443 20.1512 c
34.5231 20.0931 34.7023 20.0341 34.8812 19.9763 c
f
/GS13 gs
/CS15 cs 0.1300 0.5800 0.1600 0.0000 scn
36.0992 27.7546 m
36.4320 27.8606 36.4932 28.4037 36.9612 28.2926 c
37.2742 29.0656 37.5860 29.8378 37.8992 30.6108 c
37.6231 30.4466 37.3462 30.2817 36.9802 30.0637 c
36.9811 30.0609 37.0142 29.9398 37.0480 29.8137 c
36.1950 29.4778 36.1111 28.6787 35.9240 27.9417 c
35.9830 27.8796 36.0411 27.8167 36.0992 27.7546 c
f
/GS13 gs
/CS15 cs 0.2600 0.5300 0.1000 0.0000 scn
22.8297 0.7285 m
21.1606 1.0094 19.4927 1.2966 17.8217 1.5664 c
17.5646 1.6075 17.2947 1.5755 17.0317 1.5766 c
18.5057 1.1676 19.9828 0.7676 21.5226 0.7055 c
21.9566 0.6885 22.3937 0.7194 22.8297 0.7285 c
f
/GS13 gs
/CS15 cs 0.4200 0.8200 0.2200 0.0200 scn
37.1738 16.9586 m
37.0250 17.2026 36.8728 17.4455 36.7268 17.6924 c
36.3719 18.2874 35.9070 18.6194 35.1780 18.3784 c
35.0739 18.3444 34.9489 18.3705 34.8338 18.3696 c
35.4960 17.7026 36.3118 17.2925 37.1738 16.9586 c
f
/GS13 gs
/CS15 cs 0.4600 0.8100 0.0000 0.0000 scn
21.3729 12.5260 m
21.3089 12.3622 21.2440 12.1972 21.1799 12.0331 c
21.3610 11.9951 21.6060 11.8630 21.7140 11.9350 c
22.2721 12.3092 22.8129 12.7142 23.3189 13.1562 c
23.4660 13.2851 23.4760 13.5711 23.5491 13.7852 c
23.0831 13.4541 22.6281 13.1020 22.1431 12.8001 c
21.9169 12.6601 21.6320 12.6142 21.3729 12.5260 c
f
/GS13 gs
/CS15 cs 0.4200 0.8200 0.2200 0.0200 scn
26.0286 29.8809 m
26.2395 29.8009 26.4515 29.7218 26.7676 29.6019 c
26.3296 30.5138 26.9657 30.9589 27.4425 31.4728 c
27.4405 31.5969 27.4385 31.7220 27.4357 31.8458 c
26.6037 31.4510 26.1136 30.8109 26.0286 29.8809 c
f
/GS13 gs
/CS15 cs 0.2900 0.8300 0.0900 0.0000 scn
33.0389 19.2977 m
33.4171 19.4088 33.7949 19.5208 34.1731 19.6319 c
34.2300 19.8048 34.2870 19.9777 34.3440 20.1509 c
34.3179 20.1818 34.2921 20.2119 34.2649 20.2408 c
33.8559 19.9267 33.4471 19.6129 33.0389 19.2977 c
f
/GS13 gs
/CS15 cs 0.1300 0.5800 0.1600 0.0000 scn
20.3485 1.7314 m
21.1904 1.6923 22.0314 1.6523 22.8736 1.6135 c
22.0314 1.6523 21.1904 1.6923 20.3485 1.7314 c
f
/GS13 gs
/CS15 cs 0.2500 0.5600 0.0000 0.0000 scn
15.0333 2.0971 m
14.5052 2.7230 14.4882 2.7289 13.8283 2.4990 c
14.2302 2.3649 14.6322 2.2311 15.0333 2.0971 c
f
/GS13 gs
/CS15 cs 0.0200 0.5000 0.0000 0.0000 scn
32.0230 7.1022 m
32.6231 7.0951 33.2232 7.0872 33.8230 7.0801 c
33.2260 7.3332 32.6262 7.3210 32.0230 7.1022 c
f
/GS13 gs
/CS15 cs 0.1700 0.4800 0.0000 0.0000 scn
14.8144 3.7301 m
14.7053 3.6283 14.4972 3.5161 14.5052 3.4243 c
14.5324 3.1363 14.7172 2.9682 15.0403 3.0421 c
14.9652 3.2712 14.8893 3.5011 14.8144 3.7301 c
f
/GS13 gs
/CS15 cs 0.4600 0.8100 0.0000 0.0000 scn
30.9827 18.2126 m
31.0867 18.1035 31.2236 17.8855 31.2885 17.9045 c
31.6386 18.0125 31.3526 18.2186 31.3257 18.3875 c
31.2117 18.3294 31.0966 18.2704 30.9827 18.2126 c
f
/GS13 gs
/CS15 cs 0.1700 0.4800 0.0000 0.0000 scn
15.5123 2.8508 m
15.6623 2.7879 15.8134 2.7249 15.9633 2.6620 c
15.8933 2.9160 15.7453 2.9860 15.5123 2.8508 c
f
/GS13 gs
/CS15 cs 0.2600 0.5300 0.1000 0.0000 scn
23.6282 19.7572 m
23.7132 19.8981 23.7991 20.0381 23.8842 20.1793 c
23.7991 20.0392 23.7132 19.8981 23.6282 19.7572 c
f
/GS13 gs
/CS15 cs 0.2600 0.5300 0.1000 0.0000 scn
43.0191 15.6107 m
42.7731 15.7785 42.5322 15.8306 42.2991 15.5877 c
42.5392 15.5957 42.7791 15.6027 43.0191 15.6107 c
f
/GS13 gs
/CS15 cs 0.2600 0.5300 0.1000 0.0000 scn
23.3765 0.6687 m
23.2126 0.6797 23.0496 0.6897 22.8866 0.7007 c
23.0445 0.6347 23.2016 0.5689 23.3595 0.5029 c
23.3714 0.5579 23.3776 0.6129 23.3765 0.6687 c
f
/GS13 gs
/CS15 cs 0.2500 0.5600 0.0000 0.0000 scn
13.7985 2.4480 m
13.5686 2.4579 13.4515 2.3610 13.4867 2.1200 c
13.5907 2.2289 13.6947 2.3391 13.7985 2.4480 c
f
/GS13 gs
/CS15 cs 0.2600 0.5300 0.1000 0.0000 scn
22.8736 18.1902 m
22.9317 18.3030 22.9887 18.4170 23.0465 18.5301 c
22.9887 18.4170 22.9317 18.3030 22.8736 18.1902 c
f
/GS13 gs
/CS15 cs 0.6600 0.9300 0.1300 0.0200 scn
16.3046 5.6350 m
16.2408 5.5301 16.1768 5.4249 16.1127 5.3201 c
16.1768 5.4249 16.2408 5.5301 16.3046 5.6350 c
f
/GS13 gs
/CS15 cs 0.2600 0.5300 0.1000 0.0000 scn
23.9570 20.3006 m
23.9970 20.3717 24.0369 20.4426 24.0769 20.5135 c
24.0369 20.4426 23.9970 20.3717 23.9570 20.3006 c
f
/GS13 gs
/CS15 cs 0.2600 0.5300 0.1000 0.0000 scn
23.1114 18.7067 m
23.1454 18.7676 23.1806 18.8297 23.2146 18.8906 c
23.1806 18.8297 23.1454 18.7676 23.1114 18.7067 c
f
/GS13 gs
/CS15 cs 0.0000 0.6000 0.2400 0.0000 scn
47.9259 20.3888 m
47.9418 20.3769 47.9667 20.3777 47.9889 20.3737 c
47.9857 20.4038 47.9829 20.4338 47.9798 20.4639 c
47.9588 20.4559 47.9387 20.4477 47.9188 20.4409 c
47.9208 20.4228 47.9157 20.3958 47.9259 20.3888 c
h
42.4627 21.8568 m
43.0798 21.4659 43.5067 21.4968 44.1499 21.8979 c
44.1397 21.9699 44.1298 22.0428 44.1198 22.1148 c
43.6017 22.0337 43.0829 21.9538 42.4627 21.8568 c
h
49.0209 22.3387 m
47.9497 22.6029 47.0018 22.3149 46.0457 22.0487 c
48.0427 21.8409 48.5399 21.8917 49.0209 22.3387 c
h
50.8079 21.7259 m
50.4218 21.7619 50.0097 21.8228 49.9258 21.2859 c
49.8107 20.5509 49.2987 20.3227 48.6269 20.2748 c
48.8027 20.0129 48.9609 19.8037 48.6108 19.5939 c
48.0807 19.2747 47.6558 19.2827 47.1257 19.6469 c
47.0117 19.7249 46.8618 19.7498 46.7277 19.7989 c
46.7138 19.8238 46.6999 19.8488 46.6869 19.8748 c
46.6999 19.8488 46.7138 19.8238 46.7277 19.7977 c
47.0027 19.3808 47.2788 18.9629 47.5517 18.5479 c
47.5027 18.4969 47.4718 18.4329 47.4279 18.4229 c
47.3159 18.3977 47.1988 18.3969 47.0849 18.3869 c
47.0248 18.4439 46.9647 18.5017 46.9049 18.5598 c
46.8649 18.6358 l
46.8298 18.6018 l
46.9049 18.5598 l
46.9627 18.4997 47.0208 18.4408 47.0789 18.3807 c
46.9168 17.8098 46.5568 17.6669 46.2067 18.0527 c
45.9748 18.3087 45.7897 18.6069 45.5338 18.9527 c
44.6037 18.2568 43.8129 18.7398 43.2377 19.1018 c
42.2688 18.9697 41.5057 18.8597 40.7398 18.7719 c
40.6457 18.7617 40.5238 18.8589 40.4388 18.9337 c
39.9957 19.3249 39.6329 19.7668 39.5209 20.4707 c
39.8829 20.3828 40.1797 20.3097 40.4748 20.2388 c
40.5139 19.9998 40.5448 19.8037 40.5709 19.6458 c
40.8368 19.8859 41.0987 20.1237 41.3589 20.3587 c
41.3337 20.4177 41.3209 20.4778 41.2877 20.5217 c
41.2339 20.5917 41.1738 20.6597 41.1049 20.7128 c
40.2948 21.3369 40.2948 21.3358 40.8008 22.1357 c
40.8288 22.1808 40.8209 22.2489 40.8237 22.2678 c
40.5697 22.8878 40.3118 23.4709 40.0929 24.0687 c
40.0147 24.2819 39.9917 24.5339 40.0147 24.7609 c
40.0669 25.2899 40.4427 25.5237 40.9419 25.3389 c
41.2308 25.2317 41.4998 25.0679 41.8167 24.9097 c
42.0148 25.1589 42.1679 25.4157 42.3839 25.5969 c
42.5149 25.7068 42.7867 25.7868 42.9168 25.7227 c
43.0537 25.6547 43.1569 25.4018 43.1668 25.2238 c
43.1799 24.9999 43.0719 24.7708 43.0398 24.5409 c
43.0299 24.4667 43.0948 24.3828 43.1348 24.2799 c
43.7207 24.2799 l
44.0257 24.4698 43.5869 24.9069 44.0739 24.9299 c
44.1147 24.8567 l
44.1468 24.8899 l
44.0739 24.9299 l
44.1048 25.0869 44.1357 25.2448 44.1899 25.5217 c
44.5958 25.2207 44.9408 25.0078 45.2327 24.7377 c
45.5777 24.4188 45.8938 24.2878 46.3158 24.6008 c
46.6957 24.8817 47.0098 24.7768 47.2799 24.3887 c
47.3839 24.2388 47.5948 24.0627 47.7539 24.0659 c
48.8948 24.0849 49.6678 23.2427 50.6409 22.8779 c
50.9377 22.7667 51.0157 22.5329 50.9377 22.2358 c
50.8938 22.0677 50.8527 21.8988 50.8099 21.7298 c
50.8099 21.7298 50.8079 21.7259 50.8079 21.7259 c
f
/GS13 gs
/CS15 cs 0.1200 0.5500 0.0300 0.0000 scn
33.8896 27.2401 m
33.9406 27.2001 33.9914 27.1610 34.0424 27.1210 c
34.0625 27.1650 34.1036 27.2129 34.0965 27.2520 c
34.0906 27.2840 34.0274 27.3070 33.9905 27.3331 c
33.9565 27.3019 33.9225 27.2710 33.8896 27.2401 c
h
35.2225 27.0581 m
35.0116 27.0130 34.7956 26.9921 34.5084 26.9501 c
34.7394 26.5969 34.9174 26.3381 35.0776 26.0671 c
35.1085 26.0150 35.0666 25.9200 35.0555 25.8211 c
34.7984 25.8831 34.5776 25.9350 34.3485 25.9900 c
34.3216 25.0430 34.3185 25.0639 33.4035 24.9180 c
33.1594 24.8791 32.9434 24.6660 32.7146 24.5341 c
32.3986 24.4361 32.1114 24.9041 31.7316 24.6070 c
31.9745 24.4071 32.1786 24.2399 32.3955 24.0619 c
32.0715 23.5721 31.6505 23.4859 31.1984 23.5191 c
30.7885 23.5491 30.4495 23.4819 30.3534 23.0990 c
29.7196 23.3019 29.1506 23.4839 28.5446 23.6789 c
28.5256 23.9139 28.5055 24.1741 28.4856 24.4349 c
28.5905 24.6061 28.6716 24.7980 28.8034 24.9449 c
29.7026 25.9489 30.6116 26.9430 31.5176 27.9400 c
31.8645 28.2960 32.2126 28.6520 32.5596 29.0081 c
32.7036 28.8269 32.9145 28.6671 32.9794 28.4610 c
33.1965 27.7770 33.7136 27.7129 34.2924 27.7620 c
34.8375 27.8079 35.3806 27.8810 35.9246 27.9420 c
35.9824 27.8790 36.0405 27.8169 36.0995 27.7551 c
36.0505 27.2171 35.6264 27.1451 35.2225 27.0581 c
f
/GS13 gs
/CS15 cs 0.4200 0.8200 0.2200 0.0200 scn
36.4864 33.3181 m
35.8013 32.8561 35.1445 32.4502 34.6575 31.7401 c
35.1935 31.6380 35.7395 31.9181 36.3934 32.5582 c
36.6055 32.7651 36.6043 32.7651 36.4864 33.3181 c
f
/GS13 gs
/CS15 cs 0.3800 0.7900 0.0500 0.0000 scn
31.5173 27.9400 m
31.8645 28.2960 32.2123 28.6520 32.5593 29.0078 c
32.7005 29.2380 32.8425 29.4678 33.0695 29.8369 c
32.2183 29.7420 32.0264 29.0520 31.5374 28.7779 c
31.5283 28.6838 31.5193 28.5900 31.5094 28.4970 c
31.5125 28.3110 31.5145 28.1259 31.5173 27.9400 c
f
/GS13 gs
/CS15 cs 0.2600 0.5300 0.1000 0.0000 scn
29.0415 32.3651 m
28.6143 32.4051 28.3354 32.1970 28.1483 31.8331 c
28.1503 31.7710 28.1523 31.7100 28.1534 31.6483 c
28.1534 31.6483 28.1475 31.6551 28.1475 31.6551 c
28.9264 31.6922 28.9264 31.6922 29.0415 32.3651 c
f
/GS13 gs
/CS15 cs 0.3600 0.7800 0.0200 0.0000 scn
27.2690 4.7571 m
26.6471 4.5632 26.1400 4.2511 26.0220 3.5402 c
26.9631 3.0821 26.9631 3.0821 26.9651 2.1810 c
26.7310 2.1180 26.4971 2.0560 26.2831 1.9990 c
26.3860 1.6370 26.4711 1.3431 26.5552 1.0480 c
26.5791 1.0281 26.6020 1.0080 26.6261 0.9890 c
27.7050 1.0562 28.7841 1.1251 29.8641 1.1911 c
30.7420 1.2450 31.6412 1.1991 32.4941 1.3751 c
33.2762 1.5372 34.0540 1.4740 34.8290 1.5622 c
34.8990 1.5690 34.9792 1.4902 35.2032 1.3731 c
34.6742 1.1611 34.3301 1.0242 33.9871 0.8861 c
34.0021 0.6092 34.0172 0.3322 34.0350 -0.0108 c
34.3868 0.0799 34.6073 -0.0034 34.7760 -0.1539 c
35.6647 -0.1539 l
35.6301 -0.0108 l
35.8441 0.3662 35.9912 0.6491 36.1602 0.9181 c
36.3631 1.2382 36.5771 1.5562 37.0162 1.5732 c
37.0692 1.6311 37.1231 1.6900 37.1761 1.7481 c
36.6182 1.9052 35.9612 1.7002 35.4991 2.2122 c
35.4711 2.2422 35.3801 2.2462 35.3350 2.2260 c
34.8902 2.0231 34.7060 2.3301 34.5172 2.6342 c
34.4551 2.6782 34.3930 2.7232 34.3312 2.7680 c
34.3950 2.7252 34.4582 2.6821 34.5220 2.6391 c
34.7471 2.8312 34.9730 3.0240 35.1210 3.1510 c
34.9682 3.8560 34.1300 3.8211 34.0401 4.5592 c
34.8951 4.3200 35.5130 3.8730 36.0442 3.2851 c
36.5250 3.6581 36.5272 3.6391 37.2481 3.7400 c
37.4060 3.7621 37.5851 3.9441 37.6690 4.0992 c
37.7580 4.2661 37.7450 4.4872 37.7751 4.6740 c
38.4511 4.7092 39.0920 4.3812 39.3500 3.8871 c
39.3860 3.8171 39.4251 3.6981 39.3922 3.6471 c
39.0172 3.0750 39.6000 3.0852 39.8480 2.7550 c
39.8120 3.5952 39.8120 3.5952 40.1910 3.8900 c
39.6981 4.2902 39.1711 4.6570 38.7210 5.1021 c
38.3491 5.4700 37.8760 5.5942 37.4411 5.6052 c
36.2072 5.6350 35.0790 6.0100 33.9551 6.4502 c
33.3731 6.6781 32.7821 6.8360 32.1531 6.5951 c
31.7752 6.4491 31.3500 6.8720 30.9770 6.5222 c
31.3812 5.9831 31.4402 5.3980 31.2211 4.7710 c
31.2052 4.7262 31.2452 4.6610 31.2642 4.5850 c
31.5522 4.2012 32.3382 4.0632 31.9371 3.2451 c
31.8402 3.2182 31.6791 3.2131 31.5711 3.1340 c
31.2262 2.8800 30.9042 2.6532 30.4900 3.0212 c
30.2031 3.2771 29.8522 3.3752 29.6691 3.8432 c
29.4460 4.4181 29.3562 4.8662 29.6850 5.3901 c
29.7550 5.5012 29.7272 5.6741 29.7451 5.8181 c
29.5021 5.8221 29.2402 5.8870 29.0200 5.8192 c
28.3961 5.6262 27.7750 5.4011 27.4351 4.7682 c
27.6891 4.7971 27.9431 4.8251 28.2331 4.8580 c
28.2331 4.1182 l
28.4842 4.1542 28.6812 4.1811 28.9582 4.2211 c
28.8680 3.6482 29.8840 3.4370 29.3142 2.6461 c
28.8031 3.4792 28.1801 2.9322 27.5360 2.8171 c
27.5332 3.3551 27.1862 3.5090 26.7792 3.6281 c
26.6890 3.6541 26.6462 3.8421 26.5462 4.0170 c
26.8342 4.0921 27.0360 4.1451 27.2690 4.2060 c
h
f
/GS13 gs
/CS15 cs 0.3800 0.7900 0.0500 0.0000 scn
34.7760 -0.1539 m
34.6073 -0.0034 34.3874 0.0802 34.0356 -0.0105 c
34.0166 0.3325 34.0016 0.6094 33.9868 0.8864 c
32.4938 0.5295 30.9787 0.4385 29.4497 0.5145 c
28.8167 0.5465 28.1758 0.5224 27.5528 0.6205 c
27.2426 0.6684 26.8098 0.5644 26.6258 0.9884 c
26.6026 1.0086 26.5788 1.0284 26.5558 1.0474 c
26.3798 1.0466 26.2037 1.0454 26.0277 1.0446 c
26.0056 -0.1539 l
h
h
25.7953 -0.1539 m
25.4288 -0.1261 25.2346 0.0408 25.2176 0.3546 c
25.2028 0.6506 25.2986 0.9584 25.3828 1.2495 c
25.4038 1.3215 25.5716 1.3504 25.6717 1.3995 c
25.3998 1.6656 25.2227 1.6126 25.1396 1.2416 c
25.1436 1.1826 25.1478 1.1234 25.1527 1.0644 c
24.9678 0.9496 24.7946 0.7756 24.5937 0.7325 c
24.3116 0.6715 24.0086 0.7075 23.7138 0.7024 c
24.0126 0.4331 24.3085 0.1692 24.5373 -0.1539 c
h
f
/GS13 gs
/CS15 cs 0.2300 0.7200 0.0000 0.0000 scn
38.6090 -0.1539 m
38.8525 -0.1054 39.0861 -0.0094 39.3026 0.1826 c
39.2397 0.3214 39.1737 0.4666 39.0906 0.6474 c
39.6187 0.9074 39.9818 1.5874 40.7268 1.2234 c
41.1228 1.7025 40.4646 1.9176 40.5377 2.2844 c
40.5238 2.3066 40.5096 2.3275 40.4946 2.3496 c
40.5077 2.3264 40.5207 2.3034 40.5337 2.2796 c
40.8597 2.2606 41.1857 2.2416 41.5137 2.2215 c
41.5738 3.1025 41.2458 3.5235 40.1907 3.8894 c
39.8117 3.5946 39.8117 3.5946 39.8486 2.7544 c
39.6006 3.0855 39.0166 3.0756 39.3917 3.6476 c
39.4248 3.6975 39.3868 3.8166 39.3497 3.8874 c
39.0926 4.3815 38.4508 4.7095 37.7748 4.6735 c
37.7447 4.4864 37.7578 4.2656 37.6688 4.0995 c
37.5857 3.9444 37.4057 3.7616 37.2478 3.7395 c
36.5278 3.6394 36.5247 3.6575 36.0437 3.2856 c
35.5127 3.8724 34.8956 4.3206 34.0407 4.5595 c
34.1297 3.8214 34.9676 3.8565 35.1218 3.1504 c
34.9727 3.0246 34.7477 2.8315 34.5217 2.6385 c
34.5178 2.6334 l
34.7057 2.3306 34.8908 2.0234 35.3347 2.2255 c
35.3798 2.2465 35.4708 2.2425 35.4988 2.2116 c
35.9606 1.6994 36.6188 1.9054 37.1758 1.7484 c
38.3627 2.1195 38.6218 2.1115 39.0818 1.6495 c
38.6668 1.5545 38.2788 1.4666 37.8896 1.3776 c
37.7447 1.1744 37.5996 0.9714 37.3558 0.6304 c
37.2078 0.9845 37.1146 1.2076 37.0216 1.4306 c
37.0208 1.4786 37.0188 1.5256 37.0168 1.5724 c
36.5766 1.5565 36.3628 1.2385 36.1607 0.9176 c
35.9906 0.6486 35.8438 0.3654 35.6306 -0.0105 c
35.6647 -0.1539 l
h
f
/GS13 gs
/CS15 cs 0.2800 0.7100 0.0000 0.0000 scn
29.7448 5.8181 m
29.7278 5.6741 29.7547 5.5012 29.6847 5.3901 c
29.3567 4.8662 29.4457 4.4172 29.6697 3.8432 c
29.8517 3.3741 30.2037 3.2771 30.4906 3.0212 c
30.9036 2.6532 31.2267 2.8803 31.5717 3.1343 c
31.6786 3.2122 31.8396 3.2182 31.9368 3.2451 c
32.3376 4.0623 31.5516 4.2012 31.2636 4.5853 c
31.2446 4.6613 31.2058 4.7262 31.2216 4.7713 c
31.4408 5.3983 31.3807 5.9831 30.9767 6.5222 c
30.5657 6.2872 30.1558 6.0531 29.7448 5.8181 c
f
/GS13 gs
/CS15 cs 0.2300 0.7200 0.0000 0.0000 scn
25.1393 1.2413 m
25.2224 1.6123 25.3993 1.6654 25.6714 1.3995 c
25.6754 1.3963 l
25.7924 1.2784 25.9104 1.1614 26.0274 1.0434 c
26.0274 1.0443 l
26.2032 1.0454 26.3792 1.0466 26.5552 1.0474 c
26.4702 1.3425 26.3863 1.6373 26.2823 1.9984 c
26.4974 2.0554 26.7313 2.1183 26.9654 2.1804 c
26.9634 3.0815 26.9634 3.0815 26.0212 3.5405 c
25.3973 2.9234 24.7723 2.3054 24.1603 1.7014 c
24.3564 1.1863 24.7572 1.2365 25.1393 1.2413 c
f
/GS13 gs
/CS15 cs 0.2300 0.7200 0.0000 0.0000 scn
27.2690 4.7571 m
27.2690 4.2060 l
27.0360 4.1451 26.8342 4.0921 26.5462 4.0170 c
26.6462 3.8421 26.6890 3.6541 26.7792 3.6281 c
27.1862 3.5090 27.5332 3.3551 27.5360 2.8171 c
28.1801 2.9322 28.8031 3.4792 29.3142 2.6461 c
29.8840 3.4370 28.8680 3.6482 28.9582 4.2211 c
28.6812 4.1811 28.4842 4.1542 28.2331 4.1182 c
28.2331 4.8580 l
27.9431 4.8251 27.6891 4.7971 27.4351 4.7682 c
27.3790 4.7650 27.3240 4.7622 27.2690 4.7571 c
f
/GS13 gs
/CS15 cs 0.3000 0.6400 0.1300 0.0000 scn
28.5154 30.4571 m
29.0585 30.4571 l
29.0585 30.4872 29.0585 30.5172 29.0585 30.5470 c
28.5143 30.5470 l
28.5143 30.5172 28.5154 30.4872 28.5154 30.4571 c
f
/GS13 gs
/CS15 cs 0.3000 0.6400 0.1300 0.0000 scn
26.3744 28.1055 m
26.3906 28.0826 26.4076 28.0585 26.4234 28.0355 c
26.4124 28.0636 26.4016 28.0925 26.3906 28.1205 c
26.3906 28.1214 26.3744 28.1055 26.3744 28.1055 c
f
/GS13 gs
/CS15 cs 0.0100 0.4000 0.2200 0.0000 scn
28.1537 31.6483 m
28.1517 31.7103 28.1506 31.7713 28.1486 31.8331 c
28.0928 31.8302 28.0358 31.8291 27.9788 31.8302 c
28.0378 31.7701 28.0956 31.7092 28.1537 31.6483 c
f
/GS13 gs
/CS15 cs 0.2600 0.5300 0.1000 0.0000 scn
26.0297 28.1171 m
26.0147 28.1409 26.0005 28.1650 25.9855 28.1880 c
25.9985 28.1631 26.0116 28.1370 26.0246 28.1120 c
26.0246 28.1120 26.0297 28.1171 26.0297 28.1171 c
f
/GS13 gs
/CS15 cs 0.1300 0.7200 0.2300 0.0000 scn
34.3437 20.1512 m
34.2867 19.9780 34.2298 19.8051 34.1728 19.6322 c
34.4089 19.7461 34.6448 19.8612 34.8809 19.9760 c
34.7017 20.0341 34.5229 20.0931 34.3437 20.1512 c
f
/GS13 gs
/CS15 cs 0.2900 0.8300 0.0900 0.0000 scn
46.0457 22.0493 m
48.0427 21.8412 48.5396 21.8923 49.0207 22.3381 c
47.9497 22.6032 47.0015 22.3152 46.0457 22.0493 c
f
/GS13 gs
/CS15 cs 0.4200 0.8200 0.2200 0.0200 scn
44.1204 22.1151 m
43.6014 22.0340 43.0832 21.9532 42.4633 21.8571 c
43.0804 21.4662 43.5064 21.4960 44.1502 21.8971 c
44.1403 21.9702 44.1303 22.0422 44.1204 22.1151 c
f
/GS13 gs
/CS15 cs 0.1300 0.7200 0.2300 0.0000 scn
47.9186 20.4406 m
47.9205 20.4228 47.9157 20.3958 47.9256 20.3888 c
47.9415 20.3769 47.9676 20.3777 47.9886 20.3737 c
47.9857 20.4038 47.9826 20.4338 47.9795 20.4636 c
47.9597 20.4557 47.9387 20.4489 47.9186 20.4406 c
f
/GS13 gs
/CS15 cs 0.1300 0.7200 0.2300 0.0000 scn
44.0742 24.9293 m
44.1153 24.8573 l
44.1473 24.8893 l
h
f
/GS13 gs
/CS15 cs 0.1300 0.7200 0.2300 0.0000 scn
46.7283 19.7989 m
46.7141 19.8238 46.7002 19.8490 46.6863 19.8748 c
46.7002 19.8490 46.7141 19.8238 46.7283 19.7980 c
h
f
/GS13 gs
/CS15 cs 0.1300 0.7200 0.2300 0.0000 scn
46.9052 18.5598 m
46.8641 18.6358 l
46.8300 18.6018 l
h
f
/GS13 gs
/CS15 cs 0.1300 0.7200 0.2300 0.0000 scn
47.0846 18.3864 m
47.0245 18.4445 46.9647 18.5023 46.9046 18.5604 c
46.9627 18.5003 47.0205 18.4405 47.0786 18.3804 c
47.0786 18.3804 47.0846 18.3864 47.0846 18.3864 c
f
/GS13 gs
/CS15 cs 0.2600 0.5300 0.1000 0.0000 scn
33.9900 27.3331 m
33.9568 27.3022 33.9228 27.2713 33.8899 27.2401 c
33.9409 27.2001 33.9908 27.1602 34.0418 27.1213 c
34.0628 27.1653 34.1039 27.2132 34.0968 27.2511 c
34.0909 27.2843 34.0279 27.3061 33.9900 27.3331 c
f
/GS13 gs
/CS15 cs 0.8200 1.0000 0.2700 0.1900 scn
26.6261 0.9887 m
26.8101 0.5649 27.2421 0.6687 27.5530 0.6199 c
28.1752 0.5219 28.8170 0.5468 29.4500 0.5148 c
30.9790 0.4377 32.4941 0.5298 33.9871 0.8867 c
34.3301 1.0239 34.6742 1.1608 35.2032 1.3728 c
34.9792 1.4899 34.8990 1.5698 34.8290 1.5619 c
34.0540 1.4749 33.2762 1.5369 32.4941 1.3748 c
31.6400 1.1988 30.7420 1.2447 29.8630 1.1917 c
28.7841 1.1259 27.7050 1.0568 26.6261 0.9887 c
f
/GS13 gs
/CS15 cs 0.7400 1.0000 0.1800 0.0600 scn
37.8899 1.3774 m
38.2788 1.4664 38.6668 1.5554 39.0818 1.6503 c
38.6218 2.1112 38.3618 2.1203 37.1758 1.7484 c
37.1228 1.6903 37.0698 1.6313 37.0159 1.5732 c
37.0188 1.5253 37.0208 1.4783 37.0219 1.4304 c
37.3107 1.4122 37.5999 1.3952 37.8899 1.3774 c
f
/GS13 gs
/CS15 cs 0.2300 0.7200 0.0000 0.0000 scn
34.5217 2.6388 m
34.4577 2.6819 34.3947 2.7249 34.3307 2.7677 c
34.3928 2.7227 34.4557 2.6787 34.5178 2.6337 c
34.5178 2.6337 34.5217 2.6388 34.5217 2.6388 c
f
/GS13 gs
/CS15 cs 0.2300 0.7200 0.0000 0.0000 scn
25.6717 1.3992 m
25.5716 1.3501 25.4038 1.3212 25.3828 1.2501 c
25.2986 0.9581 25.2028 0.6511 25.2176 0.3552 c
25.2349 0.0374 25.4330 -0.1293 25.8075 -0.1539 c
26.0056 -0.1539 l
26.0277 1.0443 l
26.0277 1.0431 l
25.9098 1.1611 25.7927 1.2781 25.6748 1.3963 c
h
f
/GS13 gs
/CS15 cs 0.3800 0.7900 0.0500 0.0000 scn
37.8899 1.3774 m
37.5999 1.3952 37.3107 1.4122 37.0219 1.4304 c
37.1149 1.2084 37.2078 0.9853 37.3558 0.6304 c
37.5999 0.9714 37.7447 1.1744 37.8899 1.3774 c
f
/GS13 gs
/CS15 cs 0.4200 0.8200 0.2200 0.0200 scn
40.5337 2.2799 m
40.5207 2.3029 40.5079 2.3267 40.4949 2.3499 c
40.5099 2.3278 40.5238 2.3057 40.5377 2.2839 c
h
f
/GS13 gs
/CS15 cs 0.3800 0.7900 0.0500 0.0000 scn
25.6751 1.3961 m
25.7922 1.2781 25.9101 1.1611 26.0271 1.0431 c
25.9101 1.1611 25.7922 1.2781 25.6751 1.3961 c
f
/GS13 gs
/CS15 cs 0.0600 0.4500 0.0000 0.0000 scn
169.2490 -0.1539 m
169.2394 -0.1230 169.2315 -0.0921 169.2255 -0.0609 c
169.0203 1.0179 168.2274 1.6761 167.4995 2.3681 c
167.0374 2.8080 166.8455 2.7680 166.2965 2.3910 c
166.1604 2.2980 165.9864 2.2629 165.8293 2.2011 c
165.8293 2.2011 165.8353 2.2051 165.8353 2.2051 c
165.6743 1.4581 165.5124 0.7121 165.3443 -0.0689 c
165.1263 -0.0513 164.9387 -0.0802 164.7799 -0.1539 c
h
f
/GS13 gs
/CS15 cs 0.6600 0.9300 0.1300 0.0200 scn
147.6768 -0.1539 m
147.2145 0.1763 146.6892 0.3291 146.0180 0.2741 c
145.8700 -0.1539 l
h
f
/GS13 gs
/CS15 cs 0.1200 0.5500 0.0300 0.0000 scn
165.8296 2.2008 m
165.9866 2.2629 166.1607 2.2978 166.2956 2.3907 c
166.8455 2.7689 167.0377 2.8077 167.4995 2.3689 c
168.2277 1.6758 169.0197 1.0179 169.2255 -0.0612 c
169.2315 -0.0924 169.2394 -0.1233 169.2490 -0.1539 c
169.7814 -0.1539 l
169.4815 0.8345 168.8414 1.6631 168.3417 2.5478 c
167.8255 3.4608 166.4215 3.2238 165.8296 2.2008 c
f
/GS13 gs
/CS15 cs 0.1200 0.5500 0.0300 0.0000 scn
164.7799 -0.1539 m
164.9387 -0.0799 165.1258 -0.0513 165.3435 -0.0689 c
165.5124 0.7121 165.6746 1.4581 165.8356 2.2042 c
165.4605 1.9332 165.2306 1.5642 165.0266 1.1480 c
164.8077 0.7004 164.5401 0.2767 164.2864 -0.1539 c
h
f
/GS13 gs
/CS15 cs 0.0000 0.5200 0.1300 0.0000 scn
238.5856 12.0348 m
238.5615 12.0359 238.5377 12.0209 238.5136 12.0129 c
238.5207 11.9920 238.5275 11.9540 238.5357 11.9540 c
238.5595 11.9540 238.5845 11.9679 238.6086 11.9758 c
238.6006 11.9968 238.5935 12.0348 238.5856 12.0348 c
h
231.8097 14.9950 m
231.9197 14.5358 231.9866 14.2569 232.0946 13.8050 c
232.3706 14.0868 232.5455 14.2659 232.8605 14.5879 c
232.4446 14.7489 232.2215 14.8348 231.8097 14.9950 c
h
238.2276 10.6569 m
238.1885 10.8448 238.1227 11.1560 238.0606 11.4500 c
237.6485 11.1090 237.2715 10.5698 236.8006 10.4689 c
236.3295 10.3680 235.7666 10.7090 235.2416 10.8499 c
235.0755 10.8950 234.9006 10.9548 234.7336 10.9449 c
233.7406 10.8819 233.2845 11.0608 232.5796 11.8519 c
232.6425 11.9789 232.7125 12.1280 232.7896 12.2729 c
232.9495 12.5739 232.9376 12.8268 232.6147 13.0209 c
232.2465 13.2429 232.0546 13.7999 231.4315 13.5479 c
231.2756 13.4850 230.9885 13.7480 230.7617 13.8620 c
230.7526 14.0329 230.7436 14.2038 230.7356 14.3748 c
231.0676 14.5290 231.3947 14.6160 231.5957 15.0290 c
231.7995 15.4468 232.2975 15.4879 232.7675 15.4168 c
233.1037 15.3660 233.4495 15.3780 233.7905 15.3530 c
233.9277 15.3428 234.0717 15.3309 234.1987 15.2819 c
235.1446 14.9210 235.3657 14.9998 235.8635 15.8998 c
237.0427 16.0648 237.0427 16.0648 238.8356 14.6860 c
238.8685 14.7730 238.8986 14.8898 238.9586 14.9910 c
238.9995 15.0610 239.0805 15.1078 239.1426 15.1648 c
239.2795 15.0409 239.4045 14.9289 239.5176 14.8260 c
239.5766 14.8499 239.6146 14.8530 239.6265 14.8728 c
240.0395 15.5350 240.4497 16.1980 240.8607 16.8610 c
241.0597 16.5059 241.2227 16.2048 241.6856 16.0098 c
242.0436 15.8598 242.2877 15.2580 242.4246 14.8079 c
242.6037 14.2200 242.9416 13.8730 243.4895 13.6769 c
243.9167 12.8460 244.6427 12.3639 245.4537 11.9738 c
245.5506 11.9268 245.6206 11.8210 245.7037 11.7420 c
244.5457 11.7238 243.4575 12.0260 242.3985 12.4600 c
241.6167 12.7800 240.8587 13.1820 239.9786 13.1630 c
239.5687 13.3829 239.1746 13.6400 238.7455 13.8149 c
237.9076 14.1579 237.0506 14.4539 236.1056 14.8059 c
236.2487 14.3790 236.5435 14.1520 236.8746 14.0250 c
237.9135 13.6290 238.9666 13.2718 240.0137 12.8999 c
240.8326 12.4719 241.6507 12.0438 242.4685 11.6158 c
242.1916 11.4559 241.9336 11.2360 241.6357 11.1489 c
240.7935 10.9020 239.9355 10.7090 239.0837 10.4950 c
238.8487 10.5389 238.6137 10.5840 238.2276 10.6569 c
f
/GS13 gs
/CS15 cs 0.6600 0.9300 0.1300 0.0200 scn
263.5427 -0.1539 m
263.2776 0.1344 263.0364 0.4459 262.7807 0.7424 c
262.0925 1.4134 261.4045 2.0835 260.7165 2.7533 c
260.4966 2.5554 260.2777 2.3564 260.0575 2.1583 c
260.0966 2.1084 260.1357 2.0574 260.1746 2.0075 c
260.2216 1.9474 260.2675 1.8873 260.3146 1.8275 c
260.3146 1.8275 260.3197 1.8094 260.3197 1.8105 c
260.3897 1.7135 260.4597 1.6174 260.5306 1.5205 c
260.5306 1.5205 260.5516 1.4964 260.5516 1.4964 c
260.8985 1.1574 261.2466 0.8195 261.5936 0.4805 c
261.6497 0.4595 261.7067 0.4374 261.7625 0.4153 c
261.8155 0.3626 261.8685 0.3084 261.9215 0.2546 c
262.2631 -0.1539 l
h
f
/GS13 gs
/CS15 cs 0.0200 0.5000 0.0000 0.0000 scn
263.5262 26.9680 m
263.4673 27.0791 263.4072 27.1911 263.3482 27.3022 c
263.2124 27.3472 263.0503 27.3580 262.9443 27.4411 c
262.3782 27.8810 261.9913 28.5160 261.3444 28.8782 c
261.1134 29.0081 260.9782 29.2541 261.1012 29.5622 c
261.2662 29.9721 260.9994 30.0801 260.6763 30.1382 c
260.0393 29.0690 259.4044 28.0012 258.7643 26.9342 c
258.7382 26.8911 258.6702 26.8722 258.6492 26.8591 c
258.2623 27.0641 257.8912 27.2602 257.5202 27.4561 c
257.4482 27.4660 257.3762 27.4762 257.3042 27.4870 c
257.3042 27.4870 257.3062 27.4861 257.3062 27.4861 c
257.3484 27.2010 257.3314 26.9561 256.9504 26.9532 c
256.9533 26.9561 l
256.8963 26.7772 256.8382 26.5980 256.7812 26.4192 c
256.8163 26.2602 256.8512 26.1011 256.8784 25.9741 c
257.2053 25.9931 257.4723 26.0090 257.8663 26.0331 c
257.7223 25.8321 257.6883 25.7542 257.6282 25.7051 c
257.2214 25.3732 256.8543 24.9361 256.3872 24.7450 c
255.6944 24.4621 256.0742 23.7002 255.6204 23.3501 c
255.5334 23.2841 255.4903 23.1562 255.4373 23.0522 c
255.3503 22.8810 255.2712 22.7061 255.1802 22.5162 c
256.1054 21.9580 257.0624 22.1060 258.0392 22.0751 c
258.0712 22.2752 258.1024 22.4592 258.1353 22.6641 c
258.5472 22.5281 258.8692 22.5300 258.9834 23.0091 c
258.8482 23.1531 258.7153 23.2940 258.4933 23.5312 c
258.7652 23.7512 258.9973 23.9380 259.2292 24.1251 c
259.3114 24.9231 259.4594 25.6972 260.0223 26.3361 c
259.8854 25.3602 259.7494 24.3831 259.6124 23.4071 c
260.6383 23.2812 261.1474 24.2541 261.8952 24.5200 c
262.1693 24.2470 262.4003 24.0182 262.6393 23.7801 c
262.2243 23.1610 262.2583 22.7642 262.8003 22.3461 c
262.8244 22.3591 262.8493 22.3730 262.8734 22.3860 c
262.8482 22.3730 262.8244 22.3600 262.7994 22.3461 c
262.6203 22.0510 262.4414 21.7562 262.2623 21.4611 c
262.2634 21.4030 262.2674 21.3440 262.2742 21.2871 c
262.6943 21.2652 263.1543 21.3701 263.4732 20.9052 c
263.2813 20.6422 263.0942 20.3862 262.8003 19.9831 c
263.7354 20.2521 263.8743 20.9721 264.2414 21.4860 c
264.2224 21.9081 263.9923 22.3262 264.3024 22.7551 c
264.3823 22.8662 264.2732 23.1310 264.2213 23.3181 c
264.0583 23.9000 263.7323 24.4831 263.7513 25.0560 c
263.7703 25.6252 263.6714 26.0691 263.3873 26.5292 c
263.3343 26.6142 263.4752 26.8191 263.5262 26.9680 c
f
/GS13 gs
/CS15 cs 0.1000 0.6600 0.0200 0.0000 scn
249.1648 25.1688 m
249.2328 26.5297 248.7240 27.6806 247.8288 28.6648 c
247.5420 28.9809 247.1530 29.2107 246.7930 29.4557 c
245.2728 30.4886 243.6148 31.1366 241.7598 31.2168 c
241.4619 31.1508 241.1640 31.0847 240.8649 31.0187 c
240.9800 30.3188 241.7029 30.6388 242.0790 30.3129 c
242.0470 29.9908 242.0138 29.6708 241.9818 29.3508 c
242.2069 29.4018 242.3030 29.4996 242.3829 29.6076 c
242.6939 30.0277 243.0380 30.2207 243.5868 29.9818 c
244.2450 29.6957 244.9828 29.5716 245.6019 29.2266 c
246.0050 29.0038 246.6320 28.7447 246.3888 28.0176 c
246.3809 27.9918 246.4569 27.9369 246.5059 27.8827 c
246.7089 27.9677 246.9090 28.0517 247.1749 28.1636 c
247.1749 27.9717 247.2208 27.8237 247.1678 27.7617 c
246.7840 27.3217 246.3639 26.9237 245.7729 26.7718 c
245.6070 26.7296 245.3389 26.7276 245.2929 26.6267 c
245.0018 25.9929 244.3700 26.0816 243.8688 25.9268 c
243.4399 25.7936 243.0539 25.9157 242.8600 26.3747 c
242.9388 26.6068 243.0130 26.8288 243.1380 27.1967 c
242.7018 27.0088 242.4240 26.8877 242.1369 26.7636 c
242.0589 26.8546 241.9860 26.9087 241.9540 26.9816 c
241.6399 27.6976 241.1498 28.1086 240.3139 28.0157 c
239.9060 27.9706 239.4910 27.9967 239.0788 27.9907 c
239.2209 27.4586 238.8730 27.2758 238.4340 27.1947 c
238.6599 26.3007 239.5449 26.9736 239.9040 26.4308 c
239.9570 26.2397 240.0228 26.0048 240.1129 25.6856 c
240.3808 25.9197 240.5690 26.0838 240.7008 26.1986 c
241.6689 26.1907 241.4959 25.3877 241.7179 24.7918 c
242.0388 25.0846 242.2860 25.3097 242.5569 25.5557 c
242.8248 25.3548 242.9249 24.8417 243.3889 25.1436 c
243.4300 25.1697 243.5508 25.1028 243.6180 25.0546 c
244.2739 24.5866 244.7169 24.5078 245.4540 24.7836 c
245.7179 23.8728 246.7729 24.2688 247.3770 23.6517 c
246.6550 23.3957 246.6740 22.9147 246.8710 22.3506 c
247.0518 21.8296 247.2659 21.7196 247.7880 21.9226 c
248.4439 22.1788 248.5979 22.7477 248.6330 23.3447 c
248.6710 24.0026 248.8260 24.6078 249.1648 25.1688 c
f
/GS13 gs
/CS15 cs 0.7400 1.0000 0.1800 0.0600 scn
245.7034 11.7417 m
244.5466 11.7238 243.4575 12.0257 242.3985 12.4597 c
241.6164 12.7797 240.8596 13.1817 239.9786 13.1627 c
239.9905 13.0759 240.0026 12.9878 240.0134 12.8999 c
240.8326 12.4719 241.6504 12.0438 242.4685 11.6158 c
243.5275 11.3219 244.6115 11.0948 245.6385 10.7138 c
246.4084 10.4267 247.2094 10.4289 247.9825 10.2348 c
248.6055 10.0789 249.2235 9.8969 249.8326 9.6908 c
250.8775 9.3379 251.9614 9.2109 253.0454 9.0748 c
253.3025 9.0417 253.5545 8.9617 253.8074 8.9039 c
253.8584 8.8557 253.9094 8.8078 253.9604 8.7599 c
253.9604 8.7599 253.9916 8.7299 253.9916 8.7299 c
254.0404 8.6817 254.0894 8.6338 254.1385 8.5859 c
254.1385 8.5859 254.1725 8.5538 254.1725 8.5538 c
254.2195 8.5079 254.2666 8.4617 254.3136 8.4158 c
254.4474 8.2828 254.5815 8.1499 254.7156 8.0169 c
254.7584 7.9699 254.8026 7.9228 254.8454 7.8749 c
254.8454 7.8749 254.8585 7.8437 254.8585 7.8437 c
255.1586 7.7958 255.4586 7.7468 255.7585 7.6978 c
255.6414 8.3109 255.0705 8.5178 254.6776 8.8719 c
254.0954 9.3957 253.5885 9.9629 253.2495 10.6719 c
253.2484 10.6727 l
253.1954 10.7388 253.1415 10.8037 253.0874 10.8697 c
252.8685 11.1319 252.6486 11.3939 252.4294 11.6558 c
251.7806 12.2037 251.1816 12.7899 250.9024 13.6247 c
250.9024 13.6247 250.8936 13.6358 250.8936 13.6358 c
250.7885 13.7667 250.6836 13.8977 250.5784 14.0289 c
250.5294 14.0907 250.4815 14.1537 250.4324 14.2169 c
250.3565 14.3209 250.2805 14.4249 250.2045 14.5287 c
250.1005 14.9559 249.8054 15.2597 249.5446 15.5937 c
248.9936 16.2978 248.4726 17.0249 247.9394 17.7429 c
247.7534 18.0258 247.5686 18.3087 247.3826 18.5919 c
246.8636 19.4298 246.3446 20.2689 245.8264 21.1068 c
245.4114 21.6938 244.9964 22.2809 244.5814 22.8679 c
244.7025 22.4909 244.7714 22.0847 244.9556 21.7409 c
245.3386 21.0268 245.8106 20.3598 246.1895 19.6438 c
246.3576 19.3277 246.3894 18.9397 246.4826 18.5848 c
246.9274 17.8449 247.3724 17.1057 247.8175 16.3658 c
247.9144 16.2337 248.0114 16.1028 248.1086 15.9718 c
248.4136 15.5667 248.7195 15.1617 249.0236 14.7569 c
249.0704 14.6889 249.1174 14.6217 249.1645 14.5548 c
249.1645 14.5548 249.1676 14.5497 249.1676 14.5497 c
249.2875 14.3768 249.4074 14.2038 249.5285 14.0318 c
249.5285 14.0318 249.5305 14.0278 249.5305 14.0278 c
249.5996 13.9218 249.6685 13.8149 249.7385 13.7078 c
250.6204 12.6309 251.5034 11.5537 252.3855 10.4769 c
252.4836 10.3229 252.5805 10.1687 252.7274 9.9357 c
252.0604 9.8569 251.5626 10.0259 251.0824 10.2798 c
250.9254 10.3068 250.7686 10.3348 250.6116 10.3618 c
250.0166 10.4899 249.4134 10.5928 248.8294 10.7578 c
248.5684 10.8317 248.3425 11.0299 248.1004 11.1708 c
247.5255 11.2989 246.9495 11.4267 246.3735 11.5549 c
246.1686 11.6138 245.9636 11.6728 245.7584 11.7317 c
h
f
/GS13 gs
/CS15 cs 0.1800 0.7900 0.0000 0.0000 scn
245.8261 21.1071 m
246.3452 20.2691 246.8642 19.4301 247.3832 18.5919 c
247.4461 18.8631 247.6361 19.1849 247.5502 19.3949 c
247.2282 20.1821 247.6202 20.6549 248.1602 21.1011 c
248.5902 22.2111 249.1160 23.2931 249.2161 24.5030 c
249.2342 24.7221 249.1841 24.9471 249.1651 25.1691 c
248.8260 24.6081 248.6710 24.0021 248.6330 23.3450 c
248.5981 22.7480 248.4442 22.1791 247.7871 21.9231 c
247.2661 21.7191 247.0521 21.8290 246.8710 22.3509 c
246.6740 22.9150 246.6541 23.3960 247.3770 23.6520 c
246.7721 24.2691 245.7181 23.8731 245.4542 24.7839 c
244.7172 24.5081 244.2730 24.5860 243.6182 25.0551 c
243.5511 25.1031 243.4300 25.1700 243.3892 25.1430 c
242.9252 24.8420 242.8240 25.3551 242.5572 25.5560 c
242.2862 25.3091 242.0391 25.0849 241.7182 24.7921 c
241.4962 25.3879 241.6691 26.1901 240.7011 26.1989 c
240.5690 26.0841 240.3811 25.9200 240.1121 25.6861 c
240.0231 26.0050 239.9570 26.2400 239.9040 26.4311 c
239.5451 26.9739 238.6590 26.3010 238.4331 27.1939 c
238.8722 27.2761 239.2211 27.4589 239.0791 27.9901 c
238.3920 28.2010 238.3421 28.3881 238.5612 28.9990 c
238.7511 29.5279 238.8030 30.1071 238.9161 30.6629 c
238.8960 30.6720 238.8722 30.6760 238.8560 30.6901 c
238.8461 30.6981 238.8472 30.7191 238.8441 30.7341 c
238.8671 30.7100 238.8892 30.6850 238.9122 30.6601 c
239.1310 30.7071 239.4992 30.6969 239.5431 30.8100 c
239.7410 31.3319 240.1452 31.1581 240.4981 31.1780 c
240.6192 31.1250 240.7402 31.0731 240.8610 31.0201 c
240.8652 31.0190 l
241.1631 31.0850 241.4622 31.1511 241.7601 31.2171 c
240.9392 31.3869 240.1231 31.5910 239.2951 31.7030 c
239.0641 31.7341 238.7602 31.5320 238.5561 31.3580 c
238.3900 31.2171 238.2871 30.9711 238.2191 30.7519 c
237.8222 29.4721 237.7142 28.1631 237.9390 26.8410 c
238.0762 26.0359 238.2681 25.2411 238.4362 24.4420 c
239.4811 24.4911 240.5441 24.6900 241.4730 24.0270 c
242.2590 24.7479 242.4501 24.7391 243.2730 24.1421 c
243.4771 23.9941 243.7960 24.0049 244.1421 23.9241 c
244.2671 23.6820 244.4272 23.3739 244.5860 23.0649 c
244.8482 23.2220 245.1101 23.3790 245.4171 23.5630 c
245.7221 23.4740 246.0711 23.3711 246.4520 23.2600 c
246.2012 22.9649 246.0050 22.7361 245.7462 22.4320 c
246.0291 22.1990 246.2502 22.0161 246.4911 21.8171 c
246.3582 21.4849 246.2831 21.1269 245.8261 21.1071 c
f
/GS13 gs
/CS15 cs 0.2900 0.8300 0.0900 0.0000 scn
240.5860 23.7951 m
240.2790 23.2282 240.0290 22.7662 239.7518 22.2551 c
240.3989 21.9302 240.7360 22.7361 241.4710 22.8521 c
241.1708 22.2361 240.9318 21.7451 240.6438 21.1541 c
241.3959 21.1371 241.6348 21.5821 241.8358 22.0161 c
242.0819 22.5482 242.4390 23.0970 241.9418 23.7591 c
241.4619 23.3660 240.9800 23.5142 240.5860 23.7951 c
h
244.5500 23.0202 m
244.5378 22.9870 244.5208 22.9552 244.5168 22.9212 c
244.5160 22.9110 244.5508 22.8960 244.5698 22.8841 c
244.5698 22.8841 244.5809 22.8682 244.5820 22.8682 c
244.7028 22.4901 244.7708 22.0850 244.9548 21.7412 c
245.3380 21.0271 245.8100 20.3601 246.1898 19.6441 c
246.3568 19.3280 246.3888 18.9400 246.4829 18.5851 c
244.4769 18.9972 242.5878 19.7022 240.8389 20.7811 c
239.4598 21.6320 238.6919 22.8631 238.4368 24.4420 c
239.4808 24.4911 240.5449 24.6900 241.4738 24.0270 c
242.2590 24.7482 242.4498 24.7391 243.2730 24.1421 c
243.4779 23.9941 243.7968 24.0052 244.1418 23.9241 c
244.2668 23.6820 244.4270 23.3742 244.5860 23.0652 c
h
f
/GS13 gs
/CS15 cs 0.2900 0.6400 0.0100 0.0000 scn
262.2742 21.2868 m
262.2671 21.3446 262.2640 21.4027 262.2631 21.4608 c
262.0222 21.9016 261.7821 22.3438 261.5151 22.8328 c
261.5122 22.8328 261.3770 22.8668 261.3512 22.8277 c
261.0062 22.3078 260.4750 22.6757 260.0442 22.5646 c
259.7890 22.4997 259.4730 22.6828 259.4392 23.0556 c
259.3800 23.0556 259.3202 23.0556 259.2612 23.0556 c
259.2612 22.1547 l
259.5580 22.0116 259.7562 21.9166 259.9920 21.8038 c
259.7230 21.2448 259.7091 20.5608 258.8970 20.5588 c
258.9551 20.3088 259.0960 20.0438 259.0571 19.8096 c
258.9341 19.0638 258.7431 18.3297 258.5792 17.5907 c
258.4590 16.6689 258.2960 15.7496 258.2402 14.8238 c
258.2172 14.4437 257.9570 13.9337 258.5081 13.6556 c
258.7241 14.3277 258.9222 15.0058 259.1680 15.6668 c
259.2371 15.8528 259.4171 16.0498 259.5960 16.1348 c
260.4620 16.5438 261.2421 17.0668 261.9190 17.7426 c
261.8161 18.2248 261.7132 18.7067 261.6120 19.1826 c
261.7900 19.3238 261.9490 19.4488 262.1631 19.6177 c
261.5301 20.2037 261.7960 20.6748 262.1852 21.1348 c
262.2220 21.1796 262.2450 21.2357 262.2742 21.2868 c
f
/GS13 gs
/CS15 cs 0.6600 0.9300 0.1300 0.0200 scn
258.5083 13.6559 m
257.9573 13.9337 258.2172 14.4428 258.2402 14.8238 c
258.2963 15.7499 258.4593 16.6689 258.5781 17.5907 c
258.3941 17.5238 258.2093 17.4577 258.0253 17.3908 c
257.9083 16.7128 257.7861 16.0347 257.6792 15.3539 c
257.6392 15.1038 257.7081 14.8119 257.3592 14.7229 c
257.5253 14.0108 257.6222 13.3027 257.3821 12.5807 c
257.3113 12.3667 257.3252 12.1218 257.3141 11.8899 c
257.2441 10.2869 257.1772 8.6848 257.1092 7.0818 c
257.1792 6.8369 257.1191 6.6648 256.8453 6.6138 c
256.4532 6.5718 256.3733 6.8737 256.2622 7.1419 c
256.2653 7.1388 l
256.0873 7.3168 255.9101 7.4948 255.7321 7.6717 c
255.7582 7.6978 l
255.4583 7.7468 255.1581 7.7958 254.8582 7.8437 c
256.3342 6.0307 257.8003 4.2089 259.5742 2.6668 c
259.7723 2.6918 259.9713 2.7159 260.1981 2.7448 c
260.1853 2.9248 260.1723 3.0898 260.1601 3.2539 c
259.7142 3.8248 259.2723 4.3977 258.8221 4.9649 c
258.4803 5.3957 258.2742 5.8629 258.3502 6.4298 c
258.3692 6.5699 258.3791 6.7538 258.3062 6.8547 c
257.8762 7.4537 258.0423 8.1159 258.1461 8.7307 c
258.3533 9.9649 258.3581 11.2008 258.3731 12.4407 c
258.1041 12.7318 258.0673 12.9878 258.4843 13.1749 c
258.4922 13.3347 258.5001 13.4949 258.5083 13.6559 c
f
/GS13 gs
/CS15 cs 0.2900 0.6400 0.0100 0.0000 scn
257.3592 14.7229 m
257.7084 14.8119 257.6392 15.1038 257.6792 15.3539 c
257.7864 16.0350 257.9083 16.7128 258.0253 17.3908 c
257.9723 17.6068 257.8314 17.8458 257.8833 18.0329 c
258.0143 18.5060 257.9352 18.8838 257.6052 19.2359 c
257.5403 19.3048 257.5412 19.4360 257.5083 19.5480 c
258.3802 19.6019 258.3913 19.6109 258.5554 20.3848 c
258.1223 21.0180 257.5213 20.7510 256.9674 20.6649 c
256.4303 20.5829 255.9002 20.4548 255.3673 20.3479 c
255.1082 20.9140 255.0793 21.5099 254.4494 21.6510 c
253.9154 20.5160 254.3423 19.4709 254.8264 18.4759 c
255.1422 17.8288 255.6303 17.2670 256.0402 16.6660 c
256.4813 16.0189 256.9192 15.3709 257.3592 14.7229 c
f
/GS13 gs
/CS15 cs 0.3000 0.6400 0.1300 0.0000 scn
251.1269 -0.1539 m
250.9549 -0.0099 250.7791 0.1287 250.5937 0.2543 c
250.0186 0.6443 249.4817 1.1083 248.9927 1.6033 c
247.9147 2.6972 246.5816 3.3182 245.1626 3.8021 c
245.0106 3.7301 244.8456 3.6771 244.7116 3.5813 c
244.5877 3.4911 244.4975 3.3551 244.3927 3.2391 c
244.6217 3.2051 244.9315 3.2522 245.0656 3.1212 c
245.6257 2.5713 246.4087 2.5262 247.0657 2.2192 c
247.8835 1.8383 248.5885 1.3671 249.2246 0.7583 c
249.2736 0.7112 249.2595 0.5992 249.2816 0.4853 c
249.0497 0.4113 248.8326 0.3413 248.6265 0.2761 c
248.4887 0.4652 248.3745 0.6202 248.1795 0.8861 c
247.7795 0.5151 247.3515 0.2367 247.0972 -0.1539 c
h
f
/GS13 gs
/CS15 cs 0.1200 0.5500 0.0300 0.0000 scn
254.4497 21.6505 m
255.0796 21.5096 255.1085 20.9134 255.3676 20.3474 c
255.9005 20.4554 256.4306 20.5826 256.9677 20.6654 c
257.5216 20.7505 258.1226 21.0186 258.5557 20.3856 c
258.6696 20.4435 258.7827 20.5016 258.8967 20.5594 c
259.7097 20.5605 259.7236 21.2445 259.9917 21.8044 c
259.7567 21.9166 259.5586 22.0116 259.2607 22.1545 c
259.2607 23.0556 l
259.2507 23.4125 259.2397 23.7685 259.2286 24.1254 c
258.9976 23.9386 258.7657 23.7506 258.4936 23.5315 c
258.7156 23.2946 258.8485 23.1525 258.9826 23.0094 c
258.8695 22.5306 258.5466 22.5275 258.1356 22.6644 c
258.1016 22.4595 258.0715 22.2755 258.0386 22.0754 c
257.0615 22.1066 256.1057 21.9574 255.1805 22.5156 c
255.2706 22.7055 255.3497 22.8804 255.4376 23.0516 c
255.4906 23.1565 255.5337 23.2835 255.6207 23.3504 c
256.0745 23.6996 255.6935 24.4616 256.3875 24.7456 c
256.8546 24.9364 257.2217 25.3735 257.6285 25.7054 c
257.6877 25.7536 257.7226 25.8324 257.8666 26.0334 c
257.4726 26.0096 257.2055 25.9934 256.8787 25.9736 c
256.8506 26.1006 256.8166 26.2604 256.7815 26.4195 c
256.7177 26.4835 256.6525 26.5484 256.5887 26.6125 c
255.5167 25.1135 254.5586 23.5655 254.4497 21.6505 c
f
/GS13 gs
/CS15 cs 0.1400 0.7500 0.0900 0.0000 scn
240.8604 16.8613 m
241.0594 16.5061 241.2224 16.2043 241.6856 16.0101 c
242.0436 15.8601 242.2874 15.2572 242.4246 14.8082 c
242.6034 14.2203 242.9425 13.8722 243.4895 13.6772 c
242.4946 15.3723 241.7596 17.2332 240.4715 18.7381 c
239.6665 19.6792 238.6655 20.4202 237.3075 20.3811 c
237.1946 20.2703 237.0804 20.1583 236.9665 20.0463 c
236.7184 19.8062 236.4704 19.5653 236.2056 19.3093 c
236.5265 18.6452 236.7896 19.4862 237.0844 19.3632 c
237.1394 19.2033 237.1946 19.0423 237.2445 18.8932 c
237.5634 18.8223 237.8534 18.7571 238.1556 18.6891 c
237.8146 18.0091 237.2896 17.5153 237.1275 16.7343 c
238.0606 16.6691 238.8654 16.4982 239.4706 17.3112 c
239.7095 17.6312 240.0514 17.6913 240.3686 17.3463 c
240.5245 17.1771 240.6966 17.0223 240.8604 16.8613 c
f
/GS13 gs
/CS15 cs 0.4200 0.8200 0.2200 0.0200 scn
244.3924 3.2397 m
244.4973 3.3557 244.5874 3.4917 244.7124 3.5807 c
244.8454 3.6777 245.0103 3.7295 245.1623 3.8015 c
245.1623 3.8015 245.1192 3.8055 245.1192 3.8055 c
244.9964 3.8477 244.8743 3.8897 244.7524 3.9317 c
244.7062 3.9597 244.6583 3.9716 244.6053 3.9685 c
244.3552 3.9416 244.1024 3.8735 243.8572 3.8976 c
243.4932 3.9325 243.1383 4.0606 242.7744 4.0986 c
242.3693 4.1397 241.9583 4.1247 241.5504 4.1335 c
240.2963 3.7757 239.0403 3.4226 237.7882 3.0566 c
237.5382 2.9837 237.2624 2.9106 237.0682 2.7516 c
236.3003 2.1237 235.5602 1.4627 234.8104 0.8147 c
234.7294 0.7886 234.6474 0.7637 234.5652 0.7376 c
234.4813 0.6866 234.3963 0.6355 234.3124 0.5845 c
234.2526 0.2724 234.2945 0.0295 234.4113 -0.1539 c
235.5582 -0.1539 l
235.5506 -0.0649 235.5650 0.0326 235.6064 0.1417 c
235.7532 0.5287 235.9624 0.8206 236.4384 0.7597 c
236.8964 1.0466 237.1504 1.7515 237.9152 1.3765 c
238.0263 1.6917 238.0884 1.9485 238.2063 2.1776 c
238.3044 2.3675 238.4334 2.6096 238.6083 2.6796 c
239.6092 3.0835 240.6234 3.4586 241.6442 3.8117 c
242.1303 3.9796 242.2202 3.8645 242.1482 3.3077 c
242.1363 3.2125 242.1573 3.1127 242.1723 2.8525 c
242.4583 3.2907 242.6553 3.5926 242.9734 4.0776 c
243.0743 3.6077 243.1293 3.3525 243.1953 3.0436 c
243.5204 2.9985 243.8643 2.9506 244.2084 2.9015 c
244.2694 3.0146 244.3314 3.1266 244.3924 3.2397 c
f
/GS13 gs
/CS15 cs 0.3800 0.7900 0.0500 0.0000 scn
236.4381 0.7600 m
235.9621 0.8209 235.7541 0.5289 235.6061 0.1420 c
235.5647 0.0329 235.5506 -0.0646 235.5579 -0.1539 c
236.2394 -0.1539 l
236.2144 0.1315 236.3961 0.4476 236.4381 0.7600 c
h
234.4113 -0.1539 m
234.2942 0.0295 234.2529 0.2718 234.3129 0.5839 c
234.0791 0.4028 233.8461 0.2228 233.6131 0.0420 c
233.6009 -0.0190 233.5963 -0.0870 233.5904 -0.1539 c
h
f
/GS13 gs
/CS15 cs 0.1000 0.6600 0.0200 0.0000 scn
239.0834 10.4947 m
238.8484 10.5386 238.6134 10.5837 238.2276 10.6569 c
238.1885 10.8448 238.1224 11.1557 238.0606 11.4508 c
237.6496 11.1087 237.2715 10.5698 236.8006 10.4686 c
236.3295 10.3689 235.7666 10.7096 235.2416 10.8496 c
235.0755 10.8947 234.9006 10.9548 234.7345 10.9449 c
233.7406 10.8816 233.2845 11.0608 232.5796 11.8517 c
232.6425 11.9786 232.7125 12.1277 232.7896 12.2726 c
232.9495 12.5736 232.9376 12.8268 232.6144 13.0207 c
232.2465 13.2426 232.0554 13.7996 231.4315 13.5476 c
231.2756 13.4847 230.9885 13.7477 230.7614 13.8617 c
230.7614 13.8617 230.6854 13.8637 230.6854 13.8637 c
230.6095 13.8617 l
231.4505 12.5427 232.4324 11.3428 233.6675 10.3737 c
234.2166 9.9437 234.8946 9.8096 235.5775 9.7957 c
236.7944 9.7716 237.9546 10.0658 239.0834 10.4947 c
f
/GS13 gs
/CS15 cs 0.1200 0.5500 0.0300 0.0000 scn
262.2742 21.2868 m
262.2450 21.2357 262.2220 21.1796 262.1852 21.1348 c
261.7960 20.6748 261.5301 20.2037 262.1631 19.6177 c
261.9490 19.4488 261.7900 19.3238 261.6120 19.1826 c
261.7132 18.7067 261.8161 18.2248 261.9190 17.7426 c
263.1030 18.2877 263.8440 19.2166 264.2230 20.4418 c
264.3231 20.7666 264.3440 21.1167 264.4010 21.4557 c
264.3480 21.4668 264.2950 21.4767 264.2420 21.4858 c
263.8740 20.9718 263.7351 20.2518 262.8000 19.9828 c
263.0942 20.3868 263.2810 20.6427 263.4732 20.9058 c
263.1540 21.3698 262.6940 21.2647 262.2742 21.2868 c
f
/GS13 gs
/CS15 cs 0.2900 0.8300 0.0900 0.0000 scn
230.6098 13.8620 m
230.6860 13.8640 l
230.6860 13.8640 230.7620 13.8611 230.7609 13.8611 c
230.7529 14.0332 230.7438 14.2041 230.7359 14.3751 c
230.1369 14.8150 229.8209 15.4230 229.6899 16.1402 c
229.5400 16.4421 229.4209 16.7652 229.2330 17.0422 c
229.0110 17.3682 228.9169 17.6250 229.2120 17.9810 c
229.4379 18.2531 229.4328 18.6902 229.9039 18.7951 c
230.4629 18.9201 231.0270 19.0661 231.5509 19.2900 c
232.8979 19.8680 234.3110 19.9950 235.7490 20.0100 c
236.1549 20.0222 236.5608 20.0341 236.9670 20.0460 c
237.0810 20.1580 237.1938 20.2700 237.3080 20.3811 c
236.7278 20.3771 236.1478 20.3732 235.5678 20.3692 c
235.0800 20.3420 234.5919 20.3162 234.1040 20.2901 c
233.3670 20.1192 232.6289 19.9522 231.8930 19.7770 c
231.2728 19.6302 230.6540 19.4732 230.0338 19.3252 c
229.8719 19.2861 229.6820 19.3042 229.5459 19.2251 c
228.3999 18.5542 228.2749 18.2690 228.8180 17.0660 c
229.3209 15.9500 229.7588 14.7872 230.6098 13.8620 c
f
/GS13 gs
/CS15 cs 0.1300 0.7200 0.2300 0.0000 scn
260.6757 30.1377 m
260.9997 30.0798 261.2659 29.9718 261.1018 29.5617 c
260.9787 29.2547 261.1128 29.0078 261.3447 28.8788 c
261.9907 28.5168 262.3779 27.8807 262.9437 27.4408 c
263.0509 27.3589 263.2119 27.3467 263.3479 27.3019 c
263.1747 27.6698 263.0347 28.0587 262.8207 28.4017 c
262.3717 29.1217 261.8889 29.8208 261.4088 30.5209 c
261.2778 30.7117 261.1069 30.8747 260.9807 31.0198 c
260.4268 30.9849 260.0847 30.7077 259.7868 30.3809 c
259.0157 29.5367 258.2609 28.6787 257.4998 27.8257 c
257.4998 27.8257 257.4947 27.8277 257.4947 27.8277 c
257.8958 27.8107 258.1897 27.9068 258.4587 28.2827 c
258.9188 28.9219 259.4837 29.4849 260.0158 30.0699 c
260.2029 30.2757 260.4229 30.4438 260.6757 30.1377 c
f
/GS13 gs
/CS15 cs 0.2600 0.5300 0.1000 0.0000 scn
256.8453 6.6138 m
257.1194 6.6648 257.1792 6.8366 257.1092 7.0818 c
256.9742 7.1847 256.8212 7.2717 256.7064 7.3936 c
255.8463 8.3058 255.0073 9.2387 254.1283 10.1327 c
253.8952 10.3708 253.5463 10.4947 253.2492 10.6716 c
253.5883 9.9626 254.0954 9.3957 254.6773 8.8716 c
255.0702 8.5187 255.6414 8.3106 255.7582 7.6978 c
255.7582 7.6978 255.7324 7.6717 255.7324 7.6717 c
256.0992 7.6836 256.2664 7.4957 256.2653 7.1396 c
256.2622 7.1416 l
256.6383 7.1657 256.7472 6.8958 256.8453 6.6138 c
f
/GS13 gs
/CS15 cs 0.1300 0.7200 0.2300 0.0000 scn
264.2417 21.4860 m
264.2947 21.4770 264.3477 21.4659 264.4007 21.4549 c
264.7735 22.5720 264.6876 23.6750 264.3117 24.7728 c
264.1635 25.2068 263.9356 25.6479 263.9336 26.0858 c
263.9327 26.4940 263.6836 26.6879 263.5265 26.9680 c
263.4746 26.8189 263.3346 26.6139 263.3865 26.5289 c
263.6705 26.0688 263.7706 25.6249 263.7516 25.0569 c
263.7326 24.4828 264.0577 23.9000 264.2207 23.3178 c
264.2726 23.1318 264.3826 22.8660 264.3026 22.7548 c
263.9925 22.3260 264.2227 21.9078 264.2417 21.4860 c
f
/GS13 gs
/CS15 cs 0.2600 0.5300 0.1000 0.0000 scn
262.7807 0.7427 m
263.0367 0.4453 263.2782 0.1341 263.5427 -0.1539 c
264.0118 -0.1539 l
263.6841 0.1236 263.3553 0.3997 263.0268 0.6766 c
262.9678 0.7268 262.8638 0.7217 262.7807 0.7427 c
f
/GS13 gs
/CS15 cs 0.4200 0.8200 0.2200 0.0200 scn
248.1596 21.1011 m
247.6196 20.6541 247.2276 20.1821 247.5496 19.3952 c
247.6355 19.1852 247.4456 18.8631 247.3826 18.5922 c
247.5686 18.3093 247.7537 18.0261 247.9397 17.7432 c
247.9346 18.5723 247.8095 19.4031 248.2427 20.1983 c
248.3626 20.4191 248.1956 20.7961 248.1596 21.1011 c
f
/GS13 gs
/CS15 cs 0.1200 0.5500 0.0300 0.0000 scn
250.9030 13.6247 m
251.1811 12.7899 251.7809 12.2037 252.4289 11.6558 c
252.4181 11.7927 252.4530 11.9619 252.3861 12.0617 c
252.0629 12.5439 251.7250 13.0198 251.3591 13.4708 c
251.2740 13.5757 251.0589 13.5757 250.9030 13.6247 c
f
/GS13 gs
/CS15 cs 0.0200 0.5000 0.0000 0.0000 scn
248.1004 11.1708 m
248.3425 11.0296 248.5684 10.8317 248.8294 10.7578 c
249.4134 10.5928 250.0163 10.4896 250.6113 10.3618 c
249.9004 11.0228 248.9675 10.9936 248.1004 11.1708 c
f
/GS13 gs
/CS15 cs 0.3000 0.6400 0.1300 0.0000 scn
241.5506 4.1338 m
241.9586 4.1247 242.3696 4.1397 242.7746 4.0978 c
243.1386 4.0609 243.4935 3.9328 243.8575 3.8968 c
244.1015 3.8738 244.3555 3.9419 244.6047 3.9688 c
243.6097 4.4498 242.5847 4.3679 241.5506 4.1338 c
f
/GS13 gs
/CS15 cs 0.1700 0.4800 0.0000 0.0000 scn
233.5910 -0.1539 m
233.5966 -0.0873 233.6012 -0.0193 233.6134 0.0417 c
233.5346 -0.0252 233.4523 -0.0893 233.3713 -0.1539 c
h
f
/GS13 gs
/CS15 cs 0.3600 0.6900 0.0000 0.0000 scn
260.1601 3.2539 m
260.1720 3.0900 260.1850 2.9248 260.1981 2.7439 c
259.9710 2.7159 259.7720 2.6918 259.5742 2.6668 c
259.7352 2.4970 259.8962 2.3278 260.0572 2.1580 c
260.2772 2.3570 260.4971 2.5549 260.7160 2.7539 c
260.5311 2.9200 260.3452 3.0869 260.1601 3.2539 c
f
/GS13 gs
/CS15 cs 0.2600 0.5300 0.1000 0.0000 scn
261.5939 0.4805 m
261.2469 0.8195 260.8988 1.1574 260.5518 1.4964 c
260.7129 0.9666 261.0439 0.6114 261.5939 0.4805 c
f
/GS13 gs
/CS15 cs 0.1200 0.5500 0.0300 0.0000 scn
251.0824 10.2798 m
251.5623 10.0250 252.0604 9.8569 252.7285 9.9360 c
252.5805 10.1679 252.4833 10.3229 252.3864 10.4769 c
252.0003 10.0899 251.5054 10.4230 251.0824 10.2798 c
f
/GS13 gs
/CS15 cs 0.2900 0.6400 0.0100 0.0000 scn
258.4848 13.1743 m
258.0678 12.9883 258.1047 12.7324 258.3726 12.4413 c
258.4108 12.6853 258.4477 12.9302 258.4848 13.1743 c
f
/GS13 gs
/CS15 cs 0.0200 0.5000 0.0000 0.0000 scn
234.1035 20.2898 m
234.5916 20.3159 235.0797 20.3428 235.5676 20.3689 c
235.0797 20.3428 234.5916 20.3159 234.1035 20.2898 c
f
/GS13 gs
/CS15 cs 0.1300 0.7200 0.2300 0.0000 scn
256.9501 26.9532 m
257.3311 26.9552 257.3481 27.2013 257.3062 27.4864 c
256.9980 27.4354 256.9192 27.2302 256.9501 26.9532 c
f
/GS13 gs
/CS15 cs 0.1300 0.7200 0.2300 0.0000 scn
256.5890 26.6125 m
256.6528 26.5484 256.7169 26.4835 256.7818 26.4195 c
256.8390 26.5986 256.8960 26.7775 256.9530 26.9566 c
h
f
/GS13 gs
/CS15 cs 0.1700 0.4800 0.0000 0.0000 scn
249.5279 14.0315 m
249.4080 14.2047 249.2881 14.3765 249.1671 14.5497 c
249.1481 14.2795 249.2019 14.0607 249.5279 14.0315 c
f
/GS13 gs
/CS15 cs 0.1200 0.5500 0.0300 0.0000 scn
250.5781 14.0284 m
250.6833 13.8974 250.7882 13.7665 250.8931 13.6366 c
250.9393 13.8886 250.8321 14.0176 250.5781 14.0284 c
f
/GS13 gs
/CS15 cs 0.2600 0.5300 0.1000 0.0000 scn
248.1089 15.9712 m
248.0119 16.1022 247.9147 16.2343 247.8178 16.3653 c
247.9147 16.2343 248.0119 16.1022 248.1089 15.9712 c
f
/GS13 gs
/CS15 cs 0.0000 0.5200 0.1300 0.0000 scn
245.7584 11.7317 m
245.9633 11.6725 246.1683 11.6135 246.3735 11.5546 c
246.1683 11.6135 245.9633 11.6725 245.7584 11.7317 c
f
/GS13 gs
/CS15 cs 0.3000 0.6400 0.1300 0.0000 scn
244.7518 3.9319 m
244.8740 3.8897 244.9970 3.8477 245.1189 3.8058 c
244.9970 3.8477 244.8740 3.8897 244.7518 3.9319 c
f
/GS13 gs
/CS15 cs 0.1300 0.7200 0.2300 0.0000 scn
257.3045 27.4867 m
257.3765 27.4765 257.4485 27.4666 257.5205 27.4567 c
257.5114 27.5805 257.5035 27.7036 257.4955 27.8277 c
257.4955 27.8277 257.4995 27.8257 257.4995 27.8257 c
257.4343 27.7126 257.3694 27.5995 257.3045 27.4867 c
f
/GS13 gs
/CS15 cs 0.1700 0.4800 0.0000 0.0000 scn
249.7380 13.7083 m
249.6691 13.8152 249.5999 13.9212 249.5310 14.0281 c
249.5999 13.9212 249.6691 13.8152 249.7380 13.7083 c
f
/GS13 gs
/CS15 cs 0.3800 0.7900 0.0500 0.0000 scn
234.5649 0.7379 m
234.6469 0.7639 234.7288 0.7889 234.8110 0.8138 c
234.7288 0.7877 234.6469 0.7628 234.5649 0.7379 c
f
/GS13 gs
/CS15 cs 0.1200 0.5500 0.0300 0.0000 scn
250.2045 14.5284 m
250.2805 14.4244 250.3565 14.3203 250.4324 14.2163 c
250.3565 14.3203 250.2805 14.4244 250.2045 14.5284 c
f
/GS13 gs
/CS15 cs 0.2600 0.5300 0.1000 0.0000 scn
260.5303 1.5205 m
260.4603 1.6174 260.3894 1.7135 260.3194 1.8105 c
260.3894 1.7135 260.4603 1.6163 260.5303 1.5205 c
f
/GS13 gs
/CS15 cs 0.1700 0.4800 0.0000 0.0000 scn
249.1648 14.5548 m
249.1177 14.6217 249.0707 14.6889 249.0236 14.7566 c
249.0707 14.6889 249.1177 14.6217 249.1648 14.5548 c
f
/GS13 gs
/CS15 cs 0.2600 0.5300 0.1000 0.0000 scn
253.0877 10.8694 m
253.1415 10.8043 253.1945 10.7382 253.2487 10.6724 c
253.1945 10.7382 253.1415 10.8043 253.0877 10.8694 c
f
/GS13 gs
/CS15 cs 0.6600 0.9300 0.1300 0.0200 scn
253.9607 8.7599 m
253.9097 8.8078 253.8587 8.8557 253.8077 8.9039 c
253.8587 8.8557 253.9097 8.8078 253.9607 8.7599 c
f
/GS13 gs
/CS15 cs 0.6600 0.9300 0.1300 0.0200 scn
254.1379 8.5856 m
254.0891 8.6335 254.0401 8.6817 253.9911 8.7296 c
254.0401 8.6817 254.0891 8.6335 254.1379 8.5856 c
f
/GS13 gs
/CS15 cs 0.6600 0.9300 0.1300 0.0200 scn
254.3131 8.4163 m
254.2660 8.4623 254.2192 8.5082 254.1722 8.5533 c
254.2192 8.5082 254.2660 8.4623 254.3131 8.4163 c
f
/GS13 gs
/CS15 cs 0.6600 0.9300 0.1300 0.0200 scn
254.8454 7.8752 m
254.8023 7.9223 254.7592 7.9693 254.7164 8.0161 c
254.7592 7.9693 254.8023 7.9223 254.8454 7.8752 c
f
/GS13 gs
/CS15 cs 0.2600 0.5300 0.1000 0.0000 scn
260.3143 1.8269 m
260.2675 1.8870 260.2213 1.9471 260.1743 2.0069 c
260.2213 1.9471 260.2675 1.8870 260.3143 1.8269 c
f
/GS13 gs
/CS15 cs 0.2600 0.5300 0.1000 0.0000 scn
261.9218 0.2548 m
261.8688 0.3087 261.8147 0.3617 261.7617 0.4158 c
261.8158 0.3617 261.8688 0.3087 261.9218 0.2548 c
f
/GS13 gs
/CS15 cs 0.1000 0.6600 0.0200 0.0000 scn
236.9021 18.2809 m
236.9381 18.3370 236.8712 18.5409 236.8091 18.5638 c
236.5302 18.6690 236.3941 18.5049 236.2963 18.2670 c
236.5401 18.0618 236.7451 18.0360 236.9021 18.2809 c
h
230.1321 16.7839 m
230.2801 16.9540 230.4751 17.0850 230.6443 17.2278 c
230.5953 17.5629 230.4751 17.9039 230.5261 18.2160 c
230.5562 18.3920 230.8683 18.5210 231.1673 18.7648 c
231.2572 18.2999 231.3142 18.0068 231.3711 17.7140 c
231.9763 17.7579 231.6903 18.4039 232.0123 18.6330 c
232.0163 18.6290 l
232.1711 18.4068 232.3261 18.1848 232.5172 17.9110 c
232.7352 18.2758 232.8902 18.5369 233.0663 18.8308 c
233.4271 18.6738 233.7483 18.5550 234.0502 18.3980 c
234.4042 18.2149 234.6931 18.3059 234.8932 18.6018 c
235.2013 19.0570 235.4652 19.5398 235.7481 20.0109 c
236.1552 20.0228 236.5611 20.0350 236.9673 20.0469 c
236.7193 19.8060 236.4701 19.5659 236.2051 19.3090 c
236.5262 18.6449 236.7893 19.4868 237.0852 19.3640 c
237.1402 19.2030 237.1941 19.0420 237.2451 18.8940 c
237.5631 18.8220 237.8543 18.7569 238.1553 18.6888 c
237.8143 18.0099 237.2902 17.5150 237.1272 16.7340 c
238.0603 16.6700 238.8651 16.4979 239.4711 17.3109 c
239.7093 17.6318 240.0511 17.6910 240.3683 17.3460 c
240.5242 17.1768 240.6963 17.0220 240.8601 16.8610 c
240.4502 16.1980 240.0392 15.5350 239.6262 14.8728 c
239.6143 14.8530 239.5763 14.8499 239.5182 14.8260 c
239.4043 14.9289 239.2792 15.0409 239.1423 15.1648 c
239.0803 15.1078 238.9992 15.0610 238.9581 14.9910 c
238.8991 14.8910 238.8682 14.7730 238.8353 14.6869 c
237.0433 16.0648 237.0433 16.0648 235.8632 15.8998 c
235.3652 14.9998 235.1452 14.9210 234.1981 15.2819 c
234.0711 15.3309 233.9271 15.3428 233.7902 15.3530 c
233.4492 15.3780 233.1043 15.3660 232.7672 15.4168 c
232.2972 15.4879 231.7992 15.4468 231.5962 15.0290 c
231.3952 14.6160 231.0681 14.5290 230.7353 14.3748 c
230.1372 14.8150 229.8212 15.4230 229.6902 16.1399 c
229.8353 16.3559 229.9632 16.5878 230.1321 16.7839 c
f
/GS13 gs
/CS15 cs 0.4200 0.8200 0.2200 0.0200 scn
240.0140 12.9002 m
240.0018 12.9883 239.9899 13.0751 239.9788 13.1632 c
239.5689 13.3832 239.1738 13.6403 238.7458 13.8152 c
237.9078 14.1571 237.0509 14.4541 236.1059 14.8051 c
236.2490 14.3793 236.5438 14.1511 236.8749 14.0253 c
237.9129 13.6293 238.9669 13.2721 240.0140 12.9002 c
f
/GS13 gs
/CS15 cs 0.1000 0.6600 0.0200 0.0000 scn
232.8610 14.5874 m
232.4441 14.7495 232.2221 14.8354 231.8100 14.9953 c
231.9199 14.5363 231.9871 14.2563 232.0951 13.8053 c
232.3709 14.0873 232.5461 14.2654 232.8610 14.5874 c
f
/GS13 gs
/CS15 cs 0.1000 0.6600 0.0200 0.0000 scn
238.6083 11.9761 m
238.6003 11.9971 238.5933 12.0353 238.5853 12.0353 c
238.5612 12.0353 238.5374 12.0212 238.5133 12.0132 c
238.5204 11.9923 238.5283 11.9543 238.5363 11.9543 c
238.5604 11.9531 238.5842 11.9682 238.6083 11.9761 c
f
/GS13 gs
/CS15 cs 0.1200 0.5500 0.0300 0.0000 scn
259.4395 23.0556 m
259.4735 22.6826 259.7896 22.4994 260.0444 22.5646 c
260.4745 22.6755 261.0054 22.3075 261.3506 22.8274 c
261.3764 22.8665 261.5114 22.8325 261.5145 22.8325 c
261.7815 22.3435 262.0225 21.9025 262.2626 21.4605 c
262.4414 21.7565 262.6206 22.0516 262.7994 22.3466 c
262.8006 22.3455 l
262.2586 22.7645 262.2246 23.1605 262.6396 23.7804 c
262.4006 24.0185 262.1696 24.2476 261.8955 24.5205 c
261.1474 24.2546 260.6386 23.2815 259.6124 23.4074 c
259.5546 23.2906 259.4976 23.1724 259.4395 23.0556 c
f
/GS13 gs
/CS15 cs 0.1200 0.5500 0.0300 0.0000 scn
257.4952 27.8274 m
257.5032 27.7036 257.5123 27.5805 257.5202 27.4564 c
257.8912 27.2605 258.2623 27.0635 258.6492 26.8586 c
258.6702 26.8724 258.7382 26.8906 258.7643 26.9345 c
259.4044 28.0006 260.0393 29.0696 260.6763 30.1374 c
260.4223 30.4444 260.2023 30.2754 260.0164 30.0705 c
259.4843 29.4854 258.9182 28.9216 258.4593 28.2824 c
258.1892 27.9074 257.8952 27.8116 257.4952 27.8274 c
f
/GS13 gs
/CS15 cs 0.3800 0.7900 0.0500 0.0000 scn
259.4395 23.0556 m
259.4976 23.1724 259.5546 23.2906 259.6124 23.4074 c
259.7485 24.3836 259.8854 25.3596 260.0215 26.3356 c
259.4594 25.6975 259.3114 24.9225 259.2295 24.1254 c
259.2394 23.7685 259.2505 23.4125 259.2615 23.0556 c
259.3205 23.0556 259.3794 23.0556 259.4395 23.0556 c
f
/GS13 gs
/CS15 cs 0.1200 0.5500 0.0300 0.0000 scn
262.7991 22.3466 m
262.8241 22.3594 262.8482 22.3736 262.8731 22.3866 c
262.8490 22.3724 262.8241 22.3594 262.8000 22.3455 c
262.8000 22.3455 262.7991 22.3466 262.7991 22.3466 c
f
/GS13 gs
/CS15 cs 0.0200 0.5000 0.0000 0.0000 scn
245.5183 28.0148 m
245.5104 27.9607 245.4812 27.8677 245.4993 27.8578 c
245.6184 27.7897 245.7482 27.7398 245.8743 27.6837 c
245.8953 27.7608 245.9163 27.8376 245.9373 27.9147 c
245.7972 27.9488 245.6583 27.9816 245.5183 28.0148 c
h
240.8613 31.0207 m
240.8613 31.0207 240.8652 31.0187 240.8652 31.0187 c
240.9792 30.3188 241.7023 30.6388 242.0793 30.3129 c
242.0464 29.9908 242.0144 29.6708 241.9812 29.3508 c
242.2074 29.4018 242.3024 29.4996 242.3832 29.6076 c
242.6944 30.0277 243.0374 30.2207 243.5873 29.9818 c
244.2444 29.6957 244.9823 29.5716 245.6022 29.2266 c
246.0044 29.0038 246.6323 28.7447 246.3894 28.0176 c
246.3803 27.9918 246.4563 27.9369 246.5053 27.8827 c
246.7094 27.9677 246.9084 28.0517 247.1754 28.1636 c
247.1754 27.9717 247.2214 27.8237 247.1672 27.7617 c
246.7843 27.3217 246.3644 26.9237 245.7734 26.7718 c
245.6062 26.7296 245.3394 26.7276 245.2932 26.6267 c
245.0024 25.9929 244.3703 26.0816 243.8683 25.9268 c
243.4394 25.7936 243.0544 25.9157 242.8603 26.3747 c
242.9382 26.6068 243.0133 26.8288 243.1372 27.1967 c
242.7024 27.0088 242.4243 26.8877 242.1374 26.7636 c
242.0583 26.8546 241.9852 26.9087 241.9532 26.9816 c
241.6394 27.6976 241.1493 28.1086 240.3133 28.0157 c
239.9063 27.9706 239.4913 27.9967 239.0794 27.9907 c
238.3923 28.2008 238.3424 28.3887 238.5612 28.9998 c
238.7514 29.5288 238.8033 30.1068 238.9164 30.6638 c
238.9124 30.6598 l
239.1313 30.7066 239.4992 30.6967 239.5434 30.8106 c
239.7413 31.3316 240.1452 31.1576 240.4973 31.1777 c
240.6192 31.1258 240.7402 31.0728 240.8613 31.0207 c
f
/GS13 gs
/CS15 cs 0.1300 0.5800 0.1600 0.0000 scn
247.0980 -0.1539 m
247.3512 0.2373 247.7801 0.5156 248.1800 0.8858 c
248.3751 0.6199 248.4879 0.4649 248.6271 0.2758 c
248.8320 0.3410 249.0500 0.4110 249.2821 0.4850 c
249.2600 0.5998 249.2731 0.7109 249.2240 0.7580 c
248.5879 1.3669 247.8841 1.8388 247.0660 2.2198 c
246.4081 2.5260 245.6260 2.5710 245.0650 3.1209 c
244.9310 3.2530 244.6211 3.2049 244.3921 3.2400 c
244.3309 3.1269 244.2699 3.0149 244.2081 2.9018 c
244.0060 2.4568 243.8039 2.0120 243.6021 1.5670 c
243.5709 1.6050 243.5389 1.6430 243.5071 1.6809 c
243.1621 1.4899 242.8160 1.2980 242.4790 1.1120 c
242.2230 1.4340 242.0031 1.7099 241.7839 1.9860 c
241.7139 1.9519 241.6431 1.9188 241.5719 1.8859 c
241.6161 1.6458 241.6589 1.4068 241.7020 1.1670 c
241.7601 0.8450 241.6181 0.6440 241.3040 0.6038 c
241.0730 0.5749 240.8020 0.5298 240.6050 0.6180 c
240.1070 0.8399 239.6409 1.1330 239.0709 1.4488 c
239.0111 1.1908 238.9620 0.9780 238.9119 0.7648 c
239.1630 0.5658 239.0210 0.4198 238.8379 0.2988 c
238.6950 0.2049 238.5349 0.1358 238.3829 0.0558 c
238.3115 -0.1539 l
h
f
/GS13 gs
/CS15 cs 0.2900 0.8300 0.0900 0.0000 scn
245.8261 21.1071 m
246.2831 21.1269 246.3582 21.4849 246.4911 21.8171 c
246.2502 22.0161 246.0291 22.1990 245.7462 22.4320 c
246.0050 22.7361 246.2012 22.9649 246.4520 23.2600 c
246.0711 23.3711 245.7221 23.4740 245.4171 23.5630 c
245.1101 23.3790 244.8482 23.2220 244.5860 23.0649 c
244.5860 23.0649 244.5500 23.0199 244.5500 23.0210 c
244.5542 22.9751 244.5610 22.9289 244.5701 22.8841 c
244.5701 22.8841 244.5812 22.8679 244.5812 22.8679 c
244.9962 22.2809 245.4111 21.6941 245.8261 21.1071 c
f
/GS13 gs
/CS15 cs 0.1000 0.6600 0.0200 0.0000 scn
240.4979 31.1777 m
240.6189 31.1258 240.7408 31.0728 240.8618 31.0209 c
240.7408 31.0728 240.6189 31.1258 240.4979 31.1777 c
f
/GS13 gs
/CS15 cs 0.0200 0.5000 0.0000 0.0000 scn
238.9124 30.6598 m
238.8895 30.6848 238.8665 30.7097 238.8436 30.7349 c
238.8475 30.7188 238.8464 30.6978 238.8555 30.6899 c
238.8725 30.6757 238.8954 30.6717 238.9164 30.6638 c
238.9164 30.6638 238.9124 30.6598 238.9124 30.6598 c
f
/GS13 gs
/CS15 cs 0.1800 0.7900 0.0000 0.0000 scn
241.9418 23.7591 m
241.4619 23.3663 240.9800 23.5142 240.5860 23.7951 c
240.2790 23.2282 240.0290 22.7662 239.7518 22.2551 c
240.3989 21.9302 240.7360 22.7361 241.4699 22.8523 c
241.1708 22.2361 240.9318 21.7451 240.6438 21.1541 c
241.3959 21.1371 241.6348 21.5821 241.8358 22.0161 c
242.0819 22.5482 242.4390 23.0973 241.9418 23.7591 c
f
/GS13 gs
/CS15 cs 0.7400 1.0000 0.1800 0.0600 scn
244.5701 22.8841 m
244.5610 22.9292 244.5540 22.9751 244.5500 23.0210 c
244.5381 22.9870 244.5211 22.9552 244.5171 22.9212 c
244.5160 22.9110 244.5511 22.8960 244.5701 22.8841 c
f
/GS13 gs
/CS15 cs 0.4600 0.8100 0.0000 0.0000 scn
258.8970 20.5591 m
258.7830 20.5010 258.6688 20.4429 258.5560 20.3851 c
258.3910 19.6101 258.3808 19.6021 257.5089 19.5480 c
257.5409 19.4360 257.5400 19.3051 257.6049 19.2359 c
257.9360 18.8841 258.0148 18.5051 257.8830 18.0320 c
257.8320 17.8461 257.9720 17.6071 258.0250 17.3911 c
258.2099 17.4569 258.3938 17.5241 258.5789 17.5901 c
258.7428 18.3291 258.9338 19.0641 259.0569 19.8099 c
259.0960 20.0441 258.9559 20.3080 258.8970 20.5591 c
f
/GS13 gs
/CS15 cs 0.7400 1.0000 0.1800 0.0600 scn
256.8453 6.6138 m
256.7472 6.8958 256.6383 7.1657 256.2622 7.1416 c
256.3733 6.8737 256.4532 6.5718 256.8453 6.6138 c
f
/GS13 gs
/CS15 cs 0.7400 1.0000 0.1800 0.0600 scn
256.2650 7.1393 m
256.2661 7.4962 256.0992 7.6842 255.7321 7.6723 c
255.9101 7.4942 256.0870 7.3171 256.2650 7.1393 c
f
/GS13 gs
/CS15 cs 0.3000 0.6400 0.1300 0.0000 scn
238.9122 0.7651 m
238.9612 0.9782 239.0111 1.1911 239.0712 1.4491 c
239.6412 1.1330 240.1072 0.8402 240.6053 0.6171 c
240.8023 0.5301 241.0722 0.5740 241.3043 0.6041 c
241.6181 0.6440 241.7601 0.8442 241.7023 1.1670 c
241.6592 1.4071 241.6153 1.6461 241.5722 1.8850 c
241.6433 1.9191 241.7131 1.9522 241.7842 1.9851 c
242.0033 1.7101 242.2222 1.4340 242.4793 1.1112 c
242.8163 1.2980 243.1621 1.4902 243.5071 1.6812 c
243.5391 1.6432 243.5703 1.6050 243.6021 1.5670 c
243.8042 2.0120 244.0063 2.4571 244.2081 2.9021 c
243.8643 2.9500 243.5213 2.9982 243.1953 3.0441 c
243.1293 3.3531 243.0743 3.6082 242.9731 4.0782 c
242.6562 3.5921 242.4591 3.2910 242.1723 2.8531 c
242.1573 3.1130 242.1363 3.2131 242.1493 3.3080 c
242.2202 3.8642 242.1303 3.9790 241.6442 3.8112 c
240.6231 3.4591 239.6092 3.0841 238.6083 2.6802 c
238.4331 2.6090 238.3041 2.3672 238.2063 2.1781 c
238.0881 1.9491 238.0263 1.6911 237.9163 1.3771 c
237.1501 1.7521 236.8962 1.0460 236.4381 0.7600 c
236.3953 0.4476 236.2141 0.1315 236.2391 -0.1539 c
238.3106 -0.1539 l
238.3821 0.0550 l
238.2432 0.4720 238.3132 0.5661 238.9122 0.7651 c
f
/GS13 gs
/CS15 cs 0.1400 0.7500 0.0900 0.0000 scn
232.0160 18.6284 m
232.1711 18.4065 232.3261 18.1845 232.5169 17.9113 c
232.7349 18.2755 232.8911 18.5363 233.0660 18.8306 c
233.4271 18.6744 233.7480 18.5545 234.0510 18.3986 c
234.4039 18.2143 234.6931 18.3064 234.8929 18.6024 c
235.2010 19.0565 235.4661 19.5403 235.7490 20.0103 c
234.3110 19.9953 232.8979 19.8683 231.5509 19.2903 c
231.0270 19.0655 230.4621 18.9204 229.9039 18.7954 c
229.4331 18.6905 229.4379 18.2534 229.2120 17.9804 c
228.9169 17.6244 229.0110 17.3684 229.2321 17.0413 c
229.4201 16.7655 229.5400 16.4424 229.6899 16.1405 c
229.8351 16.3565 229.9629 16.5875 230.1321 16.7834 c
230.2801 16.9543 230.4751 17.0844 230.6441 17.2284 c
230.5950 17.5635 230.4751 17.9033 230.5261 18.2154 c
230.5559 18.3923 230.8680 18.5213 231.1671 18.7654 c
231.2569 18.2993 231.3139 18.0065 231.3709 17.7134 c
231.9761 17.7585 231.6900 18.4034 232.0121 18.6324 c
232.0169 18.9275 232.0149 19.2285 232.4679 19.2903 c
232.5830 18.8563 232.4089 18.6715 232.0160 18.6284 c
f
/GS13 gs
/CS15 cs 0.1400 0.7500 0.0900 0.0000 scn
236.2961 18.2667 m
236.5401 18.0615 236.7451 18.0357 236.9021 18.2806 c
236.9381 18.3365 236.8712 18.5406 236.8091 18.5635 c
236.5302 18.6695 236.3950 18.5057 236.2961 18.2667 c
f
/GS13 gs
/CS15 cs 0.1000 0.6600 0.0200 0.0000 scn
245.9375 27.9150 m
245.7975 27.9479 245.6583 27.9819 245.5183 28.0148 c
245.5104 27.9598 245.4814 27.8680 245.4993 27.8580 c
245.6184 27.7900 245.7485 27.7398 245.8743 27.6840 c
245.8953 27.7608 245.9163 27.8379 245.9375 27.9150 c
f
/GS13 gs
/CS15 cs 0.3800 0.7900 0.0500 0.0000 scn
238.9122 0.7651 m
238.3132 0.5661 238.2432 0.4720 238.3821 0.0550 c
238.5351 0.1361 238.6953 0.2041 238.8382 0.2991 c
239.0213 0.4201 239.1633 0.5661 238.9122 0.7651 c
f
/GS13 gs
/CS15 cs 0.1000 0.6600 0.0200 0.0000 scn
232.0160 18.6284 m
232.4089 18.6715 232.5830 18.8563 232.4679 19.2903 c
232.0149 19.2285 232.0169 18.9275 232.0121 18.6324 c
232.0121 18.6324 232.0160 18.6284 232.0160 18.6284 c
f
q
78.8148 429.4295 114.5832 109.0001 re W*
n
/GS13 gs
q
114.61541 0.00000 0.00000 109.03090 78.8149 429.4295 cm
/Im17 Do
Q
Q
/GS13 gs
q
46.5849 404.1130 m
46.5849 424.5330 l
43.2060 424.5330 l
43.2060 404.2162 l
43.2060 402.0542 42.6878 400.4501 41.6520 399.4030 c
40.6168 398.3570 39.2950 397.7892 37.6858 397.6963 c
37.6858 394.4540 l
39.4098 394.5002 40.9399 394.9021 42.2739 395.6610 c
43.6068 396.4201 44.6590 397.5120 45.4300 398.9381 c
46.2010 400.3642 46.5849 402.0891 46.5849 404.1130 c
W*
n
/Sh19 sh
Q
/GS13 gs
q
53.7610 399.5932 m
57.1068 399.5932 l
57.1068 408.7701 l
60.7969 408.7701 l
61.0699 408.7701 61.3349 408.7772 61.5929 408.7902 c
67.4889 399.5932 l
71.3529 399.5932 l
65.1129 409.6301 l
66.0300 410.0803 66.7820 410.6492 67.3699 411.3391 c
68.0250 412.1090 68.4958 412.9651 68.7838 413.9090 c
69.0710 414.8521 69.2138 415.8181 69.2138 416.8071 c
69.2138 418.0490 68.9910 419.1523 68.5420 420.1180 c
68.0930 421.0832 67.4719 421.8951 66.6788 422.5501 c
65.8860 423.2061 64.9539 423.7002 63.8850 424.0341 c
62.8160 424.3671 61.6479 424.5330 60.3839 424.5330 c
53.7610 424.5330 l
h
h
57.1068 421.3250 m
60.9698 421.3250 l
61.8440 421.3250 62.5850 421.1751 63.1950 420.8771 c
63.8039 420.5781 64.2988 420.1920 64.6778 419.7220 c
65.0580 419.2500 65.3329 418.7500 65.5058 418.2211 c
65.6790 417.6910 65.7649 417.1742 65.7649 416.6691 c
65.7649 416.1620 65.6838 415.6461 65.5240 415.1160 c
65.3630 414.5871 65.0979 414.0870 64.7300 413.6162 c
64.3618 413.1451 63.8510 412.7581 63.1950 412.4611 c
62.5388 412.1612 61.7170 412.0121 60.7289 412.0121 c
57.1068 412.0121 l
h
W*
n
/Sh22 sh
Q
/GS13 gs
q
76.4929 399.5932 m
79.7360 399.5932 l
79.7360 415.2790 l
88.7380 402.7320 l
88.8080 402.7320 l
97.9478 415.7031 l
97.9478 399.5932 l
101.2949 399.5932 l
101.2949 425.3272 l
101.2598 425.3272 l
88.7899 407.8871 l
76.5269 425.3272 l
76.4929 425.3272 l
h
W*
n
/Sh25 sh
Q
/GS13 gs
q
119.3709 399.5932 m
122.7158 399.5932 l
122.7158 410.1840 l
132.7538 410.1840 l
132.7538 413.3911 l
122.7158 413.3911 l
122.7158 421.3250 l
134.1689 421.3250 l
134.1689 424.5330 l
119.3709 424.5330 l
h
W*
n
/Sh28 sh
Q
/GS13 gs
q
139.6879 399.5932 m
155.6929 399.5932 l
155.6929 402.8020 l
143.0340 402.8020 l
143.0340 424.5330 l
139.6879 424.5330 l
h
W*
n
/Sh31 sh
Q
/GS13 gs
q
166.9209 423.8090 m
165.3919 423.1420 164.0409 422.2162 162.8688 421.0322 c
161.6958 419.8482 160.7820 418.4850 160.1260 416.9441 c
159.4709 415.4040 159.1430 413.7712 159.1430 412.0472 c
159.1430 410.2291 159.4709 408.5561 160.1260 407.0271 c
160.7820 405.4980 161.6958 404.1522 162.8688 402.9922 c
164.0409 401.8300 165.3919 400.9272 166.9209 400.2840 c
168.4508 399.6391 170.1009 399.3182 171.8708 399.3182 c
173.6189 399.3182 175.2630 399.6451 176.8039 400.3010 c
178.3449 400.9572 179.7018 401.8640 180.8748 403.0262 c
182.0480 404.1870 182.9670 405.5380 183.6340 407.0781 c
184.3010 408.6190 184.6349 410.2642 184.6349 412.0121 c
184.6349 413.7591 184.3010 415.4040 183.6340 416.9441 c
182.9670 418.4850 182.0409 419.8482 180.8578 421.0322 c
179.6740 422.2162 178.3100 423.1420 176.7699 423.8090 c
175.2290 424.4751 173.5960 424.8091 171.8708 424.8091 c
170.1009 424.8091 168.4508 424.4751 166.9209 423.8090 c
h
168.2668 403.2672 m
167.1520 403.7610 166.1630 404.4461 165.3009 405.3200 c
164.4378 406.1942 163.7708 407.1991 163.2988 408.3392 c
162.8280 409.4762 162.5930 410.7121 162.5930 412.0472 c
162.5930 413.3330 162.8218 414.5581 163.2830 415.7201 c
163.7430 416.8811 164.3919 417.8982 165.2318 418.7730 c
166.0708 419.6460 167.0598 420.3360 168.1980 420.8420 c
169.3358 421.3483 170.5609 421.6022 171.8708 421.6022 c
173.1589 421.6022 174.3729 421.3531 175.5108 420.8590 c
176.6489 420.3652 177.6379 419.6752 178.4769 418.7900 c
179.3169 417.9050 179.9779 416.8871 180.4609 415.7371 c
180.9439 414.5871 181.1849 413.3452 181.1849 412.0121 c
181.1849 410.7010 180.9439 409.4711 180.4609 408.3202 c
179.9779 407.1702 179.3169 406.1650 178.4769 405.3030 c
177.6379 404.4410 176.6599 403.7610 175.5448 403.2672 c
174.4299 402.7723 173.2170 402.5251 171.9068 402.5251 c
170.5949 402.5251 169.3820 402.7723 168.2668 403.2672 c
W*
n
/Sh34 sh
Q
/GS13 gs
q
190.2589 399.5932 m
193.6040 399.5932 l
193.6040 408.7701 l
197.2950 408.7701 l
197.5669 408.7701 197.8330 408.7772 198.0899 408.7902 c
203.9868 399.5932 l
207.8498 399.5932 l
201.6099 409.6301 l
202.5278 410.0803 203.2790 410.6492 203.8669 411.3391 c
204.5220 412.1090 204.9919 412.9651 205.2799 413.9090 c
205.5668 414.8521 205.7119 415.8181 205.7119 416.8071 c
205.7119 418.0490 205.4869 419.1523 205.0379 420.1180 c
204.5900 421.0832 203.9689 421.8951 203.1758 422.5501 c
202.3829 423.2061 201.4520 423.7002 200.3828 424.0341 c
199.3119 424.3671 198.1449 424.5330 196.8820 424.5330 c
190.2589 424.5330 l
h
h
193.6040 421.3250 m
197.4668 421.3250 l
198.3410 421.3250 199.0820 421.1751 199.6909 420.8771 c
200.3009 420.5781 200.7969 420.1920 201.1748 419.7220 c
201.5549 419.2500 201.8310 418.7500 202.0028 418.2211 c
202.1760 417.6910 202.2619 417.1742 202.2619 416.6691 c
202.2619 416.1620 202.1808 415.6461 202.0209 415.1160 c
201.8588 414.5871 201.5949 414.0870 201.2270 413.6162 c
200.8590 413.1451 200.3479 412.7581 199.6909 412.4611 c
199.0358 412.1612 198.2140 412.0121 197.2259 412.0121 c
193.6040 412.0121 l
h
W*
n
/Sh37 sh
Q
/GS13 gs
q
210.5059 399.5932 m
213.8179 399.5932 l
216.4859 406.1480 l
226.0769 406.1480 l
228.6510 399.5932 l
232.4798 399.5932 l
221.5789 425.5682 l
221.3719 425.5682 l
h
h
221.3680 418.1400 m
224.9388 409.0450 l
217.6659 409.0450 l
h
W*
n
/Sh40 sh
Q
/GS13 gs
/CS15 cs 0.5300 1.0000 0.2800 0.1100 scn
224.2125 154.4295 m
55.5545 154.4295 l
61.3877 165.1065 l
55.5545 175.7835 l
224.2125 175.7835 l
218.3786 165.6816 l
h
f
/GS13 gs
/CS15 cs 0.0000 0.0000 0.0000 0.0000 scn
70.7403 162.7835 m
68.7643 168.6971 l
69.6336 168.6971 l
71.4515 163.2410 l
71.0110 163.2410 l
72.8957 168.6971 l
73.6741 168.6971 l
75.5161 163.2410 l
75.0923 163.2410 l
76.9340 168.6971 l
77.7365 168.6971 l
75.7604 162.7835 l
74.8718 162.7835 l
73.1497 167.8445 l
73.3774 167.8445 l
71.6457 162.7835 l
h
h
78.6577 162.7835 m
78.6577 169.0540 l
79.4699 169.0540 l
79.4699 166.0530 l
79.3094 166.3739 l
79.4554 166.6684 79.6805 166.8960 79.9846 167.0590 c
80.2888 167.2217 80.6434 167.3031 81.0482 167.3031 c
81.4147 167.3031 81.7381 167.2336 82.0182 167.0924 c
82.2960 166.9510 82.5140 166.7378 82.6722 166.4504 c
82.8303 166.1630 82.9091 165.7990 82.9091 165.3608 c
82.9091 162.7835 l
82.0973 162.7835 l
82.0973 165.2672 l
82.0973 165.7009 81.9918 166.0289 81.7812 166.2494 c
81.5681 166.4671 81.2710 166.5774 80.8877 166.5774 c
80.6003 166.5774 80.3489 166.5224 80.1357 166.4099 c
79.9226 166.2973 79.7573 166.1295 79.6422 165.9115 c
79.5274 165.6913 79.4699 165.4183 79.4699 165.0900 c
79.4699 162.7835 l
h
h
86.3294 162.7333 m
85.8793 162.7333 85.4793 162.8314 85.1295 163.0301 c
84.7800 163.2266 84.5045 163.4973 84.3009 163.8445 c
84.0971 164.1917 83.9968 164.5846 83.9968 165.0229 c
83.9968 165.4685 84.0971 165.8636 84.3009 166.2060 c
84.5045 166.5488 84.7800 166.8195 85.1295 167.0134 c
85.4793 167.2072 85.8793 167.3031 86.3294 167.3031 c
86.7750 167.3031 87.1750 167.2072 87.5271 167.0134 c
87.8791 166.8195 88.1546 166.5510 88.3534 166.2109 c
88.5523 165.8684 88.6530 165.4733 88.6530 165.0229 c
88.6530 164.5775 88.5523 164.1824 88.3534 163.8397 c
88.1546 163.4973 87.8791 163.2266 87.5271 163.0301 c
87.1750 162.8314 86.7750 162.7333 86.3294 162.7333 c
h
86.3294 163.4423 m
86.6169 163.4423 86.8757 163.5069 87.1033 163.6362 c
87.3306 163.7654 87.5103 163.9500 87.6396 164.1895 c
87.7691 164.4290 87.8338 164.7068 87.8338 165.0229 c
87.8338 165.3440 87.7691 165.6218 87.6396 165.8565 c
87.5103 166.0887 87.3306 166.2710 87.1033 166.4002 c
86.8757 166.5295 86.6169 166.5941 86.3294 166.5941 c
86.0420 166.5941 85.7857 166.5295 85.5607 166.4002 c
85.3356 166.2710 85.1559 166.0887 85.0195 165.8565 c
84.8829 165.6218 84.8157 165.3440 84.8157 165.0229 c
84.8157 164.7068 84.8829 164.4290 85.0195 164.1895 c
85.1559 163.9500 85.3356 163.7654 85.5607 163.6362 c
85.7857 163.5069 86.0420 163.4423 86.3294 163.4423 c
h
89.7761 162.7835 m
89.7761 169.0540 l
90.5882 169.0540 l
90.5882 162.7835 l
h
h
94.1281 162.7333 m
93.6490 162.7333 93.2275 162.8314 92.8658 163.0301 c
92.5019 163.2266 92.2192 163.4973 92.0203 163.8397 c
91.8190 164.1824 91.7186 164.5775 91.7186 165.0229 c
91.7186 165.4685 91.8167 165.8636 92.0106 166.2060 c
92.2048 166.5488 92.4729 166.8195 92.8131 167.0134 c
93.1533 167.2072 93.5388 167.3031 93.9677 167.3031 c
94.4011 167.3031 94.7820 167.2072 95.1148 167.0156 c
95.4479 166.8240 95.7090 166.5558 95.8980 166.2109 c
96.0874 165.8636 96.1807 165.4588 96.1807 164.9965 c
96.1807 164.9631 96.1784 164.9248 96.1758 164.8791 c
96.1736 164.8338 96.1688 164.7930 96.1639 164.7524 c
92.3533 164.7524 l
92.3533 165.3344 l
95.7399 165.3344 l
95.4119 165.1331 l
95.4167 165.4206 95.3566 165.6768 95.2347 165.9019 c
95.1100 166.1272 94.9399 166.3044 94.7220 166.4314 c
94.5040 166.5584 94.2525 166.6205 93.9677 166.6205 c
93.6850 166.6205 93.4333 166.5584 93.2156 166.4314 c
92.9951 166.3044 92.8227 166.1247 92.7006 165.8971 c
92.5758 165.6697 92.5138 165.4087 92.5138 165.1164 c
92.5138 164.9798 l
92.5138 164.6804 92.5832 164.4146 92.7221 164.1824 c
92.8587 163.9477 93.0526 163.7654 93.2992 163.6362 c
93.5461 163.5069 93.8310 163.4423 94.1519 163.4423 c
94.4178 163.4423 94.6573 163.4876 94.8753 163.5786 c
95.0933 163.6673 95.2826 163.8040 95.4454 163.9834 c
95.8932 163.4590 l
95.6897 163.2217 95.4383 163.0423 95.1364 162.9201 c
94.8345 162.7954 94.4994 162.7333 94.1281 162.7333 c
h
98.5878 162.7333 m
98.2168 162.7333 97.8622 162.7835 97.5294 162.8864 c
97.1940 162.9870 96.9304 163.1117 96.7388 163.2577 c
97.0767 163.8998 l
97.2683 163.7702 97.5053 163.6603 97.7879 163.5715 c
98.0683 163.4805 98.3557 163.4349 98.6479 163.4349 c
99.0238 163.4349 99.2968 163.4876 99.4620 163.5953 c
99.6273 163.7033 99.7112 163.8519 99.7112 164.0432 c
99.7112 164.1847 99.6610 164.2949 99.5604 164.3740 c
99.4575 164.4528 99.3231 164.5104 99.1579 164.5512 c
98.9926 164.5894 98.8084 164.6254 98.6046 164.6566 c
98.4010 164.6875 98.1998 164.7261 97.9963 164.7740 c
97.7927 164.8219 97.6082 164.8888 97.4407 164.9775 c
97.2706 165.0637 97.1365 165.1833 97.0359 165.3392 c
96.9330 165.4948 96.8825 165.7009 96.8825 165.9594 c
96.8825 166.2301 96.9593 166.4671 97.1101 166.6709 c
97.2609 166.8745 97.4767 167.0301 97.7567 167.1403 c
98.0345 167.2481 98.3650 167.3031 98.7483 167.3031 c
99.0431 167.3031 99.3399 167.2673 99.6418 167.1979 c
99.9411 167.1284 100.1880 167.0278 100.3796 166.8983 c
100.0346 166.2565 l
99.8311 166.3931 99.6202 166.4864 99.4000 166.5369 c
99.1794 166.5870 98.9592 166.6108 98.7412 166.6108 c
98.3869 166.6108 98.1232 166.5536 97.9483 166.4385 c
97.7734 166.3211 97.6850 166.1751 97.6850 165.9954 c
97.6850 165.8421 97.7377 165.7247 97.8406 165.6434 c
97.9435 165.5620 98.0802 165.4997 98.2454 165.4540 c
98.4107 165.4087 98.5952 165.3727 98.7987 165.3415 c
99.0023 165.3103 99.2035 165.2698 99.4071 165.2219 c
99.6106 165.1740 99.7951 165.1068 99.9626 165.0229 c
100.1279 164.9392 100.2645 164.8193 100.3674 164.6685 c
100.4706 164.5152 100.5233 164.3117 100.5233 164.0602 c
100.5233 163.7895 100.4443 163.5548 100.2886 163.3584 c
100.1305 163.1597 99.9077 163.0063 99.6202 162.8986 c
99.3328 162.7883 98.9878 162.7333 98.5878 162.7333 c
h
104.3169 162.7835 m
104.3169 163.7297 l
104.2739 163.9069 l
104.2739 165.5212 l
104.2739 165.8636 104.1732 166.1321 103.9745 166.3211 c
103.7758 166.5105 103.4739 166.6037 103.0740 166.6037 c
102.8081 166.6037 102.5495 166.5607 102.2978 166.4719 c
102.0441 166.3835 101.8284 166.2661 101.6535 166.1199 c
101.3159 166.7282 l
101.5483 166.9153 101.8261 167.0590 102.1493 167.1571 c
102.4727 167.2551 102.8129 167.3031 103.1672 167.3031 c
103.7806 167.3031 104.2549 167.1548 104.5877 166.8552 c
104.9207 166.5558 105.0860 166.1009 105.0860 165.4877 c
105.0860 162.7835 l
h
h
102.8463 162.7333 m
102.5135 162.7333 102.2236 162.7906 101.9721 162.9031 c
101.7207 163.0159 101.5291 163.1716 101.3924 163.3703 c
101.2561 163.5690 101.1889 163.7966 101.1889 164.0506 c
101.1889 164.2924 101.2465 164.5129 101.3638 164.7116 c
101.4789 164.9081 101.6680 165.0660 101.9290 165.1833 c
102.1901 165.3009 102.5447 165.3608 102.9900 165.3608 c
104.4079 165.3608 l
104.4079 164.7788 l
103.0238 164.7788 l
102.6190 164.7788 102.3457 164.7116 102.2046 164.5750 c
102.0631 164.4386 101.9937 164.2757 101.9937 164.0840 c
101.9937 163.8660 102.0798 163.6889 102.2547 163.5571 c
102.4296 163.4253 102.6714 163.3584 102.9804 163.3584 c
103.2849 163.3584 103.5530 163.4253 103.7806 163.5619 c
104.0080 163.6960 104.1732 163.8924 104.2739 164.1535 c
104.4343 163.5953 l
104.3266 163.3297 104.1398 163.1211 103.8691 162.9655 c
103.5984 162.8099 103.2559 162.7333 102.8463 162.7333 c
h
106.5900 162.7835 m
106.5900 169.0540 l
107.4022 169.0540 l
107.4022 162.7835 l
h
h
110.9421 162.7333 m
110.4630 162.7333 110.0415 162.8314 109.6798 163.0301 c
109.3158 163.2266 109.0332 163.4973 108.8342 163.8397 c
108.6330 164.1824 108.5326 164.5775 108.5326 165.0229 c
108.5326 165.4685 108.6307 165.8636 108.8246 166.2060 c
109.0188 166.5488 109.2869 166.8195 109.6271 167.0134 c
109.9672 167.2072 110.3528 167.3031 110.7816 167.3031 c
111.2151 167.3031 111.5960 167.2072 111.9288 167.0156 c
112.2619 166.8240 112.5230 166.5558 112.7120 166.2109 c
112.9014 165.8636 112.9946 165.4588 112.9946 164.9965 c
112.9946 164.9631 112.9924 164.9248 112.9898 164.8791 c
112.9876 164.8338 112.9827 164.7930 112.9779 164.7524 c
109.1673 164.7524 l
109.1673 165.3344 l
112.5539 165.3344 l
112.2259 165.1331 l
112.2307 165.4206 112.1706 165.6768 112.0487 165.9019 c
111.9240 166.1272 111.7539 166.3044 111.5359 166.4314 c
111.3180 166.5584 111.0665 166.6205 110.7816 166.6205 c
110.4990 166.6205 110.2473 166.5584 110.0296 166.4314 c
109.8091 166.3044 109.6367 166.1247 109.5146 165.8971 c
109.3898 165.6697 109.3277 165.4087 109.3277 165.1164 c
109.3277 164.9798 l
109.3277 164.6804 109.3972 164.4146 109.5361 164.1824 c
109.6727 163.9477 109.8666 163.7654 110.1132 163.6362 c
110.3601 163.5069 110.6450 163.4423 110.9659 163.4423 c
111.2318 163.4423 111.4713 163.4876 111.6893 163.5786 c
111.9073 163.6673 112.0966 163.8040 112.2593 163.9834 c
112.7072 163.4590 l
112.5037 163.2217 112.2523 163.0423 111.9504 162.9201 c
111.6485 162.7954 111.3134 162.7333 110.9421 162.7333 c
h
120.8367 162.6900 m
117.5145 165.9954 l
117.3180 166.1919 117.1650 166.3668 117.0522 166.5224 c
116.9396 166.6780 116.8560 166.8288 116.8055 166.9751 c
116.7554 167.1211 116.7290 167.2722 116.7290 167.4230 c
116.7290 167.6889 116.7959 167.9210 116.9277 168.1200 c
117.0595 168.3187 117.2463 168.4743 117.4859 168.5846 c
117.7254 168.6949 118.0054 168.7499 118.3266 168.7499 c
118.6260 168.7499 118.8845 168.6997 119.1050 168.6013 c
119.3230 168.5032 119.4931 168.3618 119.6150 168.1798 c
119.7371 167.9953 119.7972 167.7750 119.7972 167.5162 c
119.7972 167.2889 119.7420 167.0805 119.6320 166.8912 c
119.5217 166.6996 119.3468 166.5128 119.1050 166.3330 c
118.8629 166.1536 118.5350 165.9572 118.1228 165.7488 c
117.7852 165.5739 117.5219 165.4135 117.3302 165.2649 c
117.1386 165.1139 117.0020 164.9656 116.9206 164.8193 c
116.8367 164.6734 116.7959 164.5129 116.7959 164.3380 c
116.7959 164.1535 116.8512 163.9882 116.9612 163.8445 c
117.0714 163.7008 117.2271 163.5908 117.4260 163.5117 c
117.6248 163.4326 117.8569 163.3918 118.1228 163.3918 c
118.5012 163.3918 118.8439 163.4732 119.1481 163.6387 c
119.4523 163.8014 119.7062 164.0458 119.9120 164.3740 c
120.1156 164.6997 120.2666 165.1045 120.3625 165.5881 c
121.0139 165.3775 l
120.9013 164.8097 120.7074 164.3284 120.4342 163.9332 c
120.1612 163.5381 119.8259 163.2385 119.4259 163.0301 c
119.0259 162.8218 118.5732 162.7163 118.0726 162.7163 c
117.6727 162.7163 117.3180 162.7812 117.0091 162.9105 c
116.7001 163.0397 116.4535 163.2195 116.2738 163.4516 c
116.0943 163.6818 116.0031 163.9500 116.0031 164.2541 c
116.0031 164.5200 116.0631 164.7618 116.1805 164.9823 c
116.2979 165.2003 116.4869 165.4135 116.7457 165.6193 c
117.0043 165.8231 117.3444 166.0363 117.7685 166.2565 c
118.1109 166.4362 118.3816 166.5941 118.5755 166.7307 c
118.7697 166.8648 118.9086 166.9918 118.9899 167.1140 c
119.0713 167.2362 119.1121 167.3654 119.1121 167.5069 c
119.1121 167.6985 119.0449 167.8541 118.9108 167.9763 c
118.7745 168.0985 118.5803 168.1583 118.3266 168.1583 c
118.0607 168.1583 117.8546 168.0911 117.7061 167.9596 c
117.5553 167.8277 117.4810 167.6529 117.4810 167.4397 c
117.4810 167.3320 117.5000 167.2288 117.5360 167.1307 c
117.5720 167.0326 117.6415 166.9224 117.7396 166.8025 c
117.8379 166.6803 117.9791 166.5272 118.1659 166.3404 c
121.2917 163.2314 l
h
h
124.5779 162.7835 m
124.5779 168.6971 l
126.8870 168.6971 l
127.6509 168.6971 128.2544 168.5151 128.6952 168.1534 c
129.1334 167.7895 129.3540 167.2841 129.3540 166.6372 c
129.3540 166.2086 129.2556 165.8421 129.0594 165.5357 c
128.8604 165.2267 128.5804 164.9920 128.2139 164.8290 c
127.8473 164.6637 127.4043 164.5824 126.8870 164.5824 c
125.0427 164.5824 l
125.4234 164.9727 l
125.4234 162.7835 l
h
h
128.5325 162.7835 m
127.0281 164.9296 l
127.9335 164.9296 l
129.4546 162.7835 l
h
h
125.4234 164.8865 m
125.0427 165.3009 l
126.8606 165.3009 l
127.4017 165.3009 127.8113 165.4183 128.0917 165.6530 c
128.3695 165.8852 128.5084 166.2134 128.5084 166.6372 c
128.5084 167.0590 128.3695 167.3847 128.0917 167.6169 c
127.8113 167.8493 127.4017 167.9641 126.8606 167.9641 c
125.0427 167.9641 l
125.4234 168.3859 l
h
h
132.5993 162.7333 m
132.1203 162.7333 131.6988 162.8314 131.3371 163.0301 c
130.9731 163.2266 130.6905 163.4973 130.4915 163.8397 c
130.2902 164.1824 130.1899 164.5775 130.1899 165.0229 c
130.1899 165.4685 130.2880 165.8636 130.4819 166.2060 c
130.6760 166.5488 130.9442 166.8195 131.2843 167.0134 c
131.6245 167.2072 132.0100 167.3031 132.4389 167.3031 c
132.8723 167.3031 133.2533 167.2072 133.5861 167.0156 c
133.9191 166.8240 134.1802 166.5558 134.3693 166.2109 c
134.5586 165.8636 134.6519 165.4588 134.6519 164.9965 c
134.6519 164.9631 134.6496 164.9248 134.6471 164.8791 c
134.6448 164.8338 134.6400 164.7930 134.6352 164.7524 c
130.8246 164.7524 l
130.8246 165.3344 l
134.2111 165.3344 l
133.8831 165.1331 l
133.8880 165.4206 133.8279 165.6768 133.7060 165.9019 c
133.5813 166.1272 133.4112 166.3044 133.1932 166.4314 c
132.9752 166.5584 132.7238 166.6205 132.4389 166.6205 c
132.1563 166.6205 131.9046 166.5584 131.6869 166.4314 c
131.4663 166.3044 131.2940 166.1247 131.1718 165.8971 c
131.0471 165.6697 130.9850 165.4087 130.9850 165.1164 c
130.9850 164.9798 l
130.9850 164.6804 131.0545 164.4146 131.1934 164.1824 c
131.3300 163.9477 131.5239 163.7654 131.7705 163.6362 c
132.0174 163.5069 132.3023 163.4423 132.6231 163.4423 c
132.8890 163.4423 133.1286 163.4876 133.3466 163.5786 c
133.5645 163.6673 133.7539 163.8040 133.9166 163.9834 c
134.3645 163.4590 l
134.1609 163.2217 133.9095 163.0423 133.6076 162.9201 c
133.3057 162.7954 132.9707 162.7333 132.5993 162.7333 c
h
137.3131 162.7333 m
136.8626 162.7333 136.5131 162.8552 136.2662 163.0973 c
136.0174 163.3391 135.8926 163.6841 135.8926 164.1345 c
135.8926 168.2422 l
136.7048 168.2422 l
136.7048 164.1702 l
136.7048 163.9284 136.7646 163.7416 136.8867 163.6123 c
137.0089 163.4828 137.1813 163.4182 137.4063 163.4182 c
137.6603 163.4182 137.8712 163.4876 138.0387 163.6291 c
138.2927 163.0446 l
138.1706 162.9369 138.0220 162.8600 137.8519 162.8099 c
137.6796 162.7597 137.4999 162.7333 137.3131 162.7333 c
h
135.1335 166.5941 m
135.1335 167.2625 l
137.9886 167.2625 l
137.9886 166.5941 l
h
h
141.8865 162.7835 m
141.8865 163.7297 l
141.8434 163.9069 l
141.8434 165.5212 l
141.8434 165.8636 141.7428 166.1321 141.5441 166.3211 c
141.3454 166.5105 141.0435 166.6037 140.6435 166.6037 c
140.3776 166.6037 140.1191 166.5607 139.8674 166.4719 c
139.6137 166.3835 139.3980 166.2661 139.2231 166.1199 c
138.8854 166.7282 l
139.1179 166.9153 139.3957 167.0590 139.7188 167.1571 c
140.0423 167.2551 140.3824 167.3031 140.7368 167.3031 c
141.3502 167.3031 141.8244 167.1548 142.1572 166.8552 c
142.4903 166.5558 142.6555 166.1009 142.6555 165.4877 c
142.6555 162.7835 l
h
h
140.4159 162.7333 m
140.0831 162.7333 139.7931 162.7906 139.5417 162.9031 c
139.2902 163.0159 139.0986 163.1716 138.9620 163.3703 c
138.8256 163.5690 138.7585 163.7966 138.7585 164.0506 c
138.7585 164.2924 138.8160 164.5129 138.9334 164.7116 c
139.0484 164.9081 139.2375 165.0660 139.4986 165.1833 c
139.7597 165.3009 140.1143 165.3608 140.5596 165.3608 c
141.9775 165.3608 l
141.9775 164.7788 l
140.5933 164.7788 l
140.1885 164.7788 139.9153 164.7116 139.7741 164.5750 c
139.6327 164.4386 139.5632 164.2757 139.5632 164.0840 c
139.5632 163.8660 139.6494 163.6889 139.8243 163.5571 c
139.9992 163.4253 140.2410 163.3584 140.5500 163.3584 c
140.8544 163.3584 141.1226 163.4253 141.3502 163.5619 c
141.5775 163.6960 141.7428 163.8924 141.8434 164.1535 c
142.0038 163.5953 l
141.8961 163.3297 141.7093 163.1211 141.4386 162.9655 c
141.1679 162.8099 140.8255 162.7333 140.4159 162.7333 c
h
144.1596 162.7835 m
144.1596 167.2625 l
144.9717 167.2625 l
144.9717 162.7835 l
h
h
144.5644 168.1248 m
144.4088 168.1248 144.2769 168.1750 144.1740 168.2779 c
144.0686 168.3785 144.0159 168.5007 144.0159 168.6470 c
144.0159 168.8000 144.0686 168.9270 144.1740 169.0302 c
144.2769 169.1306 144.4088 169.1810 144.5644 169.1810 c
144.7226 169.1810 144.8544 169.1306 144.9595 169.0325 c
145.0627 168.9344 145.1154 168.8097 145.1154 168.6637 c
145.1154 168.5126 145.0650 168.3833 144.9643 168.2804 c
144.8614 168.1773 144.7296 168.1248 144.5644 168.1248 c
h
146.5163 162.7835 m
146.5163 169.0540 l
147.3284 169.0540 l
147.3284 162.7835 l
h
h
151.2635 162.7835 m
151.2635 168.6971 l
155.4384 168.6971 l
155.4384 167.9641 l
152.1091 167.9641 l
152.1091 162.7835 l
h
h
152.0252 165.1740 m
152.0252 165.9019 l
155.0744 165.9019 l
155.0744 165.1740 l
h
h
156.5113 162.7835 m
156.5113 169.0540 l
157.3234 169.0540 l
157.3234 162.7835 l
h
h
160.7865 162.7333 m
160.3363 162.7333 159.9364 162.8314 159.5866 163.0301 c
159.2371 163.2266 158.9615 163.4973 158.7580 163.8445 c
158.5542 164.1917 158.4539 164.5846 158.4539 165.0229 c
158.4539 165.4685 158.5542 165.8636 158.7580 166.2060 c
158.9615 166.5488 159.2371 166.8195 159.5866 167.0134 c
159.9364 167.2072 160.3363 167.3031 160.7865 167.3031 c
161.2321 167.3031 161.6321 167.2072 161.9841 167.0134 c
162.3362 166.8195 162.6117 166.5510 162.8104 166.2109 c
163.0094 165.8684 163.1100 165.4733 163.1100 165.0229 c
163.1100 164.5775 163.0094 164.1824 162.8104 163.8397 c
162.6117 163.4973 162.3362 163.2266 161.9841 163.0301 c
161.6321 162.8314 161.2321 162.7333 160.7865 162.7333 c
h
160.7865 163.4423 m
161.0739 163.4423 161.3327 163.5069 161.5603 163.6362 c
161.7877 163.7654 161.9674 163.9500 162.0967 164.1895 c
162.2262 164.4290 162.2908 164.7068 162.2908 165.0229 c
162.2908 165.3440 162.2262 165.6218 162.0967 165.8565 c
161.9674 166.0887 161.7877 166.2710 161.5603 166.4002 c
161.3327 166.5295 161.0739 166.5941 160.7865 166.5941 c
160.4991 166.5941 160.2428 166.5295 160.0177 166.4002 c
159.7927 166.2710 159.6129 166.0887 159.4766 165.8565 c
159.3400 165.6218 159.2728 165.3440 159.2728 165.0229 c
159.2728 164.7068 159.3400 164.4290 159.4766 164.1895 c
159.6129 163.9500 159.7927 163.7654 160.0177 163.6362 c
160.2428 163.5069 160.4991 163.4423 160.7865 163.4423 c
h
165.0526 162.7835 m
163.3878 167.2625 l
164.1569 167.2625 l
165.6371 163.2050 l
165.2729 163.2050 l
166.8107 167.2625 l
167.4958 167.2625 l
168.9999 163.2050 l
168.6430 163.2050 l
170.1567 167.2625 l
170.8824 167.2625 l
169.2105 162.7835 l
168.4321 162.7835 l
167.0213 166.4841 l
167.2586 166.4841 l
165.8310 162.7835 l
h
h
173.5702 162.7333 m
173.0911 162.7333 172.6696 162.8314 172.3079 163.0301 c
171.9439 163.2266 171.6613 163.4973 171.4623 163.8397 c
171.2611 164.1824 171.1607 164.5775 171.1607 165.0229 c
171.1607 165.4685 171.2588 165.8636 171.4527 166.2060 c
171.6469 166.5488 171.9150 166.8195 172.2552 167.0134 c
172.5953 167.2072 172.9809 167.3031 173.4097 167.3031 c
173.8431 167.3031 174.2241 167.2072 174.5569 167.0156 c
174.8900 166.8240 175.1511 166.5558 175.3401 166.2109 c
175.5295 165.8636 175.6227 165.4588 175.6227 164.9965 c
175.6227 164.9631 175.6205 164.9248 175.6179 164.8791 c
175.6157 164.8338 175.6108 164.7930 175.6060 164.7524 c
171.7954 164.7524 l
171.7954 165.3344 l
175.1820 165.3344 l
174.8540 165.1331 l
174.8588 165.4206 174.7987 165.6768 174.6768 165.9019 c
174.5521 166.1272 174.3820 166.3044 174.1640 166.4314 c
173.9460 166.5584 173.6946 166.6205 173.4097 166.6205 c
173.1271 166.6205 172.8754 166.5584 172.6577 166.4314 c
172.4372 166.3044 172.2648 166.1247 172.1426 165.8971 c
172.0179 165.6697 171.9558 165.4087 171.9558 165.1164 c
171.9558 164.9798 l
171.9558 164.6804 172.0253 164.4146 172.1642 164.1824 c
172.3008 163.9477 172.4947 163.7654 172.7413 163.6362 c
172.9882 163.5069 173.2731 163.4423 173.5940 163.4423 c
173.8599 163.4423 174.0994 163.4876 174.3174 163.5786 c
174.5354 163.6673 174.7247 163.8040 174.8874 163.9834 c
175.3353 163.4590 l
175.1318 163.2217 174.8803 163.0423 174.5785 162.9201 c
174.2766 162.7954 173.9415 162.7333 173.5702 162.7333 c
h
176.7461 162.7835 m
176.7461 167.2625 l
177.5245 167.2625 l
177.5245 166.0456 l
177.4480 166.3498 l
177.5701 166.6587 177.7785 166.8960 178.0730 167.0590 c
178.3653 167.2217 178.7247 167.3031 179.1533 167.3031 c
179.1533 166.5176 l
179.1198 166.5247 179.0887 166.5272 179.0575 166.5272 c
179.0263 166.5272 178.9951 166.5272 178.9690 166.5272 c
178.5353 166.5272 178.1904 166.3977 177.9389 166.1391 c
177.6852 165.8781 177.5582 165.5045 177.5582 165.0135 c
177.5582 162.7835 l
h
h
184.3245 162.7163 m
183.8744 162.7163 183.4432 162.7858 183.0336 162.9249 c
182.6215 163.0613 182.2983 163.2410 182.0611 163.4590 c
182.3726 164.1175 l
182.5977 163.9213 182.8851 163.7583 183.2346 163.6291 c
183.5844 163.4995 183.9484 163.4349 184.3245 163.4349 c
184.6670 163.4349 184.9473 163.4732 185.1605 163.5523 c
185.3736 163.6313 185.5318 163.7391 185.6347 163.8780 c
185.7353 164.0146 185.7855 164.1728 185.7855 164.3477 c
185.7855 164.5512 185.7209 164.7139 185.5891 164.8386 c
185.4575 164.9608 185.2849 165.0614 185.0743 165.1380 c
184.8611 165.2122 184.6287 165.2791 184.3773 165.3367 c
184.1233 165.3919 183.8670 165.4588 183.6108 165.5357 c
183.3545 165.6099 183.1198 165.7080 182.9089 165.8254 c
182.6983 165.9427 182.5282 166.1031 182.3990 166.3044 c
182.2694 166.5031 182.2048 166.7619 182.2048 167.0757 c
182.2048 167.3799 182.2861 167.6625 182.4469 167.9187 c
182.6073 168.1750 182.8539 168.3785 183.1893 168.5341 c
183.5246 168.6900 183.9509 168.7666 184.4683 168.7666 c
184.8107 168.7666 185.1534 168.7212 185.4910 168.6325 c
185.8286 168.5415 186.1234 168.4123 186.3700 168.2422 c
186.0897 167.5667 l
185.8382 167.7368 185.5701 167.8589 185.2897 167.9355 c
185.0071 168.0097 184.7341 168.0480 184.4683 168.0480 c
184.1355 168.0480 183.8622 168.0049 183.6490 167.9210 c
183.4359 167.8374 183.2780 167.7249 183.1796 167.5834 c
183.0815 167.4420 183.0311 167.2841 183.0311 167.1092 c
183.0311 166.9008 183.0983 166.7356 183.2301 166.6108 c
183.3616 166.4864 183.5342 166.3883 183.7474 166.3163 c
183.9580 166.2420 184.1905 166.1774 184.4444 166.1176 c
184.6959 166.0578 184.9521 165.9929 185.2084 165.9189 c
185.4646 165.8446 185.6971 165.7488 185.9102 165.6315 c
186.1209 165.5141 186.2909 165.3559 186.4202 165.1595 c
186.5497 164.9608 186.6144 164.7068 186.6144 164.3978 c
186.6144 164.0985 186.5330 163.8230 186.3700 163.5667 c
186.2070 163.3105 185.9556 163.1044 185.6154 162.9488 c
185.2730 162.7931 184.8444 162.7163 184.3245 162.7163 c
h
189.6154 162.7333 m
189.2322 162.7333 188.8946 162.8028 188.6046 162.9439 c
188.3149 163.0854 188.0898 163.3008 187.9294 163.5908 c
187.7689 163.8805 187.6873 164.2470 187.6873 164.6853 c
187.6873 167.2625 l
188.4994 167.2625 l
188.4994 164.7788 l
188.4994 164.3380 188.6046 164.0075 188.8177 163.7895 c
189.0286 163.5690 189.3257 163.4590 189.7089 163.4590 c
189.9890 163.4590 190.2359 163.5165 190.4443 163.6339 c
190.6526 163.7487 190.8130 163.9188 190.9256 164.1416 c
191.0381 164.3644 191.0934 164.6325 191.0934 164.9463 c
191.0934 167.2625 l
191.9052 167.2625 l
191.9052 162.7835 l
191.1365 162.7835 l
191.1365 163.9908 l
191.2632 163.6696 l
191.1172 163.3703 190.8969 163.1404 190.6047 162.9774 c
190.3102 162.8147 189.9819 162.7333 189.6154 162.7333 c
h
195.8238 162.7333 m
195.4525 162.7333 195.1149 162.8195 194.8082 162.9918 c
194.4992 163.1619 194.2549 163.4182 194.0729 163.7561 c
193.8886 164.0937 193.7976 164.5152 193.7976 165.0229 c
193.7976 165.5283 193.8861 165.9523 194.0632 166.2900 c
194.2407 166.6278 194.4825 166.8815 194.7892 167.0516 c
195.0956 167.2194 195.4406 167.3031 195.8238 167.3031 c
196.2646 167.3031 196.6550 167.2072 196.9926 167.0156 c
197.3305 166.8240 197.5963 166.5584 197.7951 166.2182 c
197.9915 165.8781 198.0896 165.4804 198.0896 165.0229 c
198.0896 164.5656 197.9915 164.1654 197.7951 163.8230 c
197.5963 163.4805 197.3305 163.2121 196.9926 163.0208 c
196.6550 162.8291 196.2646 162.7333 195.8238 162.7333 c
h
193.4501 161.1451 m
193.4501 167.2625 l
194.2285 167.2625 l
194.2285 166.0530 l
194.1761 165.0135 l
194.2622 163.9738 l
194.2622 161.1451 l
h
h
195.7567 163.4423 m
196.0441 163.4423 196.3029 163.5069 196.5305 163.6362 c
196.7579 163.7654 196.9398 163.9500 197.0717 164.1895 c
197.2035 164.4290 197.2704 164.7068 197.2704 165.0229 c
197.2704 165.3440 197.2035 165.6218 197.0717 165.8565 c
196.9398 166.0887 196.7579 166.2710 196.5305 166.4002 c
196.3029 166.5295 196.0441 166.5941 195.7567 166.5941 c
195.4766 166.5941 195.2203 166.5295 194.9927 166.4002 c
194.7651 166.2710 194.5831 166.0887 194.4513 165.8565 c
194.3198 165.6218 194.2526 165.3440 194.2526 165.0229 c
194.2526 164.7068 194.3198 164.4290 194.4513 164.1895 c
194.5831 163.9500 194.7651 163.7654 194.9927 163.6362 c
195.2203 163.5069 195.4766 163.4423 195.7567 163.4423 c
h
201.5867 162.7333 m
201.2153 162.7333 200.8777 162.8195 200.5710 162.9918 c
200.2620 163.1619 200.0177 163.4182 199.8357 163.7561 c
199.6515 164.0937 199.5605 164.5152 199.5605 165.0229 c
199.5605 165.5283 199.6489 165.9523 199.8261 166.2900 c
200.0035 166.6278 200.2453 166.8815 200.5520 167.0516 c
200.8585 167.2194 201.2034 167.3031 201.5867 167.3031 c
202.0275 167.3031 202.4178 167.2072 202.7554 167.0156 c
203.0933 166.8240 203.3592 166.5584 203.5579 166.2182 c
203.7543 165.8781 203.8524 165.4804 203.8524 165.0229 c
203.8524 164.5656 203.7543 164.1654 203.5579 163.8230 c
203.3592 163.4805 203.0933 163.2121 202.7554 163.0208 c
202.4178 162.8291 202.0275 162.7333 201.5867 162.7333 c
h
199.2129 161.1451 m
199.2129 167.2625 l
199.9913 167.2625 l
199.9913 166.0530 l
199.9389 165.0135 l
200.0251 163.9738 l
200.0251 161.1451 l
h
h
201.5195 163.4423 m
201.8069 163.4423 202.0657 163.5069 202.2934 163.6362 c
202.5207 163.7654 202.7027 163.9500 202.8345 164.1895 c
202.9663 164.4290 203.0332 164.7068 203.0332 165.0229 c
203.0332 165.3440 202.9663 165.6218 202.8345 165.8565 c
202.7027 166.0887 202.5207 166.2710 202.2934 166.4002 c
202.0657 166.5295 201.8069 166.5941 201.5195 166.5941 c
201.2394 166.5941 200.9832 166.5295 200.7556 166.4002 c
200.5279 166.2710 200.3460 166.0887 200.2141 165.8565 c
200.0826 165.6218 200.0154 165.3440 200.0154 165.0229 c
200.0154 164.7068 200.0826 164.4290 200.2141 164.1895 c
200.3460 163.9500 200.5279 163.7654 200.7556 163.6362 c
200.9832 163.5069 201.2394 163.4423 201.5195 163.4423 c
h
204.9758 162.7835 m
204.9758 169.0540 l
205.7879 169.0540 l
205.7879 162.7835 l
h
h
207.5097 161.0926 m
207.2965 161.0926 207.0882 161.1283 206.8843 161.1978 c
206.6808 161.2698 206.5059 161.3727 206.3599 161.5068 c
206.7072 162.1154 l
206.8197 162.0074 206.9444 161.9260 207.0808 161.8710 c
207.2149 161.8157 207.3586 161.7871 207.5097 161.7871 c
207.7084 161.7871 207.8714 161.8373 208.0006 161.9379 c
208.1299 162.0411 208.2498 162.2205 208.3623 162.4793 c
208.6424 163.0973 l
208.7263 163.1979 l
210.4843 167.2625 l
211.2795 167.2625 l
209.1073 162.3356 l
208.9777 162.0196 208.8340 161.7704 208.6736 161.5907 c
208.5131 161.4110 208.3360 161.2843 208.1443 161.2074 c
207.9527 161.1309 207.7418 161.0926 207.5097 161.0926 c
h
208.5755 162.6398 m
206.5300 167.2625 l
207.3756 167.2625 l
209.1144 163.2745 l
h
f
/GS13 gs
/CS15 cs 0.5300 1.0000 0.2800 0.1100 scn
173.2320 375.2096 m
97.9350 375.2096 l
100.5398 382.1275 l
97.9350 389.0455 l
173.2320 389.0455 l
170.6278 382.5006 l
h
f
/GS13 gs
/CS15 cs 0.0000 0.0000 0.0000 0.0000 scn
122.2053 378.2259 m
122.2053 385.4923 l
123.2439 385.4923 l
123.2439 378.2259 l
h
h
116.9929 378.2259 m
116.9929 385.4923 l
118.0318 385.4923 l
118.0318 378.2259 l
h
h
117.9289 381.4662 m
117.9289 382.3696 l
122.2994 382.3696 l
122.2994 381.4662 l
h
h
128.7062 378.1434 m
128.1529 378.1434 127.6407 378.2378 127.1670 378.4232 c
126.6931 378.6086 126.2812 378.8705 125.9368 379.2059 c
125.5895 379.5415 125.3188 379.9358 125.1244 380.3862 c
124.9302 380.8363 124.8333 381.3279 124.8333 381.8605 c
124.8333 382.3931 124.9302 382.8847 125.1244 383.3351 c
125.3188 383.7852 125.5895 384.1767 125.9368 384.5123 c
126.2812 384.8477 126.6902 385.1096 127.1611 385.2981 c
127.6291 385.4835 128.1441 385.5776 128.7062 385.5776 c
129.2596 385.5776 129.7715 385.4863 130.2395 385.3037 c
130.7075 385.1184 131.1134 384.8596 131.4638 384.5239 c
131.8139 384.1886 132.0817 383.7971 132.2731 383.3467 c
132.4644 382.8966 132.5585 382.3991 132.5585 381.8605 c
132.5585 381.3219 132.4644 380.8276 132.2731 380.3771 c
132.0817 379.9270 131.8139 379.5327 131.4638 379.1971 c
131.1134 378.8617 130.7075 378.6026 130.2395 378.4201 c
129.7715 378.2347 129.2596 378.1434 128.7062 378.1434 c
h
128.7062 379.0675 m
129.1093 379.0675 129.4801 379.1384 129.8245 379.2764 c
130.1658 379.4148 130.4631 379.6092 130.7163 379.8624 c
130.9694 380.1124 131.1664 380.4097 131.3079 380.7482 c
131.4490 381.0866 131.5196 381.4574 131.5196 381.8605 c
131.5196 382.2608 131.4490 382.6315 131.3079 382.9700 c
131.1664 383.3084 130.9694 383.6058 130.7163 383.8589 c
130.4631 384.1121 130.1658 384.3091 129.8245 384.4474 c
129.4801 384.5857 129.1093 384.6535 128.7062 384.6535 c
128.2972 384.6535 127.9233 384.5857 127.5820 384.4474 c
127.2376 384.3091 126.9403 384.1121 126.6843 383.8589 c
126.4283 383.6058 126.2282 383.3084 126.0867 382.9700 c
125.9427 382.6315 125.8722 382.2608 125.8722 381.8605 c
125.8722 381.4574 125.9427 381.0866 126.0867 380.7482 c
126.2282 380.4097 126.4283 380.1124 126.6843 379.8624 c
126.9403 379.6092 127.2376 379.4148 127.5820 379.2764 c
127.9233 379.1384 128.2972 379.0675 128.7062 379.0675 c
h
136.2640 378.1434 m
135.7106 378.1434 135.1809 378.2288 134.6777 378.3997 c
134.1714 378.5672 133.7740 378.7880 133.4826 379.0559 c
133.8653 379.8652 l
134.1420 379.6240 134.4951 379.4238 134.9249 379.2648 c
135.3546 379.1058 135.8019 379.0264 136.2640 379.0264 c
136.6846 379.0264 137.0290 379.0735 137.2910 379.1707 c
137.5529 379.2677 137.7471 379.4003 137.8738 379.5710 c
137.9974 379.7388 138.0591 379.9329 138.0591 380.1478 c
138.0591 380.3978 137.9798 380.5980 137.8179 380.7510 c
137.6561 380.9013 137.4440 381.0249 137.1849 381.1190 c
136.9230 381.2102 136.6376 381.2924 136.3286 381.3633 c
136.0168 381.4308 135.7019 381.5133 135.3869 381.6074 c
135.0720 381.6986 134.7834 381.8194 134.5246 381.9637 c
134.2655 382.1077 134.0566 382.3050 133.8976 382.5522 c
133.7389 382.7965 133.6592 383.1143 133.6592 383.4998 c
133.6592 383.8737 133.7593 384.2209 133.9566 384.5358 c
134.1539 384.8508 134.4569 385.1008 134.8688 385.2921 c
135.2809 385.4835 135.8048 385.5776 136.4406 385.5776 c
136.8612 385.5776 137.2822 385.5217 137.6972 385.4129 c
138.1122 385.3009 138.4741 385.1419 138.7772 384.9330 c
138.4328 384.1030 l
138.1238 384.3122 137.7944 384.4621 137.4500 384.5563 c
137.1027 384.6475 136.7671 384.6946 136.4406 384.6946 c
136.0315 384.6946 135.6959 384.6416 135.4340 384.5387 c
135.1721 384.4358 134.9779 384.2974 134.8571 384.1237 c
134.7364 383.9502 134.6746 383.7557 134.6746 383.5409 c
134.6746 383.2849 134.7571 383.0820 134.9189 382.9289 c
135.0808 382.7758 135.2928 382.6551 135.5547 382.5669 c
135.8135 382.4756 136.0990 382.3963 136.4111 382.3226 c
136.7201 382.2491 137.0350 382.1695 137.3499 382.0782 c
137.6649 381.9872 137.9503 381.8693 138.2122 381.7253 c
138.4710 381.5810 138.6802 381.3868 138.8390 381.1453 c
138.9980 380.9013 139.0774 380.5892 139.0774 380.2096 c
139.0774 379.8417 138.9773 379.5032 138.7772 379.1883 c
138.5770 378.8734 138.2681 378.6202 137.8502 378.4289 c
137.4293 378.2378 136.9026 378.1434 136.2640 378.1434 c
h
143.6040 378.1434 m
142.6504 378.1434 141.8998 378.4173 141.3524 378.9646 c
140.8051 379.5092 140.5312 380.3097 140.5312 381.3602 c
140.5312 385.4923 l
141.5701 385.4923 l
141.5701 381.4044 l
141.5701 380.5951 141.7499 380.0035 142.1059 379.6296 c
142.4619 379.2560 142.9654 379.0675 143.6156 379.0675 c
144.2718 379.0675 144.7809 379.2560 145.1373 379.6296 c
145.4933 380.0035 145.6727 380.5951 145.6727 381.4044 c
145.6727 385.4923 l
146.6793 385.4923 l
146.6793 381.3602 l
146.6793 380.3097 146.4086 379.5092 145.8641 378.9646 c
145.3195 378.4173 144.5664 378.1434 143.6040 378.1434 c
h
148.8042 378.2259 m
148.8042 385.4923 l
151.6414 385.4923 l
152.5802 385.4923 153.3217 385.2686 153.8634 384.8241 c
154.4020 384.3768 154.6727 383.7557 154.6727 382.9612 c
154.6727 382.4345 154.5520 381.9841 154.3107 381.6074 c
154.0664 381.2278 153.7220 380.9392 153.2718 380.7391 c
152.8214 380.5362 152.2772 380.4361 151.6414 380.4361 c
149.3753 380.4361 l
149.8431 380.9157 l
149.8431 378.2259 l
h
h
153.6633 378.2259 m
151.8151 380.8630 l
152.9274 380.8630 l
154.7963 378.2259 l
h
h
149.8431 380.8100 m
149.3753 381.3191 l
151.6090 381.3191 l
152.2740 381.3191 152.7775 381.4634 153.1216 381.7517 c
153.4632 382.0371 153.6338 382.4402 153.6338 382.9612 c
153.6338 383.4791 153.4632 383.8793 153.1216 384.1648 c
152.7775 384.4505 152.2740 384.5917 151.6090 384.5917 c
149.3753 384.5917 l
149.8431 385.1096 l
h
f
/GS13 gs
/CS15 cs 0.0000 0.0000 0.0000 0.0000 scn
241.3616 45.4294 m
38.4046 45.4294 l
29.0047 45.4294 21.3837 53.0504 21.3837 62.4515 c
21.3837 131.4074 l
21.3837 140.8085 29.0047 148.4294 38.4046 148.4294 c
241.3616 148.4294 l
250.7627 148.4294 258.3836 140.8085 258.3836 131.4074 c
258.3836 62.4515 l
258.3836 53.0504 250.7627 45.4294 241.3616 45.4294 c
f
/GS13 gs
/CS15 cs 0.7000 0.6700 0.6400 0.7400 scn
41.2920 132.6348 m
41.2920 129.5943 l
42.6997 129.5943 l
42.8618 129.5943 43.0044 129.6111 43.1203 129.6408 c
43.2360 129.6706 43.3321 129.7270 43.4149 129.8064 c
43.4945 129.8860 43.5574 129.9951 43.6037 130.1309 c
43.6467 130.2667 43.6833 130.4422 43.7097 130.6576 c
43.9217 130.6576 l
43.9217 128.0378 l
43.7097 128.0378 l
43.7063 128.2334 43.6864 128.3990 43.6535 128.5347 c
43.6170 128.6705 43.5640 128.7831 43.4877 128.8723 c
43.4117 128.9585 43.3089 129.0214 43.1833 129.0611 c
43.0540 129.1011 42.8950 129.1209 42.6997 129.1209 c
41.2920 129.1209 l
41.2920 126.6900 l
41.2920 126.5080 41.2954 126.3623 41.3053 126.2463 c
41.3118 126.1304 41.3252 126.0377 41.3484 125.9680 c
41.3683 125.8951 41.3980 125.8356 41.4411 125.7925 c
41.4808 125.7494 41.5338 125.7063 41.6035 125.6700 c
41.7691 125.5805 41.9445 125.5343 42.1299 125.5343 c
42.4083 125.5343 l
42.4083 125.3222 l
39.0898 125.3222 l
39.0898 125.5343 l
39.3647 125.5343 l
39.6859 125.5343 39.9178 125.6270 40.0601 125.8123 c
40.1496 125.9317 40.1958 126.2231 40.1958 126.6900 c
40.1958 131.6874 l
40.1958 131.8697 40.1924 132.0188 40.1859 132.1347 c
40.1760 132.2473 40.1627 132.3400 40.1428 132.4162 c
40.1196 132.4922 40.0898 132.5486 40.0501 132.5917 c
40.0105 132.6314 39.9574 132.6711 39.8880 132.7107 c
39.7191 132.8003 39.5467 132.8465 39.3647 132.8465 c
39.0898 132.8465 l
39.0898 133.0586 l
44.8458 133.0586 l
44.8458 131.3563 l
44.7199 131.3563 l
44.6437 131.6344 44.5609 131.8564 44.4682 132.0253 c
44.3721 132.1943 44.2596 132.3232 44.1238 132.4128 c
43.9880 132.5021 43.8290 132.5619 43.6467 132.5917 c
43.4648 132.6214 43.2459 132.6348 42.9976 132.6348 c
h
h
47.2932 130.7007 m
47.2932 129.5283 l
47.7337 130.3098 48.1842 130.7007 48.6377 130.7007 c
48.7403 130.7007 48.8364 130.6840 48.9260 130.6508 c
49.0119 130.6145 49.0881 130.5680 49.1545 130.5119 c
49.2208 130.4521 49.2735 130.3860 49.3101 130.3098 c
49.3464 130.2335 49.3631 130.1508 49.3631 130.0680 c
49.3631 129.9189 49.3135 129.7964 49.2174 129.6938 c
49.1179 129.5912 48.9988 129.5382 48.8631 129.5382 c
48.7967 129.5382 48.7239 129.5580 48.6445 129.6011 c
48.5649 129.6442 48.4855 129.6873 48.4092 129.7369 c
48.3299 129.7831 48.2570 129.8262 48.1941 129.8693 c
48.1311 129.9124 48.0813 129.9322 48.0450 129.9322 c
47.9954 129.9322 47.9424 129.9090 47.8826 129.8659 c
47.8196 129.8231 47.7570 129.7602 47.6940 129.6839 c
47.6277 129.6077 47.5614 129.5150 47.4919 129.4058 c
47.4222 129.2964 47.3562 129.1771 47.2932 129.0481 c
47.2932 126.5443 l
47.2932 126.3886 47.3031 126.2463 47.3230 126.1205 c
47.3394 125.9946 47.3825 125.8886 47.4454 125.8024 c
47.5084 125.7131 47.5980 125.6468 47.7204 125.6003 c
47.8429 125.5507 48.0019 125.5275 48.2040 125.5275 c
48.2040 125.3222 l
45.5312 125.3222 l
45.5312 125.5275 l
45.6968 125.5275 45.8328 125.5408 45.9420 125.5640 c
46.0480 125.5873 46.1307 125.6304 46.1937 125.6998 c
46.2532 125.7693 46.2963 125.8654 46.3195 125.9946 c
46.3428 126.1205 46.3527 126.2894 46.3527 126.4980 c
46.3527 128.5214 l
46.3527 129.1374 46.3394 129.4985 46.3130 129.6077 c
46.2631 129.8296 46.1341 129.9421 45.9286 129.9421 c
45.8127 129.9421 45.6803 129.9124 45.5312 129.8560 c
45.4717 130.0615 l
47.0548 130.7007 l
h
h
50.5355 128.5809 m
50.5355 128.1934 50.5885 127.8459 50.6911 127.5378 c
50.7937 127.2300 50.9295 126.9683 51.1050 126.7529 c
51.2807 126.5377 51.4826 126.3722 51.7110 126.2628 c
51.9398 126.1502 52.1847 126.0938 52.4398 126.0938 c
52.7808 126.0938 53.0790 126.1865 53.3339 126.3753 c
53.5856 126.5641 53.7976 126.8855 53.9666 127.3425 c
54.1454 127.2266 l
54.1023 126.9714 54.0227 126.7231 53.9070 126.4748 c
53.7877 126.2265 53.6352 126.0077 53.4532 125.8123 c
53.2678 125.6170 53.0524 125.4614 52.8075 125.3421 c
52.5623 125.2230 52.2941 125.1632 52.0058 125.1632 c
51.6946 125.1632 51.3998 125.2261 51.1251 125.3554 c
50.8501 125.4813 50.6083 125.6601 50.3997 125.8951 c
50.1911 126.1304 50.0287 126.4119 49.9062 126.7464 c
49.7837 127.0774 49.7242 127.4516 49.7242 127.8658 c
49.7242 128.3193 49.7869 128.7201 49.9096 129.0745 c
50.0321 129.4257 50.2044 129.7236 50.4196 129.9654 c
50.6347 130.2072 50.8932 130.3926 51.1880 130.5184 c
51.4826 130.6443 51.7972 130.7072 52.1385 130.7072 c
52.4265 130.7072 52.6915 130.6576 52.9398 130.5581 c
53.1850 130.4555 53.3968 130.3132 53.5757 130.1275 c
53.7545 129.9390 53.8937 129.7171 53.9963 129.4554 c
54.0955 129.1938 54.1454 128.9024 54.1454 128.5809 c
h
h
50.5355 128.9089 m
52.9532 128.9089 l
52.9364 129.2434 52.8968 129.4818 52.8338 129.6176 c
52.7377 129.8330 52.5988 129.9986 52.4100 130.1210 c
52.2213 130.2435 52.0226 130.3033 51.8170 130.3033 c
51.6614 130.3033 51.5092 130.2735 51.3666 130.2106 c
51.2243 130.1477 51.0919 130.0547 50.9760 129.9356 c
50.8567 129.8132 50.7574 129.6672 50.6812 129.4985 c
50.6018 129.3262 50.5519 129.1309 50.5355 128.9089 c
h
58.2188 130.7007 m
58.2188 128.9222 l
58.0300 128.9222 l
57.9572 129.2037 57.8744 129.4356 57.7851 129.6210 c
57.6955 129.8032 57.5929 129.9521 57.4770 130.0615 c
57.3610 130.1706 57.2287 130.2503 57.0861 130.2965 c
56.9438 130.3430 56.7848 130.3662 56.6093 130.3662 c
56.4769 130.3662 56.3576 130.3464 56.2484 130.3064 c
56.1390 130.2667 56.0463 130.2171 55.9701 130.1542 c
55.8907 130.0912 55.8309 130.0184 55.7881 129.9356 c
55.7450 129.8529 55.7218 129.7701 55.7218 129.6873 c
55.7218 129.5813 55.7382 129.4818 55.7680 129.3925 c
55.7980 129.2998 55.8609 129.2037 55.9568 129.1076 c
56.0529 129.0115 56.1920 128.9055 56.3743 128.7964 c
56.5563 128.6870 56.7981 128.5580 57.0994 128.4089 c
57.3809 128.2731 57.6193 128.1373 57.8115 128.0047 c
58.0037 127.8689 58.1593 127.7365 58.2783 127.6041 c
58.3977 127.4715 58.4838 127.3357 58.5369 127.1934 c
58.5865 127.0511 58.6128 126.9020 58.6128 126.7498 c
58.6128 126.5080 58.5632 126.2925 58.4640 126.0972 c
58.3614 125.9019 58.2287 125.7330 58.0666 125.5972 c
57.9010 125.4614 57.7154 125.3520 57.5067 125.2757 c
57.2981 125.1998 57.0830 125.1632 56.8675 125.1632 c
56.7054 125.1632 56.5364 125.1765 56.3542 125.2029 c
56.1722 125.2295 55.9769 125.2726 55.7714 125.3322 c
55.7084 125.3520 55.6523 125.3687 55.6024 125.3786 c
55.5528 125.3886 55.5066 125.3917 55.4635 125.3917 c
55.3808 125.3917 55.3110 125.3421 55.2580 125.2429 c
55.0692 125.2429 l
55.0692 127.1072 l
55.2580 127.1072 l
55.3110 126.8425 55.3907 126.6106 55.4998 126.4085 c
55.6058 126.2064 55.7317 126.0377 55.8740 125.9050 c
56.0166 125.7693 56.1722 125.6700 56.3477 125.6003 c
56.5200 125.5309 56.6955 125.4977 56.8774 125.4977 c
57.0067 125.4977 57.1260 125.5175 57.2352 125.5606 c
57.3446 125.6037 57.4373 125.6601 57.5167 125.7296 c
57.5963 125.7990 57.6592 125.8818 57.7023 125.9779 c
57.7451 126.0740 57.7684 126.1766 57.7684 126.2860 c
57.7684 126.4150 57.7485 126.5343 57.7123 126.6369 c
57.6723 126.7396 57.6028 126.8425 57.5002 126.9417 c
57.3976 127.0412 57.2550 127.1438 57.0796 127.2529 c
56.9007 127.3623 56.6688 127.4848 56.3873 127.6274 c
56.1059 127.7631 55.8808 127.8921 55.7084 128.0115 c
55.5330 128.1274 55.3972 128.2465 55.2977 128.3658 c
55.1985 128.4851 55.1322 128.6110 55.0990 128.7434 c
55.0627 128.8723 55.0463 129.0214 55.0463 129.1904 c
55.0463 129.4024 55.0860 129.6011 55.1653 129.7865 c
55.2416 129.9688 55.3507 130.1309 55.4933 130.2667 c
55.6322 130.4025 55.7980 130.5085 55.9933 130.5848 c
56.1886 130.6607 56.4007 130.7007 56.6325 130.7007 c
56.7054 130.7007 56.7981 130.6908 56.9140 130.6675 c
57.0266 130.6443 57.1425 130.6210 57.2584 130.5947 c
57.3744 130.5680 57.4770 130.5451 57.5731 130.5218 c
57.6692 130.4986 57.7321 130.4853 57.7684 130.4853 c
57.8279 130.4853 57.8744 130.4986 57.9110 130.5249 c
57.9438 130.5516 57.9838 130.6111 58.0300 130.7007 c
h
h
60.9245 133.4327 m
60.9245 129.6111 l
61.0469 129.7301 61.1663 129.8560 61.2856 129.9852 c
61.4047 130.1145 61.5339 130.2304 61.6697 130.3364 c
61.8055 130.4422 61.9577 130.5283 62.1201 130.5978 c
62.2823 130.6675 62.4645 130.7007 62.6698 130.7007 c
62.9447 130.7007 63.1732 130.6409 63.3487 130.5218 c
63.5244 130.4025 63.6602 130.2435 63.7594 130.0448 c
63.8589 129.8429 63.9249 129.6176 63.9615 129.3627 c
63.9978 129.1076 64.0145 128.8426 64.0145 128.5744 c
64.0145 126.5046 l
64.0145 126.3291 64.0176 126.1800 64.0244 126.0607 c
64.0276 125.9416 64.0542 125.8455 64.1038 125.7727 c
64.1503 125.6964 64.2263 125.6403 64.3323 125.6037 c
64.4352 125.5640 64.5874 125.5374 64.7895 125.5275 c
64.7895 125.3222 l
62.2227 125.3222 l
62.2227 125.5275 l
62.3452 125.5275 l
62.5141 125.5275 62.6468 125.5442 62.7426 125.5740 c
62.8387 125.6037 62.9116 125.6567 62.9612 125.7330 c
63.0111 125.8058 63.0408 125.9050 63.0507 126.0309 c
63.0607 126.1536 63.0672 126.3124 63.0672 126.5046 c
63.0672 128.5744 l
63.0672 128.7366 63.0641 128.9055 63.0607 129.0745 c
63.0541 129.2434 63.0275 129.3956 62.9779 129.5348 c
62.9283 129.6740 62.8455 129.7899 62.7296 129.8792 c
62.6136 129.9688 62.4447 130.0119 62.2293 130.0119 c
62.1334 130.0119 62.0405 130.0020 61.9447 129.9818 c
61.8486 129.9589 61.7491 129.9223 61.6465 129.8659 c
61.5404 129.8098 61.4279 129.7335 61.3120 129.6374 c
61.1929 129.5416 61.0637 129.4157 60.9245 129.2632 c
60.9245 126.5046 l
60.9245 126.3158 60.9279 126.1701 60.9344 126.0675 c
60.9412 125.9614 60.9542 125.8818 60.9775 125.8257 c
60.9973 125.7693 61.0271 125.7262 61.0637 125.6998 c
61.0999 125.6732 61.1464 125.6434 61.2028 125.6136 c
61.2558 125.5839 61.3287 125.5606 61.4245 125.5473 c
61.5206 125.5343 61.6331 125.5275 61.7689 125.5275 c
61.7689 125.3222 l
59.1792 125.3222 l
59.1792 125.5275 l
59.3215 125.5275 59.4442 125.5374 59.5468 125.5541 c
59.6460 125.5706 59.7291 125.6136 59.7951 125.6766 c
59.8581 125.7395 59.9046 125.8390 59.9343 125.9714 c
59.9641 126.1006 59.9774 126.2792 59.9774 126.5046 c
59.9774 131.2339 l
59.9774 131.8232 59.9607 132.1909 59.9309 132.3334 c
59.9046 132.4692 59.8615 132.5650 59.8020 132.6149 c
59.7421 132.6645 59.6628 132.6878 59.5667 132.6878 c
59.4774 132.6878 59.3481 132.6580 59.1792 132.5951 c
59.0964 132.7969 l
60.6597 133.4327 l
h
h
70.1776 132.6348 m
70.1776 129.5943 l
71.5853 129.5943 l
71.7474 129.5943 71.8900 129.6111 72.0060 129.6408 c
72.1216 129.6706 72.2177 129.7270 72.3005 129.8064 c
72.3801 129.8860 72.4431 129.9951 72.4893 130.1309 c
72.5323 130.2667 72.5689 130.4422 72.5953 130.6576 c
72.8073 130.6576 l
72.8073 128.0378 l
72.5953 128.0378 l
72.5919 128.2334 72.5720 128.3990 72.5391 128.5347 c
72.5026 128.6705 72.4496 128.7831 72.3733 128.8723 c
72.2974 128.9585 72.1945 129.0214 72.0689 129.0611 c
71.9396 129.1011 71.7806 129.1209 71.5853 129.1209 c
70.1776 129.1209 l
70.1776 126.6900 l
70.1776 126.5080 70.1810 126.3623 70.1909 126.2463 c
70.1974 126.1304 70.2108 126.0377 70.2340 125.9680 c
70.2539 125.8951 70.2836 125.8356 70.3267 125.7925 c
70.3664 125.7494 70.4194 125.7063 70.4891 125.6700 c
70.6547 125.5805 70.8301 125.5343 71.0155 125.5343 c
71.2939 125.5343 l
71.2939 125.3222 l
67.9754 125.3222 l
67.9754 125.5343 l
68.2503 125.5343 l
68.5715 125.5343 68.8034 125.6270 68.9457 125.8123 c
69.0352 125.9317 69.0814 126.2231 69.0814 126.6900 c
69.0814 131.6874 l
69.0814 131.8697 69.0780 132.0188 69.0715 132.1347 c
69.0616 132.2473 69.0483 132.3400 69.0284 132.4162 c
69.0052 132.4922 68.9754 132.5486 68.9357 132.5917 c
68.8961 132.6314 68.8431 132.6711 68.7736 132.7107 c
68.6047 132.8003 68.4323 132.8465 68.2503 132.8465 c
67.9754 132.8465 l
67.9754 133.0586 l
73.7314 133.0586 l
73.7314 131.3563 l
73.6055 131.3563 l
73.5293 131.6344 73.4465 131.8564 73.3538 132.0253 c
73.2577 132.1943 73.1452 132.3232 73.0094 132.4128 c
72.8736 132.5021 72.7146 132.5619 72.5323 132.5917 c
72.3504 132.6214 72.1315 132.6348 71.8832 132.6348 c
h
h
76.4470 133.4327 m
76.4470 126.5046 l
76.4470 126.3356 76.4538 126.1998 76.4637 126.0972 c
76.4736 125.9912 76.4935 125.9084 76.5167 125.8455 c
76.5397 125.7826 76.5694 125.7330 76.6060 125.6998 c
76.6426 125.6632 76.6854 125.6335 76.7384 125.6071 c
76.8280 125.5541 77.0134 125.5275 77.2914 125.5275 c
77.2914 125.3222 l
74.7283 125.3222 l
74.7283 125.5275 l
74.9004 125.5275 75.0362 125.5408 75.1388 125.5674 c
75.2383 125.5938 75.3146 125.6434 75.3707 125.7163 c
75.4271 125.7891 75.4603 125.8886 75.4767 126.0145 c
75.4931 126.1369 75.4999 126.3025 75.4999 126.5046 c
75.4999 131.2503 l
75.4999 131.5451 75.4965 131.7835 75.4931 131.9658 c
75.4866 132.1478 75.4767 132.2705 75.4603 132.3334 c
75.4302 132.4692 75.3840 132.5650 75.3276 132.6149 c
75.2715 132.6645 75.1952 132.6878 75.1056 132.6878 c
75.0030 132.6878 74.8772 132.6580 74.7283 132.5951 c
74.6323 132.7969 l
76.1888 133.4327 l
h
h
80.4512 130.7007 m
80.8189 130.7007 81.1599 130.6278 81.4677 130.4853 c
81.7758 130.3396 82.0409 130.1443 82.2626 129.9025 c
82.4845 129.6607 82.6600 129.3758 82.7827 129.0546 c
82.9052 128.7300 82.9681 128.3890 82.9681 128.0313 c
82.9681 127.6571 82.9052 127.2960 82.7759 126.9516 c
82.6469 126.6072 82.4712 126.3025 82.2427 126.0377 c
82.0142 125.7693 81.7427 125.5575 81.4280 125.4016 c
81.1134 125.2429 80.7659 125.1632 80.3883 125.1632 c
80.0206 125.1632 79.6827 125.2395 79.3814 125.3917 c
79.0801 125.5442 78.8185 125.7460 78.6030 126.0011 c
78.3879 126.2529 78.2189 126.5409 78.1030 126.8688 c
77.9839 127.1968 77.9241 127.5344 77.9241 127.8822 c
77.9241 128.2365 77.9839 128.5843 78.1064 128.9222 c
78.2289 129.2598 78.4012 129.5614 78.6229 129.8262 c
78.8448 130.0912 79.1133 130.3033 79.4211 130.4620 c
79.7292 130.6210 80.0736 130.7007 80.4512 130.7007 c
h
80.2755 130.3296 m
80.1068 130.3296 79.9478 130.2965 79.7922 130.2270 c
79.6365 130.1576 79.5008 130.0416 79.3814 129.8860 c
79.2621 129.7270 79.1663 129.5215 79.0934 129.2732 c
79.0203 129.0249 78.9840 128.7201 78.9840 128.3624 c
78.9840 127.9947 79.0237 127.6404 79.1033 127.3028 c
79.1793 126.9615 79.2921 126.6636 79.4344 126.4085 c
79.5767 126.1536 79.7491 125.9481 79.9509 125.7959 c
80.1530 125.6434 80.3815 125.5674 80.6332 125.5674 c
80.8155 125.5674 80.9844 125.6037 81.1400 125.6732 c
81.2923 125.7429 81.4249 125.8588 81.5406 126.0176 c
81.6565 126.1735 81.7461 126.3821 81.8090 126.6403 c
81.8719 126.8986 81.9051 127.2166 81.9051 127.5942 c
81.9051 127.9684 81.8685 128.3227 81.7991 128.6538 c
81.7262 128.9852 81.6202 129.2766 81.4810 129.5249 c
81.3419 129.7732 81.1698 129.9688 80.9677 130.1145 c
80.7659 130.2568 80.5340 130.3296 80.2755 130.3296 c
h
83.4449 130.5482 m
85.6372 130.5482 l
85.6372 130.3364 l
85.4354 130.3197 85.3061 130.2866 85.2432 130.2304 c
85.1803 130.1740 85.1471 130.0912 85.1471 129.9818 c
85.1471 129.8693 85.1803 129.7270 85.2432 129.5546 c
86.3626 126.5477 l
87.4854 128.9951 l
87.1872 129.7667 l
87.1509 129.8628 87.1109 129.9455 87.0712 130.0150 c
87.0316 130.0847 86.9820 130.1443 86.9221 130.1905 c
86.8595 130.2335 86.7864 130.2701 86.6971 130.2934 c
86.6078 130.3163 86.4950 130.3296 86.3626 130.3364 c
86.3626 130.5482 l
88.8497 130.5482 l
88.8497 130.3364 l
88.6178 130.3262 88.4424 130.2900 88.3264 130.2304 c
88.2105 130.1675 88.1510 130.0581 88.1510 129.8959 c
88.1510 129.8132 88.1674 129.7369 88.1974 129.6641 c
89.3863 126.6636 l
90.4859 129.5546 l
90.5618 129.7602 90.5984 129.9223 90.5984 130.0448 c
90.5984 130.1176 90.5618 130.1839 90.4890 130.2403 c
90.4130 130.2965 90.2673 130.3296 90.0519 130.3364 c
90.0519 130.5482 l
91.7011 130.5482 l
91.7011 130.3364 l
91.3666 130.2834 91.1217 130.0581 90.9692 129.6641 c
89.2239 125.1632 l
88.9923 125.1632 l
87.6841 128.4982 l
86.1605 125.1632 l
85.9518 125.1632 l
84.2729 129.5546 l
84.2199 129.6972 84.1669 129.8132 84.1173 129.9025 c
84.0674 129.9917 84.0112 130.0615 83.9483 130.1176 c
83.8854 130.1740 83.8159 130.2171 83.7363 130.2503 c
83.6569 130.2800 83.5608 130.3098 83.4449 130.3364 c
h
h
93.0557 128.5809 m
93.0557 128.1934 93.1088 127.8459 93.2114 127.5378 c
93.3140 127.2300 93.4498 126.9683 93.6252 126.7529 c
93.8010 126.5377 94.0028 126.3722 94.2313 126.2628 c
94.4600 126.1502 94.7049 126.0938 94.9601 126.0938 c
95.3011 126.0938 95.5993 126.1865 95.8541 126.3753 c
96.1058 126.5641 96.3179 126.8855 96.4868 127.3425 c
96.6657 127.2266 l
96.6226 126.9714 96.5429 126.7231 96.4273 126.4748 c
96.3079 126.2265 96.1554 126.0077 95.9734 125.8123 c
95.7881 125.6170 95.5726 125.4614 95.3277 125.3421 c
95.0825 125.2230 94.8144 125.1632 94.5261 125.1632 c
94.2148 125.1632 93.9200 125.2261 93.6454 125.3554 c
93.3704 125.4813 93.1286 125.6601 92.9200 125.8951 c
92.7113 126.1304 92.5489 126.4119 92.4265 126.7464 c
92.3040 127.0774 92.2445 127.4516 92.2445 127.8658 c
92.2445 128.3193 92.3071 128.7201 92.4299 129.0745 c
92.5523 129.4257 92.7247 129.7236 92.9398 129.9654 c
93.1550 130.2072 93.4135 130.3926 93.7083 130.5184 c
94.0028 130.6443 94.3174 130.7072 94.6587 130.7072 c
94.9467 130.7072 95.2118 130.6576 95.4601 130.5581 c
95.7053 130.4555 95.9170 130.3132 96.0959 130.1275 c
96.2748 129.9390 96.4140 129.7171 96.5166 129.4554 c
96.6158 129.1938 96.6657 128.9024 96.6657 128.5809 c
h
h
93.0557 128.9089 m
95.4734 128.9089 l
95.4567 129.2434 95.4170 129.4818 95.3541 129.6176 c
95.2580 129.8330 95.1191 129.9986 94.9303 130.1210 c
94.7415 130.2435 94.5428 130.3033 94.3373 130.3033 c
94.1817 130.3033 94.0294 130.2735 93.8869 130.2106 c
93.7446 130.1477 93.6122 130.0547 93.4963 129.9356 c
93.3769 129.8132 93.2777 129.6672 93.2014 129.4985 c
93.1221 129.3262 93.0722 129.1309 93.0557 128.9089 c
h
98.8911 130.7007 m
98.8911 129.5283 l
99.3317 130.3098 99.7821 130.7007 100.2356 130.7007 c
100.3382 130.7007 100.4343 130.6840 100.5239 130.6508 c
100.6098 130.6145 100.6860 130.5680 100.7524 130.5119 c
100.8187 130.4521 100.8714 130.3860 100.9080 130.3098 c
100.9443 130.2335 100.9610 130.1508 100.9610 130.0680 c
100.9610 129.9189 100.9114 129.7964 100.8153 129.6938 c
100.7158 129.5912 100.5968 129.5382 100.4610 129.5382 c
100.3946 129.5382 100.3218 129.5580 100.2424 129.6011 c
100.1628 129.6442 100.0834 129.6873 100.0071 129.7369 c
99.9278 129.7831 99.8549 129.8262 99.7920 129.8693 c
99.7291 129.9124 99.6792 129.9322 99.6429 129.9322 c
99.5933 129.9322 99.5403 129.9090 99.4805 129.8659 c
99.4175 129.8231 99.3549 129.7602 99.2920 129.6839 c
99.2256 129.6077 99.1593 129.5150 99.0899 129.4058 c
99.0201 129.2964 98.9541 129.1771 98.8911 129.0481 c
98.8911 126.5443 l
98.8911 126.3886 98.9011 126.2463 98.9209 126.1205 c
98.9374 125.9946 98.9804 125.8886 99.0434 125.8024 c
99.1063 125.7131 99.1959 125.6468 99.3183 125.6003 c
99.4408 125.5507 99.5998 125.5275 99.8019 125.5275 c
99.8019 125.3222 l
97.1291 125.3222 l
97.1291 125.5275 l
97.2947 125.5275 97.4307 125.5408 97.5399 125.5640 c
97.6459 125.5873 97.7287 125.6304 97.7916 125.6998 c
97.8511 125.7693 97.8942 125.8654 97.9174 125.9946 c
97.9407 126.1205 97.9506 126.2894 97.9506 126.4980 c
97.9506 128.5214 l
97.9506 129.1374 97.9373 129.4985 97.9109 129.6077 c
97.8610 129.8296 97.7321 129.9421 97.5266 129.9421 c
97.4106 129.9421 97.2782 129.9124 97.1291 129.8560 c
97.0696 130.0615 l
98.6528 130.7007 l
h
h
104.6305 130.7007 m
104.6305 128.9222 l
104.4417 128.9222 l
104.3688 129.2037 104.2860 129.4356 104.1968 129.6210 c
104.1072 129.8032 104.0046 129.9521 103.8886 130.0615 c
103.7727 130.1706 103.6403 130.2503 103.4977 130.2965 c
103.3554 130.3430 103.1964 130.3662 103.0209 130.3662 c
102.8886 130.3662 102.7692 130.3464 102.6601 130.3064 c
102.5507 130.2667 102.4580 130.2171 102.3817 130.1542 c
102.3024 130.0912 102.2426 130.0184 102.1997 129.9356 c
102.1567 129.8529 102.1334 129.7701 102.1334 129.6873 c
102.1334 129.5813 102.1499 129.4818 102.1796 129.3925 c
102.2097 129.2998 102.2726 129.2037 102.3684 129.1076 c
102.4645 129.0115 102.6037 128.9055 102.7860 128.7964 c
102.9679 128.6870 103.2097 128.5580 103.5111 128.4089 c
103.7925 128.2731 104.0309 128.1373 104.2231 128.0047 c
104.4153 127.8689 104.5709 127.7365 104.6900 127.6041 c
104.8093 127.4715 104.8955 127.3357 104.9485 127.1934 c
104.9981 127.0511 105.0245 126.9020 105.0245 126.7498 c
105.0245 126.5080 104.9749 126.2925 104.8757 126.0972 c
104.7730 125.9019 104.6404 125.7330 104.4782 125.5972 c
104.3127 125.4614 104.1270 125.3520 103.9184 125.2757 c
103.7098 125.1998 103.4946 125.1632 103.2792 125.1632 c
103.1170 125.1632 102.9481 125.1765 102.7658 125.2029 c
102.5838 125.2295 102.3885 125.2726 102.1830 125.3322 c
102.1201 125.3520 102.0640 125.3687 102.0141 125.3786 c
101.9645 125.3886 101.9183 125.3917 101.8752 125.3917 c
101.7924 125.3917 101.7227 125.3421 101.6697 125.2429 c
101.4809 125.2429 l
101.4809 127.1072 l
101.6697 127.1072 l
101.7227 126.8425 101.8023 126.6106 101.9115 126.4085 c
102.0175 126.2064 102.1433 126.0377 102.2856 125.9050 c
102.4282 125.7693 102.5838 125.6700 102.7593 125.6003 c
102.9317 125.5309 103.1071 125.4977 103.2891 125.4977 c
103.4184 125.4977 103.5377 125.5175 103.6468 125.5606 c
103.7563 125.6037 103.8489 125.6601 103.9283 125.7296 c
104.0080 125.7990 104.0709 125.8818 104.1140 125.9779 c
104.1568 126.0740 104.1800 126.1766 104.1800 126.2860 c
104.1800 126.4150 104.1602 126.5343 104.1239 126.6369 c
104.0839 126.7396 104.0145 126.8425 103.9119 126.9417 c
103.8093 127.0412 103.6667 127.1438 103.4912 127.2529 c
103.3123 127.3623 103.0805 127.4848 102.7990 127.6274 c
102.5175 127.7631 102.2924 127.8921 102.1201 128.0115 c
101.9446 128.1274 101.8089 128.2465 101.7094 128.3658 c
101.6101 128.4851 101.5438 128.6110 101.5106 128.7434 c
101.4744 128.8723 101.4579 129.0214 101.4579 129.1904 c
101.4579 129.4024 101.4976 129.6011 101.5770 129.7865 c
101.6532 129.9688 101.7624 130.1309 101.9049 130.2667 c
102.0438 130.4025 102.2097 130.5085 102.4050 130.5848 c
102.6003 130.6607 102.8123 130.7007 103.0442 130.7007 c
103.1170 130.7007 103.2097 130.6908 103.3257 130.6675 c
103.4382 130.6443 103.5541 130.6210 103.6701 130.5947 c
103.7860 130.5680 103.8886 130.5451 103.9847 130.5218 c
104.0808 130.4986 104.1437 130.4853 104.1800 130.4853 c
104.2396 130.4853 104.2860 130.4986 104.3226 130.5249 c
104.3555 130.5516 104.3955 130.6111 104.4417 130.7007 c
h
h
106.8956 126.4283 m
106.9852 126.4283 107.0646 126.4119 107.1408 126.3821 c
107.2171 126.3489 107.2831 126.3025 107.3395 126.2463 c
107.3959 126.1899 107.4421 126.1205 107.4787 126.0442 c
107.5116 125.9680 107.5283 125.8852 107.5283 125.7959 c
107.5283 125.7063 107.5116 125.6270 107.4787 125.5507 c
107.4421 125.4745 107.3959 125.4084 107.3395 125.3520 c
107.2831 125.2959 107.2171 125.2494 107.1408 125.2128 c
107.0646 125.1799 106.9852 125.1632 106.8956 125.1632 c
106.8063 125.1632 106.7267 125.1799 106.6507 125.2128 c
106.5745 125.2494 106.5081 125.2959 106.4520 125.3520 c
106.3956 125.4084 106.3494 125.4745 106.3162 125.5507 c
106.2797 125.6270 106.2632 125.7063 106.2632 125.7959 c
106.2632 125.8852 106.2797 125.9714 106.3162 126.0476 c
106.3494 126.1236 106.3956 126.1899 106.4520 126.2463 c
106.5081 126.3025 106.5745 126.3489 106.6507 126.3821 c
106.7267 126.4119 106.8063 126.4283 106.8956 126.4283 c
h
116.6757 129.2698 m
116.9904 129.2003 117.2619 129.1076 117.4839 128.9917 c
117.7055 128.8723 117.8844 128.7334 118.0270 128.5744 c
118.1693 128.4154 118.2719 128.2399 118.3348 128.0477 c
118.3978 127.8558 118.4309 127.6537 118.4309 127.4386 c
118.4309 127.2498 118.4012 127.0610 118.3382 126.8722 c
118.2753 126.6834 118.1826 126.5046 118.0667 126.3421 c
117.9473 126.1766 117.8050 126.0278 117.6361 125.8920 c
117.4671 125.7562 117.2750 125.6434 117.0632 125.5606 c
116.6391 125.4016 115.9934 125.3222 115.1223 125.3222 c
111.4727 125.3222 l
111.4727 125.5343 l
111.7610 125.5343 l
112.0822 125.5343 112.3140 125.6369 112.4597 125.8421 c
112.5459 125.9748 112.5890 126.2563 112.5890 126.6900 c
112.5890 131.6874 l
112.5890 132.1645 112.5326 132.4658 112.4232 132.5951 c
112.2744 132.7637 112.0558 132.8465 111.7610 132.8465 c
111.4727 132.8465 l
111.4727 133.0586 l
114.8145 133.0586 l
115.4370 133.0586 115.9370 133.0123 116.3146 132.9194 c
116.5995 132.8499 116.8512 132.7538 117.0697 132.6314 c
117.2883 132.5055 117.4737 132.3598 117.6228 132.1909 c
117.7719 132.0219 117.8844 131.8365 117.9607 131.6344 c
118.0369 131.4326 118.0732 131.2172 118.0732 130.9921 c
118.0732 130.6046 117.9541 130.2602 117.7189 129.9521 c
117.4839 129.6442 117.1361 129.4189 116.6757 129.2698 c
h
113.6852 129.5779 m
113.9732 129.5249 114.3343 129.4985 114.7615 129.4985 c
115.3210 129.4985 115.7383 129.5580 116.0133 129.6740 c
116.1524 129.7369 116.2783 129.8132 116.3874 129.9090 c
116.4969 130.0051 116.5861 130.1111 116.6590 130.2304 c
116.7287 130.3464 116.7849 130.4753 116.8248 130.6111 c
116.8611 130.7469 116.8809 130.8895 116.8809 131.0383 c
116.8809 131.2603 116.8347 131.4689 116.7418 131.6710 c
116.6460 131.8697 116.5102 132.0418 116.3279 132.1909 c
116.1456 132.3400 115.9172 132.4559 115.6490 132.5452 c
115.3774 132.6314 115.0662 132.6745 114.7119 132.6745 c
114.3244 132.6745 113.9800 132.6314 113.6852 132.5486 c
h
h
113.6852 125.8818 m
114.1223 125.7792 114.5560 125.7262 114.9900 125.7262 c
115.3378 125.7262 115.6425 125.7693 115.9072 125.8520 c
116.1723 125.9348 116.3942 126.0507 116.5731 126.1998 c
116.7486 126.3455 116.8843 126.5179 116.9736 126.7132 c
117.0632 126.9085 117.1063 127.1171 117.1063 127.3425 c
117.1063 127.5908 117.0598 127.8193 116.9637 128.0347 c
116.8676 128.2499 116.7188 128.4352 116.5201 128.5943 c
116.3180 128.7499 116.0663 128.8757 115.7649 128.9684 c
115.4636 129.0580 115.1059 129.1042 114.6951 129.1042 c
114.4534 129.1042 114.2515 129.1011 114.0857 129.0943 c
113.9202 129.0844 113.7878 129.0711 113.6852 129.0546 c
h
h
120.3154 128.5809 m
120.3154 128.1934 120.3684 127.8459 120.4710 127.5378 c
120.5736 127.2300 120.7094 126.9683 120.8849 126.7529 c
121.0606 126.5377 121.2625 126.3722 121.4909 126.2628 c
121.7197 126.1502 121.9646 126.0938 122.2197 126.0938 c
122.5607 126.0938 122.8589 126.1865 123.1138 126.3753 c
123.3655 126.5641 123.5775 126.8855 123.7465 127.3425 c
123.9253 127.2266 l
123.8822 126.9714 123.8026 126.7231 123.6869 126.4748 c
123.5676 126.2265 123.4151 126.0077 123.2331 125.8123 c
123.0477 125.6170 122.8323 125.4614 122.5874 125.3421 c
122.3422 125.2230 122.0740 125.1632 121.7857 125.1632 c
121.4745 125.1632 121.1797 125.2261 120.9050 125.3554 c
120.6300 125.4813 120.3883 125.6601 120.1796 125.8951 c
119.9710 126.1304 119.8086 126.4119 119.6861 126.7464 c
119.5637 127.0774 119.5041 127.4516 119.5041 127.8658 c
119.5041 128.3193 119.5668 128.7201 119.6895 129.0745 c
119.8120 129.4257 119.9843 129.7236 120.1995 129.9654 c
120.4146 130.2072 120.6731 130.3926 120.9679 130.5184 c
121.2625 130.6443 121.5771 130.7072 121.9184 130.7072 c
122.2064 130.7072 122.4714 130.6576 122.7197 130.5581 c
122.9649 130.4555 123.1767 130.3132 123.3556 130.1275 c
123.5344 129.9390 123.6736 129.7171 123.7762 129.4554 c
123.8754 129.1938 123.9253 128.9024 123.9253 128.5809 c
h
h
120.3154 128.9089 m
122.7331 128.9089 l
122.7163 129.2434 122.6767 129.4818 122.6137 129.6176 c
122.5176 129.8330 122.3787 129.9986 122.1900 130.1210 c
122.0012 130.2435 121.8025 130.3033 121.5969 130.3033 c
121.4413 130.3033 121.2891 130.2735 121.1465 130.2106 c
121.0042 130.1477 120.8718 130.0547 120.7559 129.9356 c
120.6366 129.8132 120.5374 129.6672 120.4611 129.4985 c
120.3817 129.3262 120.3318 129.1309 120.3154 128.9089 c
h
127.9987 130.7007 m
127.9987 128.9222 l
127.8099 128.9222 l
127.7371 129.2037 127.6543 129.4356 127.5650 129.6210 c
127.4754 129.8032 127.3728 129.9521 127.2569 130.0615 c
127.1409 130.1706 127.0086 130.2503 126.8660 130.2965 c
126.7237 130.3430 126.5647 130.3662 126.3892 130.3662 c
126.2568 130.3662 126.1375 130.3464 126.0283 130.3064 c
125.9189 130.2667 125.8262 130.2171 125.7500 130.1542 c
125.6706 130.0912 125.6108 130.0184 125.5680 129.9356 c
125.5249 129.8529 125.5017 129.7701 125.5017 129.6873 c
125.5017 129.5813 125.5181 129.4818 125.5479 129.3925 c
125.5779 129.2998 125.6409 129.2037 125.7367 129.1076 c
125.8328 129.0115 125.9719 128.9055 126.1542 128.7964 c
126.3362 128.6870 126.5780 128.5580 126.8793 128.4089 c
127.1608 128.2731 127.3992 128.1373 127.5914 128.0047 c
127.7836 127.8689 127.9392 127.7365 128.0582 127.6041 c
128.1776 127.4715 128.2637 127.3357 128.3168 127.1934 c
128.3664 127.0511 128.3927 126.9020 128.3927 126.7498 c
128.3927 126.5080 128.3431 126.2925 128.2439 126.0972 c
128.1413 125.9019 128.0086 125.7330 127.8465 125.5972 c
127.6809 125.4614 127.4953 125.3520 127.2866 125.2757 c
127.0780 125.1998 126.8629 125.1632 126.6474 125.1632 c
126.4853 125.1632 126.3163 125.1765 126.1341 125.2029 c
125.9521 125.2295 125.7568 125.2726 125.5513 125.3322 c
125.4883 125.3520 125.4322 125.3687 125.3823 125.3786 c
125.3327 125.3886 125.2865 125.3917 125.2434 125.3917 c
125.1607 125.3917 125.0909 125.3421 125.0379 125.2429 c
124.8491 125.2429 l
124.8491 127.1072 l
125.0379 127.1072 l
125.0909 126.8425 125.1706 126.6106 125.2797 126.4085 c
125.3857 126.2064 125.5116 126.0377 125.6539 125.9050 c
125.7965 125.7693 125.9521 125.6700 126.1276 125.6003 c
126.2999 125.5309 126.4754 125.4977 126.6574 125.4977 c
126.7866 125.4977 126.9060 125.5175 127.0151 125.5606 c
127.1245 125.6037 127.2172 125.6601 127.2966 125.7296 c
127.3762 125.7990 127.4391 125.8818 127.4822 125.9779 c
127.5250 126.0740 127.5483 126.1766 127.5483 126.2860 c
127.5483 126.4150 127.5284 126.5343 127.4922 126.6369 c
127.4522 126.7396 127.3827 126.8425 127.2801 126.9417 c
127.1775 127.0412 127.0349 127.1438 126.8595 127.2529 c
126.6806 127.3623 126.4487 127.4848 126.1672 127.6274 c
125.8858 127.7631 125.6607 127.8921 125.4883 128.0115 c
125.3129 128.1274 125.1771 128.2465 125.0776 128.3658 c
124.9784 128.4851 124.9121 128.6110 124.8789 128.7434 c
124.8426 128.8723 124.8262 129.0214 124.8262 129.1904 c
124.8262 129.4024 124.8659 129.6011 124.9452 129.7865 c
125.0215 129.9688 125.1306 130.1309 125.2732 130.2667 c
125.4121 130.4025 125.5779 130.5085 125.7732 130.5848 c
125.9685 130.6607 126.1806 130.7007 126.4124 130.7007 c
126.4853 130.7007 126.5780 130.6908 126.6939 130.6675 c
126.8065 130.6443 126.9224 130.6210 127.0383 130.5947 c
127.1543 130.5680 127.2569 130.5451 127.3530 130.5218 c
127.4491 130.4986 127.5120 130.4853 127.5483 130.4853 c
127.6078 130.4853 127.6543 130.4986 127.6909 130.5249 c
127.7237 130.5516 127.7637 130.6111 127.8099 130.7007 c
h
h
130.6845 132.2637 m
130.6845 130.5482 l
131.9066 130.5482 l
131.9066 130.1477 l
130.6845 130.1477 l
130.6845 126.7597 l
130.6845 126.5907 130.6979 126.4482 130.7276 126.3356 c
130.7540 126.2231 130.7906 126.1335 130.8370 126.0706 c
130.8798 126.0045 130.9363 125.9580 130.9992 125.9348 c
131.0621 125.9118 131.1284 125.8985 131.2044 125.8985 c
131.3303 125.8985 131.4530 125.9382 131.5721 126.0176 c
131.6880 126.0938 131.7807 126.2098 131.8436 126.3623 c
132.0656 126.3623 l
131.9961 126.1735 131.9134 126.0111 131.8173 125.8719 c
131.7212 125.7296 131.6151 125.6136 131.5026 125.5209 c
131.3867 125.4249 131.2673 125.3554 131.1384 125.3058 c
131.0091 125.2593 130.8767 125.2361 130.7475 125.2361 c
130.6613 125.2361 130.5754 125.2494 130.4858 125.2726 c
130.3965 125.2990 130.3104 125.3356 130.2341 125.3852 c
130.1547 125.4317 130.0819 125.4878 130.0190 125.5575 c
129.9560 125.6270 129.9030 125.7063 129.8633 125.7959 c
129.7837 125.9779 129.7440 126.2594 129.7440 126.6338 c
129.7440 130.1477 l
128.9160 130.1477 l
128.9160 130.3364 l
129.1246 130.4192 129.3401 130.5615 129.5586 130.7636 c
129.7772 130.9623 129.9725 131.1973 130.1448 131.4723 c
130.1879 131.5451 130.2409 131.6477 130.3038 131.7770 c
130.3668 131.9060 130.4328 132.0684 130.5091 132.2637 c
h
h
137.3647 128.9455 m
137.3647 126.6900 l
137.3647 126.2032 137.4177 125.9019 137.5271 125.7860 c
137.6694 125.6170 137.8879 125.5343 138.1827 125.5343 c
138.4775 125.5343 l
138.4775 125.3222 l
135.1655 125.3222 l
135.1655 125.5343 l
135.4538 125.5343 l
135.6160 125.5343 135.7551 125.5606 135.8745 125.6136 c
135.9935 125.6666 136.0862 125.7460 136.1560 125.8520 c
136.2319 125.9748 136.2719 126.2529 136.2719 126.6900 c
136.2719 131.6874 l
136.2719 132.1710 136.2189 132.4723 136.1160 132.5951 c
135.9672 132.7637 135.7486 132.8465 135.4538 132.8465 c
135.1655 132.8465 l
135.1655 133.0586 l
138.0005 133.0586 l
138.6862 133.0586 139.2324 132.9857 139.6366 132.8400 c
139.8353 132.7706 140.0207 132.6745 140.1931 132.5520 c
140.3617 132.4293 140.5142 132.2836 140.6432 132.1180 c
140.7725 131.9525 140.8720 131.7702 140.9479 131.5684 c
141.0208 131.3663 141.0574 131.1511 141.0574 130.9192 c
141.0574 130.6046 141.0043 130.3163 140.8983 130.0547 c
140.7892 129.7930 140.6333 129.5714 140.4315 129.3826 c
140.2294 129.1938 139.9776 129.0447 139.6828 128.9421 c
139.3849 128.8395 139.0470 128.7865 138.6663 128.7865 c
138.2854 128.7865 137.8514 128.8395 137.3647 128.9455 c
h
137.3647 129.2698 m
137.5699 129.2335 137.7488 129.2037 137.9044 129.1870 c
138.0603 129.1671 138.1927 129.1572 138.3018 129.1572 c
138.5005 129.1572 138.6893 129.1969 138.8650 129.2800 c
139.0405 129.3627 139.1961 129.4753 139.3285 129.6210 c
139.4578 129.7667 139.5638 129.9421 139.6397 130.1443 c
139.7160 130.3464 139.7557 130.5649 139.7557 130.8033 c
139.7557 131.0848 139.7126 131.3399 139.6298 131.5616 c
139.5471 131.7835 139.4311 131.9689 139.2823 132.1245 c
139.1332 132.2804 138.9609 132.3964 138.7621 132.4757 c
138.5603 132.5551 138.3449 132.5951 138.1130 132.5951 c
138.0138 132.5951 137.9013 132.5883 137.7785 132.5718 c
137.6561 132.5551 137.5169 132.5254 137.3647 132.4891 c
h
h
143.3625 130.7007 m
143.3625 129.5283 l
143.8030 130.3098 144.2534 130.7007 144.7070 130.7007 c
144.8096 130.7007 144.9057 130.6840 144.9952 130.6508 c
145.0811 130.6145 145.1574 130.5680 145.2237 130.5119 c
145.2900 130.4521 145.3428 130.3860 145.3793 130.3098 c
145.4156 130.2335 145.4323 130.1508 145.4323 130.0680 c
145.4323 129.9189 145.3827 129.7964 145.2866 129.6938 c
145.1871 129.5912 145.0681 129.5382 144.9323 129.5382 c
144.8660 129.5382 144.7931 129.5580 144.7138 129.6011 c
144.6341 129.6442 144.5547 129.6873 144.4785 129.7369 c
144.3991 129.7831 144.3263 129.8262 144.2633 129.8693 c
144.2004 129.9124 144.1505 129.9322 144.1142 129.9322 c
144.0646 129.9322 144.0116 129.9090 143.9518 129.8659 c
143.8889 129.8231 143.8262 129.7602 143.7633 129.6839 c
143.6970 129.6077 143.6306 129.5150 143.5612 129.4058 c
143.4915 129.2964 143.4254 129.1771 143.3625 129.0481 c
143.3625 126.5443 l
143.3625 126.3886 143.3724 126.2463 143.3923 126.1205 c
143.4087 125.9946 143.4518 125.8886 143.5147 125.8024 c
143.5776 125.7131 143.6672 125.6468 143.7897 125.6003 c
143.9121 125.5507 144.0711 125.5275 144.2733 125.5275 c
144.2733 125.3222 l
141.6005 125.3222 l
141.6005 125.5275 l
141.7660 125.5275 141.9021 125.5408 142.0112 125.5640 c
142.1172 125.5873 142.2000 125.6304 142.2629 125.6998 c
142.3225 125.7693 142.3655 125.8654 142.3888 125.9946 c
142.4120 126.1205 142.4220 126.2894 142.4220 126.4980 c
142.4220 128.5214 l
142.4220 129.1374 142.4086 129.4985 142.3823 129.6077 c
142.3324 129.8296 142.2034 129.9421 141.9979 129.9421 c
141.8820 129.9421 141.7496 129.9124 141.6005 129.8560 c
141.5409 130.0615 l
143.1241 130.7007 l
h
h
147.0552 133.4327 m
147.1346 133.4327 147.2108 133.4197 147.2803 133.3899 c
147.3500 133.3599 147.4129 133.3168 147.4625 133.2672 c
147.5121 133.2142 147.5552 133.1546 147.5850 133.0852 c
147.6147 133.0155 147.6315 132.9395 147.6315 132.8567 c
147.6315 132.7771 147.6147 132.7042 147.5850 132.6348 c
147.5552 132.5650 147.5121 132.5021 147.4625 132.4491 c
147.4129 132.3930 147.3500 132.3533 147.2803 132.3232 c
147.2108 132.2935 147.1346 132.2770 147.0552 132.2770 c
146.9724 132.2770 146.8996 132.2935 146.8298 132.3232 c
146.7604 132.3533 146.6974 132.3930 146.6444 132.4491 c
146.5883 132.5021 146.5483 132.5650 146.5186 132.6348 c
146.4888 132.7042 146.4724 132.7771 146.4724 132.8567 c
146.4724 132.9395 146.4888 133.0155 146.5186 133.0852 c
146.5483 133.1546 146.5883 133.2142 146.6410 133.2672 c
146.6909 133.3168 146.7539 133.3599 146.8267 133.3899 c
146.8962 133.4197 146.9724 133.4327 147.0552 133.4327 c
h
147.5289 130.7007 m
147.5289 126.5046 l
147.5289 126.3356 147.5354 126.1998 147.5453 126.0972 c
147.5552 125.9912 147.5751 125.9050 147.5983 125.8421 c
147.6215 125.7761 147.6479 125.7262 147.6845 125.6964 c
147.7208 125.6632 147.7604 125.6335 147.8069 125.6071 c
147.9061 125.5541 148.0785 125.5275 148.3203 125.5275 c
148.3203 125.3222 l
145.7802 125.3222 l
145.7802 125.5275 l
145.9091 125.5275 146.0151 125.5343 146.0979 125.5442 c
146.1807 125.5541 146.2470 125.5740 146.3000 125.6003 c
146.3496 125.6270 146.3896 125.6601 146.4194 125.7032 c
146.4457 125.7429 146.4724 125.7891 146.5021 125.8455 c
146.5551 125.9649 146.5815 126.1834 146.5815 126.5046 c
146.5815 128.5180 l
146.5815 128.8460 146.5750 129.1076 146.5651 129.2998 c
146.5517 129.4886 146.5319 129.6309 146.5021 129.7270 c
146.4724 129.8231 146.4324 129.8826 146.3763 129.9059 c
146.3199 129.9288 146.2535 129.9421 146.1708 129.9421 c
146.0616 129.9421 145.9324 129.9124 145.7802 129.8560 c
145.7005 130.0615 l
147.2771 130.7007 l
h
h
153.4073 127.3059 m
153.3376 126.9615 153.2285 126.6568 153.0862 126.3920 c
152.9402 126.1236 152.7715 125.8985 152.5759 125.7163 c
152.3806 125.5343 152.1686 125.3951 151.9367 125.3024 c
151.7051 125.2097 151.4665 125.1632 151.2181 125.1632 c
150.9233 125.1632 150.6453 125.2295 150.3802 125.3588 c
150.1121 125.4878 149.8768 125.6700 149.6750 125.9118 c
149.4729 126.1502 149.3107 126.4382 149.1880 126.7795 c
149.0655 127.1205 149.0060 127.5015 149.0060 127.9287 c
149.0060 128.3391 149.0720 128.7167 149.2047 129.0580 c
149.3371 129.3990 149.5159 129.6904 149.7444 129.9322 c
149.9698 130.1740 150.2345 130.3628 150.5358 130.4986 c
150.8374 130.6344 151.1586 130.7007 151.4965 130.7007 c
151.7513 130.7007 151.9866 130.6641 152.2018 130.5879 c
152.4169 130.5119 152.6026 130.4124 152.7582 130.2900 c
152.9138 130.1675 153.0397 130.0348 153.1290 129.8860 c
153.2186 129.7369 153.2616 129.5912 153.2616 129.4455 c
153.2616 129.3029 153.2151 129.1870 153.1259 129.0977 c
153.0332 129.0084 152.9005 128.9619 152.7284 128.9619 c
152.6423 128.9619 152.5629 128.9718 152.4900 128.9917 c
152.4138 129.0084 152.3509 129.0447 152.2945 129.0943 c
152.2383 129.1442 152.1952 129.2102 152.1621 129.2998 c
152.1255 129.3857 152.1026 129.4985 152.0892 129.6343 c
152.0725 129.8594 151.9965 130.0317 151.8673 130.1477 c
151.7349 130.2633 151.5492 130.3197 151.3077 130.3197 c
151.0858 130.3197 150.8871 130.2701 150.7181 130.1706 c
150.5458 130.0680 150.4001 129.9322 150.2841 129.7602 c
150.1651 129.5844 150.0755 129.3826 150.0194 129.1541 c
149.9596 128.9222 149.9298 128.6770 149.9298 128.4188 c
149.9298 128.1175 149.9698 127.8227 150.0457 127.5412 c
150.1220 127.2563 150.2345 127.0046 150.3836 126.7826 c
150.5293 126.5610 150.7082 126.3852 150.9168 126.2529 c
151.1254 126.1171 151.3607 126.0507 151.6289 126.0507 c
151.7879 126.0507 151.9401 126.0706 152.0858 126.1137 c
152.2284 126.1536 152.3673 126.2231 152.5031 126.3223 c
152.6357 126.4184 152.7647 126.5542 152.8875 126.7296 c
153.0099 126.9020 153.1290 127.1205 153.2418 127.3887 c
h
h
155.0367 128.5809 m
155.0367 128.1934 155.0897 127.8459 155.1923 127.5378 c
155.2949 127.2300 155.4307 126.9683 155.6062 126.7529 c
155.7819 126.5377 155.9837 126.3722 156.2122 126.2628 c
156.4410 126.1502 156.6859 126.0938 156.9410 126.0938 c
157.2820 126.0938 157.5802 126.1865 157.8351 126.3753 c
158.0868 126.5641 158.2988 126.8855 158.4677 127.3425 c
158.6466 127.2266 l
158.6035 126.9714 158.5239 126.7231 158.4082 126.4748 c
158.2889 126.2265 158.1364 126.0077 157.9544 125.8123 c
157.7690 125.6170 157.5536 125.4614 157.3087 125.3421 c
157.0635 125.2230 156.7953 125.1632 156.5070 125.1632 c
156.1958 125.1632 155.9010 125.2261 155.6263 125.3554 c
155.3513 125.4813 155.1095 125.6601 154.9009 125.8951 c
154.6923 126.1304 154.5299 126.4119 154.4074 126.7464 c
154.2849 127.0774 154.2254 127.4516 154.2254 127.8658 c
154.2254 128.3193 154.2881 128.7201 154.4108 129.0745 c
154.5333 129.4257 154.7056 129.7236 154.9208 129.9654 c
155.1359 130.2072 155.3944 130.3926 155.6892 130.5184 c
155.9837 130.6443 156.2984 130.7072 156.6397 130.7072 c
156.9277 130.7072 157.1927 130.6576 157.4410 130.5581 c
157.6862 130.4555 157.8980 130.3132 158.0769 130.1275 c
158.2557 129.9390 158.3949 129.7171 158.4975 129.4554 c
158.5967 129.1938 158.6466 128.9024 158.6466 128.5809 c
h
h
155.0367 128.9089 m
157.4544 128.9089 l
157.4376 129.2434 157.3980 129.4818 157.3350 129.6176 c
157.2389 129.8330 157.1000 129.9986 156.9112 130.1210 c
156.7225 130.2435 156.5237 130.3033 156.3182 130.3033 c
156.1626 130.3033 156.0104 130.2735 155.8678 130.2106 c
155.7255 130.1477 155.5931 130.0547 155.4772 129.9356 c
155.3579 129.8132 155.2586 129.6672 155.1824 129.4985 c
155.1030 129.3262 155.0531 129.1309 155.0367 128.9089 c
h
162.7200 130.7007 m
162.7200 128.9222 l
162.5312 128.9222 l
162.4584 129.2037 162.3756 129.4356 162.2863 129.6210 c
162.1967 129.8032 162.0941 129.9521 161.9782 130.0615 c
161.8622 130.1706 161.7299 130.2503 161.5873 130.2965 c
161.4450 130.3430 161.2860 130.3662 161.1105 130.3662 c
160.9781 130.3662 160.8588 130.3464 160.7496 130.3064 c
160.6402 130.2667 160.5475 130.2171 160.4713 130.1542 c
160.3919 130.0912 160.3321 130.0184 160.2893 129.9356 c
160.2462 129.8529 160.2230 129.7701 160.2230 129.6873 c
160.2230 129.5813 160.2394 129.4818 160.2692 129.3925 c
160.2992 129.2998 160.3621 129.2037 160.4580 129.1076 c
160.5540 129.0115 160.6932 128.9055 160.8755 128.7964 c
161.0575 128.6870 161.2993 128.5580 161.6006 128.4089 c
161.8821 128.2731 162.1205 128.1373 162.3127 128.0047 c
162.5049 127.8689 162.6605 127.7365 162.7795 127.6041 c
162.8989 127.4715 162.9850 127.3357 163.0380 127.1934 c
163.0877 127.0511 163.1140 126.9020 163.1140 126.7498 c
163.1140 126.5080 163.0644 126.2925 162.9652 126.0972 c
162.8626 125.9019 162.7299 125.7330 162.5678 125.5972 c
162.4022 125.4614 162.2166 125.3520 162.0079 125.2757 c
161.7993 125.1998 161.5842 125.1632 161.3687 125.1632 c
161.2066 125.1632 161.0376 125.1765 160.8554 125.2029 c
160.6734 125.2295 160.4781 125.2726 160.2726 125.3322 c
160.2096 125.3520 160.1535 125.3687 160.1036 125.3786 c
160.0540 125.3886 160.0078 125.3917 159.9647 125.3917 c
159.8820 125.3917 159.8122 125.3421 159.7592 125.2429 c
159.5704 125.2429 l
159.5704 127.1072 l
159.7592 127.1072 l
159.8122 126.8425 159.8919 126.6106 160.0010 126.4085 c
160.1070 126.2064 160.2329 126.0377 160.3752 125.9050 c
160.5178 125.7693 160.6734 125.6700 160.8489 125.6003 c
161.0212 125.5309 161.1967 125.4977 161.3786 125.4977 c
161.5079 125.4977 161.6272 125.5175 161.7364 125.5606 c
161.8458 125.6037 161.9385 125.6601 162.0179 125.7296 c
162.0975 125.7990 162.1604 125.8818 162.2035 125.9779 c
162.2463 126.0740 162.2696 126.1766 162.2696 126.2860 c
162.2696 126.4150 162.2497 126.5343 162.2134 126.6369 c
162.1735 126.7396 162.1040 126.8425 162.0014 126.9417 c
161.8988 127.0412 161.7562 127.1438 161.5808 127.2529 c
161.4019 127.3623 161.1700 127.4848 160.8885 127.6274 c
160.6071 127.7631 160.3820 127.8921 160.2096 128.0115 c
160.0342 128.1274 159.8984 128.2465 159.7989 128.3658 c
159.6997 128.4851 159.6334 128.6110 159.6002 128.7434 c
159.5639 128.8723 159.5475 129.0214 159.5475 129.1904 c
159.5475 129.4024 159.5871 129.6011 159.6665 129.7865 c
159.7428 129.9688 159.8519 130.1309 159.9945 130.2667 c
160.1334 130.4025 160.2992 130.5085 160.4945 130.5848 c
160.6898 130.6607 160.9019 130.7007 161.1337 130.7007 c
161.2066 130.7007 161.2993 130.6908 161.4152 130.6675 c
161.5277 130.6443 161.6437 130.6210 161.7596 130.5947 c
161.8756 130.5680 161.9782 130.5451 162.0743 130.5218 c
162.1704 130.4986 162.2333 130.4853 162.2696 130.4853 c
162.3291 130.4853 162.3756 130.4986 162.4122 130.5249 c
162.4450 130.5516 162.4850 130.6111 162.5312 130.7007 c
h
h
164.9852 126.4283 m
165.0747 126.4283 165.1541 126.4119 165.2304 126.3821 c
165.3066 126.3489 165.3727 126.3025 165.4291 126.2463 c
165.4855 126.1899 165.5317 126.1205 165.5683 126.0442 c
165.6011 125.9680 165.6179 125.8852 165.6179 125.7959 c
165.6179 125.7063 165.6011 125.6270 165.5683 125.5507 c
165.5317 125.4745 165.4855 125.4084 165.4291 125.3520 c
165.3727 125.2959 165.3066 125.2494 165.2304 125.2128 c
165.1541 125.1799 165.0747 125.1632 164.9852 125.1632 c
164.8959 125.1632 164.8162 125.1799 164.7403 125.2128 c
164.6640 125.2494 164.5977 125.2959 164.5415 125.3520 c
164.4851 125.4084 164.4389 125.4745 164.4058 125.5507 c
164.3692 125.6270 164.3528 125.7063 164.3528 125.7959 c
164.3528 125.8852 164.3692 125.9714 164.4058 126.0476 c
164.4389 126.1236 164.4851 126.1899 164.5415 126.2463 c
164.5977 126.3025 164.6640 126.3489 164.7403 126.3821 c
164.8162 126.4119 164.8959 126.4283 164.9852 126.4283 c
h
175.9161 133.0586 m
175.9161 131.2438 l
175.7869 131.2438 l
175.7571 131.4856 175.7041 131.6942 175.6346 131.8632 c
175.5649 132.0318 175.4722 132.1710 175.3597 132.2736 c
175.2437 132.3763 175.1046 132.4525 174.9424 132.5021 c
174.7800 132.5486 174.5881 132.5718 174.3695 132.5718 c
173.2799 132.5718 l
173.2799 126.6636 l
173.2799 126.1865 173.3329 125.8886 173.4355 125.7727 c
173.5778 125.6136 173.7998 125.5343 174.1011 125.5343 c
174.3695 125.5343 l
174.3695 125.3222 l
171.0907 125.3222 l
171.0907 125.5343 l
171.3657 125.5343 l
171.6934 125.5343 171.9252 125.6335 172.0610 125.8291 c
172.1438 125.9481 172.1869 126.2265 172.1869 126.6636 c
172.1869 132.5718 l
171.2563 132.5718 l
171.0213 132.5718 170.8157 132.5551 170.6403 132.5220 c
170.4648 132.4857 170.3191 132.4227 170.1967 132.3266 c
170.0739 132.2306 169.9747 132.0982 169.8985 131.9227 c
169.8222 131.7472 169.7627 131.5219 169.7264 131.2438 c
169.5110 131.2438 l
169.5110 133.0586 l
h
h
178.1881 130.7007 m
178.1881 129.5283 l
178.6286 130.3098 179.0790 130.7007 179.5326 130.7007 c
179.6352 130.7007 179.7313 130.6840 179.8209 130.6508 c
179.9067 130.6145 179.9830 130.5680 180.0493 130.5119 c
180.1157 130.4521 180.1684 130.3860 180.2049 130.3098 c
180.2412 130.2335 180.2580 130.1508 180.2580 130.0680 c
180.2580 129.9189 180.2083 129.7964 180.1123 129.6938 c
180.0128 129.5912 179.8937 129.5382 179.7579 129.5382 c
179.6916 129.5382 179.6187 129.5580 179.5394 129.6011 c
179.4597 129.6442 179.3803 129.6873 179.3041 129.7369 c
179.2247 129.7831 179.1519 129.8262 179.0889 129.8693 c
179.0260 129.9124 178.9761 129.9322 178.9398 129.9322 c
178.8902 129.9322 178.8372 129.9090 178.7774 129.8659 c
178.7145 129.8231 178.6518 129.7602 178.5889 129.6839 c
178.5226 129.6077 178.4563 129.5150 178.3868 129.4058 c
178.3171 129.2964 178.2510 129.1771 178.1881 129.0481 c
178.1881 126.5443 l
178.1881 126.3886 178.1980 126.2463 178.2179 126.1205 c
178.2343 125.9946 178.2774 125.8886 178.3403 125.8024 c
178.4032 125.7131 178.4928 125.6468 178.6153 125.6003 c
178.7377 125.5507 178.8968 125.5275 179.0989 125.5275 c
179.0989 125.3222 l
176.4261 125.3222 l
176.4261 125.5275 l
176.5916 125.5275 176.7277 125.5408 176.8368 125.5640 c
176.9428 125.5873 177.0256 125.6304 177.0885 125.6998 c
177.1481 125.7693 177.1911 125.8654 177.2144 125.9946 c
177.2376 126.1205 177.2476 126.2894 177.2476 126.4980 c
177.2476 128.5214 l
177.2476 129.1374 177.2342 129.4985 177.2079 129.6077 c
177.1580 129.8296 177.0290 129.9421 176.8235 129.9421 c
176.7076 129.9421 176.5752 129.9124 176.4261 129.8560 c
176.3666 130.0615 l
177.9497 130.7007 l
h
h
185.1296 130.5482 m
185.1296 127.3822 l
185.1296 126.7696 185.1429 126.3986 185.1727 126.2693 c
185.2024 126.1369 185.2489 126.0442 185.3118 125.9912 c
185.3748 125.9348 185.4476 125.9084 185.5304 125.9084 c
185.6463 125.9084 185.7787 125.9416 185.9312 126.0077 c
186.0106 125.8058 l
184.4473 125.1632 l
184.1890 125.1632 l
184.1890 126.2693 l
183.7352 125.7826 183.3942 125.4745 183.1623 125.3520 c
182.9273 125.2261 182.6790 125.1632 182.4174 125.1632 c
182.1226 125.1632 181.8709 125.2460 181.6588 125.4115 c
181.4437 125.5774 181.2946 125.7959 181.2050 126.0706 c
181.1222 126.3322 181.0791 126.7098 181.0791 127.1999 c
181.0791 129.5314 l
181.0791 129.7037 181.0661 129.8429 181.0395 129.9489 c
181.0097 130.0547 180.9635 130.1377 180.9006 130.1939 c
180.8342 130.2503 180.7481 130.2900 180.6454 130.3098 c
180.5394 130.3262 180.4136 130.3364 180.2645 130.3364 c
180.1950 130.3364 l
180.1950 130.5482 l
182.0265 130.5482 l
182.0265 127.0511 l
182.0265 126.7994 182.0497 126.5973 182.0993 126.4416 c
182.1458 126.2860 182.2085 126.1636 182.2915 126.0774 c
182.3709 125.9912 182.4636 125.9348 182.5696 125.9084 c
182.6722 125.8787 182.7816 125.8654 182.8942 125.8654 c
182.9735 125.8654 183.0597 125.8753 183.1558 125.8985 c
183.2485 125.9218 183.3480 125.9614 183.4537 126.0176 c
183.5566 126.0740 183.6692 126.1502 183.7916 126.2463 c
183.9141 126.3421 184.0467 126.4615 184.1890 126.6072 c
184.1890 129.5680 l
184.1890 129.7171 184.1791 129.8395 184.1559 129.9356 c
184.1326 130.0317 184.0929 130.1111 184.0300 130.1706 c
183.9671 130.2270 183.8812 130.2701 183.7718 130.2934 c
183.6624 130.3163 183.5235 130.3330 183.3511 130.3364 c
183.3511 130.5482 l
h
h
189.7693 130.7007 m
189.7693 128.9222 l
189.5805 128.9222 l
189.5077 129.2037 189.4249 129.4356 189.3356 129.6210 c
189.2460 129.8032 189.1434 129.9521 189.0275 130.0615 c
188.9116 130.1706 188.7792 130.2503 188.6366 130.2965 c
188.4943 130.3430 188.3353 130.3662 188.1598 130.3662 c
188.0274 130.3662 187.9081 130.3464 187.7990 130.3064 c
187.6895 130.2667 187.5969 130.2171 187.5206 130.1542 c
187.4412 130.0912 187.3814 130.0184 187.3386 129.9356 c
187.2955 129.8529 187.2723 129.7701 187.2723 129.6873 c
187.2723 129.5813 187.2887 129.4818 187.3185 129.3925 c
187.3485 129.2998 187.4115 129.2037 187.5073 129.1076 c
187.6034 129.0115 187.7426 128.9055 187.9248 128.7964 c
188.1068 128.6870 188.3486 128.5580 188.6499 128.4089 c
188.9314 128.2731 189.1698 128.1373 189.3620 128.0047 c
189.5542 127.8689 189.7098 127.7365 189.8289 127.6041 c
189.9482 127.4715 190.0344 127.3357 190.0874 127.1934 c
190.1370 127.0511 190.1633 126.9020 190.1633 126.7498 c
190.1633 126.5080 190.1137 126.2925 190.0145 126.0972 c
189.9119 125.9019 189.7792 125.7330 189.6171 125.5972 c
189.4516 125.4614 189.2659 125.3520 189.0573 125.2757 c
188.8486 125.1998 188.6335 125.1632 188.4180 125.1632 c
188.2559 125.1632 188.0870 125.1765 187.9047 125.2029 c
187.7227 125.2295 187.5274 125.2726 187.3219 125.3322 c
187.2590 125.3520 187.2028 125.3687 187.1529 125.3786 c
187.1033 125.3886 187.0571 125.3917 187.0140 125.3917 c
186.9313 125.3917 186.8615 125.3421 186.8085 125.2429 c
186.6197 125.2429 l
186.6197 127.1072 l
186.8085 127.1072 l
186.8615 126.8425 186.9412 126.6106 187.0503 126.4085 c
187.1563 126.2064 187.2822 126.0377 187.4245 125.9050 c
187.5671 125.7693 187.7227 125.6700 187.8982 125.6003 c
188.0705 125.5309 188.2460 125.4977 188.4280 125.4977 c
188.5572 125.4977 188.6766 125.5175 188.7857 125.5606 c
188.8951 125.6037 188.9878 125.6601 189.0672 125.7296 c
189.1468 125.7990 189.2098 125.8818 189.2529 125.9779 c
189.2957 126.0740 189.3189 126.1766 189.3189 126.2860 c
189.3189 126.4150 189.2991 126.5343 189.2628 126.6369 c
189.2228 126.7396 189.1534 126.8425 189.0507 126.9417 c
188.9481 127.0412 188.8055 127.1438 188.6301 127.2529 c
188.4512 127.3623 188.2193 127.4848 187.9379 127.6274 c
187.6564 127.7631 187.4313 127.8921 187.2590 128.0115 c
187.0835 128.1274 186.9477 128.2465 186.8482 128.3658 c
186.7490 128.4851 186.6827 128.6110 186.6495 128.7434 c
186.6132 128.8723 186.5968 129.0214 186.5968 129.1904 c
186.5968 129.4024 186.6365 129.6011 186.7158 129.7865 c
186.7921 129.9688 186.9012 130.1309 187.0438 130.2667 c
187.1827 130.4025 187.3485 130.5085 187.5438 130.5848 c
187.7391 130.6607 187.9512 130.7007 188.1831 130.7007 c
188.2559 130.7007 188.3486 130.6908 188.4645 130.6675 c
188.5771 130.6443 188.6930 130.6210 188.8089 130.5947 c
188.9249 130.5680 189.0275 130.5451 189.1236 130.5218 c
189.2197 130.4986 189.2826 130.4853 189.3189 130.4853 c
189.3784 130.4853 189.4249 130.4986 189.4615 130.5249 c
189.4944 130.5516 189.5343 130.6111 189.5805 130.7007 c
h
h
192.4551 132.2637 m
192.4551 130.5482 l
193.6772 130.5482 l
193.6772 130.1477 l
192.4551 130.1477 l
192.4551 126.7597 l
192.4551 126.5907 192.4685 126.4482 192.4982 126.3356 c
192.5246 126.2231 192.5612 126.1335 192.6077 126.0706 c
192.6505 126.0045 192.7069 125.9580 192.7698 125.9348 c
192.8327 125.9118 192.8991 125.8985 192.9750 125.8985 c
193.1009 125.8985 193.2236 125.9382 193.3427 126.0176 c
193.4586 126.0938 193.5513 126.2098 193.6142 126.3623 c
193.8362 126.3623 l
193.7667 126.1735 193.6840 126.0111 193.5879 125.8719 c
193.4918 125.7296 193.3858 125.6136 193.2732 125.5209 c
193.1573 125.4249 193.0380 125.3554 192.9090 125.3058 c
192.7797 125.2593 192.6473 125.2361 192.5181 125.2361 c
192.4319 125.2361 192.3460 125.2494 192.2564 125.2726 c
192.1671 125.2990 192.0810 125.3356 192.0047 125.3852 c
191.9254 125.4317 191.8525 125.4878 191.7896 125.5575 c
191.7266 125.6270 191.6736 125.7063 191.6340 125.7959 c
191.5543 125.9779 191.5146 126.2594 191.5146 126.6338 c
191.5146 130.1477 l
190.6866 130.1477 l
190.6866 130.3364 l
190.8952 130.4192 191.1107 130.5615 191.3292 130.7636 c
191.5478 130.9623 191.7431 131.1973 191.9154 131.4723 c
191.9585 131.5451 192.0115 131.6477 192.0745 131.7770 c
192.1374 131.9060 192.2034 132.0684 192.2797 132.2637 c
h
h
195.0650 128.5809 m
195.0650 128.1934 195.1180 127.8459 195.2206 127.5378 c
195.3232 127.2300 195.4590 126.9683 195.6345 126.7529 c
195.8102 126.5377 196.0121 126.3722 196.2405 126.2628 c
196.4693 126.1502 196.7142 126.0938 196.9693 126.0938 c
197.3103 126.0938 197.6085 126.1865 197.8634 126.3753 c
198.1151 126.5641 198.3271 126.8855 198.4961 127.3425 c
198.6749 127.2266 l
198.6318 126.9714 198.5522 126.7231 198.4365 126.4748 c
198.3172 126.2265 198.1647 126.0077 197.9827 125.8123 c
197.7973 125.6170 197.5819 125.4614 197.3370 125.3421 c
197.0918 125.2230 196.8236 125.1632 196.5353 125.1632 c
196.2241 125.1632 195.9293 125.2261 195.6546 125.3554 c
195.3797 125.4813 195.1379 125.6601 194.9292 125.8951 c
194.7206 126.1304 194.5582 126.4119 194.4357 126.7464 c
194.3133 127.0774 194.2537 127.4516 194.2537 127.8658 c
194.2537 128.3193 194.3164 128.7201 194.4391 129.0745 c
194.5616 129.4257 194.7339 129.7236 194.9491 129.9654 c
195.1642 130.2072 195.4227 130.3926 195.7175 130.5184 c
196.0121 130.6443 196.3267 130.7072 196.6680 130.7072 c
196.9560 130.7072 197.2210 130.6576 197.4694 130.5581 c
197.7146 130.4555 197.9263 130.3132 198.1052 130.1275 c
198.2840 129.9390 198.4232 129.7171 198.5258 129.4554 c
198.6250 129.1938 198.6749 128.9024 198.6749 128.5809 c
h
h
195.0650 128.9089 m
197.4827 128.9089 l
197.4660 129.2434 197.4263 129.4818 197.3633 129.6176 c
197.2672 129.8330 197.1283 129.9986 196.9396 130.1210 c
196.7508 130.2435 196.5521 130.3033 196.3466 130.3033 c
196.1909 130.3033 196.0387 130.2735 195.8961 130.2106 c
195.7538 130.1477 195.6214 130.0547 195.5055 129.9356 c
195.3862 129.8132 195.2870 129.6672 195.2107 129.4985 c
195.1313 129.3262 195.0814 129.1309 195.0650 128.9089 c
h
203.0630 125.9084 m
202.8078 125.6434 202.5595 125.4546 202.3177 125.3387 c
202.0759 125.2230 201.8143 125.1632 201.5263 125.1632 c
201.2414 125.1632 200.9699 125.2261 200.7150 125.3554 c
200.4599 125.4813 200.2314 125.6567 200.0361 125.8852 c
199.8405 126.1106 199.6849 126.3787 199.5690 126.6934 c
199.4530 127.0046 199.3935 127.3456 199.3935 127.7167 c
199.3935 128.4684 199.6285 129.1541 200.1022 129.7732 c
200.5758 130.3960 201.1819 130.7072 201.9203 130.7072 c
202.3775 130.7072 202.7582 130.5615 203.0630 130.2667 c
203.0630 131.9788 l
203.0630 132.0486 203.0664 132.1214 203.0729 132.2042 c
203.0763 132.2870 203.0695 132.3632 203.0530 132.4361 c
203.0332 132.5089 202.9935 132.5684 202.9371 132.6180 c
202.8807 132.6645 202.7849 132.6878 202.6556 132.6878 c
202.5530 132.6878 202.4237 132.6580 202.2647 132.5951 c
202.1888 132.7969 l
203.7453 133.4327 l
204.0035 133.4327 l
204.0035 127.3921 l
204.0035 126.7727 204.0168 126.3986 204.0432 126.2693 c
204.0729 126.1369 204.1228 126.0442 204.1858 125.9912 c
204.2487 125.9348 204.3215 125.9084 204.4043 125.9084 c
204.5004 125.9084 204.6393 125.9416 204.8151 126.0077 c
204.8777 125.8058 l
203.3246 125.1632 l
203.0630 125.1632 l
h
h
203.0630 126.3093 m
203.0630 129.0016 l
203.0431 129.2170 202.9935 129.4089 202.9173 129.5779 c
202.8379 129.7468 202.7418 129.8891 202.6324 130.0051 c
202.5198 130.1210 202.3974 130.2072 202.2616 130.2667 c
202.1258 130.3231 201.9900 130.3529 201.8543 130.3529 c
201.6522 130.3529 201.4634 130.2999 201.2944 130.1973 c
201.1224 130.0946 200.9733 129.9455 200.8474 129.7534 c
200.7181 129.5614 200.6189 129.3327 200.5461 129.0645 c
200.4732 128.7964 200.4367 128.4982 200.4367 128.1705 c
200.4367 127.7861 200.4831 127.4451 200.5792 127.1503 c
200.6719 126.8524 200.7944 126.6038 200.9466 126.4020 c
201.0991 126.1998 201.2712 126.0476 201.4668 125.9447 c
201.6587 125.8421 201.8574 125.7891 202.0595 125.7891 c
202.4039 125.7891 202.7384 125.9614 203.0630 126.3093 c
h
213.1243 133.2340 m
213.1243 130.5581 l
212.9156 130.5581 l
212.8459 131.0715 212.7234 131.4822 212.5446 131.7869 c
212.4553 131.9391 212.3459 132.0749 212.2169 132.1977 c
212.0842 132.3201 211.9419 132.4227 211.7897 132.5089 c
211.6338 132.5917 211.4717 132.6580 211.2993 132.7076 c
211.1238 132.7538 210.9518 132.7771 210.7760 132.7771 c
210.5807 132.7771 210.4019 132.7439 210.2329 132.6779 c
210.0643 132.6115 209.9183 132.5220 209.7958 132.4128 c
209.6734 132.3034 209.5773 132.1775 209.5078 132.0352 c
209.4381 131.8929 209.4052 131.7438 209.4052 131.5913 c
209.4052 131.3796 209.4548 131.1939 209.5540 131.0383 c
209.6535 130.8796 209.7893 130.7339 209.9648 130.6012 c
210.1371 130.4654 210.3389 130.3364 210.5742 130.2106 c
210.8092 130.0847 211.0609 129.9489 211.3359 129.8064 c
211.6437 129.6442 211.9354 129.4852 212.2135 129.3296 c
212.4916 129.1740 212.7368 129.0016 212.9488 128.8128 c
213.1574 128.6240 213.3264 128.4089 213.4522 128.1671 c
213.5781 127.9253 213.6407 127.6339 213.6407 127.2960 c
213.6407 127.0080 213.5812 126.7330 213.4621 126.4714 c
213.3394 126.2098 213.1739 125.9847 212.9587 125.7891 c
212.7433 125.5938 212.4850 125.4348 212.1871 125.3188 c
211.8889 125.2029 211.5609 125.1468 211.2035 125.1468 c
211.0708 125.1468 210.9583 125.1468 210.8622 125.1499 c
210.7661 125.1533 210.6768 125.1632 210.5872 125.1765 c
210.4980 125.1899 210.4087 125.2097 210.3157 125.2395 c
210.2230 125.2692 210.1105 125.3058 209.9812 125.3554 c
209.8919 125.3917 209.7992 125.4214 209.7031 125.4515 c
209.6070 125.4813 209.5209 125.5045 209.4415 125.5243 c
209.3621 125.5408 209.2958 125.5575 209.2394 125.5674 c
209.1832 125.5774 209.1501 125.5839 209.1336 125.5839 c
209.0375 125.5839 208.9647 125.5575 208.9083 125.5011 c
208.8519 125.4447 208.8122 125.3256 208.7858 125.1468 c
208.5738 125.1468 l
208.5738 127.7994 l
208.7858 127.7994 l
208.8354 127.5214 208.8918 127.2796 208.9579 127.0709 c
209.0242 126.8623 209.1005 126.6900 209.1832 126.5477 c
209.2660 126.4119 209.3751 126.2826 209.5109 126.1667 c
209.6436 126.0507 209.7924 125.9481 209.9582 125.8620 c
210.1238 125.7761 210.3026 125.7097 210.4946 125.6632 c
210.6867 125.6136 210.8820 125.5904 211.0842 125.5904 c
211.3226 125.5904 211.5380 125.6236 211.7299 125.6933 c
211.9187 125.7627 212.0811 125.8554 212.2135 125.9714 c
212.3459 126.0873 212.4488 126.2197 212.5182 126.3753 c
212.5877 126.5309 212.6242 126.6900 212.6242 126.8555 c
212.6242 127.1041 212.5743 127.3127 212.4717 127.4817 c
212.3691 127.6503 212.2299 127.8028 212.0579 127.9352 c
211.8824 128.0676 211.6803 128.1934 211.4518 128.3162 c
211.2233 128.4386 210.9781 128.5744 210.7233 128.7266 c
210.4350 128.8990 210.1569 129.0611 209.8885 129.2170 c
209.6203 129.3693 209.3820 129.5382 209.1764 129.7236 c
208.9712 129.9059 208.8057 130.1176 208.6832 130.3529 c
208.5605 130.5879 208.4975 130.8696 208.4975 131.1973 c
208.4975 131.4723 208.5540 131.7305 208.6699 131.9788 c
208.7858 132.2274 208.9414 132.4426 209.1436 132.6314 c
209.3454 132.8168 209.5838 132.9625 209.8587 133.0719 c
210.1337 133.1810 210.4350 133.2340 210.7630 133.2340 c
211.1669 133.2340 211.6040 133.1348 212.0712 132.9327 c
212.2764 132.8366 212.4255 132.7904 212.5216 132.7904 c
212.6208 132.7904 212.7036 132.8202 212.7665 132.8797 c
212.8294 132.9361 212.8791 133.0554 212.9156 133.2340 c
h
h
219.2114 130.5482 m
219.2114 127.3822 l
219.2114 126.7696 219.2247 126.3986 219.2545 126.2693 c
219.2842 126.1369 219.3307 126.0442 219.3936 125.9912 c
219.4566 125.9348 219.5294 125.9084 219.6122 125.9084 c
219.7281 125.9084 219.8605 125.9416 220.0130 126.0077 c
220.0924 125.8058 l
218.5291 125.1632 l
218.2708 125.1632 l
218.2708 126.2693 l
217.8170 125.7826 217.4760 125.4745 217.2441 125.3520 c
217.0091 125.2261 216.7608 125.1632 216.4992 125.1632 c
216.2044 125.1632 215.9527 125.2460 215.7406 125.4115 c
215.5255 125.5774 215.3764 125.7959 215.2868 126.0706 c
215.2040 126.3322 215.1609 126.7098 215.1609 127.1999 c
215.1609 129.5314 l
215.1609 129.7037 215.1479 129.8429 215.1213 129.9489 c
215.0915 130.0547 215.0453 130.1377 214.9824 130.1939 c
214.9160 130.2503 214.8299 130.2900 214.7272 130.3098 c
214.6212 130.3262 214.4954 130.3364 214.3463 130.3364 c
214.2768 130.3364 l
214.2768 130.5482 l
216.1083 130.5482 l
216.1083 127.0511 l
216.1083 126.7994 216.1315 126.5973 216.1811 126.4416 c
216.2276 126.2860 216.2903 126.1636 216.3733 126.0774 c
216.4527 125.9912 216.5454 125.9348 216.6514 125.9084 c
216.7540 125.8787 216.8634 125.8654 216.9760 125.8654 c
217.0553 125.8654 217.1415 125.8753 217.2376 125.8985 c
217.3303 125.9218 217.4298 125.9614 217.5355 126.0176 c
217.6384 126.0740 217.7510 126.1502 217.8734 126.2463 c
217.9959 126.3421 218.1285 126.4615 218.2708 126.6072 c
218.2708 129.5680 l
218.2708 129.7171 218.2609 129.8395 218.2377 129.9356 c
218.2144 130.0317 218.1747 130.1111 218.1118 130.1706 c
218.0489 130.2270 217.9630 130.2701 217.8536 130.2934 c
217.7442 130.3163 217.6053 130.3330 217.4329 130.3364 c
217.4329 130.5482 l
h
h
220.0989 130.0283 m
221.7050 130.6774 l
221.9236 130.6774 l
221.9236 129.4586 l
222.0593 129.6873 222.1951 129.8792 222.3309 130.0416 c
222.4670 130.2007 222.6027 130.3296 222.7385 130.4257 c
222.8743 130.5218 223.0166 130.5947 223.1589 130.6378 c
223.3015 130.6809 223.4438 130.7007 223.5929 130.7007 c
223.8908 130.7007 224.1624 130.6310 224.4042 130.4952 c
224.6460 130.3594 224.8512 130.1740 225.0201 129.9390 c
225.1891 129.7037 225.3183 129.4322 225.4110 129.1209 c
225.5037 128.8097 225.5502 128.4783 225.5502 128.1240 c
225.5502 127.7300 225.4938 127.3524 225.3844 126.9913 c
225.2718 126.6304 225.1128 126.3158 224.9042 126.0476 c
224.6956 125.7761 224.4472 125.5606 224.1558 125.4016 c
223.8610 125.2429 223.5334 125.1632 223.1657 125.1632 c
223.0398 125.1632 222.9239 125.1700 222.8179 125.1799 c
222.7119 125.1899 222.6093 125.2128 222.5132 125.2460 c
222.4171 125.2826 222.3210 125.3288 222.2252 125.3886 c
222.1291 125.4481 222.0296 125.5275 221.9236 125.6236 c
221.9236 124.0339 l
221.9236 123.8451 221.9270 123.6994 221.9369 123.5903 c
221.9468 123.4809 221.9635 123.3981 221.9865 123.3386 c
222.0097 123.2821 222.0395 123.2359 222.0795 123.2059 c
222.1157 123.1761 222.1622 123.1464 222.2152 123.1200 c
222.3210 123.0636 222.5197 123.0338 222.8080 123.0338 c
222.8080 122.8252 l
220.0691 122.8252 l
220.0691 123.0338 l
220.2114 123.0338 l
220.3639 123.0338 220.5062 123.0537 220.6355 123.0968 c
220.7645 123.1398 220.8572 123.2257 220.9136 123.3584 c
220.9567 123.4545 220.9765 123.6929 220.9765 124.0671 c
220.9765 129.0084 l
220.9765 129.2102 220.9700 129.3693 220.9567 129.4917 c
220.9433 129.6111 220.9201 129.7037 220.8872 129.7667 c
220.8506 129.8296 220.8042 129.8727 220.7446 129.8959 c
220.6817 129.9158 220.6054 129.9257 220.5128 129.9257 c
220.4300 129.9257 220.3140 129.8991 220.1652 129.8460 c
h
h
221.9236 129.1209 m
221.9236 127.1701 l
221.9236 126.7430 221.9403 126.4680 221.9734 126.3390 c
221.9998 126.2296 222.0463 126.1236 222.1157 126.0210 c
222.1821 125.9184 222.2683 125.8322 222.3709 125.7562 c
222.4735 125.6800 222.5894 125.6170 222.7184 125.5740 c
222.8477 125.5275 222.9934 125.5045 223.1490 125.5045 c
223.3709 125.5045 223.5662 125.5575 223.7420 125.6632 c
223.9140 125.7661 224.0597 125.9118 224.1791 126.0972 c
224.2950 126.2792 224.3843 126.5012 224.4472 126.7563 c
224.5068 127.0111 224.5368 127.2861 224.5368 127.5874 c
224.5368 127.9154 224.5037 128.2167 224.4373 128.4982 c
224.3679 128.7765 224.2752 129.0183 224.1524 129.2236 c
224.0300 129.4257 223.8843 129.5878 223.7153 129.7037 c
223.5433 129.8197 223.3511 129.8761 223.1425 129.8761 c
223.0464 129.8761 222.9571 129.8594 222.8709 129.8296 c
222.7813 129.7998 222.6920 129.7534 222.5959 129.6904 c
222.4998 129.6275 222.4006 129.5481 222.2912 129.4520 c
222.1821 129.3559 222.0593 129.2468 221.9236 129.1209 c
h
225.9408 130.0283 m
227.5469 130.6774 l
227.7655 130.6774 l
227.7655 129.4586 l
227.9013 129.6873 228.0370 129.8792 228.1728 130.0416 c
228.3089 130.2007 228.4447 130.3296 228.5804 130.4257 c
228.7162 130.5218 228.8585 130.5947 229.0008 130.6378 c
229.1434 130.6809 229.2857 130.7007 229.4348 130.7007 c
229.7327 130.7007 230.0043 130.6310 230.2461 130.4952 c
230.4879 130.3594 230.6931 130.1740 230.8620 129.9390 c
231.0310 129.7037 231.1603 129.4322 231.2529 129.1209 c
231.3456 128.8097 231.3921 128.4783 231.3921 128.1240 c
231.3921 127.7300 231.3357 127.3524 231.2263 126.9913 c
231.1138 126.6304 230.9547 126.3158 230.7461 126.0476 c
230.5375 125.7761 230.2892 125.5606 229.9978 125.4016 c
229.7030 125.2429 229.3753 125.1632 229.0076 125.1632 c
228.8818 125.1632 228.7658 125.1700 228.6598 125.1799 c
228.5538 125.1899 228.4512 125.2128 228.3551 125.2460 c
228.2590 125.2826 228.1629 125.3288 228.0671 125.3886 c
227.9710 125.4481 227.8715 125.5275 227.7655 125.6236 c
227.7655 124.0339 l
227.7655 123.8451 227.7689 123.6994 227.7788 123.5903 c
227.7887 123.4809 227.8054 123.3981 227.8284 123.3386 c
227.8517 123.2821 227.8814 123.2359 227.9214 123.2059 c
227.9577 123.1761 228.0042 123.1464 228.0572 123.1200 c
228.1629 123.0636 228.3616 123.0338 228.6499 123.0338 c
228.6499 122.8252 l
225.9111 122.8252 l
225.9111 123.0338 l
226.0534 123.0338 l
226.2059 123.0338 226.3482 123.0537 226.4774 123.0968 c
226.6064 123.1398 226.6991 123.2257 226.7555 123.3584 c
226.7986 123.4545 226.8184 123.6929 226.8184 124.0671 c
226.8184 129.0084 l
226.8184 129.2102 226.8119 129.3693 226.7986 129.4917 c
226.7853 129.6111 226.7620 129.7037 226.7291 129.7667 c
226.6926 129.8296 226.6461 129.8727 226.5866 129.8959 c
226.5236 129.9158 226.4474 129.9257 226.3547 129.9257 c
226.2719 129.9257 226.1560 129.8991 226.0071 129.8460 c
h
h
227.7655 129.1209 m
227.7655 127.1701 l
227.7655 126.7430 227.7822 126.4680 227.8154 126.3390 c
227.8417 126.2296 227.8882 126.1236 227.9577 126.0210 c
228.0240 125.9184 228.1102 125.8322 228.2128 125.7562 c
228.3154 125.6800 228.4313 125.6170 228.5603 125.5740 c
228.6896 125.5275 228.8353 125.5045 228.9909 125.5045 c
229.2129 125.5045 229.4082 125.5575 229.5839 125.6632 c
229.7560 125.7661 229.9017 125.9118 230.0210 126.0972 c
230.1369 126.2792 230.2262 126.5012 230.2892 126.7563 c
230.3487 127.0111 230.3787 127.2861 230.3787 127.5874 c
230.3787 127.9154 230.3456 128.2167 230.2792 128.4982 c
230.2098 128.7765 230.1171 129.0183 229.9944 129.2236 c
229.8719 129.4257 229.7262 129.5878 229.5573 129.7037 c
229.3852 129.8197 229.1930 129.8761 228.9844 129.8761 c
228.8883 129.8761 228.7990 129.8594 228.7128 129.8296 c
228.6232 129.7998 228.5340 129.7534 228.4379 129.6904 c
228.3418 129.6275 228.2426 129.5481 228.1331 129.4520 c
228.0240 129.3559 227.9013 129.2468 227.7655 129.1209 c
h
233.9552 133.4327 m
233.9552 126.5046 l
233.9552 126.3356 233.9620 126.1998 233.9719 126.0972 c
233.9819 125.9912 234.0017 125.9084 234.0249 125.8455 c
234.0479 125.7826 234.0777 125.7330 234.1142 125.6998 c
234.1508 125.6632 234.1936 125.6335 234.2466 125.6071 c
234.3362 125.5541 234.5216 125.5275 234.7997 125.5275 c
234.7997 125.3222 l
232.2366 125.3222 l
232.2366 125.5275 l
232.4086 125.5275 232.5444 125.5408 232.6470 125.5674 c
232.7465 125.5938 232.8228 125.6434 232.8789 125.7163 c
232.9353 125.7891 232.9685 125.8886 232.9849 126.0145 c
233.0014 126.1369 233.0082 126.3025 233.0082 126.5046 c
233.0082 131.2503 l
233.0082 131.5451 233.0048 131.7835 233.0014 131.9658 c
232.9948 132.1478 232.9849 132.2705 232.9685 132.3334 c
232.9384 132.4692 232.8922 132.5650 232.8358 132.6149 c
232.7797 132.6645 232.7034 132.6878 232.6139 132.6878 c
232.5112 132.6878 232.3854 132.6580 232.2366 132.5951 c
232.1405 132.7969 l
233.6970 133.4327 l
h
h
235.1078 130.5482 m
237.5422 130.5482 l
237.5422 130.3364 l
237.4228 130.3364 l
237.2539 130.3364 237.1246 130.2999 237.0387 130.2270 c
236.9526 130.1508 236.9095 130.0581 236.9095 129.9489 c
236.9095 129.7998 236.9724 129.5943 237.0983 129.3327 c
238.3699 126.6968 l
239.5392 129.5844 l
239.6021 129.7434 239.6350 129.8959 239.6350 130.0448 c
239.6350 130.0912 239.6285 130.1309 239.6186 130.1675 c
239.6086 130.2007 239.5854 130.2304 239.5491 130.2568 c
239.5125 130.2834 239.4595 130.3033 239.3901 130.3163 c
239.3206 130.3296 239.2277 130.3364 239.1117 130.3364 c
239.1117 130.5482 l
240.8108 130.5482 l
240.8108 130.3364 l
240.7113 130.3262 240.6285 130.3098 240.5656 130.2934 c
240.5027 130.2766 240.4431 130.2403 240.3870 130.1905 c
240.3306 130.1409 240.2776 130.0646 240.2280 129.9654 c
240.1750 129.8628 240.1121 129.7236 240.0423 129.5481 c
237.9129 124.3352 l
237.8103 124.0835 237.6910 123.8618 237.5487 123.6696 c
237.4064 123.4774 237.2604 123.3187 237.1048 123.1894 c
236.9492 123.0636 236.7870 122.9675 236.6215 122.9014 c
236.4557 122.8351 236.2969 122.8020 236.1444 122.8020 c
236.0285 122.8020 235.9259 122.8184 235.8332 122.8550 c
235.7405 122.8912 235.6608 122.9377 235.5914 122.9973 c
235.5219 123.0571 235.4689 123.1231 235.4323 123.1994 c
235.3961 123.2756 235.3762 123.3584 235.3762 123.4412 c
235.3762 123.6002 235.4292 123.7292 235.5318 123.8253 c
235.6345 123.9214 235.7802 123.9710 235.9624 123.9710 c
236.0055 123.9710 236.0650 123.9576 236.1478 123.9347 c
236.2306 123.9114 236.3134 123.8882 236.3995 123.8649 c
236.4857 123.8420 236.5617 123.8153 236.6314 123.7921 c
236.7009 123.7691 236.7439 123.7589 236.7604 123.7589 c
236.8168 123.7589 236.8797 123.7723 236.9426 123.7989 c
237.0056 123.8253 237.0685 123.8717 237.1348 123.9347 c
237.2009 124.0007 237.2672 124.0903 237.3367 124.1994 c
237.4064 124.3123 237.4724 124.4511 237.5422 124.6201 c
237.9129 125.5275 l
236.0353 129.4685 l
236.0186 129.5116 235.9854 129.5680 235.9426 129.6374 c
235.8995 129.7071 235.8530 129.7800 235.8034 129.8529 c
235.7538 129.9223 235.7039 129.9886 235.6543 130.0516 c
235.6047 130.1145 235.5650 130.1542 235.5284 130.1774 c
235.4491 130.2369 235.3099 130.2900 235.1078 130.3364 c
h
f
/GS13 gs
/CS15 cs 0.7000 0.6700 0.6400 0.7400 scn
98.9827 111.9175 m
95.9888 111.9175 l
95.4621 110.6955 l
95.3331 110.4007 95.2702 110.1756 95.2702 110.0231 c
95.2702 109.9636 95.2801 109.9074 95.3033 109.8575 c
95.3232 109.8045 95.3663 109.7549 95.4292 109.7118 c
95.4921 109.6688 95.5848 109.6325 95.7039 109.6058 c
95.8198 109.5761 95.9754 109.5562 96.1642 109.5398 c
96.1642 109.3277 l
93.7301 109.3277 l
93.7301 109.5398 l
94.0482 109.5959 94.2568 109.6722 94.3560 109.7617 c
94.4555 109.8510 94.5581 109.9902 94.6641 110.1756 c
94.7667 110.3579 94.8793 110.5929 95.0020 110.8743 c
97.7210 117.2395 l
97.9228 117.2395 l
100.6155 110.8049 l
100.7246 110.5398 100.8272 110.3278 100.9202 110.1657 c
101.0129 110.0032 101.1090 109.8774 101.2082 109.7881 c
101.3077 109.6988 101.4168 109.6359 101.5328 109.6027 c
101.6487 109.5661 101.7845 109.5463 101.9435 109.5398 c
101.9435 109.3277 l
98.8900 109.3277 l
98.8900 109.5398 l
99.0422 109.5463 99.1715 109.5630 99.2741 109.5894 c
99.3767 109.6157 99.4564 109.6489 99.5159 109.6920 c
99.5754 109.7351 99.6185 109.7816 99.6418 109.8346 c
99.6650 109.8873 99.6780 109.9471 99.6780 110.0132 c
99.6814 110.0962 99.6650 110.2054 99.6250 110.3346 c
99.5854 110.4636 99.5258 110.6226 99.4496 110.8049 c
h
h
98.8237 112.3415 m
97.5121 115.4645 l
96.1642 112.3415 l
h
h
106.8780 111.3114 m
106.8083 110.9670 106.6992 110.6623 106.5569 110.3975 c
106.4109 110.1291 106.2422 109.9040 106.0466 109.7218 c
105.8513 109.5398 105.6393 109.4006 105.4074 109.3079 c
105.1758 109.2152 104.9372 109.1687 104.6889 109.1687 c
104.3940 109.1687 104.1160 109.2351 103.8509 109.3643 c
103.5828 109.4933 103.3475 109.6756 103.1457 109.9174 c
102.9436 110.1557 102.7814 110.4437 102.6587 110.7850 c
102.5362 111.1260 102.4767 111.5070 102.4767 111.9342 c
102.4767 112.3447 102.5427 112.7222 102.6754 113.0635 c
102.8078 113.4045 102.9866 113.6959 103.2151 113.9377 c
103.4405 114.1795 103.7052 114.3683 104.0066 114.5041 c
104.3082 114.6399 104.6293 114.7062 104.9672 114.7062 c
105.2220 114.7062 105.4573 114.6696 105.6725 114.5934 c
105.8876 114.5174 106.0733 114.4179 106.2289 114.2955 c
106.3845 114.1730 106.5104 114.0403 106.5997 113.8915 c
106.6893 113.7424 106.7323 113.5967 106.7323 113.4510 c
106.7323 113.3084 106.6859 113.1925 106.5966 113.1032 c
106.5039 113.0139 106.3712 112.9674 106.1991 112.9674 c
106.1130 112.9674 106.0336 112.9774 105.9608 112.9972 c
105.8845 113.0139 105.8216 113.0502 105.7652 113.0998 c
105.7090 113.1497 105.6660 113.2157 105.6328 113.3053 c
105.5962 113.3912 105.5733 113.5040 105.5599 113.6398 c
105.5432 113.8649 105.4672 114.0372 105.3380 114.1532 c
105.2056 114.2688 105.0199 114.3252 104.7784 114.3252 c
104.5565 114.3252 104.3578 114.2756 104.1888 114.1761 c
104.0165 114.0735 103.8708 113.9377 103.7548 113.7657 c
103.6358 113.5899 103.5462 113.3881 103.4901 113.1596 c
103.4303 112.9277 103.4005 112.6826 103.4005 112.4243 c
103.4005 112.1230 103.4405 111.8282 103.5164 111.5467 c
103.5927 111.2618 103.7052 111.0101 103.8543 110.7882 c
104.0000 110.5665 104.1789 110.3907 104.3875 110.2584 c
104.5962 110.1226 104.8314 110.0563 105.0996 110.0563 c
105.2586 110.0563 105.4108 110.0761 105.5565 110.1192 c
105.6991 110.1591 105.8380 110.2286 105.9738 110.3278 c
106.1065 110.4239 106.2354 110.5597 106.3582 110.7351 c
106.4806 110.9075 106.5997 111.1260 106.7125 111.3942 c
h
h
109.1565 114.7062 m
109.1565 113.5338 l
109.5970 114.3153 110.0475 114.7062 110.5010 114.7062 c
110.6036 114.7062 110.6997 114.6895 110.7893 114.6563 c
110.8752 114.6200 110.9514 114.5735 111.0178 114.5174 c
111.0841 114.4576 111.1368 114.3916 111.1734 114.3153 c
111.2097 114.2391 111.2264 114.1563 111.2264 114.0735 c
111.2264 113.9244 111.1768 113.8020 111.0807 113.6993 c
110.9812 113.5967 110.8621 113.5437 110.7264 113.5437 c
110.6600 113.5437 110.5872 113.5636 110.5078 113.6066 c
110.4282 113.6497 110.3488 113.6928 110.2725 113.7424 c
110.1932 113.7886 110.1203 113.8317 110.0574 113.8748 c
109.9945 113.9179 109.9446 113.9377 109.9083 113.9377 c
109.8587 113.9377 109.8057 113.9145 109.7459 113.8714 c
109.6829 113.8286 109.6203 113.7657 109.5574 113.6894 c
109.4910 113.6132 109.4247 113.5205 109.3552 113.4113 c
109.2855 113.3019 109.2195 113.1826 109.1565 113.0536 c
109.1565 110.5498 l
109.1565 110.3941 109.1665 110.2518 109.1863 110.1260 c
109.2027 110.0001 109.2458 109.8941 109.3088 109.8079 c
109.3717 109.7186 109.4613 109.6523 109.5837 109.6058 c
109.7062 109.5562 109.8652 109.5330 110.0673 109.5330 c
110.0673 109.3277 l
107.3945 109.3277 l
107.3945 109.5330 l
107.5601 109.5330 107.6961 109.5463 107.8053 109.5695 c
107.9113 109.5928 107.9940 109.6359 108.0570 109.7053 c
108.1165 109.7748 108.1596 109.8709 108.1828 110.0001 c
108.2061 110.1260 108.2160 110.2949 108.2160 110.5036 c
108.2160 112.5269 l
108.2160 113.1429 108.2027 113.5040 108.1763 113.6132 c
108.1264 113.8351 107.9974 113.9477 107.7919 113.9477 c
107.6760 113.9477 107.5436 113.9179 107.3945 113.8615 c
107.3350 114.0670 l
108.9181 114.7062 l
h
h
114.0746 114.7062 m
114.4423 114.7062 114.7833 114.6334 115.0911 114.4908 c
115.3993 114.3451 115.6643 114.1498 115.8860 113.9080 c
116.1079 113.6662 116.2834 113.3813 116.4061 113.0601 c
116.5286 112.7356 116.5915 112.3946 116.5915 112.0368 c
116.5915 111.6626 116.5286 111.3015 116.3993 110.9571 c
116.2704 110.6127 116.0946 110.3080 115.8661 110.0432 c
115.6377 109.7748 115.3661 109.5630 115.0515 109.4071 c
114.7368 109.2484 114.3893 109.1687 114.0117 109.1687 c
113.6441 109.1687 113.3062 109.2450 113.0049 109.3972 c
112.7035 109.5497 112.4419 109.7515 112.2265 110.0066 c
112.0113 110.2584 111.8424 110.5464 111.7264 110.8743 c
111.6074 111.2023 111.5476 111.5399 111.5476 111.8877 c
111.5476 112.2420 111.6074 112.5899 111.7298 112.9277 c
111.8523 113.2654 112.0246 113.5670 112.2463 113.8317 c
112.4683 114.0968 112.7367 114.3088 113.0445 114.4675 c
113.3527 114.6266 113.6971 114.7062 114.0746 114.7062 c
h
113.8989 114.3351 m
113.7302 114.3351 113.5712 114.3020 113.4156 114.2325 c
113.2600 114.1631 113.1242 114.0471 113.0049 113.8915 c
112.8855 113.7325 112.7897 113.5270 112.7169 113.2787 c
112.6437 113.0304 112.6074 112.7256 112.6074 112.3679 c
112.6074 112.0003 112.6471 111.6459 112.7268 111.3083 c
112.8027 110.9670 112.9156 110.6691 113.0579 110.4140 c
113.2002 110.1591 113.3725 109.9536 113.5743 109.8014 c
113.7764 109.6489 114.0049 109.5729 114.2566 109.5729 c
114.4389 109.5729 114.6078 109.6092 114.7635 109.6787 c
114.9157 109.7484 115.0483 109.8643 115.1640 110.0231 c
115.2799 110.1790 115.3695 110.3876 115.4324 110.6459 c
115.4954 110.9041 115.5285 111.2221 115.5285 111.5997 c
115.5285 111.9739 115.4920 112.3282 115.4225 112.6593 c
115.3497 112.9907 115.2437 113.2821 115.1045 113.5304 c
114.9653 113.7787 114.7932 113.9743 114.5911 114.1200 c
114.3893 114.2623 114.1574 114.3351 113.8989 114.3351 c
h
120.7378 114.7062 m
120.7378 112.9277 l
120.5490 112.9277 l
120.4761 113.2092 120.3934 113.4411 120.3041 113.6265 c
120.2145 113.8088 120.1119 113.9576 119.9959 114.0670 c
119.8800 114.1761 119.7476 114.2558 119.6050 114.3020 c
119.4627 114.3485 119.3037 114.3717 119.1283 114.3717 c
118.9959 114.3717 118.8765 114.3519 118.7674 114.3119 c
118.6580 114.2722 118.5653 114.2226 118.4890 114.1597 c
118.4097 114.0968 118.3499 114.0239 118.3071 113.9411 c
118.2640 113.8584 118.2407 113.7756 118.2407 113.6928 c
118.2407 113.5868 118.2572 113.4873 118.2869 113.3980 c
118.3170 113.3053 118.3799 113.2092 118.4757 113.1131 c
118.5718 113.0170 118.7110 112.9110 118.8933 112.8019 c
119.0752 112.6925 119.3170 112.5635 119.6184 112.4144 c
119.8998 112.2786 120.1382 112.1428 120.3304 112.0102 c
120.5226 111.8744 120.6782 111.7420 120.7973 111.6096 c
120.9166 111.4770 121.0028 111.3412 121.0558 111.1989 c
121.1054 111.0566 121.1318 110.9075 121.1318 110.7553 c
121.1318 110.5135 121.0822 110.2980 120.9830 110.1027 c
120.8803 109.9074 120.7477 109.7385 120.5855 109.6027 c
120.4200 109.4669 120.2343 109.3575 120.0257 109.2813 c
119.8171 109.2053 119.6019 109.1687 119.3865 109.1687 c
119.2243 109.1687 119.0554 109.1820 118.8731 109.2084 c
118.6911 109.2351 118.4958 109.2781 118.2903 109.3377 c
118.2274 109.3575 118.1713 109.3742 118.1214 109.3842 c
118.0718 109.3941 118.0256 109.3972 117.9825 109.3972 c
117.8997 109.3972 117.8300 109.3476 117.7770 109.2484 c
117.5882 109.2484 l
117.5882 111.1127 l
117.7770 111.1127 l
117.8300 110.8480 117.9096 110.6161 118.0188 110.4140 c
118.1248 110.2119 118.2506 110.0432 118.3929 109.9106 c
118.5355 109.7748 118.6911 109.6756 118.8666 109.6058 c
119.0390 109.5364 119.2144 109.5032 119.3964 109.5032 c
119.5257 109.5032 119.6450 109.5231 119.7541 109.5661 c
119.8636 109.6092 119.9563 109.6656 120.0356 109.7351 c
120.1153 109.8045 120.1782 109.8873 120.2213 109.9834 c
120.2641 110.0795 120.2873 110.1821 120.2873 110.2915 c
120.2873 110.4205 120.2675 110.5398 120.2312 110.6425 c
120.1912 110.7451 120.1218 110.8480 120.0192 110.9472 c
119.9166 111.0467 119.7740 111.1493 119.5985 111.2584 c
119.4197 111.3678 119.1878 111.4903 118.9063 111.6329 c
118.6248 111.7687 118.3997 111.8976 118.2274 112.0170 c
118.0519 112.1329 117.9162 112.2520 117.8167 112.3713 c
117.7174 112.4906 117.6511 112.6165 117.6180 112.7489 c
117.5817 112.8779 117.5652 113.0270 117.5652 113.1959 c
117.5652 113.4079 117.6049 113.6066 117.6843 113.7920 c
117.7605 113.9743 117.8697 114.1364 118.0123 114.2722 c
118.1511 114.4080 118.3170 114.5140 118.5123 114.5903 c
118.7076 114.6662 118.9196 114.7062 119.1515 114.7062 c
119.2243 114.7062 119.3170 114.6963 119.4330 114.6730 c
119.5455 114.6498 119.6614 114.6266 119.7774 114.6002 c
119.8933 114.5735 119.9959 114.5506 120.0920 114.5273 c
120.1881 114.5041 120.2511 114.4908 120.2873 114.4908 c
120.3469 114.4908 120.3934 114.5041 120.4299 114.5305 c
120.4628 114.5571 120.5028 114.6166 120.5490 114.7062 c
h
h
125.2848 114.7062 m
125.2848 112.9277 l
125.0960 112.9277 l
125.0232 113.2092 124.9404 113.4411 124.8511 113.6265 c
124.7615 113.8088 124.6589 113.9576 124.5430 114.0670 c
124.4271 114.1761 124.2947 114.2558 124.1521 114.3020 c
124.0098 114.3485 123.8508 114.3717 123.6753 114.3717 c
123.5429 114.3717 123.4236 114.3519 123.3145 114.3119 c
123.2050 114.2722 123.1123 114.2226 123.0361 114.1597 c
122.9567 114.0968 122.8969 114.0239 122.8541 113.9411 c
122.8110 113.8584 122.7878 113.7756 122.7878 113.6928 c
122.7878 113.5868 122.8042 113.4873 122.8340 113.3980 c
122.8640 113.3053 122.9270 113.2092 123.0228 113.1131 c
123.1189 113.0170 123.2580 112.9110 123.4403 112.8019 c
123.6223 112.6925 123.8641 112.5635 124.1654 112.4144 c
124.4469 112.2786 124.6853 112.1428 124.8775 112.0102 c
125.0697 111.8744 125.2253 111.7420 125.3443 111.6096 c
125.4637 111.4770 125.5499 111.3412 125.6029 111.1989 c
125.6525 111.0566 125.6788 110.9075 125.6788 110.7553 c
125.6788 110.5135 125.6292 110.2980 125.5300 110.1027 c
125.4274 109.9074 125.2947 109.7385 125.1326 109.6027 c
124.9671 109.4669 124.7814 109.3575 124.5728 109.2813 c
124.3641 109.2053 124.1490 109.1687 123.9335 109.1687 c
123.7714 109.1687 123.6025 109.1820 123.4202 109.2084 c
123.2382 109.2351 123.0429 109.2781 122.8374 109.3377 c
122.7745 109.3575 122.7183 109.3742 122.6684 109.3842 c
122.6188 109.3941 122.5726 109.3972 122.5295 109.3972 c
122.4468 109.3972 122.3770 109.3476 122.3240 109.2484 c
122.1352 109.2484 l
122.1352 111.1127 l
122.3240 111.1127 l
122.3770 110.8480 122.4567 110.6161 122.5658 110.4140 c
122.6718 110.2119 122.7977 110.0432 122.9400 109.9106 c
123.0826 109.7748 123.2382 109.6756 123.4137 109.6058 c
123.5860 109.5364 123.7615 109.5032 123.9435 109.5032 c
124.0727 109.5032 124.1921 109.5231 124.3012 109.5661 c
124.4106 109.6092 124.5033 109.6656 124.5827 109.7351 c
124.6623 109.8045 124.7253 109.8873 124.7683 109.9834 c
124.8111 110.0795 124.8344 110.1821 124.8344 110.2915 c
124.8344 110.4205 124.8146 110.5398 124.7783 110.6425 c
124.7383 110.7451 124.6689 110.8480 124.5662 110.9472 c
124.4636 111.0467 124.3210 111.1493 124.1456 111.2584 c
123.9667 111.3678 123.7348 111.4903 123.4534 111.6329 c
123.1719 111.7687 122.9468 111.8976 122.7745 112.0170 c
122.5990 112.1329 122.4632 112.2520 122.3637 112.3713 c
122.2645 112.4906 122.1982 112.6165 122.1650 112.7489 c
122.1287 112.8779 122.1123 113.0270 122.1123 113.1959 c
122.1123 113.4079 122.1520 113.6066 122.2313 113.7920 c
122.3076 113.9743 122.4167 114.1364 122.5593 114.2722 c
122.6982 114.4080 122.8640 114.5140 123.0593 114.5903 c
123.2546 114.6662 123.4667 114.7062 123.6986 114.7062 c
123.7714 114.7062 123.8641 114.6963 123.9800 114.6730 c
124.0926 114.6498 124.2085 114.6266 124.3244 114.6002 c
124.4404 114.5735 124.5430 114.5506 124.6391 114.5273 c
124.7352 114.5041 124.7981 114.4908 124.8344 114.4908 c
124.8939 114.4908 124.9404 114.5041 124.9770 114.5305 c
125.0099 114.5571 125.0498 114.6166 125.0960 114.7062 c
h
h
134.3659 117.2395 m
134.3659 114.5636 l
134.1573 114.5636 l
134.0875 115.0770 133.9651 115.4877 133.7862 115.7924 c
133.6969 115.9447 133.5875 116.0804 133.4585 116.2032 c
133.3259 116.3256 133.1836 116.4283 133.0313 116.5144 c
132.8754 116.5972 132.7133 116.6635 132.5409 116.7131 c
132.3655 116.7593 132.1934 116.7826 132.0177 116.7826 c
131.8224 116.7826 131.6435 116.7494 131.4746 116.6834 c
131.3059 116.6170 131.1599 116.5275 131.0374 116.4183 c
130.9150 116.3089 130.8189 116.1831 130.7494 116.0408 c
130.6797 115.8985 130.6468 115.7494 130.6468 115.5969 c
130.6468 115.3851 130.6964 115.1994 130.7957 115.0438 c
130.8951 114.8851 131.0309 114.7394 131.2064 114.6067 c
131.3787 114.4709 131.5806 114.3420 131.8158 114.2161 c
132.0508 114.0902 132.3026 113.9545 132.5775 113.8119 c
132.8854 113.6497 133.1770 113.4907 133.4551 113.3351 c
133.7332 113.1795 133.9784 113.0071 134.1904 112.8183 c
134.3991 112.6295 134.5680 112.4144 134.6939 112.1726 c
134.8197 111.9308 134.8824 111.6394 134.8824 111.3015 c
134.8824 111.0135 134.8228 110.7386 134.7038 110.4769 c
134.5810 110.2153 134.4155 109.9902 134.2003 109.7946 c
133.9849 109.5993 133.7267 109.4403 133.4288 109.3243 c
133.1306 109.2084 132.8026 109.1523 132.4451 109.1523 c
132.3125 109.1523 132.1999 109.1523 132.1038 109.1554 c
132.0077 109.1588 131.9185 109.1687 131.8289 109.1820 c
131.7396 109.1954 131.6503 109.2152 131.5573 109.2450 c
131.4646 109.2747 131.3521 109.3113 131.2228 109.3609 c
131.1335 109.3972 131.0409 109.4270 130.9448 109.4570 c
130.8487 109.4868 130.7625 109.5100 130.6831 109.5299 c
130.6037 109.5463 130.5374 109.5630 130.4810 109.5729 c
130.4249 109.5829 130.3917 109.5894 130.3753 109.5894 c
130.2792 109.5894 130.2063 109.5630 130.1499 109.5066 c
130.0935 109.4502 130.0538 109.3311 130.0275 109.1523 c
129.8154 109.1523 l
129.8154 111.8049 l
130.0275 111.8049 l
130.0771 111.5269 130.1335 111.2851 130.1995 111.0764 c
130.2659 110.8678 130.3421 110.6955 130.4249 110.5532 c
130.5077 110.4174 130.6168 110.2881 130.7526 110.1722 c
130.8852 110.0563 131.0340 109.9536 131.1999 109.8675 c
131.3654 109.7816 131.5443 109.7152 131.7362 109.6688 c
131.9284 109.6191 132.1237 109.5959 132.3258 109.5959 c
132.5642 109.5959 132.7796 109.6291 132.9715 109.6988 c
133.1603 109.7683 133.3227 109.8609 133.4551 109.9769 c
133.5875 110.0928 133.6904 110.2252 133.7598 110.3808 c
133.8293 110.5364 133.8659 110.6955 133.8659 110.8610 c
133.8659 111.1096 133.8160 111.3182 133.7134 111.4872 c
133.6107 111.6558 133.4716 111.8083 133.2995 111.9407 c
133.1240 112.0731 132.9219 112.1990 132.6934 112.3217 c
132.4650 112.4442 132.2198 112.5799 131.9649 112.7322 c
131.6767 112.9045 131.3986 113.0666 131.1301 113.2226 c
130.8620 113.3748 130.6236 113.5437 130.4181 113.7291 c
130.2129 113.9114 130.0473 114.1231 129.9249 114.3584 c
129.8021 114.5934 129.7392 114.8751 129.7392 115.2028 c
129.7392 115.4778 129.7956 115.7360 129.9115 115.9843 c
130.0275 116.2329 130.1831 116.4481 130.3852 116.6369 c
130.5870 116.8223 130.8254 116.9680 131.1004 117.0774 c
131.3753 117.1865 131.6767 117.2395 132.0046 117.2395 c
132.4086 117.2395 132.8457 117.1403 133.3128 116.9382 c
133.5180 116.8421 133.6671 116.7959 133.7632 116.7959 c
133.8625 116.7959 133.9452 116.8257 134.0082 116.8852 c
134.0711 116.9416 134.1207 117.0609 134.1573 117.2395 c
h
h
138.4296 114.7062 m
138.7973 114.7062 139.1383 114.6334 139.4461 114.4908 c
139.7543 114.3451 140.0193 114.1498 140.2410 113.9080 c
140.4629 113.6662 140.6384 113.3813 140.7611 113.0601 c
140.8836 112.7356 140.9465 112.3946 140.9465 112.0368 c
140.9465 111.6626 140.8836 111.3015 140.7543 110.9571 c
140.6254 110.6127 140.4496 110.3080 140.2211 110.0432 c
139.9927 109.7748 139.7211 109.5630 139.4065 109.4071 c
139.0918 109.2484 138.7443 109.1687 138.3667 109.1687 c
137.9991 109.1687 137.6612 109.2450 137.3598 109.3972 c
137.0585 109.5497 136.7969 109.7515 136.5814 110.0066 c
136.3663 110.2584 136.1974 110.5464 136.0814 110.8743 c
135.9624 111.2023 135.9026 111.5399 135.9026 111.8877 c
135.9026 112.2420 135.9624 112.5899 136.0848 112.9277 c
136.2073 113.2654 136.3796 113.5670 136.6013 113.8317 c
136.8232 114.0968 137.0917 114.3088 137.3995 114.4675 c
137.7077 114.6266 138.0521 114.7062 138.4296 114.7062 c
h
138.2539 114.3351 m
138.0852 114.3351 137.9262 114.3020 137.7706 114.2325 c
137.6150 114.1631 137.4792 114.0471 137.3598 113.8915 c
137.2405 113.7325 137.1447 113.5270 137.0718 113.2787 c
136.9987 113.0304 136.9624 112.7256 136.9624 112.3679 c
136.9624 112.0003 137.0021 111.6459 137.0818 111.3083 c
137.1577 110.9670 137.2706 110.6691 137.4129 110.4140 c
137.5551 110.1591 137.7275 109.9536 137.9293 109.8014 c
138.1314 109.6489 138.3599 109.5729 138.6116 109.5729 c
138.7939 109.5729 138.9628 109.6092 139.1185 109.6787 c
139.2707 109.7484 139.4033 109.8643 139.5190 110.0231 c
139.6349 110.1790 139.7245 110.3876 139.7874 110.6459 c
139.8504 110.9041 139.8835 111.2221 139.8835 111.5997 c
139.8835 111.9739 139.8470 112.3282 139.7775 112.6593 c
139.7047 112.9907 139.5986 113.2821 139.4595 113.5304 c
139.3203 113.7787 139.1482 113.9743 138.9461 114.1200 c
138.7443 114.2623 138.5124 114.3351 138.2539 114.3351 c
h
146.2949 114.5537 m
146.2949 111.3877 l
146.2949 110.7751 146.3083 110.4041 146.3380 110.2748 c
146.3678 110.1424 146.4143 110.0497 146.4772 109.9967 c
146.5401 109.9403 146.6130 109.9140 146.6957 109.9140 c
146.8117 109.9140 146.9441 109.9471 147.0966 110.0132 c
147.1759 109.8113 l
145.6126 109.1687 l
145.3544 109.1687 l
145.3544 110.2748 l
144.9006 109.7881 144.5596 109.4800 144.3277 109.3575 c
144.0927 109.2317 143.8444 109.1687 143.5827 109.1687 c
143.2879 109.1687 143.0362 109.2515 142.8242 109.4170 c
142.6090 109.5829 142.4599 109.8014 142.3704 110.0761 c
142.2876 110.3377 142.2445 110.7153 142.2445 111.2054 c
142.2445 113.5369 l
142.2445 113.7093 142.2315 113.8484 142.2048 113.9545 c
142.1751 114.0602 142.1289 114.1432 142.0659 114.1994 c
141.9996 114.2558 141.9134 114.2955 141.8108 114.3153 c
141.7048 114.3317 141.5789 114.3420 141.4298 114.3420 c
141.3604 114.3420 l
141.3604 114.5537 l
143.1918 114.5537 l
143.1918 111.0566 l
143.1918 110.8049 143.2151 110.6028 143.2647 110.4471 c
143.3112 110.2915 143.3738 110.1691 143.4569 110.0829 c
143.5363 109.9967 143.6289 109.9403 143.7350 109.9140 c
143.8376 109.8842 143.9470 109.8709 144.0595 109.8709 c
144.1389 109.8709 144.2251 109.8808 144.3212 109.9040 c
144.4139 109.9273 144.5134 109.9670 144.6191 110.0231 c
144.7220 110.0795 144.8345 110.1557 144.9570 110.2518 c
145.0794 110.3477 145.2121 110.4670 145.3544 110.6127 c
145.3544 113.5735 l
145.3544 113.7226 145.3445 113.8450 145.3212 113.9411 c
145.2980 114.0372 145.2583 114.1166 145.1954 114.1761 c
145.1324 114.2325 145.0466 114.2756 144.9371 114.2989 c
144.8277 114.3218 144.6888 114.3386 144.5165 114.3420 c
144.5165 114.5537 l
h
h
149.0734 116.2692 m
149.0734 114.5537 l
150.2955 114.5537 l
150.2955 114.1532 l
149.0734 114.1532 l
149.0734 110.7652 l
149.0734 110.5963 149.0868 110.4537 149.1165 110.3411 c
149.1429 110.2286 149.1795 110.1390 149.2260 110.0761 c
149.2688 110.0100 149.3252 109.9636 149.3881 109.9403 c
149.4510 109.9174 149.5174 109.9040 149.5933 109.9040 c
149.7192 109.9040 149.8419 109.9437 149.9610 110.0231 c
150.0769 110.0993 150.1696 110.2153 150.2325 110.3678 c
150.4545 110.3678 l
150.3850 110.1790 150.3023 110.0166 150.2062 109.8774 c
150.1101 109.7351 150.0041 109.6191 149.8915 109.5265 c
149.7756 109.4304 149.6563 109.3609 149.5273 109.3113 c
149.3980 109.2648 149.2656 109.2416 149.1364 109.2416 c
149.0502 109.2416 148.9643 109.2549 148.8747 109.2781 c
148.7854 109.3045 148.6993 109.3411 148.6230 109.3907 c
148.5437 109.4372 148.4708 109.4933 148.4079 109.5630 c
148.3449 109.6325 148.2919 109.7118 148.2523 109.8014 c
148.1726 109.9834 148.1329 110.2649 148.1329 110.6393 c
148.1329 114.1532 l
147.3049 114.1532 l
147.3049 114.3420 l
147.5135 114.4247 147.7290 114.5670 147.9475 114.7691 c
148.1661 114.9678 148.3614 115.2028 148.5337 115.4778 c
148.5768 115.5506 148.6298 115.6533 148.6928 115.7825 c
148.7557 115.9115 148.8217 116.0739 148.8980 116.2692 c
h
h
152.3390 117.4382 m
152.3390 113.6166 l
152.4614 113.7356 152.5808 113.8615 152.7001 113.9907 c
152.8191 114.1200 152.9484 114.2359 153.0842 114.3420 c
153.2200 114.4477 153.3722 114.5339 153.5346 114.6033 c
153.6968 114.6730 153.8790 114.7062 154.0843 114.7062 c
154.3592 114.7062 154.5877 114.6464 154.7631 114.5273 c
154.9389 114.4080 155.0747 114.2490 155.1739 114.0503 c
155.2734 113.8484 155.3394 113.6231 155.3760 113.3683 c
155.4123 113.1131 155.4290 112.8481 155.4290 112.5799 c
155.4290 110.5101 l
155.4290 110.3346 155.4321 110.1855 155.4389 110.0662 c
155.4420 109.9471 155.4687 109.8510 155.5183 109.7782 c
155.5648 109.7019 155.6408 109.6458 155.7468 109.6092 c
155.8497 109.5695 156.0019 109.5429 156.2040 109.5330 c
156.2040 109.3277 l
153.6372 109.3277 l
153.6372 109.5330 l
153.7597 109.5330 l
153.9286 109.5330 154.0613 109.5497 154.1571 109.5795 c
154.2532 109.6092 154.3260 109.6622 154.3757 109.7385 c
154.4255 109.8113 154.4553 109.9106 154.4652 110.0364 c
154.4751 110.1591 154.4817 110.3179 154.4817 110.5101 c
154.4817 112.5799 l
154.4817 112.7421 154.4786 112.9110 154.4751 113.0800 c
154.4686 113.2489 154.4420 113.4011 154.3924 113.5403 c
154.3428 113.6795 154.2600 113.7954 154.1441 113.8847 c
154.0281 113.9743 153.8592 114.0174 153.6437 114.0174 c
153.5479 114.0174 153.4550 114.0075 153.3591 113.9873 c
153.2631 113.9644 153.1636 113.9278 153.0609 113.8714 c
152.9549 113.8153 152.8424 113.7390 152.7265 113.6429 c
152.6074 113.5471 152.4781 113.4213 152.3390 113.2688 c
152.3390 110.5101 l
152.3390 110.3213 152.3424 110.1756 152.3489 110.0730 c
152.3557 109.9670 152.3687 109.8873 152.3920 109.8312 c
152.4118 109.7748 152.4416 109.7317 152.4781 109.7053 c
152.5144 109.6787 152.5609 109.6489 152.6173 109.6191 c
152.6703 109.5894 152.7432 109.5661 152.8390 109.5528 c
152.9351 109.5398 153.0476 109.5330 153.1834 109.5330 c
153.1834 109.3277 l
150.5937 109.3277 l
150.5937 109.5330 l
150.7360 109.5330 150.8587 109.5429 150.9613 109.5596 c
151.0605 109.5761 151.1436 109.6191 151.2096 109.6821 c
151.2726 109.7450 151.3191 109.8445 151.3488 109.9769 c
151.3786 110.1061 151.3919 110.2847 151.3919 110.5101 c
151.3919 115.2394 l
151.3919 115.8287 151.3752 116.1964 151.3454 116.3390 c
151.3191 116.4747 151.2760 116.5706 151.2164 116.6204 c
151.1566 116.6700 151.0773 116.6933 150.9812 116.6933 c
150.8919 116.6933 150.7626 116.6635 150.5937 116.6006 c
150.5109 116.8024 l
152.0742 117.4382 l
h
h
162.8076 109.5398 m
162.8076 109.3277 l
159.4925 109.3277 l
159.4925 109.5398 l
159.7674 109.5398 l
160.0886 109.5398 160.3205 109.6325 160.4628 109.8179 c
160.5523 109.9372 160.5986 110.2286 160.5986 110.6955 c
160.5986 115.6929 l
160.5986 115.8752 160.5954 116.0243 160.5886 116.1403 c
160.5787 116.2528 160.5657 116.3455 160.5455 116.4217 c
160.5226 116.4977 160.4925 116.5541 160.4529 116.5972 c
160.4132 116.6369 160.3602 116.6766 160.2907 116.7163 c
160.1218 116.8058 159.9494 116.8520 159.7674 116.8520 c
159.4925 116.8520 l
159.4925 117.0641 l
162.8076 117.0641 l
162.8076 116.8520 l
162.5261 116.8520 l
162.2081 116.8520 161.9796 116.7593 161.8373 116.5740 c
161.7412 116.4546 161.6950 116.1601 161.6950 115.6929 c
161.6950 110.6955 l
161.6950 110.5135 161.6981 110.3678 161.7080 110.2518 c
161.7148 110.1359 161.7279 110.0432 161.7511 109.9735 c
161.7710 109.9006 161.8007 109.8411 161.8438 109.7980 c
161.8835 109.7549 161.9365 109.7118 162.0062 109.6756 c
162.1718 109.5860 162.3438 109.5398 162.5261 109.5398 c
h
h
164.9801 113.5998 m
165.5929 114.3386 166.1757 114.7062 166.7322 114.7062 c
166.9275 114.7062 167.1063 114.6730 167.2688 114.6101 c
167.4309 114.5472 167.5735 114.4378 167.6959 114.2855 c
167.8184 114.1330 167.9111 113.9312 167.9808 113.6829 c
168.0503 113.4312 168.0834 113.1165 168.0834 112.7390 c
168.0834 110.5101 l
168.0834 110.2847 168.0965 110.1093 168.1231 109.9803 c
168.1464 109.8510 168.1894 109.7515 168.2524 109.6855 c
168.3119 109.6191 168.3947 109.5761 168.4973 109.5596 c
168.5999 109.5429 168.7258 109.5330 168.8814 109.5330 c
168.8814 109.3277 l
166.2982 109.3277 l
166.2982 109.5330 l
166.4076 109.5330 l
166.5765 109.5330 166.7123 109.5497 166.8084 109.5795 c
166.9042 109.6092 166.9805 109.6622 167.0301 109.7385 c
167.0800 109.8113 167.1097 109.9106 167.1231 110.0364 c
167.1361 110.1591 167.1429 110.3179 167.1429 110.5101 c
167.1429 112.6494 l
167.1429 113.1231 167.0800 113.4675 166.9572 113.6829 c
166.8348 113.8980 166.6261 114.0041 166.3313 114.0041 c
165.8778 114.0041 165.4274 113.7589 164.9801 113.2654 c
164.9801 110.5101 l
164.9801 110.1623 165.0002 109.9437 165.0430 109.8510 c
165.0696 109.7946 165.0994 109.7484 165.1326 109.7053 c
165.1623 109.6622 165.2054 109.6291 165.2618 109.6058 c
165.3180 109.5795 165.3908 109.5596 165.4804 109.5497 c
165.5697 109.5398 165.6856 109.5330 165.8313 109.5330 c
165.8313 109.3277 l
163.2481 109.3277 l
163.2481 109.5330 l
163.3606 109.5330 l
163.4964 109.5330 163.6092 109.5497 163.6985 109.5795 c
163.7847 109.6092 163.8541 109.6622 163.9071 109.7385 c
163.9568 109.8145 163.9933 109.9140 164.0132 110.0364 c
164.0296 110.1591 164.0395 110.3179 164.0395 110.5101 c
164.0395 112.4476 l
164.0395 113.0666 164.0231 113.4510 163.9933 113.5933 c
163.9667 113.7291 163.9239 113.8252 163.8675 113.8748 c
163.8079 113.9244 163.7283 113.9477 163.6291 113.9477 c
163.5231 113.9477 163.3972 113.9179 163.2481 113.8615 c
163.1619 114.0670 l
164.7351 114.7062 l
164.9801 114.7062 l
h
h
172.9913 109.9140 m
172.7362 109.6489 172.4879 109.4601 172.2461 109.3442 c
172.0043 109.2285 171.7427 109.1687 171.4547 109.1687 c
171.1698 109.1687 170.8982 109.2317 170.6434 109.3609 c
170.3883 109.4868 170.1598 109.6622 169.9645 109.8907 c
169.7689 110.1161 169.6133 110.3842 169.4974 110.6989 c
169.3814 111.0101 169.3219 111.3511 169.3219 111.7222 c
169.3219 112.4739 169.5569 113.1596 170.0306 113.7787 c
170.5042 114.4015 171.1103 114.7127 171.8487 114.7127 c
172.3059 114.7127 172.6866 114.5670 172.9913 114.2722 c
172.9913 115.9843 l
172.9913 116.0541 172.9947 116.1269 173.0013 116.2097 c
173.0047 116.2925 172.9979 116.3687 172.9814 116.4416 c
172.9616 116.5144 172.9219 116.5740 172.8655 116.6236 c
172.8091 116.6700 172.7133 116.6933 172.5840 116.6933 c
172.4814 116.6933 172.3521 116.6635 172.1931 116.6006 c
172.1171 116.8024 l
173.6736 117.4382 l
173.9319 117.4382 l
173.9319 111.3976 l
173.9319 110.7782 173.9452 110.4041 173.9716 110.2748 c
174.0013 110.1424 174.0512 110.0497 174.1141 109.9967 c
174.1771 109.9403 174.2499 109.9140 174.3327 109.9140 c
174.4288 109.9140 174.5677 109.9471 174.7434 110.0132 c
174.8061 109.8113 l
173.2530 109.1687 l
172.9913 109.1687 l
h
h
172.9913 110.3148 m
172.9913 113.0071 l
172.9715 113.2226 172.9219 113.4145 172.8456 113.5834 c
172.7663 113.7523 172.6702 113.8946 172.5608 114.0106 c
172.4482 114.1265 172.3258 114.2127 172.1900 114.2722 c
172.0542 114.3286 171.9184 114.3584 171.7826 114.3584 c
171.5805 114.3584 171.3917 114.3054 171.2228 114.2028 c
171.0507 114.1002 170.9016 113.9511 170.7758 113.7589 c
170.6465 113.5670 170.5473 113.3382 170.4745 113.0700 c
170.4016 112.8019 170.3650 112.5037 170.3650 112.1760 c
170.3650 111.7916 170.4115 111.4506 170.5076 111.1558 c
170.6003 110.8579 170.7228 110.6093 170.8750 110.4075 c
171.0275 110.2054 171.1996 110.0531 171.3951 109.9502 c
171.5871 109.8476 171.7858 109.7946 171.9879 109.7946 c
172.3323 109.7946 172.6668 109.9670 172.9913 110.3148 c
h
176.4720 117.4382 m
176.5514 117.4382 176.6276 117.4252 176.6971 117.3954 c
176.7668 117.3654 176.8297 117.3223 176.8793 117.2727 c
176.9289 117.2197 176.9720 117.1602 177.0018 117.0907 c
177.0316 117.0210 177.0483 116.9450 177.0483 116.8622 c
177.0483 116.7826 177.0316 116.7097 177.0018 116.6403 c
176.9720 116.5706 176.9289 116.5076 176.8793 116.4546 c
176.8297 116.3985 176.7668 116.3588 176.6971 116.3288 c
176.6276 116.2990 176.5514 116.2826 176.4720 116.2826 c
176.3892 116.2826 176.3164 116.2990 176.2466 116.3288 c
176.1772 116.3588 176.1143 116.3985 176.0613 116.4546 c
176.0051 116.5076 175.9652 116.5706 175.9354 116.6403 c
175.9056 116.7097 175.8892 116.7826 175.8892 116.8622 c
175.8892 116.9450 175.9056 117.0210 175.9354 117.0907 c
175.9652 117.1602 176.0051 117.2197 176.0579 117.2727 c
176.1077 117.3223 176.1707 117.3654 176.2435 117.3954 c
176.3130 117.4252 176.3892 117.4382 176.4720 117.4382 c
h
176.9457 114.7062 m
176.9457 110.5101 l
176.9457 110.3411 176.9522 110.2054 176.9621 110.1027 c
176.9720 109.9967 176.9919 109.9106 177.0151 109.8476 c
177.0384 109.7816 177.0647 109.7317 177.1013 109.7019 c
177.1376 109.6688 177.1773 109.6390 177.2237 109.6126 c
177.3230 109.5596 177.4953 109.5330 177.7371 109.5330 c
177.7371 109.3277 l
175.1970 109.3277 l
175.1970 109.5330 l
175.3260 109.5330 175.4320 109.5398 175.5147 109.5497 c
175.5975 109.5596 175.6638 109.5795 175.7169 109.6058 c
175.7665 109.6325 175.8064 109.6656 175.8362 109.7087 c
175.8626 109.7484 175.8892 109.7946 175.9190 109.8510 c
175.9720 109.9704 175.9983 110.1889 175.9983 110.5101 c
175.9983 112.5235 l
175.9983 112.8515 175.9918 113.1131 175.9819 113.3053 c
175.9686 113.4941 175.9487 113.6364 175.9190 113.7325 c
175.8892 113.8286 175.8492 113.8881 175.7931 113.9114 c
175.7367 113.9343 175.6704 113.9477 175.5876 113.9477 c
175.4785 113.9477 175.3492 113.9179 175.1970 113.8615 c
175.1173 114.0670 l
176.6940 114.7062 l
h
h
181.3470 110.0795 m
180.8104 109.6622 180.4728 109.4238 180.3370 109.3609 c
180.1349 109.2648 179.9164 109.2183 179.6811 109.2183 c
179.5022 109.2183 179.3367 109.2515 179.1845 109.3144 c
179.0320 109.3808 178.9030 109.4734 178.7936 109.5928 c
178.6844 109.7087 178.5983 109.8510 178.5353 110.0166 c
178.4724 110.1790 178.4392 110.3644 178.4392 110.5665 c
178.4392 110.7153 178.4591 110.8511 178.4988 110.9769 c
178.5387 111.1028 178.5983 111.2221 178.6776 111.3347 c
178.7573 111.4441 178.8599 111.5532 178.9824 111.6558 c
179.1048 111.7587 179.2508 111.8580 179.4195 111.9574 c
179.8104 112.1890 180.4530 112.4674 181.3470 112.7920 c
181.3470 112.9972 l
181.3470 113.2588 181.3272 113.4774 181.2841 113.6529 c
181.2410 113.8286 181.1781 113.9675 181.0953 114.0735 c
181.0125 114.1761 180.9133 114.2524 180.7906 114.2955 c
180.6681 114.3386 180.5289 114.3584 180.3767 114.3584 c
180.2543 114.3584 180.1449 114.3420 180.0488 114.3054 c
179.9527 114.2688 179.8699 114.2226 179.8004 114.1631 c
179.7310 114.1033 179.6811 114.0338 179.6448 113.9576 c
179.6083 113.8816 179.5918 113.8020 179.5918 113.7192 c
179.6017 113.3881 l
179.6017 113.2126 179.5586 113.0800 179.4694 112.9839 c
179.3798 112.8881 179.2607 112.8416 179.1181 112.8416 c
178.9758 112.8416 178.8633 112.8912 178.7737 112.9907 c
178.6844 113.0899 178.6380 113.2257 178.6380 113.3946 c
178.6380 113.5570 178.6810 113.7158 178.7672 113.8714 c
178.8534 114.0273 178.9758 114.1662 179.1380 114.2921 c
179.3004 114.4148 179.4991 114.5174 179.7375 114.5934 c
179.9725 114.6696 180.2441 114.7062 180.5488 114.7062 c
180.9530 114.7062 181.2974 114.6464 181.5789 114.5305 c
181.8604 114.4148 182.0625 114.2093 182.1849 113.9213 c
182.2544 113.7523 182.2876 113.4179 182.2876 112.9144 c
182.2876 111.1425 l
182.2876 110.8911 182.2910 110.6889 182.2975 110.5364 c
182.3043 110.3842 182.3108 110.2782 182.3173 110.2218 c
182.3372 110.1127 182.3703 110.0364 182.4134 110.0001 c
182.4565 109.9636 182.5061 109.9437 182.5625 109.9437 c
182.5988 109.9437 182.6354 109.9502 182.6717 109.9604 c
182.7048 109.9704 182.7445 109.9933 182.7910 110.0299 c
182.8375 110.0631 182.8902 110.1093 182.9531 110.1691 c
183.0129 110.2286 183.0889 110.3049 183.1850 110.4007 c
183.1850 110.0795 l
182.7544 109.5100 182.3471 109.2251 181.9630 109.2251 c
181.7810 109.2251 181.6350 109.2912 181.5194 109.4204 c
181.4034 109.5497 181.3470 109.7683 181.3470 110.0795 c
h
181.3470 110.4506 m
181.3470 112.4442 l
181.0590 112.3282 180.8203 112.2321 180.6384 112.1528 c
180.4530 112.0700 180.3172 112.0071 180.2341 111.9574 c
179.9328 111.7885 179.7211 111.6128 179.5918 111.4308 c
179.4626 111.2485 179.3965 111.0498 179.3965 110.8346 c
179.3965 110.6989 179.4195 110.5730 179.4626 110.4571 c
179.5056 110.3411 179.5652 110.2385 179.6414 110.1523 c
179.7143 110.0662 179.8004 110.0001 179.8997 109.9536 c
179.9991 109.9040 180.1018 109.8808 180.2078 109.8808 c
180.4958 109.8808 180.8768 110.0696 181.3470 110.4506 c
h
184.6687 110.4338 m
184.7582 110.4338 184.8376 110.4174 184.9139 110.3876 c
184.9901 110.3545 185.0562 110.3080 185.1126 110.2518 c
185.1690 110.1954 185.2152 110.1260 185.2517 110.0497 c
185.2846 109.9735 185.3014 109.8907 185.3014 109.8014 c
185.3014 109.7118 185.2846 109.6325 185.2517 109.5562 c
185.2152 109.4800 185.1690 109.4139 185.1126 109.3575 c
185.0562 109.3014 184.9901 109.2549 184.9139 109.2183 c
184.8376 109.1854 184.7582 109.1687 184.6687 109.1687 c
184.5794 109.1687 184.4997 109.1854 184.4237 109.2183 c
184.3475 109.2549 184.2812 109.3014 184.2250 109.3575 c
184.1686 109.4139 184.1224 109.4800 184.0893 109.5562 c
184.0527 109.6325 184.0363 109.7118 184.0363 109.8014 c
184.0363 109.8907 184.0527 109.9769 184.0893 110.0531 c
184.1224 110.1291 184.1686 110.1954 184.2250 110.2518 c
184.2812 110.3080 184.3475 110.3545 184.4237 110.3876 c
184.4997 110.4174 184.5794 110.4338 184.6687 110.4338 c
f
/GS13 gs
/CS15 cs 0.7000 0.6700 0.6400 0.7400 scn
41.8626 69.0579 m
41.8626 74.9392 l
42.3748 74.9392 l
46.4340 69.8321 l
46.1648 69.8321 l
46.1648 74.9392 l
46.7793 74.9392 l
46.7793 69.0579 l
46.2674 69.0579 l
42.2152 74.1677 l
42.4845 74.1677 l
42.4845 69.0579 l
h
h
50.3504 69.0151 m
49.9238 69.0151 49.5428 69.1126 49.2043 69.3057 c
48.8639 69.4987 48.5972 69.7654 48.4016 70.1062 c
48.2040 70.4443 48.1062 70.8327 48.1062 71.2687 c
48.1062 71.7117 48.2040 72.1023 48.4016 72.4382 c
48.5972 72.7741 48.8639 73.0361 49.1998 73.2266 c
49.5357 73.4173 49.9192 73.5126 50.3504 73.5126 c
50.7861 73.5126 51.1744 73.4173 51.5151 73.2266 c
51.8533 73.0361 52.1201 72.7741 52.3131 72.4382 c
52.5061 72.1023 52.6037 71.7117 52.6037 71.2687 c
52.6037 70.8327 52.5061 70.4443 52.3131 70.1062 c
52.1201 69.7654 51.8511 69.4987 51.5103 69.3057 c
51.1696 69.1126 50.7815 69.0151 50.3504 69.0151 c
h
50.3504 69.5463 m
50.6696 69.5463 50.9530 69.6178 51.2008 69.7606 c
51.4460 69.9035 51.6413 70.1062 51.7844 70.3658 c
51.9273 70.6255 51.9987 70.9279 51.9987 71.2687 c
51.9987 71.6162 51.9273 71.9189 51.7844 72.1760 c
51.6413 72.4334 51.4460 72.6335 51.2008 72.7764 c
50.9530 72.9193 50.6718 72.9907 50.3597 72.9907 c
50.0454 72.9907 49.7642 72.9193 49.5190 72.7764 c
49.2735 72.6335 49.0759 72.4334 48.9305 72.1760 c
48.7851 71.9189 48.7114 71.6162 48.7114 71.2687 c
48.7114 70.9279 48.7851 70.6255 48.9305 70.3658 c
49.0759 70.1062 49.2735 69.9035 49.5190 69.7606 c
49.7642 69.6178 50.0431 69.5463 50.3504 69.5463 c
h
54.2166 69.0579 m
54.9405 74.9392 l
55.4029 74.9392 l
54.6715 69.0579 l
h
h
53.2159 70.6538 m
53.2159 71.1162 l
58.3019 71.1162 l
58.3019 70.6538 l
h
h
56.4009 69.0579 m
57.1249 74.9392 l
57.5776 74.9392 l
56.8559 69.0579 l
h
h
53.4852 72.8813 m
53.4852 73.3433 l
58.5709 73.3433 l
58.5709 72.8813 l
h
h
62.3180 69.0080 m
61.8749 69.0080 61.4653 69.0817 61.0911 69.2317 c
60.7150 69.3794 60.3884 69.5869 60.1146 69.8559 c
59.8408 70.1252 59.6262 70.4418 59.4714 70.8063 c
59.3167 71.1709 59.2404 71.5686 59.2404 71.9997 c
59.2404 72.4309 59.3167 72.8289 59.4714 73.1934 c
59.6262 73.5576 59.8408 73.8746 60.1194 74.1438 c
60.3981 74.4129 60.7243 74.6201 61.0985 74.7703 c
61.4724 74.9180 61.8820 74.9917 62.3254 74.9917 c
62.7517 74.9917 63.1519 74.9203 63.5281 74.7774 c
63.9023 74.6345 64.2189 74.4202 64.4763 74.1342 c
64.0809 73.7388 l
63.8402 73.9843 63.5757 74.1628 63.2852 74.2723 c
62.9923 74.3820 62.6777 74.4367 62.3418 74.4367 c
61.9894 74.4367 61.6629 74.3771 61.3604 74.2558 c
61.0580 74.1342 60.7935 73.9650 60.5696 73.7436 c
60.3456 73.5219 60.1719 73.2623 60.0454 72.9694 c
59.9193 72.6763 59.8550 72.3523 59.8550 71.9997 c
59.8550 71.6448 59.9193 71.3208 60.0454 71.0280 c
60.1719 70.7349 60.3456 70.4778 60.5696 70.2561 c
60.7935 70.0345 61.0580 69.8630 61.3604 69.7439 c
61.6629 69.6226 61.9894 69.5631 62.3418 69.5631 c
62.6777 69.5631 62.9923 69.6200 63.2852 69.7320 c
63.5757 69.8440 63.8402 70.0226 64.0809 70.2680 c
64.4763 69.8726 l
64.2189 69.5869 63.9023 69.3723 63.5281 69.2271 c
63.1519 69.0817 62.7491 69.0080 62.3180 69.0080 c
h
66.9393 69.0080 m
66.5127 69.0080 66.1127 69.0769 65.7337 69.2152 c
65.3550 69.3510 65.0503 69.5344 64.8215 69.7629 c
65.1146 70.2420 l
65.3051 70.0464 65.5622 69.8845 65.8840 69.7558 c
66.2054 69.6271 66.5580 69.5631 66.9393 69.5631 c
67.4274 69.5631 67.8016 69.6702 68.0613 69.8822 c
68.3209 70.0943 68.4519 70.3800 68.4519 70.7397 c
68.4519 71.0969 68.3257 71.3829 68.0706 71.5949 c
67.8158 71.8070 67.4133 71.9141 66.8631 71.9141 c
66.4438 71.9141 l
66.4438 72.3594 l
68.2588 74.6368 l
68.3422 74.4035 l
65.0645 74.4035 l
65.0645 74.9392 l
68.8473 74.9392 l
68.8473 74.5129 l
67.0320 72.2356 l
66.7366 72.4286 l
66.9631 72.4286 l
67.6706 72.4286 68.1993 72.2713 68.5497 71.9595 c
68.8997 71.6448 69.0735 71.2400 69.0735 70.7468 c
69.0735 70.4157 68.9950 70.1203 68.8377 69.8559 c
68.6806 69.5914 68.4448 69.3842 68.1279 69.2342 c
67.8110 69.0840 67.4155 69.0080 66.9393 69.0080 c
h
72.2511 69.0080 m
71.7962 69.0080 71.3937 69.1271 71.0410 69.3652 c
70.6861 69.6033 70.4098 69.9466 70.2074 70.3919 c
70.0050 70.8372 69.9049 71.3733 69.9049 71.9997 c
69.9049 72.6265 70.0050 73.1648 70.2074 73.6101 c
70.4098 74.0557 70.6861 74.3961 71.0410 74.6345 c
71.3937 74.8726 71.7962 74.9917 72.2511 74.9917 c
72.7038 74.9917 73.1064 74.8726 73.4613 74.6345 c
73.8139 74.3961 74.0925 74.0557 74.2975 73.6101 c
74.4999 73.1648 74.6025 72.6265 74.6025 71.9997 c
74.6025 71.3733 74.4999 70.8372 74.2975 70.3919 c
74.0925 69.9466 73.8139 69.6033 73.4613 69.3652 c
73.1064 69.1271 72.7038 69.0080 72.2511 69.0080 c
h
72.2511 69.5631 m
72.5967 69.5631 72.8991 69.6557 73.1588 69.8440 c
73.4162 70.0322 73.6186 70.3060 73.7640 70.6683 c
73.9091 71.0280 73.9806 71.4733 73.9806 71.9997 c
73.9806 72.5264 73.9091 72.9694 73.7640 73.3314 c
73.6186 73.6911 73.4162 73.9675 73.1588 74.1557 c
72.8991 74.3440 72.5967 74.4367 72.2511 74.4367 c
71.9152 74.4367 71.6153 74.3440 71.3509 74.1557 c
71.0864 73.9675 70.8840 73.6911 70.7386 73.3314 c
70.5932 72.9694 70.5195 72.5264 70.5195 71.9997 c
70.5195 71.4733 70.5932 71.0280 70.7386 70.6683 c
70.8840 70.3060 71.0864 70.0322 71.3509 69.8440 c
71.6153 69.6557 71.9152 69.5631 72.2511 69.5631 c
h
74.6365 68.2172 m
77.4094 76.1329 l
77.9550 76.1329 l
75.1822 68.2172 l
h
h
79.3599 69.0579 m
79.3599 74.6892 l
79.6289 74.4035 l
77.9734 74.4035 l
77.9734 74.9392 l
79.9648 74.9392 l
79.9648 69.0579 l
h
h
82.9066 69.0080 m
82.6424 69.0080 82.3921 69.0341 82.1540 69.0840 c
81.9159 69.1342 81.7013 69.2152 81.5108 69.3272 c
81.7560 69.8153 l
81.9062 69.7130 82.0826 69.6416 82.2827 69.6010 c
82.4803 69.5582 82.6875 69.5367 82.8995 69.5367 c
83.5308 69.5367 84.0359 69.7391 84.4146 70.1419 c
84.7933 70.5444 84.9815 71.1471 84.9815 71.9498 c
84.9815 72.0785 84.9745 72.2333 84.9626 72.4119 c
84.9481 72.5907 84.9149 72.7693 84.8648 72.9479 c
85.0745 72.7883 l
85.0195 72.4978 84.9005 72.2500 84.7196 72.0451 c
84.5359 71.8401 84.3123 71.6854 84.0478 71.5782 c
83.7811 71.4711 83.4854 71.4186 83.1591 71.4186 c
82.7734 71.4186 82.4304 71.4923 82.1302 71.6377 c
81.8300 71.7831 81.5964 71.9878 81.4275 72.2523 c
81.2582 72.5145 81.1749 72.8240 81.1749 73.1837 c
81.1749 73.5531 81.2631 73.8746 81.4368 74.1438 c
81.6109 74.4129 81.8490 74.6201 82.1563 74.7703 c
82.4613 74.9180 82.8043 74.9917 83.1855 74.9917 c
83.7071 74.9917 84.1453 74.8752 84.5050 74.6439 c
84.8625 74.4106 85.1340 74.0747 85.3197 73.6387 c
85.5031 73.2005 85.5961 72.6715 85.5961 72.0499 c
85.5961 71.3900 85.4819 70.8327 85.2554 70.3777 c
85.0292 69.9228 84.7123 69.5820 84.3097 69.3533 c
83.9072 69.1223 83.4378 69.0080 82.9066 69.0080 c
h
83.2521 71.9331 m
83.5546 71.9331 83.8191 71.9904 84.0453 72.1023 c
84.2717 72.2143 84.4503 72.3668 84.5765 72.5644 c
84.7029 72.7597 84.7647 72.9765 84.7647 73.2172 c
84.7647 73.4363 84.7052 73.6413 84.5884 73.8317 c
84.4719 74.0222 84.2978 74.1770 84.0668 74.2986 c
83.8358 74.4177 83.5498 74.4772 83.2093 74.4772 c
82.9304 74.4772 82.6826 74.4248 82.4661 74.3224 c
82.2492 74.2201 82.0800 74.0724 81.9587 73.8816 c
81.8348 73.6911 81.7727 73.4649 81.7727 73.2005 c
81.7727 72.8144 81.9062 72.5071 82.1730 72.2786 c
82.4374 72.0476 82.7972 71.9331 83.2521 71.9331 c
h
86.3946 67.8311 m
86.7637 69.3867 l
86.8306 69.0245 l
86.7019 69.0245 86.5947 69.0676 86.5089 69.1509 c
86.4207 69.2342 86.3779 69.3437 86.3779 69.4772 c
86.3779 69.6129 86.4207 69.7226 86.5089 69.8060 c
86.5947 69.8893 86.6996 69.9321 86.8209 69.9321 c
86.9519 69.9321 87.0568 69.8868 87.1379 69.7989 c
87.2189 69.7082 87.2592 69.6010 87.2592 69.4772 c
87.2592 69.4318 87.2569 69.3890 87.2521 69.3437 c
87.2450 69.2986 87.2354 69.2484 87.2189 69.1937 c
87.2022 69.1364 87.1784 69.0698 87.1498 68.9913 c
86.7971 67.8311 l
h
h
91.9735 69.0579 m
91.9735 74.4035 l
89.9059 74.4035 l
89.9059 74.9392 l
94.6630 74.9392 l
94.6630 74.4035 l
92.5951 74.4035 l
92.5951 69.0579 l
h
h
95.3932 69.0579 m
95.3932 73.4695 l
95.9649 73.4695 l
95.9649 72.2594 l
95.8720 72.4859 l
96.0126 72.8050 96.2388 73.0551 96.5460 73.2385 c
96.8533 73.4219 97.2201 73.5126 97.6467 73.5126 c
98.0039 73.5126 98.3183 73.4434 98.5924 73.3076 c
98.8639 73.1696 99.0760 72.9598 99.2307 72.6812 c
99.3855 72.4000 99.4618 72.0476 99.4618 71.6210 c
99.4618 69.0579 l
98.8639 69.0579 l
98.8639 71.5615 l
98.8639 72.0261 98.7471 72.3787 98.5161 72.6168 c
98.2826 72.8549 97.9563 72.9743 97.5370 72.9743 c
97.2227 72.9743 96.9486 72.9122 96.7175 72.7860 c
96.4843 72.6596 96.3054 72.4762 96.1792 72.2381 c
96.0531 71.9997 95.9910 71.7140 95.9910 71.3781 c
95.9910 69.0579 l
h
h
101.0580 69.0579 m
101.0580 75.2944 l
101.6558 75.2944 l
101.6558 72.2594 l
101.5367 72.4859 l
101.6773 72.8050 101.9035 73.0551 102.2108 73.2385 c
102.5181 73.4219 102.8849 73.5126 103.3115 73.5126 c
103.6687 73.5126 103.9830 73.4434 104.2571 73.3076 c
104.5287 73.1696 104.7407 72.9598 104.8955 72.6812 c
105.0503 72.4000 105.1265 72.0476 105.1265 71.6210 c
105.1265 69.0579 l
104.5287 69.0579 l
104.5287 71.5615 l
104.5287 72.0261 104.4119 72.3787 104.1809 72.6168 c
103.9473 72.8549 103.6210 72.9743 103.2018 72.9743 c
102.8874 72.9743 102.6133 72.9122 102.3823 72.7860 c
102.1490 72.6596 101.9701 72.4762 101.8440 72.2381 c
101.7179 71.9997 101.6558 71.7140 101.6558 71.3781 c
101.6558 69.0579 l
h
h
109.0001 69.0151 m
108.6140 69.0151 108.2662 69.1033 107.9589 69.2819 c
107.6516 69.4582 107.4064 69.7153 107.2276 70.0512 c
107.0490 70.3871 106.9586 70.7922 106.9586 71.2687 c
106.9586 71.7497 107.0490 72.1570 107.2324 72.4907 c
107.4135 72.8240 107.6587 73.0789 107.9663 73.2529 c
108.2735 73.4267 108.6188 73.5126 109.0001 73.5126 c
109.4216 73.5126 109.7980 73.4196 110.1314 73.2314 c
110.4650 73.0431 110.7269 72.7812 110.9177 72.4453 c
111.1082 72.1094 111.2034 71.7163 111.2034 71.2687 c
111.2034 70.8253 111.1082 70.4347 110.9177 70.0965 c
110.7269 69.7558 110.4650 69.4913 110.1314 69.3009 c
109.7980 69.1104 109.4216 69.0151 109.0001 69.0151 c
h
106.7227 69.0579 m
106.7227 75.2944 l
107.3205 75.2944 l
107.3205 72.1667 l
107.2349 71.2757 l
107.2945 70.3848 l
107.2945 69.0579 l
h
h
108.9595 69.5463 m
109.2716 69.5463 109.5525 69.6178 109.8003 69.7606 c
110.0458 69.9035 110.2433 70.1062 110.3888 70.3658 c
110.5342 70.6255 110.6056 70.9279 110.6056 71.2687 c
110.6056 71.6162 110.5342 71.9189 110.3888 72.1760 c
110.2433 72.4334 110.0458 72.6335 109.8003 72.7764 c
109.5525 72.9193 109.2716 72.9907 108.9595 72.9907 c
108.6452 72.9907 108.3640 72.9193 108.1140 72.7764 c
107.8637 72.6335 107.6683 72.4334 107.5255 72.1760 c
107.3826 71.9189 107.3112 71.6162 107.3112 71.2687 c
107.3112 70.9279 107.3826 70.6255 107.5255 70.3658 c
107.6683 70.1062 107.8637 69.9035 108.1140 69.7606 c
108.3640 69.6178 108.6452 69.5463 108.9595 69.5463 c
h
116.4200 69.0151 m
115.9841 69.0151 115.5934 69.1126 115.2482 69.3057 c
114.9026 69.4987 114.6336 69.7654 114.4380 70.1062 c
114.2405 70.4443 114.1427 70.8327 114.1427 71.2687 c
114.1427 71.7117 114.2405 72.1023 114.4380 72.4382 c
114.6336 72.7741 114.9026 73.0361 115.2482 73.2266 c
115.5934 73.4173 115.9841 73.5126 116.4200 73.5126 c
116.7965 73.5126 117.1372 73.4386 117.4397 73.2934 c
117.7421 73.1480 117.9780 72.9289 118.1520 72.6384 c
117.7064 72.3356 l
117.5564 72.5596 117.3682 72.7240 117.1443 72.8311 c
116.9203 72.9383 116.6774 72.9907 116.4129 72.9907 c
116.0986 72.9907 115.8151 72.9193 115.5648 72.7764 c
115.3125 72.6335 115.1124 72.4334 114.9670 72.1760 c
114.8216 71.9189 114.7479 71.6162 114.7479 71.2687 c
114.7479 70.9209 114.8216 70.6181 114.9670 70.3610 c
115.1124 70.1036 115.3125 69.9035 115.5648 69.7606 c
115.8151 69.6178 116.0986 69.5463 116.4129 69.5463 c
116.6774 69.5463 116.9203 69.5988 117.1443 69.7059 c
117.3682 69.8131 117.5564 69.9749 117.7064 70.1918 c
118.1520 69.8893 l
117.9780 69.6033 117.7421 69.3867 117.4397 69.2391 c
117.1372 69.0888 116.7965 69.0151 116.4200 69.0151 c
h
121.0255 69.0151 m
120.5989 69.0151 120.2179 69.1126 119.8794 69.3057 c
119.5390 69.4987 119.2723 69.7654 119.0767 70.1062 c
118.8791 70.4443 118.7813 70.8327 118.7813 71.2687 c
118.7813 71.7117 118.8791 72.1023 119.0767 72.4382 c
119.2723 72.7741 119.5390 73.0361 119.8749 73.2266 c
120.2108 73.4173 120.5943 73.5126 121.0255 73.5126 c
121.4612 73.5126 121.8495 73.4173 122.1902 73.2266 c
122.5284 73.0361 122.7951 72.7741 122.9882 72.4382 c
123.1812 72.1023 123.2787 71.7117 123.2787 71.2687 c
123.2787 70.8327 123.1812 70.4443 122.9882 70.1062 c
122.7951 69.7654 122.5261 69.4987 122.1854 69.3057 c
121.8447 69.1126 121.4566 69.0151 121.0255 69.0151 c
h
121.0255 69.5463 m
121.3447 69.5463 121.6281 69.6178 121.8759 69.7606 c
122.1211 69.9035 122.3164 70.1062 122.4595 70.3658 c
122.6024 70.6255 122.6738 70.9279 122.6738 71.2687 c
122.6738 71.6162 122.6024 71.9189 122.4595 72.1760 c
122.3164 72.4334 122.1211 72.6335 121.8759 72.7764 c
121.6281 72.9193 121.3469 72.9907 121.0348 72.9907 c
120.7205 72.9907 120.4393 72.9193 120.1941 72.7764 c
119.9486 72.6335 119.7510 72.4334 119.6056 72.1760 c
119.4602 71.9189 119.3865 71.6162 119.3865 71.2687 c
119.3865 70.9279 119.4602 70.6255 119.6056 70.3658 c
119.7510 70.1062 119.9486 69.9035 120.1941 69.7606 c
120.4393 69.6178 120.7182 69.5463 121.0255 69.5463 c
h
124.4795 69.0579 m
124.4795 75.2944 l
125.0773 75.2944 l
125.0773 69.0579 l
h
h
128.5220 69.0151 m
128.0954 69.0151 127.7144 69.1126 127.3759 69.3057 c
127.0355 69.4987 126.7688 69.7654 126.5732 70.1062 c
126.3756 70.4443 126.2778 70.8327 126.2778 71.2687 c
126.2778 71.7117 126.3756 72.1023 126.5732 72.4382 c
126.7688 72.7741 127.0355 73.0361 127.3714 73.2266 c
127.7073 73.4173 128.0908 73.5126 128.5220 73.5126 c
128.9577 73.5126 129.3460 73.4173 129.6867 73.2266 c
130.0249 73.0361 130.2917 72.7741 130.4847 72.4382 c
130.6777 72.1023 130.7752 71.7117 130.7752 71.2687 c
130.7752 70.8327 130.6777 70.4443 130.4847 70.1062 c
130.2917 69.7654 130.0226 69.4987 129.6819 69.3057 c
129.3412 69.1126 128.9531 69.0151 128.5220 69.0151 c
h
128.5220 69.5463 m
128.8412 69.5463 129.1246 69.6178 129.3724 69.7606 c
129.6176 69.9035 129.8129 70.1062 129.9560 70.3658 c
130.0989 70.6255 130.1703 70.9279 130.1703 71.2687 c
130.1703 71.6162 130.0989 71.9189 129.9560 72.1760 c
129.8129 72.4334 129.6176 72.6335 129.3724 72.7764 c
129.1246 72.9193 128.8434 72.9907 128.5313 72.9907 c
128.2170 72.9907 127.9358 72.9193 127.6906 72.7764 c
127.4451 72.6335 127.2475 72.4334 127.1021 72.1760 c
126.9567 71.9189 126.8830 71.6162 126.8830 71.2687 c
126.8830 70.9279 126.9567 70.6255 127.1021 70.3658 c
127.2475 70.1062 127.4451 69.9035 127.6906 69.7606 c
127.9358 69.6178 128.2147 69.5463 128.5220 69.5463 c
h
131.9760 69.0579 m
131.9760 73.4695 l
132.5477 73.4695 l
132.5477 72.2594 l
132.4548 72.4859 l
132.5954 72.8050 132.8216 73.0551 133.1289 73.2385 c
133.4361 73.4219 133.8029 73.5126 134.2295 73.5126 c
134.5867 73.5126 134.9011 73.4434 135.1752 73.3076 c
135.4467 73.1696 135.6588 72.9598 135.8135 72.6812 c
135.9683 72.4000 136.0446 72.0476 136.0446 71.6210 c
136.0446 69.0579 l
135.4467 69.0579 l
135.4467 71.5615 l
135.4467 72.0261 135.3300 72.3787 135.0989 72.6168 c
134.8654 72.8549 134.5391 72.9743 134.1198 72.9743 c
133.8055 72.9743 133.5314 72.9122 133.3003 72.7860 c
133.0671 72.6596 132.8882 72.4762 132.7620 72.2381 c
132.6359 71.9997 132.5738 71.7140 132.5738 71.3781 c
132.5738 69.0579 l
h
h
137.5146 67.3858 m
137.3071 67.3858 137.1118 67.4189 136.9236 67.4858 c
136.7357 67.5547 136.5735 67.6548 136.4400 67.7883 c
136.7164 68.2336 l
136.8283 68.1265 136.9522 68.0454 137.0832 67.9859 c
137.2144 67.9263 137.3621 67.8977 137.5240 67.8977 c
137.7193 67.8977 137.8885 67.9527 138.0314 68.0621 c
138.1742 68.1718 138.3100 68.3649 138.4387 68.6387 c
138.7247 69.2841 l
138.7936 69.3771 l
140.6089 73.4695 l
141.1971 73.4695 l
138.9866 68.5290 l
138.8628 68.2432 138.7270 68.0170 138.5793 67.8478 c
138.4291 67.6786 138.2695 67.5595 138.0957 67.4904 c
137.9220 67.4215 137.7264 67.3858 137.5146 67.3858 c
h
138.6913 68.9318 m
136.6594 73.4695 l
137.2810 73.4695 l
139.0796 69.4199 l
h
h
141.3737 67.8311 m
141.7428 69.3867 l
141.8097 69.0245 l
141.6810 69.0245 141.5738 69.0676 141.4879 69.1509 c
141.3998 69.2342 141.3570 69.3437 141.3570 69.4772 c
141.3570 69.6129 141.3998 69.7226 141.4879 69.8060 c
141.5738 69.8893 141.6787 69.9321 141.8000 69.9321 c
141.9310 69.9321 142.0359 69.8868 142.1169 69.7989 c
142.1980 69.7082 142.2383 69.6010 142.2383 69.4772 c
142.2383 69.4318 142.2360 69.3890 142.2312 69.3437 c
142.2241 69.2986 142.2145 69.2484 142.1980 69.1937 c
142.1813 69.1364 142.1575 69.0698 142.1289 68.9913 c
141.7762 67.8311 l
h
h
145.8091 69.0579 m
145.8091 74.9392 l
148.3483 74.9392 l
149.0034 74.9392 149.5108 74.8083 149.8731 74.5464 c
150.2328 74.2819 150.4137 73.9103 150.4137 73.4267 c
150.4137 73.1075 150.3400 72.8385 150.1923 72.6216 c
150.0420 72.4025 149.8422 72.2381 149.5871 72.1261 c
149.3323 72.0142 149.0536 71.9569 148.7511 71.9569 c
148.8940 72.1593 l
149.2679 72.1593 149.5919 72.1023 149.8635 71.9878 c
150.1350 71.8713 150.3471 71.6998 150.4996 71.4733 c
150.6495 71.2471 150.7258 70.9659 150.7258 70.6300 c
150.7258 70.1323 150.5424 69.7439 150.1756 69.4701 c
149.8088 69.1960 149.2560 69.0579 148.5153 69.0579 c
h
h
146.4310 69.5701 m
148.5082 69.5701 l
149.0227 69.5701 149.4181 69.6583 149.6920 69.8346 c
149.9661 70.0106 150.1041 70.2918 150.1041 70.6802 c
150.1041 71.0612 149.9661 71.3401 149.6920 71.5164 c
149.4181 71.6924 149.0227 71.7806 148.5082 71.7806 c
146.3641 71.7806 l
146.3641 72.2928 l
148.3055 72.2928 l
148.7750 72.2928 149.1418 72.3832 149.4014 72.5621 c
149.6611 72.7407 149.7920 73.0074 149.7920 73.3601 c
149.7920 73.7198 149.6611 73.9865 149.4014 74.1628 c
149.1418 74.3391 148.7750 74.4273 148.3055 74.4273 c
146.4310 74.4273 l
h
h
154.7683 69.0579 m
154.7683 70.0322 l
154.7422 70.1918 l
154.7422 71.8237 l
154.7422 72.1976 154.6373 72.4859 154.4278 72.6883 c
154.2180 72.8906 153.9060 72.9907 153.4915 72.9907 c
153.2058 72.9907 152.9342 72.9431 152.6769 72.8478 c
152.4172 72.7526 152.1981 72.6265 152.0195 72.4691 c
151.7502 72.9145 l
151.9764 73.1052 152.2457 73.2529 152.5601 73.3575 c
152.8722 73.4601 153.2032 73.5126 153.5488 73.5126 c
154.1205 73.5126 154.5610 73.3720 154.8731 73.0885 c
155.1852 72.8050 155.3400 72.3739 155.3400 71.7973 c
155.3400 69.0579 l
h
h
153.2463 69.0151 m
152.9150 69.0151 152.6292 69.0698 152.3863 69.1795 c
152.1408 69.2889 151.9551 69.4414 151.8265 69.6345 c
151.6978 69.8272 151.6334 70.0489 151.6334 70.3015 c
151.6334 70.5325 151.6884 70.7397 151.7978 70.9279 c
151.9075 71.1162 152.0861 71.2661 152.3361 71.3829 c
152.5864 71.4971 152.9198 71.5544 153.3390 71.5544 c
154.8612 71.5544 l
154.8612 71.1088 l
153.3557 71.1088 l
152.9294 71.1088 152.6340 71.0328 152.4696 70.8826 c
152.3052 70.7301 152.2219 70.5419 152.2219 70.3182 c
152.2219 70.0656 152.3197 69.8630 152.5173 69.7130 c
152.7126 69.5631 152.9867 69.4868 153.3390 69.4868 c
153.6749 69.4868 153.9655 69.5631 154.2110 69.7178 c
154.4539 69.8726 154.6302 70.0943 154.7422 70.3848 c
154.8780 69.9749 l
154.7660 69.6821 154.5707 69.4511 154.2943 69.2770 c
154.0157 69.1033 153.6678 69.0151 153.2463 69.0151 c
h
158.8252 67.3858 m
158.4224 67.3858 158.0366 67.4453 157.6675 67.5621 c
157.2982 67.6786 156.9980 67.8478 156.7670 68.0669 c
157.0694 68.5196 l
157.2766 68.3362 157.5340 68.1885 157.8390 68.0788 c
158.1437 67.9694 158.4677 67.9144 158.8085 67.9144 c
159.3683 67.9144 159.7805 68.0454 160.0447 68.3050 c
160.3091 68.5647 160.4401 68.9698 160.4401 69.5200 c
160.4401 70.6207 l
160.5234 71.3781 l
160.4639 72.1332 l
160.4639 73.4695 l
161.0357 73.4695 l
161.0357 69.5962 l
161.0357 68.8340 160.8500 68.2741 160.4784 67.9192 c
160.1042 67.5643 159.5540 67.3858 158.8252 67.3858 c
h
158.7180 69.2271 m
158.2963 69.2271 157.9198 69.3176 157.5839 69.5010 c
157.2483 69.6821 156.9813 69.9347 156.7885 70.2609 c
156.5955 70.5849 156.4977 70.9566 156.4977 71.3781 c
156.4977 71.7973 156.5955 72.1689 156.7885 72.4907 c
156.9813 72.8121 157.2483 73.0647 157.5839 73.2433 c
157.9198 73.4219 158.2963 73.5126 158.7180 73.5126 c
159.1109 73.5126 159.4636 73.4315 159.7779 73.2696 c
160.0900 73.1052 160.3400 72.8646 160.5260 72.5454 c
160.7094 72.2262 160.8024 71.8379 160.8024 71.3781 c
160.8024 70.9183 160.7094 70.5277 160.5260 70.2085 c
160.3400 69.8893 160.0900 69.6464 159.7779 69.4794 c
159.4636 69.3105 159.1109 69.2271 158.7180 69.2271 c
h
158.7750 69.7558 m
159.1016 69.7558 159.3896 69.8250 159.6421 69.9630 c
159.8924 70.0988 160.0923 70.2896 160.2377 70.5348 c
160.3831 70.7777 160.4568 71.0589 160.4568 71.3781 c
160.4568 71.6973 160.3831 71.9785 160.2377 72.2191 c
160.0923 72.4595 159.8924 72.6477 159.6421 72.7860 c
159.3896 72.9218 159.1016 72.9907 158.7750 72.9907 c
158.4558 72.9907 158.1701 72.9218 157.9153 72.7860 c
157.6602 72.6477 157.4600 72.4595 157.3172 72.2191 c
157.1743 71.9785 157.1029 71.6973 157.1029 71.3781 c
157.1029 71.0589 157.1743 70.7777 157.3172 70.5348 c
157.4600 70.2896 157.6602 70.0988 157.9153 69.9630 c
158.1701 69.8250 158.4558 69.7558 158.7750 69.7558 c
h
165.4498 69.0579 m
165.4498 70.0322 l
165.4237 70.1918 l
165.4237 71.8237 l
165.4237 72.1976 165.3188 72.4859 165.1093 72.6883 c
164.8996 72.8906 164.5875 72.9907 164.1730 72.9907 c
163.8873 72.9907 163.6157 72.9431 163.3584 72.8478 c
163.0987 72.7526 162.8796 72.6265 162.7010 72.4691 c
162.4317 72.9145 l
162.6579 73.1052 162.9272 73.2529 163.2416 73.3575 c
163.5537 73.4601 163.8848 73.5126 164.2303 73.5126 c
164.8020 73.5126 165.2426 73.3720 165.5546 73.0885 c
165.8667 72.8050 166.0215 72.3739 166.0215 71.7973 c
166.0215 69.0579 l
h
h
163.9278 69.0151 m
163.5965 69.0151 163.3107 69.0698 163.0678 69.1795 c
162.8223 69.2889 162.6367 69.4414 162.5080 69.6345 c
162.3793 69.8272 162.3149 70.0489 162.3149 70.3015 c
162.3149 70.5325 162.3699 70.7397 162.4793 70.9279 c
162.5890 71.1162 162.7676 71.2661 163.0176 71.3829 c
163.2679 71.4971 163.6013 71.5544 164.0205 71.5544 c
165.5427 71.5544 l
165.5427 71.1088 l
164.0373 71.1088 l
163.6109 71.1088 163.3156 71.0328 163.1511 70.8826 c
162.9867 70.7301 162.9034 70.5419 162.9034 70.3182 c
162.9034 70.0656 163.0012 69.8630 163.1988 69.7130 c
163.3941 69.5631 163.6682 69.4868 164.0205 69.4868 c
164.3564 69.4868 164.6470 69.5631 164.8925 69.7178 c
165.1354 69.8726 165.3117 70.0943 165.4237 70.3848 c
165.5595 69.9749 l
165.4475 69.6821 165.2522 69.4511 164.9758 69.2770 c
164.6972 69.1033 164.3494 69.0151 163.9278 69.0151 c
h
167.6248 69.0579 m
167.6248 75.2944 l
168.2226 75.2944 l
168.2226 69.0579 l
h
h
171.6934 69.0151 m
171.3169 69.0151 170.9884 69.0866 170.7094 69.2271 c
170.4308 69.3675 170.2140 69.5772 170.0592 69.8584 c
169.9044 70.1371 169.8282 70.4871 169.8282 70.9064 c
169.8282 73.4695 l
170.4237 73.4695 l
170.4237 70.9730 l
170.4237 70.5039 170.5405 70.1490 170.7738 69.9106 c
171.0048 69.6725 171.3314 69.5534 171.7506 69.5534 c
172.0602 69.5534 172.3294 69.6178 172.5557 69.7439 c
172.7819 69.8703 172.9536 70.0537 173.0750 70.2941 c
173.1966 70.5348 173.2561 70.8231 173.2561 71.1590 c
173.2561 73.4695 l
173.8517 73.4695 l
173.8517 69.0579 l
173.2822 69.0579 l
173.2822 70.2680 l
173.3729 70.0489 l
173.2323 69.7249 173.0154 69.4723 172.7223 69.2889 c
172.4295 69.1055 172.0865 69.0151 171.6934 69.0151 c
h
175.5000 69.0579 m
175.5000 73.4695 l
176.0717 73.4695 l
176.0717 72.2690 l
176.0122 72.4788 l
176.1361 72.8144 176.3433 73.0695 176.6361 73.2481 c
176.9270 73.4244 177.2889 73.5126 177.7201 73.5126 c
177.7201 72.9312 l
177.6963 72.9312 177.6725 72.9337 177.6509 72.9360 c
177.6297 72.9383 177.6059 72.9408 177.5843 72.9408 c
177.1197 72.9408 176.7555 72.8002 176.4933 72.5168 c
176.2288 72.2333 176.0978 71.8308 176.0978 71.3089 c
176.0978 69.0579 l
h
h
185.4666 69.0579 m
185.4666 74.9392 l
186.0812 74.9392 l
186.0812 69.0579 l
h
h
181.1645 69.0579 m
181.1645 74.9392 l
181.7864 74.9392 l
181.7864 69.0579 l
h
h
181.7195 71.7712 m
181.7195 72.3192 l
185.5261 72.3192 l
185.5261 71.7712 l
h
h
189.6783 69.0151 m
189.3019 69.0151 188.9734 69.0866 188.6944 69.2271 c
188.4158 69.3675 188.1989 69.5772 188.0442 69.8584 c
187.8894 70.1371 187.8131 70.4871 187.8131 70.9064 c
187.8131 73.4695 l
188.4087 73.4695 l
188.4087 70.9730 l
188.4087 70.5039 188.5255 70.1490 188.7588 69.9106 c
188.9898 69.6725 189.3163 69.5534 189.7356 69.5534 c
190.0451 69.5534 190.3144 69.6178 190.5406 69.7439 c
190.7668 69.8703 190.9386 70.0537 191.0599 70.2941 c
191.1815 70.5348 191.2411 70.8231 191.2411 71.1590 c
191.2411 73.4695 l
191.8366 73.4695 l
191.8366 69.0579 l
191.2671 69.0579 l
191.2671 70.2680 l
191.3579 70.0489 l
191.2173 69.7249 191.0004 69.4723 190.7073 69.2889 c
190.4145 69.1055 190.0715 69.0151 189.6783 69.0151 c
h
195.2430 69.0151 m
194.8212 69.0151 194.4451 69.1104 194.1114 69.3009 c
193.7778 69.4913 193.5159 69.7558 193.3254 70.0965 c
193.1349 70.4347 193.0394 70.8253 193.0394 71.2687 c
193.0394 71.7163 193.1349 72.1094 193.3254 72.4453 c
193.5159 72.7812 193.7778 73.0431 194.1114 73.2314 c
194.4451 73.4196 194.8212 73.5126 195.2430 73.5126 c
195.6288 73.5126 195.9744 73.4267 196.2816 73.2529 c
196.5864 73.0789 196.8296 72.8240 197.0130 72.4907 c
197.1938 72.1570 197.2845 71.7497 197.2845 71.2687 c
197.2845 70.7922 197.1938 70.3871 197.0152 70.0512 c
196.8367 69.7153 196.5937 69.4582 196.2887 69.2819 c
195.9837 69.1033 195.6359 69.0151 195.2430 69.0151 c
h
195.2836 69.5463 m
195.5979 69.5463 195.8788 69.6178 196.1291 69.7606 c
196.3791 69.9035 196.5745 70.1062 196.7176 70.3658 c
196.8605 70.6255 196.9319 70.9279 196.9319 71.2687 c
196.9319 71.6162 196.8605 71.9189 196.7176 72.1760 c
196.5745 72.4334 196.3791 72.6335 196.1291 72.7764 c
195.8788 72.9193 195.5979 72.9907 195.2836 72.9907 c
194.9763 72.9907 194.6974 72.9193 194.4522 72.7764 c
194.2067 72.6335 194.0091 72.4334 193.8637 72.1760 c
193.7183 71.9189 193.6446 71.6162 193.6446 71.2687 c
193.6446 70.9279 193.7183 70.6255 193.8637 70.3658 c
194.0091 70.1062 194.2067 69.9035 194.4522 69.7606 c
194.6974 69.6178 194.9763 69.5463 195.2836 69.5463 c
h
196.9486 69.0579 m
196.9486 70.3848 l
197.0056 71.2757 l
196.9223 72.1667 l
196.9223 75.2944 l
197.5204 75.2944 l
197.5204 69.0579 l
h
h
200.9979 69.0151 m
200.5620 69.0151 200.1713 69.1126 199.8261 69.3057 c
199.4805 69.4987 199.2115 69.7654 199.0159 70.1062 c
198.8184 70.4443 198.7206 70.8327 198.7206 71.2687 c
198.7206 71.7117 198.8184 72.1023 199.0159 72.4382 c
199.2115 72.7741 199.4805 73.0361 199.8261 73.2266 c
200.1713 73.4173 200.5620 73.5126 200.9979 73.5126 c
201.3744 73.5126 201.7151 73.4386 202.0175 73.2934 c
202.3200 73.1480 202.5558 72.9289 202.7299 72.6384 c
202.2843 72.3356 l
202.1343 72.5596 201.9461 72.7240 201.7222 72.8311 c
201.4982 72.9383 201.2553 72.9907 200.9908 72.9907 c
200.6765 72.9907 200.3930 72.9193 200.1427 72.7764 c
199.8904 72.6335 199.6903 72.4334 199.5449 72.1760 c
199.3995 71.9189 199.3258 71.6162 199.3258 71.2687 c
199.3258 70.9209 199.3995 70.6181 199.5449 70.3610 c
199.6903 70.1036 199.8904 69.9035 200.1427 69.7606 c
200.3930 69.6178 200.6765 69.5463 200.9908 69.5463 c
201.2553 69.5463 201.4982 69.5988 201.7222 69.7059 c
201.9461 69.8131 202.1343 69.9749 202.2843 70.1918 c
202.7299 69.8893 l
202.5558 69.6033 202.3200 69.3867 202.0175 69.2391 c
201.7151 69.0888 201.3744 69.0151 200.9979 69.0151 c
h
205.6034 69.0151 m
205.1768 69.0151 204.7958 69.1126 204.4573 69.3057 c
204.1169 69.4987 203.8501 69.7654 203.6546 70.1062 c
203.4570 70.4443 203.3592 70.8327 203.3592 71.2687 c
203.3592 71.7117 203.4570 72.1023 203.6546 72.4382 c
203.8501 72.7741 204.1169 73.0361 204.4528 73.2266 c
204.7887 73.4173 205.1722 73.5126 205.6034 73.5126 c
206.0391 73.5126 206.4274 73.4173 206.7681 73.2266 c
207.1063 73.0361 207.3730 72.7741 207.5661 72.4382 c
207.7591 72.1023 207.8566 71.7117 207.8566 71.2687 c
207.8566 70.8327 207.7591 70.4443 207.5661 70.1062 c
207.3730 69.7654 207.1040 69.4987 206.7633 69.3057 c
206.4226 69.1126 206.0345 69.0151 205.6034 69.0151 c
h
205.6034 69.5463 m
205.9226 69.5463 206.2060 69.6178 206.4538 69.7606 c
206.6990 69.9035 206.8943 70.1062 207.0374 70.3658 c
207.1803 70.6255 207.2517 70.9279 207.2517 71.2687 c
207.2517 71.6162 207.1803 71.9189 207.0374 72.1760 c
206.8943 72.4334 206.6990 72.6335 206.4538 72.7764 c
206.2060 72.9193 205.9248 72.9907 205.6127 72.9907 c
205.2984 72.9907 205.0172 72.9193 204.7720 72.7764 c
204.5265 72.6335 204.3289 72.4334 204.1835 72.1760 c
204.0381 71.9189 203.9644 71.6162 203.9644 71.2687 c
203.9644 70.9279 204.0381 70.6255 204.1835 70.3658 c
204.3289 70.1062 204.5265 69.9035 204.7720 69.7606 c
205.0172 69.6178 205.2961 69.5463 205.6034 69.5463 c
h
208.5715 67.8311 m
208.9406 69.3867 l
209.0075 69.0245 l
208.8788 69.0245 208.7717 69.0676 208.6858 69.1509 c
208.5976 69.2342 208.5548 69.3437 208.5548 69.4772 c
208.5548 69.6129 208.5976 69.7226 208.6858 69.8060 c
208.7717 69.8893 208.8765 69.9321 208.9979 69.9321 c
209.1288 69.9321 209.2337 69.8868 209.3148 69.7989 c
209.3958 69.7082 209.4361 69.6010 209.4361 69.4772 c
209.4361 69.4318 209.4338 69.3890 209.4290 69.3437 c
209.4219 69.2986 209.4123 69.2484 209.3958 69.1937 c
209.3791 69.1364 209.3553 69.0698 209.3267 68.9913 c
208.9740 67.8311 l
h
h
217.3090 69.0579 m
217.3090 74.9392 l
217.9236 74.9392 l
217.9236 69.0579 l
h
h
213.0069 69.0579 m
213.0069 74.9392 l
213.6288 74.9392 l
213.6288 69.0579 l
h
h
213.5619 71.7712 m
213.5619 72.3192 l
217.3686 72.3192 l
217.3686 71.7712 l
h
h
221.4947 69.0151 m
221.0681 69.0151 220.6871 69.1126 220.3486 69.3057 c
220.0082 69.4987 219.7414 69.7654 219.5459 70.1062 c
219.3483 70.4443 219.2505 70.8327 219.2505 71.2687 c
219.2505 71.7117 219.3483 72.1023 219.5459 72.4382 c
219.7414 72.7741 220.0082 73.0361 220.3441 73.2266 c
220.6800 73.4173 221.0635 73.5126 221.4947 73.5126 c
221.9304 73.5126 222.3187 73.4173 222.6594 73.2266 c
222.9976 73.0361 223.2643 72.7741 223.4574 72.4382 c
223.6504 72.1023 223.7479 71.7117 223.7479 71.2687 c
223.7479 70.8327 223.6504 70.4443 223.4574 70.1062 c
223.2643 69.7654 222.9953 69.4987 222.6546 69.3057 c
222.3139 69.1126 221.9258 69.0151 221.4947 69.0151 c
h
221.4947 69.5463 m
221.8139 69.5463 222.0973 69.6178 222.3451 69.7606 c
222.5903 69.9035 222.7856 70.1062 222.9287 70.3658 c
223.0716 70.6255 223.1430 70.9279 223.1430 71.2687 c
223.1430 71.6162 223.0716 71.9189 222.9287 72.1760 c
222.7856 72.4334 222.5903 72.6335 222.3451 72.7764 c
222.0973 72.9193 221.8161 72.9907 221.5040 72.9907 c
221.1897 72.9907 220.9085 72.9193 220.6633 72.7764 c
220.4178 72.6335 220.2202 72.4334 220.0748 72.1760 c
219.9294 71.9189 219.8557 71.6162 219.8557 71.2687 c
219.8557 70.9279 219.9294 70.6255 220.0748 70.3658 c
220.2202 70.1062 220.4178 69.9035 220.6633 69.7606 c
220.9085 69.6178 221.1874 69.5463 221.4947 69.5463 c
h
226.1350 69.0151 m
225.7705 69.0151 225.4252 69.0676 225.1012 69.1722 c
224.7746 69.2748 224.5198 69.4057 224.3364 69.5631 c
224.6057 70.0322 l
224.7843 69.8987 225.0153 69.7822 225.2940 69.6844 c
225.5729 69.5869 225.8683 69.5367 226.1755 69.5367 c
226.5970 69.5367 226.8995 69.6033 227.0854 69.7346 c
227.2689 69.8655 227.3618 70.0418 227.3618 70.2584 c
227.3618 70.4228 227.3094 70.5492 227.2068 70.6419 c
227.1022 70.7349 226.9664 70.8041 226.7994 70.8517 c
226.6305 70.8993 226.4423 70.9398 226.2351 70.9756 c
226.0278 71.0090 225.8206 71.0470 225.6180 71.0923 c
225.4133 71.1374 225.2273 71.2018 225.0581 71.2899 c
224.8892 71.3758 224.7534 71.4949 224.6508 71.6474 c
224.5484 71.7973 224.4960 71.9997 224.4960 72.2523 c
224.4960 72.4929 224.5626 72.7072 224.6984 72.8980 c
224.8319 73.0885 225.0298 73.2385 225.2894 73.3482 c
225.5491 73.4576 225.8683 73.5126 226.2444 73.5126 c
226.5279 73.5126 226.8139 73.4743 227.0996 73.3980 c
227.3856 73.3218 227.6215 73.2217 227.8071 73.1004 c
227.5452 72.6216 l
227.3499 72.7549 227.1402 72.8527 226.9162 72.9122 c
226.6923 72.9717 226.4683 73.0003 226.2444 73.0003 c
225.8467 73.0003 225.5536 72.9312 225.3654 72.7954 c
225.1774 72.6574 225.0845 72.4810 225.0845 72.2690 c
225.0845 72.0998 225.1369 71.9688 225.2392 71.8736 c
225.3416 71.7783 225.4799 71.7043 225.6514 71.6522 c
225.8206 71.5972 226.0086 71.5544 226.2135 71.5209 c
226.4185 71.4852 226.6234 71.4447 226.8281 71.3996 c
227.0307 71.3520 227.2187 71.2877 227.3905 71.2066 c
227.5620 71.1232 227.7000 71.0090 227.8023 70.8613 c
227.9049 70.7111 227.9574 70.5180 227.9574 70.2777 c
227.9574 70.0180 227.8857 69.7963 227.7428 69.6081 c
227.5999 69.4199 227.3927 69.2748 227.1212 69.1722 c
226.8496 69.0676 226.5208 69.0151 226.1350 69.0151 c
h
230.8586 69.0151 m
230.4822 69.0151 230.1537 69.0866 229.8747 69.2271 c
229.5961 69.3675 229.3792 69.5772 229.2245 69.8584 c
229.0697 70.1371 228.9934 70.4871 228.9934 70.9064 c
228.9934 73.4695 l
229.5890 73.4695 l
229.5890 70.9730 l
229.5890 70.5039 229.7058 70.1490 229.9391 69.9106 c
230.1701 69.6725 230.4967 69.5534 230.9159 69.5534 c
231.2254 69.5534 231.4947 69.6178 231.7209 69.7439 c
231.9471 69.8703 232.1189 70.0537 232.2403 70.2941 c
232.3619 70.5348 232.4214 70.8231 232.4214 71.1590 c
232.4214 73.4695 l
233.0169 73.4695 l
233.0169 69.0579 l
232.4475 69.0579 l
232.4475 70.2680 l
232.5382 70.0489 l
232.3976 69.7249 232.1807 69.4723 231.8876 69.2889 c
231.5948 69.1055 231.2518 69.0151 230.8586 69.0151 c
h
234.6653 69.0579 m
234.6653 73.4695 l
235.2370 73.4695 l
235.2370 72.2690 l
235.1775 72.4788 l
235.3014 72.8144 235.5086 73.0695 235.8014 73.2481 c
236.0923 73.4244 236.4542 73.5126 236.8854 73.5126 c
236.8854 72.9312 l
236.8616 72.9312 236.8378 72.9337 236.8162 72.9360 c
236.7950 72.9383 236.7711 72.9408 236.7496 72.9408 c
236.2850 72.9408 235.9208 72.8002 235.6586 72.5168 c
235.3941 72.2333 235.2631 71.8308 235.2631 71.3089 c
235.2631 69.0579 l
h
h
237.5756 67.8311 m
237.9447 69.3867 l
238.0116 69.0245 l
237.8829 69.0245 237.7757 69.0676 237.6899 69.1509 c
237.6017 69.2342 237.5589 69.3437 237.5589 69.4772 c
237.5589 69.6129 237.6017 69.7226 237.6899 69.8060 c
237.7757 69.8893 237.8806 69.9321 238.0020 69.9321 c
238.1329 69.9321 238.2378 69.8868 238.3189 69.7989 c
238.3999 69.7082 238.4402 69.6010 238.4402 69.4772 c
238.4402 69.4318 238.4379 69.3890 238.4331 69.3437 c
238.4260 69.2986 238.4164 69.2484 238.3999 69.1937 c
238.3832 69.1364 238.3594 69.0698 238.3308 68.9913 c
237.9781 67.8311 l
h
f
/GS13 gs
/CS15 cs 0.7000 0.6700 0.6400 0.7400 scn
102.7389 57.1501 m
102.7389 62.4957 l
100.6713 62.4957 l
100.6713 63.0315 l
105.4284 63.0315 l
105.4284 62.4957 l
103.3605 62.4957 l
103.3605 57.1501 l
h
h
108.7980 57.1501 m
108.7980 58.1244 l
108.7719 58.2840 l
108.7719 59.9159 l
108.7719 60.2898 108.6670 60.5781 108.4575 60.7805 c
108.2477 60.9829 107.9357 61.0829 107.5212 61.0829 c
107.2355 61.0829 106.9639 61.0353 106.7066 60.9401 c
106.4469 60.8448 106.2278 60.7187 106.0492 60.5614 c
105.7799 61.0067 l
106.0061 61.1974 106.2754 61.3451 106.5898 61.4497 c
106.9019 61.5523 107.2329 61.6048 107.5785 61.6048 c
108.1502 61.6048 108.5907 61.4642 108.9028 61.1807 c
109.2149 60.8973 109.3697 60.4661 109.3697 59.8895 c
109.3697 57.1501 l
h
h
107.2760 57.1073 m
106.9447 57.1073 106.6589 57.1620 106.4160 57.2717 c
106.1705 57.3812 105.9849 57.5337 105.8562 57.7267 c
105.7275 57.9195 105.6631 58.1411 105.6631 58.3937 c
105.6631 58.6247 105.7181 58.8319 105.8275 59.0202 c
105.9372 59.2084 106.1158 59.3583 106.3658 59.4751 c
106.6161 59.5894 106.9495 59.6466 107.3687 59.6466 c
108.8909 59.6466 l
108.8909 59.2010 l
107.3854 59.2010 l
106.9591 59.2010 106.6637 59.1250 106.4993 58.9748 c
106.3349 58.8223 106.2516 58.6341 106.2516 58.4104 c
106.2516 58.1579 106.3494 57.9552 106.5470 57.8052 c
106.7423 57.6553 107.0164 57.5790 107.3687 57.5790 c
107.7046 57.5790 107.9952 57.6553 108.2407 57.8100 c
108.4836 57.9648 108.6599 58.1865 108.7719 58.4770 c
108.9077 58.0671 l
108.7957 57.7743 108.6004 57.5433 108.3240 57.3693 c
108.0454 57.1955 107.6975 57.1073 107.2760 57.1073 c
h
110.9730 57.1501 m
110.9730 61.5617 l
111.5447 61.5617 l
111.5447 60.3683 l
111.4517 60.5781 l
111.5875 60.8973 111.8044 61.1473 112.1046 61.3307 c
112.4022 61.5141 112.7571 61.6048 113.1670 61.6048 c
113.5981 61.6048 113.9672 61.4976 114.2697 61.2808 c
114.5724 61.0639 114.7677 60.7399 114.8559 60.3088 c
114.6200 60.4018 l
114.7487 60.7615 114.9772 61.0520 115.3060 61.2737 c
115.6323 61.4951 116.0254 61.6048 116.4852 61.6048 c
116.8449 61.6048 117.1570 61.5356 117.4238 61.3998 c
117.6883 61.2618 117.8955 61.0520 118.0454 60.7734 c
118.1931 60.4922 118.2671 60.1398 118.2671 59.7132 c
118.2671 57.1501 l
117.6715 57.1501 l
117.6715 59.6537 l
117.6715 60.1183 117.5618 60.4709 117.3404 60.7090 c
117.1188 60.9471 116.8044 61.0665 116.4019 61.0665 c
116.0991 61.0665 115.8395 61.0044 115.6181 60.8783 c
115.3964 60.7518 115.2249 60.5684 115.1036 60.3303 c
114.9820 60.0919 114.9225 59.8062 114.9225 59.4703 c
114.9225 57.1501 l
114.3269 57.1501 l
114.3269 59.6537 l
114.3269 60.1183 114.2150 60.4709 113.9910 60.7090 c
113.7671 60.9471 113.4527 61.0665 113.0502 61.0665 c
112.7523 61.0665 112.4926 61.0044 112.2687 60.8783 c
112.0425 60.7518 111.8710 60.5684 111.7519 60.3303 c
111.6303 60.0919 111.5708 59.8062 111.5708 59.4703 c
111.5708 57.1501 l
h
h
119.8726 57.1501 m
119.8726 61.5617 l
120.4705 61.5617 l
120.4705 57.1501 l
h
h
120.1751 62.5363 m
120.0538 62.5363 119.9489 62.5791 119.8655 62.6624 c
119.7822 62.7457 119.7391 62.8481 119.7391 62.9649 c
119.7391 63.0816 119.7822 63.1817 119.8655 63.2650 c
119.9489 63.3461 120.0538 63.3866 120.1751 63.3866 c
120.2990 63.3866 120.4038 63.3484 120.4872 63.2699 c
120.5705 63.1913 120.6133 63.0913 120.6133 62.9745 c
120.6133 62.8506 120.5731 62.7457 120.4920 62.6624 c
120.4087 62.5791 120.3038 62.5363 120.1751 62.5363 c
h
122.1165 57.1501 m
122.1165 63.3866 l
122.7144 63.3866 l
122.7144 57.1501 l
h
h
126.6710 57.1501 m
126.6710 63.0315 l
127.1832 63.0315 l
131.2424 57.9243 l
130.9731 57.9243 l
130.9731 63.0315 l
131.5877 63.0315 l
131.5877 57.1501 l
131.0757 57.1501 l
127.0236 62.2599 l
127.2929 62.2599 l
127.2929 57.1501 l
h
h
136.1256 57.1501 m
136.1256 58.1244 l
136.0996 58.2840 l
136.0996 59.9159 l
136.0996 60.2898 135.9947 60.5781 135.7852 60.7805 c
135.5754 60.9829 135.2633 61.0829 134.8489 61.0829 c
134.5632 61.0829 134.2916 61.0353 134.0342 60.9401 c
133.7746 60.8448 133.5555 60.7187 133.3769 60.5614 c
133.1076 61.0067 l
133.3338 61.1974 133.6031 61.3451 133.9174 61.4497 c
134.2295 61.5523 134.5606 61.6048 134.9062 61.6048 c
135.4779 61.6048 135.9184 61.4642 136.2305 61.1807 c
136.5426 60.8973 136.6974 60.4661 136.6974 59.8895 c
136.6974 57.1501 l
h
h
134.6037 57.1073 m
134.2723 57.1073 133.9866 57.1620 133.7437 57.2717 c
133.4982 57.3812 133.3125 57.5337 133.1838 57.7267 c
133.0551 57.9195 132.9908 58.1411 132.9908 58.3937 c
132.9908 58.6247 133.0458 58.8319 133.1552 59.0202 c
133.2649 59.2084 133.4435 59.3583 133.6935 59.4751 c
133.9438 59.5894 134.2772 59.6466 134.6964 59.6466 c
136.2186 59.6466 l
136.2186 59.2010 l
134.7131 59.2010 l
134.2868 59.2010 133.9914 59.1250 133.8270 58.9748 c
133.6626 58.8223 133.5793 58.6341 133.5793 58.4104 c
133.5793 58.1579 133.6771 57.9552 133.8746 57.8052 c
134.0700 57.6553 134.3441 57.5790 134.6964 57.5790 c
135.0323 57.5790 135.3229 57.6553 135.5683 57.8100 c
135.8113 57.9648 135.9876 58.1865 136.0996 58.4770 c
136.2353 58.0671 l
136.1234 57.7743 135.9281 57.5433 135.6517 57.3693 c
135.3730 57.1955 135.0252 57.1073 134.6037 57.1073 c
h
140.0587 57.1073 m
139.6369 57.1073 139.2608 57.2026 138.9271 57.3931 c
138.5935 57.5836 138.3316 57.8480 138.1411 58.1888 c
137.9506 58.5269 137.8551 58.9175 137.8551 59.3609 c
137.8551 59.8085 137.9506 60.2016 138.1411 60.5375 c
138.3316 60.8734 138.5935 61.1354 138.9271 61.3236 c
139.2608 61.5118 139.6369 61.6048 140.0587 61.6048 c
140.4445 61.6048 140.7900 61.5189 141.0973 61.3451 c
141.4020 61.1711 141.6453 60.9163 141.8287 60.5829 c
142.0095 60.2493 142.1002 59.8419 142.1002 59.3609 c
142.1002 58.8844 142.0095 58.4793 141.8309 58.1434 c
141.6523 57.8075 141.4094 57.5504 141.1044 57.3741 c
140.7994 57.1955 140.4516 57.1073 140.0587 57.1073 c
h
140.0992 57.6386 m
140.4136 57.6386 140.6945 57.7100 140.9448 57.8529 c
141.1948 57.9957 141.3901 58.1984 141.5333 58.4580 c
141.6762 58.7177 141.7476 59.0202 141.7476 59.3609 c
141.7476 59.7084 141.6762 60.0111 141.5333 60.2683 c
141.3901 60.5256 141.1948 60.7258 140.9448 60.8686 c
140.6945 61.0115 140.4136 61.0829 140.0992 61.0829 c
139.7920 61.0829 139.5130 61.0115 139.2678 60.8686 c
139.0224 60.7258 138.8248 60.5256 138.6794 60.2683 c
138.5340 60.0111 138.4603 59.7084 138.4603 59.3609 c
138.4603 59.0202 138.5340 58.7177 138.6794 58.4580 c
138.8248 58.1984 139.0224 57.9957 139.2678 57.8529 c
139.5130 57.7100 139.7920 57.6386 140.0992 57.6386 c
h
141.7643 57.1501 m
141.7643 58.4770 l
141.8213 59.3680 l
141.7380 60.2589 l
141.7380 63.3866 l
142.3361 63.3866 l
142.3361 57.1501 l
h
h
145.8065 57.1073 m
145.4301 57.1073 145.1015 57.1788 144.8226 57.3194 c
144.5440 57.4597 144.3271 57.6694 144.1723 57.9506 c
144.0176 58.2293 143.9413 58.5794 143.9413 58.9986 c
143.9413 61.5617 l
144.5369 61.5617 l
144.5369 59.0652 l
144.5369 58.5961 144.6537 58.2412 144.8870 58.0028 c
145.1180 57.7647 145.4445 57.6456 145.8638 57.6456 c
146.1733 57.6456 146.4426 57.7100 146.6688 57.8361 c
146.8950 57.9626 147.0668 58.1460 147.1881 58.3863 c
147.3097 58.6270 147.3693 58.9153 147.3693 59.2512 c
147.3693 61.5617 l
147.9648 61.5617 l
147.9648 57.1501 l
147.3953 57.1501 l
147.3953 58.3603 l
147.4860 58.1411 l
147.3454 57.8171 147.1286 57.5646 146.8355 57.3812 c
146.5427 57.1978 146.1997 57.1073 145.8065 57.1073 c
h
153.8152 57.1003 m
153.2934 57.1003 152.8551 57.2168 152.4954 57.4503 c
152.1357 57.6814 151.8642 58.0173 151.6808 58.4580 c
151.4951 58.8986 151.4021 59.4249 151.4021 60.0420 c
151.4021 60.7068 151.5163 61.2663 151.7428 61.7168 c
151.9690 62.1669 152.2860 62.5076 152.6885 62.7386 c
153.0910 62.9697 153.5604 63.0839 154.0916 63.0839 c
154.3558 63.0839 154.6084 63.0578 154.8490 63.0077 c
155.0897 62.9578 155.3040 62.8767 155.4874 62.7647 c
155.2445 62.2766 l
155.0920 62.3764 154.9182 62.4481 154.7226 62.4909 c
154.5250 62.5314 154.3178 62.5527 154.1010 62.5527 c
153.4674 62.5527 152.9623 62.3503 152.5836 61.9478 c
152.2049 61.5453 152.0167 60.9426 152.0167 60.1421 c
152.0167 60.0182 152.0237 59.8657 152.0382 59.6846 c
152.0524 59.5012 152.0833 59.3203 152.1334 59.1415 c
151.9237 59.3011 l
151.9858 59.5942 152.1071 59.8419 152.2860 60.0469 c
152.4645 60.2493 152.6885 60.4040 152.9575 60.5112 c
153.2268 60.6186 153.5199 60.6711 153.8413 60.6711 c
154.2319 60.6711 154.5749 60.5993 154.8729 60.4542 c
155.1705 60.3088 155.4018 60.1038 155.5707 59.8397 c
155.7400 59.5752 155.8233 59.2654 155.8233 58.9056 c
155.8233 58.5414 155.7374 58.2245 155.5637 57.9529 c
155.3896 57.6814 155.1492 57.4716 154.8442 57.3239 c
154.5392 57.1740 154.1962 57.1003 153.8152 57.1003 c
h
153.7889 57.6122 m
154.0701 57.6122 154.3178 57.6646 154.5347 57.7695 c
154.7490 57.8718 154.9182 58.0221 155.0421 58.2148 c
155.1660 58.4079 155.2277 58.6318 155.2277 58.8892 c
155.2277 59.2773 155.0942 59.5845 154.8275 59.8158 c
154.5608 60.0443 154.2010 60.1588 153.7483 60.1588 c
153.4459 60.1588 153.1814 60.1038 152.9575 59.9919 c
152.7335 59.8802 152.5575 59.7251 152.4288 59.5324 c
152.3001 59.3393 152.2358 59.1177 152.2358 58.8725 c
152.2358 58.6604 152.2953 58.4580 152.4121 58.2650 c
152.5289 58.0720 152.7052 57.9149 152.9385 57.7933 c
153.1695 57.6717 153.4530 57.6122 153.7889 57.6122 c
h
158.2603 57.1003 m
157.8336 57.1003 157.4337 57.1691 157.0547 57.3075 c
156.6760 57.4432 156.3712 57.6266 156.1425 57.8551 c
156.4356 58.3342 l
156.6261 58.1386 156.8832 57.9767 157.2049 57.8480 c
157.5264 57.7193 157.8790 57.6553 158.2603 57.6553 c
158.7484 57.6553 159.1226 57.7624 159.3822 57.9745 c
159.6419 58.1865 159.7728 58.4722 159.7728 58.8319 c
159.7728 59.1891 159.6467 59.4751 159.3916 59.6871 c
159.1367 59.8992 158.7342 60.0063 158.1840 60.0063 c
157.7648 60.0063 l
157.7648 60.4517 l
159.5798 62.7290 l
159.6631 62.4957 l
156.3854 62.4957 l
156.3854 63.0315 l
160.1683 63.0315 l
160.1683 62.6051 l
158.3529 60.3278 l
158.0576 60.5208 l
158.2841 60.5208 l
158.9916 60.5208 159.5203 60.3635 159.8706 60.0517 c
160.2207 59.7370 160.3945 59.3323 160.3945 58.8390 c
160.3945 58.5079 160.3159 58.2126 160.1586 57.9481 c
160.0016 57.6836 159.7657 57.4764 159.4488 57.3265 c
159.1319 57.1762 158.7365 57.1003 158.2603 57.1003 c
h
163.0001 57.1003 m
162.5808 57.1003 162.1806 57.1691 161.7993 57.3075 c
161.4183 57.4432 161.1156 57.6266 160.8917 57.8551 c
161.1848 58.3342 l
161.3707 58.1386 161.6255 57.9767 161.9470 57.8480 c
162.2687 57.7193 162.6165 57.6553 162.9927 57.6553 c
163.4907 57.6553 163.8717 57.7647 164.1314 57.9864 c
164.3910 58.2077 164.5223 58.4960 164.5223 58.8557 c
164.5223 59.1083 164.4625 59.3249 164.3411 59.5086 c
164.2195 59.6894 164.0171 59.8300 163.7314 59.9323 c
163.4454 60.0324 163.0525 60.0826 162.5545 60.0826 c
161.3015 60.0826 l
161.6040 63.0315 l
164.8247 63.0315 l
164.8247 62.4957 l
161.8495 62.4957 l
162.1590 62.7885 l
161.8994 60.3184 l
161.5873 60.6209 l
162.6902 60.6209 l
163.2835 60.6209 163.7597 60.5494 164.1195 60.4040 c
164.4769 60.2589 164.7366 60.0540 164.8962 59.7943 c
165.0557 59.5324 165.1343 59.2274 165.1343 58.8818 c
165.1343 58.5507 165.0557 58.2506 164.9010 57.9790 c
164.7437 57.7052 164.5078 57.4909 164.1934 57.3358 c
163.8791 57.1788 163.4811 57.1003 163.0001 57.1003 c
h
166.9090 57.1501 m
166.9090 62.7814 l
167.1780 62.4957 l
165.5226 62.4957 l
165.5226 63.0315 l
167.5140 63.0315 l
167.5140 57.1501 l
h
h
171.2466 57.1003 m
170.7917 57.1003 170.3891 57.2193 170.0365 57.4574 c
169.6816 57.6955 169.4052 58.0388 169.2028 58.4841 c
169.0004 58.9294 168.9004 59.4655 168.9004 60.0919 c
168.9004 60.7187 169.0004 61.2570 169.2028 61.7023 c
169.4052 62.1479 169.6816 62.4883 170.0365 62.7267 c
170.3891 62.9649 170.7917 63.0839 171.2466 63.0839 c
171.6993 63.0839 172.1018 62.9649 172.4567 62.7267 c
172.8094 62.4883 173.0880 62.1479 173.2929 61.7023 c
173.4953 61.2570 173.5980 60.7187 173.5980 60.0919 c
173.5980 59.4655 173.4953 58.9294 173.2929 58.4841 c
173.0880 58.0388 172.8094 57.6955 172.4567 57.4574 c
172.1018 57.2193 171.6993 57.1003 171.2466 57.1003 c
h
171.2466 57.6553 m
171.5922 57.6553 171.8946 57.7480 172.1543 57.9362 c
172.4117 58.1244 172.6140 58.3982 172.7595 58.7605 c
172.9046 59.1202 172.9760 59.5655 172.9760 60.0919 c
172.9760 60.6186 172.9046 61.0617 172.7595 61.4237 c
172.6140 61.7834 172.4117 62.0597 172.1543 62.2480 c
171.8946 62.4362 171.5922 62.5289 171.2466 62.5289 c
170.9107 62.5289 170.6108 62.4362 170.3463 62.2480 c
170.0819 62.0597 169.8795 61.7834 169.7340 61.4237 c
169.5886 61.0617 169.5149 60.6186 169.5149 60.0919 c
169.5149 59.5655 169.5886 59.1202 169.7340 58.7605 c
169.8795 58.3982 170.0819 58.1244 170.3463 57.9362 c
170.6108 57.7480 170.9107 57.6553 171.2466 57.6553 c
h
176.0012 57.1003 m
175.7370 57.1003 175.4867 57.1263 175.2486 57.1762 c
175.0105 57.2264 174.7959 57.3075 174.6054 57.4194 c
174.8506 57.9076 l
175.0008 57.8052 175.1771 57.7338 175.3773 57.6933 c
175.5748 57.6505 175.7820 57.6289 175.9941 57.6289 c
176.6254 57.6289 177.1305 57.8313 177.5092 58.2341 c
177.8879 58.6366 178.0761 59.2393 178.0761 60.0420 c
178.0761 60.1707 178.0690 60.3255 178.0571 60.5041 c
178.0427 60.6830 178.0095 60.8615 177.9593 61.0401 c
178.1691 60.8805 l
178.1141 60.5900 177.9951 60.3422 177.8142 60.1373 c
177.6305 59.9323 177.4069 59.7776 177.1424 59.6704 c
176.8757 59.5633 176.5800 59.5108 176.2537 59.5108 c
175.8679 59.5108 175.5249 59.5845 175.2248 59.7300 c
174.9246 59.8754 174.6910 60.0800 174.5220 60.3445 c
174.3528 60.6067 174.2695 60.9163 174.2695 61.2760 c
174.2695 61.6453 174.3576 61.9668 174.5314 62.2361 c
174.7054 62.5051 174.9436 62.7123 175.2508 62.8625 c
175.5558 63.0102 175.8988 63.0839 176.2801 63.0839 c
176.8017 63.0839 177.2399 62.9674 177.5996 62.7361 c
177.9571 62.5028 178.2286 62.1669 178.4143 61.7309 c
178.5977 61.2927 178.6907 60.7637 178.6907 60.1421 c
178.6907 59.4822 178.5764 58.9249 178.3500 58.4700 c
178.1237 58.0150 177.8068 57.6743 177.4043 57.4455 c
177.0018 57.2145 176.5324 57.1003 176.0012 57.1003 c
h
176.3467 60.0253 m
176.6492 60.0253 176.9136 60.0826 177.1398 60.1946 c
177.3663 60.3065 177.5449 60.4590 177.6711 60.6566 c
177.7975 60.8519 177.8593 61.0688 177.8593 61.3094 c
177.8593 61.5285 177.7997 61.7335 177.6830 61.9240 c
177.5665 62.1145 177.3924 62.2692 177.1614 62.3908 c
176.9304 62.5099 176.6443 62.5694 176.3039 62.5694 c
176.0250 62.5694 175.7772 62.5170 175.5607 62.4146 c
175.3438 62.3123 175.1746 62.1646 175.0533 61.9739 c
174.9294 61.7834 174.8673 61.5572 174.8673 61.2927 c
174.8673 60.9066 175.0008 60.5993 175.2676 60.3709 c
175.5320 60.1398 175.8917 60.0253 176.3467 60.0253 c
f
/GS13 gs
/CS15 cs 0.5300 1.0000 0.2800 0.1100 scn
71.1337 91.1540 m
70.1232 91.1540 l
70.1232 88.7519 l
68.4941 88.7519 l
68.4941 95.4448 l
71.1337 95.4448 l
71.6661 95.4448 72.1174 95.3529 72.4876 95.1693 c
72.8549 94.9827 73.1305 94.7288 73.3170 94.4045 c
73.5007 94.0802 73.5925 93.7074 73.5925 93.2885 c
h
h
71.9337 93.2885 m
71.9337 93.5561 71.8580 93.7613 71.7066 93.9101 c
71.5527 94.0558 71.3203 94.1289 71.0096 94.1289 c
70.1232 94.1289 l
70.1232 92.4508 l
71.0096 92.4508 l
71.3203 92.4508 71.5527 92.5240 71.7066 92.6697 c
71.8580 92.8157 71.9337 93.0212 71.9337 93.2885 c
h
80.2179 95.4448 m
80.2179 88.7519 l
78.5857 88.7519 l
78.5857 91.5080 l
76.0513 91.5080 l
76.0513 88.7519 l
74.4222 88.7519 l
74.4222 95.4448 l
76.0513 95.4448 l
76.0513 92.8210 l
78.5857 92.8210 l
78.5857 95.4448 l
h
h
89.3585 88.7519 m
87.7292 88.7519 l
85.0028 92.8806 l
85.0028 88.7519 l
83.3737 88.7519 l
83.3737 95.4448 l
85.0028 95.4448 l
87.7292 91.2971 l
87.7292 95.4448 l
89.3585 95.4448 l
h
h
90.2446 92.1158 m
90.2446 92.7726 90.3986 93.3588 90.7092 93.8803 c
91.0174 94.4016 91.4335 94.8070 91.9576 95.1015 c
92.4817 95.3935 93.0574 95.5392 93.6867 95.5392 c
94.3163 95.5392 94.8920 95.3935 95.4162 95.1015 c
95.9403 94.8070 96.3539 94.4016 96.6563 93.8803 c
96.9562 93.3588 97.1076 92.7726 97.1076 92.1158 c
97.1076 91.4621 96.9562 90.8731 96.6509 90.3487 c
96.3456 89.8245 95.9349 89.4166 95.4133 89.1247 c
94.8920 88.8301 94.3163 88.6844 93.6867 88.6844 c
h
h
95.4513 92.1158 m
95.4513 92.7077 95.2917 93.1776 94.9703 93.5317 c
94.6488 93.8857 94.2191 94.0612 93.6867 94.0612 c
93.1465 94.0612 92.7167 93.8857 92.3953 93.5371 c
92.0738 93.1887 91.9142 92.7130 91.9142 92.1158 c
91.9142 91.5242 92.0738 91.0539 92.3953 90.7027 c
92.7167 90.3487 93.1465 90.1732 93.6867 90.1732 c
94.2191 90.1732 94.6488 90.3515 94.9703 90.7081 c
95.2917 91.0621 95.4513 91.5321 95.4513 92.1158 c
h
97.7856 89.5516 m
97.7856 89.8055 97.8775 90.0193 98.0586 90.1922 c
98.2395 90.3623 98.4719 90.4487 98.7585 90.4487 c
99.0366 90.4487 99.2690 90.3623 99.4501 90.1922 c
99.6310 90.0193 99.7203 89.8055 99.7203 89.5516 c
99.7203 89.3058 99.6310 89.0977 99.4501 88.9302 c
99.2690 88.7601 99.0366 88.6762 98.7585 88.6762 c
98.4719 88.6762 98.2395 88.7601 98.0586 88.9302 c
97.8775 89.0977 97.7856 89.3058 97.7856 89.5516 c
h
97.7856 93.4316 m
97.7856 93.6856 97.8775 93.8991 98.0586 94.0723 c
98.2395 94.2423 98.4719 94.3288 98.7585 94.3288 c
99.0366 94.3288 99.2690 94.2423 99.4501 94.0723 c
99.6310 93.8991 99.7203 93.6856 99.7203 93.4316 c
99.7203 93.1859 99.6310 92.9778 99.4501 92.8103 c
99.2690 92.6402 99.0366 92.5563 98.7585 92.5563 c
98.4719 92.5563 98.2395 92.6402 98.0586 92.8103 c
97.8775 92.9778 97.7856 93.1859 97.7856 93.4316 c
h
105.1537 90.0380 m
105.4916 90.0380 105.7294 90.1865 105.8698 90.4867 c
106.0104 90.7866 106.0807 91.2728 106.0807 91.9457 c
105.9401 91.7484 105.7482 91.5945 105.5078 91.4890 c
105.2674 91.3810 104.9970 91.3269 104.6971 91.3269 c
104.2892 91.3269 103.9272 91.4105 103.6108 91.5780 c
103.2948 91.7456 103.0436 91.9970 102.8625 92.3321 c
102.6814 92.6643 102.5895 93.0696 102.5895 93.5453 c
102.5895 94.0181 102.6870 94.4289 102.8815 94.7772 c
103.0759 95.1259 103.3515 95.3960 103.7109 95.5879 c
104.0703 95.7770 104.4944 95.8717 104.9837 95.8717 c
105.9239 95.8717 106.5804 95.5797 106.9560 94.9961 c
107.3316 94.4099 107.5181 93.5507 107.5181 92.4131 c
107.5181 91.5863 107.4450 90.9054 107.2964 90.3677 c
107.1479 89.8299 106.8965 89.4220 106.5427 89.1437 c
106.1887 88.8627 105.7076 88.7221 105.0970 88.7221 c
104.6134 88.7221 104.2027 88.8168 103.8648 89.0087 c
103.5244 89.2003 103.2650 89.4518 103.0842 89.7625 c
102.9030 90.0731 102.7976 90.4164 102.7706 90.7920 c
104.2784 90.7920 l
104.3728 90.2894 104.6648 90.0380 105.1537 90.0380 c
h
105.9454 93.5181 m
105.9454 93.8237 105.8644 94.0586 105.6997 94.2233 c
105.5347 94.3883 105.3105 94.4719 105.0321 94.4719 c
104.7512 94.4719 104.5295 94.3883 104.3674 94.2208 c
104.2053 94.0504 104.1245 93.8208 104.1245 93.5263 c
104.1245 93.2533 104.2053 93.0345 104.3674 92.8670 c
104.5295 92.6969 104.7648 92.6130 105.0701 92.6130 c
105.3374 92.6130 105.5483 92.6940 105.7076 92.8562 c
105.8672 93.0183 105.9454 93.2400 105.9454 93.5181 c
h
112.8110 94.4909 m
110.4171 88.7519 l
108.7500 88.7519 l
111.1708 94.3098 l
108.2069 94.3098 l
108.2069 95.7013 l
112.8110 95.7013 l
h
h
116.0776 90.0380 m
116.4155 90.0380 116.6533 90.1865 116.7936 90.4867 c
116.9342 90.7866 117.0045 91.2728 117.0045 91.9457 c
116.8639 91.7484 116.6720 91.5945 116.4317 91.4890 c
116.1913 91.3810 115.9209 91.3269 115.6209 91.3269 c
115.2130 91.3269 114.8511 91.4105 114.5347 91.5780 c
114.2186 91.7456 113.9675 91.9970 113.7864 92.3321 c
113.6052 92.6643 113.5134 93.0696 113.5134 93.5453 c
113.5134 94.0181 113.6109 94.4289 113.8054 94.7772 c
113.9998 95.1259 114.2753 95.3960 114.6348 95.5879 c
114.9942 95.7770 115.4183 95.8717 115.9075 95.8717 c
116.8478 95.8717 117.5043 95.5797 117.8799 94.9961 c
118.2555 94.4099 118.4420 93.5507 118.4420 92.4131 c
118.4420 91.5863 118.3689 90.9054 118.2203 90.3677 c
118.0718 89.8299 117.8203 89.4220 117.4666 89.1437 c
117.1125 88.8627 116.6315 88.7221 116.0209 88.7221 c
115.5373 88.7221 115.1266 88.8168 114.7887 89.0087 c
114.4483 89.2003 114.1889 89.4518 114.0080 89.7625 c
113.8269 90.0731 113.7214 90.4164 113.6945 90.7920 c
115.2023 90.7920 l
115.2967 90.2894 115.5886 90.0380 116.0776 90.0380 c
h
116.8693 93.5181 m
116.8693 93.8237 116.7883 94.0586 116.6236 94.2233 c
116.4586 94.3883 116.2344 94.4719 115.9560 94.4719 c
115.6751 94.4719 115.4534 94.3883 115.2913 94.2208 c
115.1291 94.0504 115.0483 93.8208 115.0483 93.5263 c
115.0483 93.2533 115.1291 93.0345 115.2913 92.8670 c
115.4534 92.6969 115.6887 92.6130 115.9940 92.6130 c
116.2613 92.6130 116.4722 92.6940 116.6315 92.8562 c
116.7911 93.0183 116.8693 93.2400 116.8693 93.5181 c
h
121.9706 95.8527 m
122.9108 95.8527 123.5917 95.5392 124.0160 94.9096 c
124.4375 94.2800 124.6482 93.4209 124.6482 92.3267 c
124.6482 91.2214 124.4375 90.3540 124.0160 89.7248 c
123.5917 89.0952 122.9108 88.7817 121.9706 88.7817 c
121.0303 88.7817 120.3494 89.0952 119.9279 89.7248 c
119.5036 90.3540 119.2929 91.2214 119.2929 92.3267 c
119.2929 93.4209 119.5036 94.2800 119.9279 94.9096 c
120.3494 95.5392 121.0303 95.8527 121.9706 95.8527 c
h
121.9706 94.3288 m
121.5329 94.3288 121.2437 94.1559 121.1031 93.8100 c
120.9626 93.4614 120.8925 92.9670 120.8925 92.3267 c
120.8925 91.8944 120.9195 91.5375 120.9708 91.2540 c
121.0221 90.9703 121.1247 90.7432 121.2814 90.5678 c
121.4354 90.3920 121.6653 90.3056 121.9706 90.3056 c
122.2758 90.3056 122.5054 90.3920 122.6622 90.5678 c
122.8161 90.7432 122.9216 90.9703 122.9729 91.2540 c
123.0242 91.5375 123.0486 91.8944 123.0486 92.3267 c
123.0486 92.9670 122.9783 93.4614 122.8380 93.8100 c
122.6974 94.1559 122.4082 94.3288 121.9706 94.3288 c
h
125.5263 89.9921 m
125.5263 91.3054 l
128.5390 95.6149 l
130.3574 95.6149 l
130.3574 91.4026 l
131.1412 91.4026 l
131.1412 89.9921 l
130.3574 89.9921 l
130.3574 88.7519 l
128.7281 88.7519 l
128.7281 89.9921 l
h
h
128.8443 93.8237 m
127.2421 91.4026 l
128.8443 91.4026 l
h
h
134.5995 95.8527 m
135.5397 95.8527 136.2206 95.5392 136.6449 94.9096 c
137.0665 94.2800 137.2771 93.4209 137.2771 92.3267 c
137.2771 91.2214 137.0665 90.3540 136.6449 89.7248 c
136.2206 89.0952 135.5397 88.7817 134.5995 88.7817 c
133.6592 88.7817 132.9783 89.0952 132.5568 89.7248 c
132.1325 90.3540 131.9219 91.2214 131.9219 92.3267 c
131.9219 93.4209 132.1325 94.2800 132.5568 94.9096 c
132.9783 95.5392 133.6592 95.8527 134.5995 95.8527 c
h
134.5995 94.3288 m
134.1618 94.3288 133.8727 94.1559 133.7321 93.8100 c
133.5915 93.4614 133.5214 92.9670 133.5214 92.3267 c
133.5214 91.8944 133.5484 91.5375 133.5997 91.2540 c
133.6510 90.9703 133.7536 90.7432 133.9104 90.5678 c
134.0643 90.3920 134.2942 90.3056 134.5995 90.3056 c
134.9048 90.3056 135.1344 90.3920 135.2911 90.5678 c
135.4450 90.7432 135.5505 90.9703 135.6018 91.2540 c
135.6531 91.5375 135.6775 91.8944 135.6775 92.3267 c
135.6775 92.9670 135.6072 93.4614 135.4669 93.8100 c
135.3263 94.1559 135.0371 94.3288 134.5995 94.3288 c
h
138.1552 89.9921 m
138.1552 91.3054 l
141.1679 95.6149 l
142.9863 95.6149 l
142.9863 91.4026 l
143.7701 91.4026 l
143.7701 89.9921 l
142.9863 89.9921 l
142.9863 88.7519 l
141.3570 88.7519 l
141.3570 89.9921 l
h
h
141.4732 93.8237 m
139.8711 91.4026 l
141.4732 91.4026 l
h
h
144.5885 89.9921 m
144.5885 91.3054 l
147.6011 95.6149 l
149.4196 95.6149 l
149.4196 91.4026 l
150.2033 91.4026 l
150.2033 89.9921 l
149.4196 89.9921 l
149.4196 88.7519 l
147.7902 88.7519 l
147.7902 89.9921 l
h
h
147.9064 93.8237 m
146.3043 91.4026 l
147.9064 91.4026 l
h
h
151.2298 93.9855 m
151.2298 94.3288 151.3191 94.6395 151.4974 94.9232 c
151.6757 95.2070 151.9458 95.4312 152.3078 95.6015 c
152.6700 95.7691 153.1157 95.8527 153.6426 95.8527 c
154.1696 95.8527 154.6126 95.7691 154.9721 95.6015 c
155.3315 95.4312 155.5988 95.2070 155.7771 94.9232 c
155.9554 94.6395 156.0447 94.3288 156.0447 93.9855 c
156.0447 93.6425 155.9636 93.3426 155.8015 93.0886 c
155.6393 92.8346 155.4205 92.6345 155.1475 92.4888 c
155.4908 92.3238 155.7556 92.0971 155.9421 91.8079 c
156.1258 91.5188 156.2176 91.1784 156.2176 90.7920 c
156.2176 90.3407 156.1042 89.9515 155.8746 89.6247 c
155.6447 89.2976 155.3369 89.0464 154.9451 88.8761 c
154.5531 88.7060 154.1208 88.6195 153.6426 88.6195 c
153.1644 88.6195 152.7321 88.7060 152.3429 88.8761 c
151.9512 89.0464 151.6431 89.2976 151.4134 89.6247 c
151.1838 89.9515 151.0705 90.3407 151.0705 90.7920 c
151.0705 91.1863 151.1623 91.5296 151.3460 91.8187 c
151.5297 92.1078 151.7890 92.3292 152.1269 92.4888 c
151.5297 92.8049 151.2298 93.3046 151.2298 93.9855 c
h
153.6426 94.5558 m
153.3940 94.5558 153.1967 94.4827 153.0482 94.3370 c
152.8997 94.1910 152.8240 93.9883 152.8240 93.7290 c
152.8240 93.4804 152.8997 93.2859 153.0536 93.1428 c
153.2049 92.9993 153.4022 92.9265 153.6426 92.9265 c
153.8830 92.9265 154.0803 92.9993 154.2345 93.1453 c
154.3856 93.2913 154.4613 93.4886 154.4613 93.7372 c
154.4613 93.9991 154.3884 94.1992 154.2399 94.3424 c
154.0911 94.4855 153.8912 94.5558 153.6426 94.5558 c
h
152.6428 90.8677 m
152.6428 90.6001 152.7347 90.3813 152.9158 90.2109 c
153.0969 90.0408 153.3373 89.9544 153.6426 89.9544 c
153.9479 89.9544 154.1857 90.0408 154.3615 90.2109 c
154.5369 90.3813 154.6234 90.6001 154.6234 90.8677 c
154.6234 91.1458 154.5344 91.3703 154.3533 91.5350 c
154.1721 91.6997 153.9346 91.7836 153.6426 91.7836 c
153.3427 91.7836 153.1023 91.7025 152.9186 91.5403 c
152.7347 91.3782 152.6428 91.1540 152.6428 90.8677 c
h
157.3875 93.9855 m
157.3875 94.3288 157.4768 94.6395 157.6551 94.9232 c
157.8334 95.2070 158.1035 95.4312 158.4655 95.6015 c
158.8277 95.7691 159.2734 95.8527 159.8003 95.8527 c
160.3273 95.8527 160.7703 95.7691 161.1298 95.6015 c
161.4892 95.4312 161.7565 95.2070 161.9348 94.9232 c
162.1131 94.6395 162.2024 94.3288 162.2024 93.9855 c
162.2024 93.6425 162.1213 93.3426 161.9592 93.0886 c
161.7970 92.8346 161.5782 92.6345 161.3052 92.4888 c
161.6485 92.3238 161.9133 92.0971 162.0998 91.8079 c
162.2835 91.5188 162.3753 91.1784 162.3753 90.7920 c
162.3753 90.3407 162.2619 89.9515 162.0323 89.6247 c
161.8024 89.2976 161.4946 89.0464 161.1028 88.8761 c
160.7108 88.7060 160.2785 88.6195 159.8003 88.6195 c
159.3221 88.6195 158.8898 88.7060 158.5006 88.8761 c
158.1089 89.0464 157.8008 89.2976 157.5711 89.6247 c
157.3415 89.9515 157.2282 90.3407 157.2282 90.7920 c
157.2282 91.1863 157.3200 91.5296 157.5037 91.8187 c
157.6874 92.1078 157.9467 92.3292 158.2846 92.4888 c
157.6874 92.8049 157.3875 93.3046 157.3875 93.9855 c
h
159.8003 94.5558 m
159.5517 94.5558 159.3544 94.4827 159.2059 94.3370 c
159.0574 94.1910 158.9817 93.9883 158.9817 93.7290 c
158.9817 93.4804 159.0574 93.2859 159.2113 93.1428 c
159.3626 92.9993 159.5599 92.9265 159.8003 92.9265 c
160.0407 92.9265 160.2380 92.9993 160.3922 93.1453 c
160.5433 93.2913 160.6190 93.4886 160.6190 93.7372 c
160.6190 93.9991 160.5461 94.1992 160.3976 94.3424 c
160.2488 94.4855 160.0489 94.5558 159.8003 94.5558 c
h
158.8005 90.8677 m
158.8005 90.6001 158.8924 90.3813 159.0735 90.2109 c
159.2546 90.0408 159.4950 89.9544 159.8003 89.9544 c
160.1056 89.9544 160.3434 90.0408 160.5192 90.2109 c
160.6946 90.3813 160.7811 90.6001 160.7811 90.8677 c
160.7811 91.1458 160.6921 91.3703 160.5110 91.5350 c
160.3298 91.6997 160.0923 91.7836 159.8003 91.7836 c
159.5004 91.7836 159.2600 91.7025 159.0763 91.5403 c
158.8924 91.3782 158.8005 91.1540 158.8005 90.8677 c
h
169.0951 97.8063 m
166.5388 86.9686 l
164.9665 86.9686 l
167.5225 97.8063 l
h
h
174.2312 90.0380 m
174.5691 90.0380 174.8069 90.1865 174.9472 90.4867 c
175.0878 90.7866 175.1581 91.2728 175.1581 91.9457 c
175.0175 91.7484 174.8256 91.5945 174.5853 91.4890 c
174.3449 91.3810 174.0745 91.3269 173.7746 91.3269 c
173.3666 91.3269 173.0047 91.4105 172.6883 91.5780 c
172.3723 91.7456 172.1211 91.9970 171.9400 92.3321 c
171.7588 92.6643 171.6670 93.0696 171.6670 93.5453 c
171.6670 94.0181 171.7645 94.4289 171.9590 94.7772 c
172.1534 95.1259 172.4289 95.3960 172.7884 95.5879 c
173.1478 95.7770 173.5719 95.8717 174.0611 95.8717 c
175.0014 95.8717 175.6579 95.5797 176.0335 94.9961 c
176.4091 94.4099 176.5956 93.5507 176.5956 92.4131 c
176.5956 91.5863 176.5225 90.9054 176.3739 90.3677 c
176.2254 89.8299 175.9740 89.4220 175.6202 89.1437 c
175.2661 88.8627 174.7851 88.7221 174.1745 88.7221 c
173.6909 88.7221 173.2802 88.8168 172.9423 89.0087 c
172.6019 89.2003 172.3425 89.4518 172.1616 89.7625 c
171.9805 90.0731 171.8751 90.4164 171.8481 90.7920 c
173.3559 90.7920 l
173.4503 90.2894 173.7422 90.0380 174.2312 90.0380 c
h
175.0229 93.5181 m
175.0229 93.8237 174.9419 94.0586 174.7772 94.2233 c
174.6122 94.3883 174.3880 94.4719 174.1096 94.4719 c
173.8287 94.4719 173.6070 94.3883 173.4449 94.2208 c
173.2827 94.0504 173.2020 93.8208 173.2020 93.5263 c
173.2020 93.2533 173.2827 93.0345 173.4449 92.8670 c
173.6070 92.6969 173.8423 92.6130 174.1476 92.6130 c
174.4149 92.6130 174.6258 92.6940 174.7851 92.8562 c
174.9447 93.0183 175.0229 93.2400 175.0229 93.5181 c
h
181.8884 94.4909 m
179.4946 88.7519 l
177.8275 88.7519 l
180.2483 94.3098 l
177.2844 94.3098 l
177.2844 95.7013 l
181.8884 95.7013 l
h
h
185.1551 90.0380 m
185.4930 90.0380 185.7308 90.1865 185.8711 90.4867 c
186.0117 90.7866 186.0820 91.2728 186.0820 91.9457 c
185.9414 91.7484 185.7495 91.5945 185.5091 91.4890 c
185.2688 91.3810 184.9983 91.3269 184.6984 91.3269 c
184.2905 91.3269 183.9285 91.4105 183.6122 91.5780 c
183.2961 91.7456 183.0450 91.9970 182.8638 92.3321 c
182.6827 92.6643 182.5909 93.0696 182.5909 93.5453 c
182.5909 94.0181 182.6884 94.4289 182.8828 94.7772 c
183.0773 95.1259 183.3528 95.3960 183.7123 95.5879 c
184.0717 95.7770 184.4957 95.8717 184.9850 95.8717 c
185.9253 95.8717 186.5818 95.5797 186.9574 94.9961 c
187.3329 94.4099 187.5195 93.5507 187.5195 92.4131 c
187.5195 91.5863 187.4463 90.9054 187.2978 90.3677 c
187.1493 89.8299 186.8978 89.4220 186.5441 89.1437 c
186.1900 88.8627 185.7090 88.7221 185.0984 88.7221 c
184.6148 88.7221 184.2041 88.8168 183.8662 89.0087 c
183.5257 89.2003 183.2664 89.4518 183.0855 89.7625 c
182.9044 90.0731 182.7989 90.4164 182.7720 90.7920 c
184.2797 90.7920 l
184.3741 90.2894 184.6661 90.0380 185.1551 90.0380 c
h
185.9468 93.5181 m
185.9468 93.8237 185.8657 94.0586 185.7010 94.2233 c
185.5361 94.3883 185.3118 94.4719 185.0335 94.4719 c
184.7526 94.4719 184.5309 94.3883 184.3688 94.2208 c
184.2066 94.0504 184.1258 93.8208 184.1258 93.5263 c
184.1258 93.2533 184.2066 93.0345 184.3688 92.8670 c
184.5309 92.6969 184.7662 92.6130 185.0715 92.6130 c
185.3388 92.6130 185.5497 92.6940 185.7090 92.8562 c
185.8686 93.0183 185.9468 93.2400 185.9468 93.5181 c
h
188.1975 94.1936 m
188.1975 95.7095 l
190.8371 95.7095 l
190.8371 88.7519 l
189.1431 88.7519 l
189.1431 94.1936 l
h
h
192.1717 90.2974 m
192.7959 90.8107 193.2851 91.2322 193.6443 91.5647 c
194.0037 91.8944 194.3065 92.2402 194.5551 92.6022 c
194.8008 92.9642 194.9253 93.3182 194.9253 93.6615 c
194.9253 93.9209 194.8657 94.1236 194.7441 94.2721 c
194.6225 94.4181 194.4414 94.4909 194.2010 94.4909 c
193.9606 94.4909 193.7713 94.4016 193.6363 94.2208 c
193.4986 94.0397 193.4308 93.7831 193.4308 93.4506 c
191.8585 93.4506 l
191.8718 93.9912 191.9880 94.4422 192.2068 94.8044 c
192.4257 95.1664 192.7148 95.4340 193.0742 95.6069 c
193.4337 95.7770 193.8308 95.8635 194.2685 95.8635 c
195.0250 95.8635 195.5951 95.6690 195.9817 95.2826 c
196.3653 94.8934 196.5572 94.3883 196.5572 93.7667 c
196.5572 93.0858 196.3247 92.4562 195.8627 91.8754 c
195.3981 91.2946 194.8062 90.7271 194.0876 90.1732 c
196.6626 90.1732 l
196.6626 88.8466 l
191.8772 88.8466 l
191.8772 90.0570 l
192.0934 90.2299 192.1907 90.3110 192.1717 90.2974 c
h
197.3945 89.9921 m
197.3945 91.3054 l
200.4072 95.6149 l
202.2256 95.6149 l
202.2256 91.4026 l
203.0094 91.4026 l
203.0094 89.9921 l
202.2256 89.9921 l
202.2256 88.7519 l
200.5963 88.7519 l
200.5963 89.9921 l
h
h
200.7125 93.8237 m
199.1103 91.4026 l
200.7125 91.4026 l
h
h
204.0276 90.2974 m
204.6518 90.8107 205.1410 91.2322 205.5002 91.5647 c
205.8596 91.8944 206.1624 92.2402 206.4110 92.6022 c
206.6567 92.9642 206.7812 93.3182 206.7812 93.6615 c
206.7812 93.9209 206.7216 94.1236 206.6000 94.2721 c
206.4784 94.4181 206.2973 94.4909 206.0569 94.4909 c
205.8165 94.4909 205.6272 94.4016 205.4923 94.2208 c
205.3545 94.0397 205.2867 93.7831 205.2867 93.4506 c
203.7144 93.4506 l
203.7277 93.9912 203.8439 94.4422 204.0627 94.8044 c
204.2816 95.1664 204.5707 95.4340 204.9301 95.6069 c
205.2896 95.7770 205.6867 95.8635 206.1244 95.8635 c
206.8809 95.8635 207.4510 95.6690 207.8376 95.2826 c
208.2212 94.8934 208.4131 94.3883 208.4131 93.7667 c
208.4131 93.0858 208.1806 92.4562 207.7186 91.8754 c
207.2540 91.2946 206.6621 90.7271 205.9435 90.1732 c
208.5185 90.1732 l
208.5185 88.8466 l
203.7331 88.8466 l
203.7331 90.0570 l
203.9494 90.2299 204.0466 90.3110 204.0276 90.2974 c
h
214.1113 94.2911 m
211.1363 94.2911 l
211.1363 92.9752 l
211.2633 93.1130 211.4416 93.2292 211.6715 93.3182 c
211.9011 93.4075 212.1469 93.4506 212.4145 93.4506 c
212.8927 93.4506 213.2872 93.3426 213.6033 93.1263 c
213.9168 92.9103 214.1464 92.6320 214.2924 92.2887 c
214.4381 91.9457 214.5112 91.5727 214.5112 91.1730 c
214.5112 90.4297 214.3032 89.8407 213.8842 89.4059 c
213.4655 88.9707 212.8737 88.7519 212.1092 88.7519 c
211.6012 88.7519 211.1607 88.8384 210.7851 89.0141 c
210.4095 89.1896 210.1204 89.4328 209.9177 89.7435 c
209.7153 90.0541 209.6016 90.4136 209.5826 90.8218 c
211.1743 90.8218 l
211.2148 90.6245 211.3067 90.4595 211.4527 90.3300 c
211.5984 90.2001 211.7985 90.1352 212.0525 90.1352 c
212.3524 90.1352 212.5738 90.2299 212.7197 90.4218 c
212.8657 90.6109 212.9386 90.8649 212.9386 91.1837 c
212.9386 91.4944 212.8629 91.7323 212.7118 91.8969 c
212.5576 92.0619 212.3362 92.1455 212.0443 92.1455 c
211.8283 92.1455 211.6497 92.0942 211.5094 91.9888 c
211.3688 91.8836 211.2769 91.7430 211.2338 91.5727 c
209.6612 91.5727 l
209.6612 95.7203 l
214.1113 95.7203 l
h
h
215.6352 93.9855 m
215.6352 94.3288 215.7245 94.6395 215.9028 94.9232 c
216.0811 95.2070 216.3512 95.4312 216.7132 95.6015 c
217.0755 95.7691 217.5211 95.8527 218.0480 95.8527 c
218.5750 95.8527 219.0180 95.7691 219.3775 95.6015 c
219.7369 95.4312 220.0042 95.2070 220.1825 94.9232 c
220.3608 94.6395 220.4501 94.3288 220.4501 93.9855 c
220.4501 93.6425 220.3690 93.3426 220.2069 93.0886 c
220.0448 92.8346 219.8259 92.6345 219.5529 92.4888 c
219.8962 92.3238 220.1610 92.0971 220.3475 91.8079 c
220.5312 91.5188 220.6230 91.1784 220.6230 90.7920 c
220.6230 90.3407 220.5096 89.9515 220.2800 89.6247 c
220.0501 89.2976 219.7423 89.0464 219.3506 88.8761 c
218.9585 88.7060 218.5262 88.6195 218.0480 88.6195 c
217.5698 88.6195 217.1375 88.7060 216.7483 88.8761 c
216.3566 89.0464 216.0485 89.2976 215.8189 89.6247 c
215.5893 89.9515 215.4759 90.3407 215.4759 90.7920 c
215.4759 91.1863 215.5677 91.5296 215.7514 91.8187 c
215.9351 92.1078 216.1945 92.3292 216.5323 92.4888 c
215.9351 92.8049 215.6352 93.3046 215.6352 93.9855 c
h
218.0480 94.5558 m
217.7994 94.5558 217.6021 94.4827 217.4536 94.3370 c
217.3051 94.1910 217.2294 93.9883 217.2294 93.7290 c
217.2294 93.4804 217.3051 93.2859 217.4590 93.1428 c
217.6104 92.9993 217.8077 92.9265 218.0480 92.9265 c
218.2884 92.9265 218.4857 92.9993 218.6399 93.1453 c
218.7910 93.2913 218.8667 93.4886 218.8667 93.7372 c
218.8667 93.9991 218.7938 94.1992 218.6453 94.3424 c
218.4965 94.4855 218.2966 94.5558 218.0480 94.5558 c
h
217.0483 90.8677 m
217.0483 90.6001 217.1401 90.3813 217.3212 90.2109 c
217.5024 90.0408 217.7427 89.9544 218.0480 89.9544 c
218.3533 89.9544 218.5911 90.0408 218.7669 90.2109 c
218.9424 90.3813 219.0288 90.6001 219.0288 90.8677 c
219.0288 91.1458 218.9398 91.3703 218.7587 91.5350 c
218.5775 91.6997 218.3400 91.7836 218.0480 91.7836 c
217.7481 91.7836 217.5077 91.7025 217.3241 91.5403 c
217.1401 91.3782 217.0483 91.1540 217.0483 90.8677 c
h
221.7929 93.9855 m
221.7929 94.3288 221.8822 94.6395 222.0605 94.9232 c
222.2388 95.2070 222.5089 95.4312 222.8709 95.6015 c
223.2332 95.7691 223.6788 95.8527 224.2057 95.8527 c
224.7327 95.8527 225.1757 95.7691 225.5352 95.6015 c
225.8946 95.4312 226.1619 95.2070 226.3402 94.9232 c
226.5185 94.6395 226.6078 94.3288 226.6078 93.9855 c
226.6078 93.6425 226.5267 93.3426 226.3646 93.0886 c
226.2025 92.8346 225.9836 92.6345 225.7106 92.4888 c
226.0539 92.3238 226.3187 92.0971 226.5052 91.8079 c
226.6889 91.5188 226.7807 91.1784 226.7807 90.7920 c
226.7807 90.3407 226.6673 89.9515 226.4377 89.6247 c
226.2078 89.2976 225.9000 89.0464 225.5083 88.8761 c
225.1162 88.7060 224.6839 88.6195 224.2057 88.6195 c
223.7275 88.6195 223.2952 88.7060 222.9060 88.8761 c
222.5143 89.0464 222.2062 89.2976 221.9766 89.6247 c
221.7470 89.9515 221.6336 90.3407 221.6336 90.7920 c
221.6336 91.1863 221.7254 91.5296 221.9091 91.8187 c
222.0928 92.1078 222.3522 92.3292 222.6900 92.4888 c
222.0928 92.8049 221.7929 93.3046 221.7929 93.9855 c
h
224.2057 94.5558 m
223.9571 94.5558 223.7598 94.4827 223.6113 94.3370 c
223.4628 94.1910 223.3871 93.9883 223.3871 93.7290 c
223.3871 93.4804 223.4628 93.2859 223.6167 93.1428 c
223.7681 92.9993 223.9654 92.9265 224.2057 92.9265 c
224.4461 92.9265 224.6434 92.9993 224.7976 93.1453 c
224.9487 93.2913 225.0244 93.4886 225.0244 93.7372 c
225.0244 93.9991 224.9515 94.1992 224.8030 94.3424 c
224.6542 94.4855 224.4543 94.5558 224.2057 94.5558 c
h
223.2060 90.8677 m
223.2060 90.6001 223.2978 90.3813 223.4789 90.2109 c
223.6601 90.0408 223.9004 89.9544 224.2057 89.9544 c
224.5110 89.9544 224.7489 90.0408 224.9246 90.2109 c
225.1001 90.3813 225.1865 90.6001 225.1865 90.8677 c
225.1865 91.1458 225.0975 91.3703 224.9164 91.5350 c
224.7352 91.6997 224.4977 91.7836 224.2057 91.7836 c
223.9058 91.7836 223.6654 91.7025 223.4818 91.5403 c
223.2978 91.3782 223.2060 91.1540 223.2060 90.8677 c
f
/GS13 gs
/CS15 cs 0.5300 1.0000 0.2800 0.1100 scn
63.8150 92.6155 m
63.8150 89.5774 61.3528 87.1155 58.3149 87.1155 c
55.2770 87.1155 52.8148 89.5774 52.8148 92.6155 c
52.8148 95.6534 55.2770 98.1153 58.3149 98.1153 c
61.3528 98.1153 63.8150 95.6534 63.8150 92.6155 c
f
/GS13 gs
/CS15 cs 0.0000 0.0000 0.0000 0.0000 scn
59.1650 91.1849 m
59.3722 91.3629 59.5692 91.8357 59.8791 91.8028 c
59.9420 91.7957 60.6180 91.4097 60.7340 91.3408 c
61.0580 91.1489 61.2692 91.1248 61.2142 90.6968 c
61.1152 89.9237 60.1551 89.6159 59.4882 89.7327 c
57.7131 90.0417 55.8300 91.9607 55.4431 93.7018 c
55.2960 94.3648 55.5880 95.3929 56.3632 95.5037 c
56.4721 95.5188 56.6371 95.5409 56.7360 95.4927 c
56.9160 95.4057 57.2970 94.4419 57.4860 94.2497 c
57.6482 93.8049 56.8032 93.6289 56.7811 93.2709 c
56.7720 93.1178 57.1510 92.5427 57.2601 92.3947 c
57.5490 92.0078 57.9362 91.6549 58.3421 91.3938 c
58.5941 91.2319 58.9062 90.9618 59.1650 91.1849 c
f
Q
EMC

